Version identifier: 22.1.0.0 | 2022-03-09 | 1a383f8ce
CPXPARAM_Preprocessing_Reduce                    1
CPXPARAM_Threads                                 1
CPXPARAM_Preprocessing_Reformulations            0
CPXPARAM_TimeLimit                               10800
CPXPARAM_MIP_Tolerances_AbsMIPGap                0.999
CPXPARAM_MIP_Limits_TreeMemory                   20000
Legacy callback                                  BbLUID
         Disabling repeat represolve because of lazy constraint/incumbent callback.
Tried aggregator 1 time.
MIP Presolve eliminated 58925 rows and 0 columns.
MIP Presolve modified 2375 coefficients.
Reduced MIP has 2777 rows, 13092 columns, and 85256 nonzeros.
Reduced MIP has 13092 binaries, 0 generals, 0 SOSs, and 0 indicators.
Presolve time = 0.08 sec. (140.67 ticks)
Probing time = 0.00 sec. (4.95 ticks)
Clique table members: 2777.
MIP emphasis: balance optimality and feasibility.
MIP search method: traditional branch-and-cut.
Parallel mode: none, using 1 thread.
Root relaxation solution time = 0.01 sec. (14.75 ticks)

        Nodes                                         Cuts/
   Node  Left     Objective  IInf  Best Integer    Best Bound    ItCnt     Gap         Variable B NodeID Parent  Depth

      0     0      638.5000    15                    638.5000      425         
      0     0      746.5000   100                   Cuts: 364      706         
      0     0      764.7500   194                   Cuts: 183      887         
      0     0      769.0714   220                    Cuts: 65      938         
      0     0      770.5714   226                    Cuts: 39      961         
      0     0      774.6000   104                    Cuts: 37     1033         
      0     0      778.1250   180                    Cuts: 57     1094         
      0     0      778.8333   198                    Cuts: 12     1121         
      0     0      778.8333   128                    Cuts: 23     1129         
      0     0      779.3333   143                    Cuts: 25     1142         
      0     0      779.8750   141                    Cuts: 15     1153         
      0     0      781.5000   133                    Cuts: 17     1168         
      0     0      782.0000   136                    Cuts: 15     1179         
      0     0      782.5000   165                    User: 12     1224         
      0     0      783.6667   223                    User: 17     1278         
      0     0      784.0000   246                    Cuts: 12     1291         
      0     0      785.0000   150                    Cuts: 27     1310         
      0     0      786.0000   171                    Cuts: 14     1317         
      0     0      786.0000   211                    User: 28     1326         
      0     0      786.0714   202                    Cuts: 14     1345         
      0     0      786.0714   189                    User: 14     1360         
      0     0      786.5714   216                    User: 16     1383         
      0     0      786.5714   257                    User: 15     1388         
      0     0      787.5714   277                    User: 11     1405         
      0     0      787.5714   218                    User: 11     1417         
      0     0      787.8214   285                     User: 6     1428         
      0     0      788.2381   188                    User: 22     1448         
      0     0      788.2381   177                    User: 21     1450         
      0     0      789.5714   143                    User: 18     1488         
      0     0      789.5714    93                    User: 10     1494         
      0     0      789.5714    75                    User: 35     1520         
      0     0      789.5714    61                    User: 33     1552         
      0     0      789.8571   228                     User: 4     1627         
      0     0      789.8872   230                    User: 11     1642         
      0     0      790.1825   177                     User: 2     1692         
      0     0      790.1825   231                     User: 7     1698         
      0     0      790.1964   163                     User: 2     1702         
      0     0      790.1964   165                     User: 3     1705         
      0     0      790.5298   272                     User: 2     1718         
      0     0      791.1964   162                     User: 5     1726         
      0     0      791.1964   162                     User: 4     1731         
      0     0      792.5601   269                     User: 4     1793         
      0     0      792.5964   242                     User: 5     1798         
      0     0      792.5964   205                     User: 4     1798         
      0     0      792.5964   208                    User: 10     1799         
      0     0      792.6250   198                     User: 4     1801         
      0     0      792.6964   290                     User: 1     1811         
      0     0      792.6964   171                     User: 5     1811         
      0     0      793.4325   313                     User: 2     1858         
      0     0      793.4638   325                     User: 8     1866         
      0     0      793.4825   268                    User: 16     1868         
      0     0      793.4825   272                    User: 11     1869         
      0     0      793.4825   259                     User: 9     1869         
      0     0      793.4825   258                     User: 7     1870         
      0     0      793.5888   308                    User: 10     1895         
      0     0      793.6056   310                     User: 6     1907         
      0     0      793.6825   248                     User: 3     1926         
      0     0      795.4286   271                     User: 3     1952         
      0     0      795.5714   265                     User: 1     1965         
      0     0      795.5714   232                    User: 10     1966         
      0     0      795.5714   205                     User: 1     1966         
      0     0      795.9464   217                     User: 2     1975         
      0     0      796.0714   227                     User: 2     1982         
      0     0      796.0714   251                     User: 1     2002         
      0     0      796.0714   266                     User: 1     2034         
      0     2      796.0714   266                    796.5714     2034                                 0             0
Elapsed time = 5.48 sec. (15165.67 ticks, tree = 0.01 MB, solutions = 0)
      1     3      807.4233   256                    798.5714     2224                   x4_128 N      1      0      1
      2     3      866.5714   210                    798.5714     2492                 x175_200 N      2      1      2
      4     5      867.5714   215                    798.5714     2509                   x132_4 D      4      3      4
      5     6      870.7937   243                    798.5714     2588                   x132_4 U      5      3      4
      6     7      882.5714   261                    798.5714     2954                  x145_13 N      6      5      5
      7     8      894.5714   211                    798.5714     2999                 x128_175 N      7      6      6
      9    10      899.3214   230                    798.5714     3041                  x40_132 N      9      7      7
     13    14      925.4464   227                    798.5714     3276                  x13_135 N     13     12     10
     17    12      802.1270   238                    802.1548     3537                   x4_128 N     17      0      1
     34    27      858.9714   231                    802.2048     4191                  x64_140 D     34     33     13
Elapsed time = 8.78 sec. (19585.49 ticks, tree = 0.21 MB, solutions = 0)
     52    43      877.5714   222                    802.2048     5135                 x180_192 N     52     50     24
     69    60      884.4881   256                    802.2048     5601                 x130_180 N     69     67     35
     80    71      906.0214   219                    802.2048     6346                 x140_145 N     80     79     43
     92    83      909.4214   229                    802.2048     6572                  x93_124 N     92     91     55
     97    88      910.4643   237                    802.2048     7176                  x32_138 D     97     95     58
    113   104      920.5476   214                    802.2048     7800                  x71_145 N    113    111     69
    129   120      930.8810   227                    802.2048     8193                   x62_70 U    129    127     79
    142   133      937.9381   218                    802.2048     8691                   x49_22 N    142    140     88
    155   146      939.5000   149                    802.2048     9058                  x194_22 N    155    153     98
    175   166      942.3333   139                    802.2048     9575                  x61_147 N    175    173    112
Elapsed time = 20.45 sec. (31115.27 ticks, tree = 2.58 MB, solutions = 0)
    196   187      946.5882   123                    802.2048    10069                  x161_47 N    196    194    127
    202   193      982.2549   142                    802.2048    10574                 x188_149 N    202    200    130
    216   207      957.2882   155                    802.2048    11216                  x68_119 U    216    213    141
    236   227      955.0882   121                    802.2048    11651                  x188_73 N    236    234    159
    250   241      955.8025   160                    802.2048    11943                  x188_95 D    250    249    173
    264   255     1028.6993   163                    802.2048    12380                  x145_62 N    264    263    187
    267   258     1022.9454   160                    802.2048    13032                 x170_113 N    267    265    188
    273   260      816.5977   336                    810.5714    13822                 x200_201 N    273     17      2
    280   267      853.9837   349                    810.5714    14955                  x40_128 N    280    278      6
    290   273    infeasible                          810.5714    15882                  x40_136 N    290    289     13
Elapsed time = 32.24 sec. (42718.94 ticks, tree = 3.94 MB, solutions = 0)
    310   291      868.5140   346                    818.0977    16586                 x109_201 N    310    309     20
    327   308      893.2504   318                    818.0977    16990                  x13_132 N    327    326     37
    339   316      824.6504   254                    818.3784    17692                  x145_13 N    339    338      5
    350   327      827.9048   195                    818.3784    18001                  x101_36 N    350    347     12
    360   337      832.9974   255                    818.3784    18588                 x144_173 N    360    358     19
    372   349      837.6048   291                    818.3784    19339                   x97_71 D    372    370     27
    384   361      842.2000   107                    818.3784    19810                 x138_159 N    384    383     37
    406   383      847.0000    36                    818.3784    20391                   x80_89 D    406    405     52
    417   394      848.1250    74                    818.3784    21020                  x53_146 D    417    415     60
    443   420      850.8333    53                    818.3784    21553                 x121_169 N    443    441     82
Elapsed time = 44.01 sec. (53109.59 ticks, tree = 9.49 MB, solutions = 0)
    456   433      852.3158    97                    818.3784    21876                  x83_173 N    456    455     91
    478   455      855.1250    61                    818.3784    22224                 x138_189 N    478    476    110
    498   475      853.7500    42                    818.3784    22443                   x89_53 N    498    497    129
    517   494      855.8000   109                    818.3784    22648                  x81_102 N    517    515    146
    539   516      854.0357    76                    818.3784    22820                  x45_146 D    539    538    167
    558   535      854.1186   102                    818.3784    23138                 x122_176 N    558    557    184
    573   550      854.1587    91                    818.3784    23522                   x33_76 D    573    571    198
    599   576      855.4344    83                    818.3784    23763                 x133_178 N    599    597    223
    618   595      854.7500    54                    818.3784    24400                  x91_197 U    618    617    239
    643   620      854.9000    95                    818.3784    24526                  x83_198 D    643    642    264
Elapsed time = 55.63 sec. (63280.09 ticks, tree = 19.70 MB, solutions = 0)
    654   631      854.9167    55                    818.3784    25153                 x121_124 D    654    653    272
    675   652      854.9495    93                    818.3784    25225                 x173_178 D    675    674    293
    691   668      854.9714    89                    818.3784    25575                   x33_43 N    691    690    308
    710   687      855.0667    77                    818.3784    26079                 x178_124 D    710    709    325
    723   700      855.2174    81                    818.3784    26309                 x105_143 D    723    722    337
    736   713      855.2500    52                    818.3784    26629                   x45_52 D    736    735    349
    753   730      855.6163    92                    818.3784    27189                 x184_133 N    753    752    363
    763   740      862.5000    55                    818.3784    27753                  x53_169 U    763    761    371
    787   764      855.7073    63                    818.3784    27823                 x117_169 D    787    786    395
    800   777      859.2500    40                    818.3784    28294                  x89_121 N    800    798    406
Elapsed time = 65.57 sec. (73360.31 ticks, tree = 22.59 MB, solutions = 0)
    815   792      828.8492   183                    820.1504    29361                  x93_124 U    815    813     12
    829   806      831.3214   153                    820.1504    30199                 x162_145 N    829    828     21
    840   817      835.0714   140                    820.1504    30892                  x105_29 U    840    839     28
    863   840      839.5000    22                    820.1504    31276                  x67_146 N    863    861     44
    881   858      843.0000    12                    820.1504    31509                 x198_163 U    881    880     58
    901   878      842.5000    85                    820.1504    31746                  x198_45 N    901    900     77
    929   906      842.8696    54                    820.1504    31881                 x184_121 D    929    928    104
    936   913      851.2500    21                    820.1504    31989                   x39_52 U    936    935    111
    944   921      851.5000     8                    820.1504    32111                  x133_52 U    944    943    116
    956   933      852.0000    62                    820.1504    32240                 x169_148 D    956    954    125
Elapsed time = 76.26 sec. (83821.85 ticks, tree = 33.13 MB, solutions = 0)
    966   943      853.0417    71                    820.1504    32315                  x80_117 D    966    965    133
    973   950      857.0000    12                    820.1504    32450                 x169_122 N    973    971    138
    982   959      868.1250    41                    820.1504    32812                  x53_122 N    982    980    145
    986   963      884.1364    57                    820.1504    33173                  x184_76 N    986    984    147
    991   968      872.3030    96                    820.1504    33707                 x198_159 D    991    989    150
    999   976      873.3355   234                    820.1504    33969                  x138_15 N    999    998    157
   1006   983      832.7835   325                    822.7381    34652                   x132_4 D   1006   1005      9
   1017   992      861.2381   296                    822.7381    35461                   x3_116 N   1017   1015     16
   1031   996      824.8381   324                    823.2381    35777                 x145_192 D   1031    802      5
   1048  1013      841.9464   211                    823.2381    36585                  x22_139 D   1048   1047     22
Elapsed time = 85.10 sec. (94477.79 ticks, tree = 39.10 MB, solutions = 0)
   1081  1046      852.8333   134                    823.2381    37179                 x104_193 D   1081   1080     55
   1108  1073      861.1786    89                    823.2381    37439                  x185_50 N   1108   1107     82
   1140  1105      863.1667    58                    823.2381    37665                 x178_198 N   1140   1139    114
   1166  1131      864.2195    95                    823.2381    37915                   x33_89 N   1166   1165    140
   1200  1165      872.6429   154                    823.2381    38162                 x159_169 D   1200   1199    174
   1213  1178      880.4241   180                    823.2381    38336                 x145_116 N   1213   1212    187
   1231  1196      881.0426   108                    823.2381    38459                 x198_124 D   1231   1230    205
   1280  1245      881.3043    58                    823.2381    38653                  x198_52 D   1280   1279    254
   1311  1276      881.5294    54                    823.2381    38826                 x146_198 N   1311   1310    285
   1333  1298      881.6901    81                    823.2381    38969                  x53_122 N   1333   1332    307
Elapsed time = 99.19 sec. (105054.18 ticks, tree = 55.08 MB, solutions = 0)
   1356  1321      881.8171   102                    823.2381    39114                  x197_52 D   1356   1355    330
   1367  1332      881.8603   103                    823.2381    39165                  x49_169 N   1367   1366    341
   1389  1354      881.9474    75                    823.2381    39269                 x139_148 D   1389   1388    363
   1402  1367      828.9596   333                    825.2381    39618                 x129_109 N   1402     19      4
   1420  1383      892.5787   301                    825.2381    40870                   x128_4 N   1420   1418     17
   1429  1386    infeasible                          825.2381    42462                  x40_129 N   1429   1427     23
   1440  1397      828.2714   177                    825.2381    43061                  x194_22 U   1440   1439     17
   1505  1462      836.0000    60                    825.2381    43686                 x148_184 D   1505   1504     82
   1520  1477      836.3750    82                    825.2381    43762                   x83_89 D   1520   1519     97
   1682  1639      844.4874   105                    825.2381    45005                  x49_163 N   1682   1681    259
Elapsed time = 117.38 sec. (118919.20 ticks, tree = 64.89 MB, solutions = 0)
   1797  1754      847.0682    68                    825.2381    45714                  x93_146 D   1797   1796    374
   1836  1789      885.1086   290                    825.2453    47822                 x136_132 N   1836   1834     33
   1863  1808      829.5714   224                    825.2964    50618                  x139_49 D   1863   1862     17
   2000  1945      848.3333    39                    825.2964    52061                  x121_67 D   2000   1999    154
   2078  2023      866.0249   120                    825.2964    52912                   x94_83 N   2078   2077    232
   2162  2107      868.4861    67                    825.2964    53482                  x168_10 D   2162   2161    316
   2221  2166      833.5714   168                    825.3810    56054                  x22_139 N   2221   2219     21
   2269  2214      849.7381   146                    825.3810    57648                  x165_66 N   2269   2268     53
   2336  2281      857.1613    82                    825.3810    58773                   x76_89 N   2336   2335    111
   2400  2345      859.3000    92                    825.3810    59310                  x32_189 D   2400   2399    171
Elapsed time = 163.56 sec. (159010.12 ticks, tree = 97.82 MB, solutions = 0)
   2547  2492      834.1218    98                    825.5948    60620                  x87_133 D   2547   2546    154
   2617  2562      832.9643   246                    825.5948    62263                 x191_187 U   2617   2616     17
   2662  2607      838.0000    74                    825.5948    63711                 x198_133 D   2662   2660     47
   2732  2677      841.8462    50                    825.5948    64375                   x80_66 D   2732   2731    108
   2770  2715      842.2200    65                    825.5948    65322                 x154_198 N   2770   2769    144
   2813  2758      837.2514   214                    825.6504    65912                 x170_101 N   2813   2812     14
   2846  2791      848.0000    74                    825.6504    68809                  x49_139 N   2846   2844     35
   2903  2848      857.6415   169                    825.6504    70290                  x180_71 N   2903   2901     82
   2994  2939      859.5000    51                    825.6504    71319                  x173_87 U   2994   2993    164
   3047  2992      838.2632    82                    825.6553    72991                  x173_87 N   3047   3045     40
Elapsed time = 208.07 sec. (197589.87 ticks, tree = 160.25 MB, solutions = 0)
   3099  3044      840.1321    72                    825.6553    73816                  x165_66 D   3099   3098     87
   3127  3072      886.0625    74                    825.6553    74468                  x87_198 N   3127   3126    109
   3157  3102      890.7857    70                    825.6553    75005                  x171_57 D   3157   3155    136
   3200  3145      887.8000    16                    825.6553    75332                   x57_59 U   3200   3198    178
   3260  3205      841.9048   129                    825.7310    77136                  x139_33 D   3260   3259     68
   3345  3290      846.0176   120                    825.7310    77674                  x146_43 D   3345   3344    153
   3404  3349      837.0714   243                    825.7381    78817                 x116_192 D   3404   3403     10
   3450  3395      866.6190   133                    825.7381    80229                  x151_16 N   3450   3448     44
   3481  3426      889.5000    69                    825.7381    80690                  x130_13 N   3481   3479     67
   3516  3461      894.7000    59                    825.7381    81476                   x28_86 N   3516   3515     95
Elapsed time = 244.21 sec. (237342.18 ticks, tree = 208.48 MB, solutions = 0)
   3548  3493      905.6667    54                    825.7381    81841                   x86_48 D   3548   3547    121
   3572  3517      908.0317    92                    825.7381    82480                   x23_86 D   3572   3571    143
   3594  3537      909.7286    77                    825.7381    83440                  x101_40 D   3594   3592    163
   3647  3588      869.5714   105                    825.8214    85415                  x70_180 U   3647   3646     54
   3756  3697      876.6250    66                    825.8214    86304                 x178_169 N   3756   3755    163
   3836  3777      832.0714   114                    825.9311    87630                  x105_29 U   3836   3833     35
   3918  3859      836.7500    69                    825.9311    88677                   x80_89 D   3918   3916    103
   3981  3922      841.6000    79                    825.9311    89643                  x121_45 D   3981   3980    161
   4002  3943      827.5848   300                    826.0714    89960                  x40_132 D   4002    277      5
   4058  3993    infeasible                          826.0714    91712                 x140_130 N   4058   4056     59
Elapsed time = 283.15 sec. (276001.37 ticks, tree = 266.49 MB, solutions = 0)
   4075  4010      835.6339   190                    826.1934    94509                  x150_94 D   4075   4073     19
   4111  4046      856.8214   152                    826.1934    96012                   x80_83 N   4111   4109     43
   4168  4103      862.9231    61                    826.1934    97139                  x10_143 N   4168   4166     86
   4193  4126      868.6562   121                    826.1934    97909                 x148_184 N   4193   4190    107
   4230  4161      870.3333    66                    826.1934    98858                  x148_91 D   4230   4228    137
   4257  4188      875.5556   103                    826.1934    99400                  x154_96 D   4257   4256    160
   4303  4234      883.0000    56                    826.1934    99739                  x21_165 N   4303   4302    204
   4344  4275      913.4000    66                    826.1934   100175                  x88_148 N   4344   4342    241
   4376  4307      920.0000    85                    826.1934   100733                   x24_96 N   4376   4375    273
   4400  4331      912.9111    57                    826.1934   101222                  x143_93 D   4400   4398    294
Elapsed time = 317.26 sec. (317746.17 ticks, tree = 303.74 MB, solutions = 0)
   4500  4431      847.7553   137                    826.2089   102468                  x10_143 D   4500   4499    109
   4570  4501      851.5455    59                    826.2089   103195                  x198_52 D   4570   4569    179
   4630  4559      952.2514   277                    826.2671   104639                 x192_145 U   4630   4629     27
   4665  4590      836.4231   100                    826.4837   106457                 x198_121 N   4665   4663     35
   4710  4635      840.4167    25                    826.4837   107278                  x21_138 D   4710   4708     69
   4758  4683      853.0000    27                    826.4837   108048                  x138_45 U   4758   4756    109
   4800  4725      845.8333    57                    826.4837   108370                 x198_124 D   4800   4799    148
   4860  4785      846.7856   110                    826.4837   108975                  x43_121 N   4860   4859    204
   4919  4844      847.1829    75                    826.4837   109497                 x143_122 N   4919   4918    260
   4958  4883      847.4714    72                    826.4837   109669                  x144_45 N   4958   4957    299
Elapsed time = 356.53 sec. (358180.73 ticks, tree = 371.56 MB, solutions = 0)
   5005  4930      856.2514   297                    826.5714   110227                  x145_13 N   5005   5004      6
   5048  4966      837.5874   184                    826.5714   112006                  x32_139 N   5048   5047     36
   5126  5044      850.7500    69                    826.5714   113167                  x159_67 N   5126   5125    114
   5213  5131      855.6061    73                    826.5714   113790                  x168_52 D   5213   5212    201
   5260  5178      859.0000    70                    826.5714   114166                  x168_45 D   5260   5259    248
   5334  5252      860.1702    74                    826.5714   114527                  x21_144 D   5334   5333    322
   5387  5305      860.5417    57                    826.5714   114699                 x163_184 D   5387   5386    375
   5411  5329      830.8214   132                    826.5714   116446                  x165_32 U   5411   5409     19
   5448  5366      839.4881   124                    826.5714   117846                  x52_143 N   5448   5446     45
   5490  5408      839.2270   120                    826.5714   118740                 x154_198 D   5490   5489     75
Elapsed time = 394.13 sec. (397816.58 ticks, tree = 424.84 MB, solutions = 0)
   5540  5458      841.5000    42                    826.5714   120376                  x133_43 N   5540   5538    117
   5602  5520      827.1939   280                    826.5714   121308                  x22_139 U   5602    808     10
   5668  5586      840.8667    73                    826.5714   122942                  x83_165 N   5668   5667     76
   5791  5709      848.0667    44                    826.5714   123764                 x146_178 D   5791   5790    199
   5836  5754      837.6339   109                    826.5714   124977                  x80_117 N   5836   5834     37
   5914  5832      839.2381    37                    826.5714   125660                 x138_178 N   5914   5913    107
   5971  5889      840.6500    32                    826.5714   126533                  x122_29 N   5971   5970    159
   6016  5934      832.3950   177                    826.8139   127604                  x165_32 U   6016   6015     24
   6142  6060      848.5048   107                    826.8139   128775                  x49_169 D   6142   6141    150
   6208  6126      830.7976   256                    827.0103   129911                   x34_63 D   6208   6207     16
Elapsed time = 439.03 sec. (436901.07 ticks, tree = 519.22 MB, solutions = 0)
   6246  6164      849.6004   148                    827.0103   131079                   x32_33 N   6246   6244     41
   6272  6190      855.6131   132                    827.0103   131938                   x29_53 D   6272   6270     59
   6318  6236      860.5000    65                    827.0103   132727                   x39_67 D   6318   6316     95
   6372  6290      862.5000    58                    827.0103   133441                  x159_67 D   6372   6370    139
   6398  6316      863.0435    67                    827.0103   134297                  x148_52 N   6398   6396    159
   6444  6362      838.0714   150                    827.0159   136011                 x146_194 D   6444   6443     53
   6548  6466      858.1667    44                    827.0159   137144                  x12_147 U   6548   6547    157
   6584  6502      865.9167    24                    827.0159   137578                  x21_139 N   6584   6583    193
   6627  6545      838.2381   101                    827.0714   138809                 x148_189 N   6627   6625     29
   6677  6595      841.0000    24                    827.0714   139843                 x198_178 N   6677   6675     70
Elapsed time = 474.75 sec. (475853.20 ticks, tree = 583.45 MB, solutions = 0)
   6708  6626      841.6782    75                    827.0714   140726                  x148_91 N   6708   6706     95
   6747  6665      853.5000    24                    827.0714   141596                  x61_122 N   6747   6745    128
   6768  6686      843.4733   141                    827.0714   142158                 x176_169 N   6768   6767    147
   6800  6718      844.2000    37                    827.0714   143191                 x169_105 D   6800   6798    177
   6820  6738      836.1550   235                    827.0714   144876                  x165_49 N   6820   6819     21
   6837  6755      847.2048   151                    827.0714   146499                  x194_53 U   6837   6835     32
   6856  6774      853.8214   103                    827.0714   147337                  x80_117 N   6856   6854     43
   6885  6803      858.0714    96                    827.0714   147919                   x22_83 D   6885   6883     65
   6915  6831    infeasible                          827.0714   148709                   x32_83 N   6915   6913     90
   6934  6850      864.1467    87                    827.0714   149090                 x187_159 N   6934   6933    106
Elapsed time = 507.20 sec. (517301.64 ticks, tree = 617.67 MB, solutions = 0)
   6958  6874      866.1243    87                    827.0714   150062                   x89_33 D   6958   6956    124
   6980  6896      866.9087    83                    827.0714   150834                  x29_122 D   6980   6979    143
   7010  6926      835.4048   161                    827.0714   152530                  x165_49 N   7010   7008     15
   7026  6942      842.3423   170                    827.0714   153805                   x49_80 U   7026   7024     25
   7048  6964      843.4048   168                    827.0714   154661                 x187_138 N   7048   7047     39
   7079  6995      847.3854   157                    827.0714   155556                   x80_76 N   7079   7078     62
   7137  7053      850.6875    61                    827.0714   156651                  x80_168 D   7137   7136    114
   7148  7064      859.3750    62                    827.0714   157329                  x80_133 N   7148   7146    122
   7179  7095      864.0909    74                    827.0714   157972                  x147_26 N   7179   7176    148
   7208  7124      830.9048   140                    827.0714   159203                  x194_22 U   7208   7207     18
Elapsed time = 538.29 sec. (557547.23 ticks, tree = 650.20 MB, solutions = 0)
   7313  7229      842.5000    76                    827.0714   160622                  x67_169 D   7313   7312    123
   7388  7304      851.2353    68                    827.0714   161525                  x53_178 N   7388   7387    198
   7428  7344      833.3875   212                    827.0714   162884                  x117_21 N   7428   7427     34
   7454  7370      842.0714   106                    827.0714   163936                   x67_89 N   7454   7452     52
   7471  7387      840.4603   137                    827.0714   164845                  x89_146 U   7471   7469     64
   7492  7408      849.8492   128                    827.0714   165709                 x187_144 N   7492   7490     78
   7522  7438      848.5000    67                    827.0714   166203                   x83_89 N   7522   7520    102
   7566  7482      855.6667    42                    827.0714   166692                  x83_163 N   7566   7564    141
   7600  7516      854.1818    53                    827.0714   166978                   x87_88 U   7600   7599    174
   7649  7565      840.6667    89                    827.1381   168897                 x152_196 U   7649   7648     61
Elapsed time = 574.68 sec. (600259.59 ticks, tree = 717.12 MB, solutions = 0)
   7758  7674      846.2500    70                    827.1381   169863                  x121_89 D   7758   7757    170
   7810  7726      841.4048   187                    827.1381   171232                   x56_48 D   7810   7809     16
   7840  7756      849.8714   108                    827.1381   172618                   x10_52 U   7840   7839     34
   7880  7796      855.1667    64                    827.1381   173282                  x45_121 N   7880   7878     64
   7920  7836      860.0588    39                    827.1381   173666                 x198_124 N   7920   7919     99
   7953  7869      861.3929    87                    827.1381   174086                 x148_117 D   7953   7952    129
   8000  7916      862.2973    81                    827.1381   174697                 x197_169 D   8000   7999    174
   8042  7958      849.7714   154                    827.2381   176766                  x105_29 D   8042   8041     51
   8110  8026      858.3214   112                    827.2381   178010                   x52_61 D   8110   8109    119
   8191  8107      863.3462    60                    827.2381   178728                  x159_67 U   8191   8190    200
Elapsed time = 613.43 sec. (640156.49 ticks, tree = 804.03 MB, solutions = 0)
   8226  8142      843.3214   133                    827.2381   180689                  x194_53 N   8226   8224     22
   8261  8177      848.6993   119                    827.2381   181635                  x21_117 D   8261   8259     50
   8297  8213      856.3667   107                    827.2381   182219                 x138_159 N   8297   8295     79
   8318  8234      874.3333   128                    827.2381   183630                  x140_13 N   8318   8317     96
   8342  8258      878.7500    37                    827.2381   183831                   x36_86 N   8342   8341    114
   8361  8277      886.0000    30                    827.2381   183968                   x62_70 U   8361   8359    127
   8380  8296      896.1250    32                    827.2381   184093                 x123_106 D   8380   8378    141
   8415  8331      831.0714   138                    827.3214   184568                  x194_22 U   8415   8414     25
   8509  8425      842.7500    67                    827.3214   185640                  x43_176 D   8509   8508    119
   8603  8519      828.5714   178                    827.3469   186528                  x49_139 D   8603   8602     14
Elapsed time = 650.72 sec. (679569.92 ticks, tree = 872.93 MB, solutions = 0)
   8632  8548      833.0159   129                    827.3469   187721                 x148_133 N   8632   8630     34
   8687  8603      840.1667    87                    827.3469   188649                 x148_143 N   8687   8685     80
   8744  8660      846.5000    37                    827.3469   189292                   x10_93 N   8744   8742    127
   8791  8707      846.5000    54                    827.3469   190719                   x80_21 U   8791   8789    169
   8806  8722      831.0420   229                    827.4837   191585                  x165_32 D   8806   8804     13
   8838  8754      838.3571   181                    827.4837   192526                  x144_15 U   8838   8837     37
   8869  8785      850.0000   125                    827.4837   193745                   x74_51 U   8869   8867     58
   8899  8815      857.8095   107                    827.4837   194227                   x29_53 N   8899   8897     82
   8926  8842      857.7500    39                    827.4837   194738                  x119_95 N   8926   8924    103
   8948  8864      858.2500    39                    827.4837   194953                 x161_162 D   8948   8947    119
Elapsed time = 684.62 sec. (719194.90 ticks, tree = 925.85 MB, solutions = 0)
   8980  8896      861.0000    35                    827.4837   195151                  x185_68 N   8980   8979    148
   8992  8908      867.5385    39                    827.4837   195365                  x161_41 D   8992   8991    156
   9015  8931      909.5714   294                    827.4881   196054                  x13_135 U   9015   9013     13
   9033  8943      838.2381   139                    827.5714   197636                  x32_125 D   9033   9032     24
   9114  9024      849.0000    34                    827.5714   199049                  x155_60 U   9114   9113    105
   9181  9091      861.6667    49                    827.5714   199813                  x121_29 N   9181   9180    172
   9200  9110      864.0714    52                    827.5714   199968                 x173_178 D   9200   9199    191
   9272  9182      870.5385    50                    827.5714   200363                 x144_168 D   9272   9271    263
   9318  9228      871.0000    49                    827.5714   200685                  x76_198 D   9318   9317    309
   9382  9292      871.1778    67                    827.5714   200961                 x144_124 N   9382   9381    373
Elapsed time = 722.97 sec. (762422.57 ticks, tree = 941.82 MB, solutions = 0)
   9413  9323      830.6964   141                    827.5714   202632                   x80_21 U   9413   9411     21
   9446  9356      835.3088   146                    827.5714   203778                   x94_92 U   9446   9445     49
   9474  9384      844.5992   161                    827.5714   205262                   x29_53 N   9474   9472     69
   9494  9404      842.1111    75                    827.5714   205939                 x198_189 N   9494   9492     82
   9527  9437      840.5526    87                    827.5714   206629                 x148_124 D   9527   9526    108
   9554  9464      843.7500    62                    827.5714   207492                  x133_43 N   9554   9552    130
   9600  9510      842.9784   100                    827.5714   207851                  x83_165 N   9600   9599    174
   9639  9549      841.0714   118                    827.5714   209333                  x139_80 N   9639   9638     52
   9700  9610      848.4840   183                    827.5714   210404                  x49_159 N   9700   9699    113
   9747  9657      850.7508   121                    827.5714   211099                 x159_189 N   9747   9746    160
Elapsed time = 760.10 sec. (807895.44 ticks, tree = 990.15 MB, solutions = 0)
   9812  9722      831.1667   241                    827.5714   212256                  x165_32 U   9812   9810     17
   9836  9746      837.0714   122                    827.5714   213308                  x32_138 N   9836   9834     34
   9879  9789      841.3333    77                    827.5714   214180                  x91_197 U   9879   9878     68
   9922  9832      843.1667    78                    827.5714   215305                  x67_121 N   9922   9919    102
   9967  9877      844.0000    16                    827.5714   216197                  x163_45 N   9967   9966    140
  10000  9910      844.2881    76                    827.5714   216469                 x148_146 D  10000   9999    171
  10057  9967      835.7637   156                    827.5714   217537                  x39_146 U  10057  10056     70
  10164 10074      854.6522    93                    827.5714   218962                  x83_159 D  10164  10163    177
  10212 10122      831.8714   173                    827.5714   220152                 x139_150 D  10212  10210     22
  10234 10144      838.0159   158                    827.5714   221462                  x139_22 N  10234  10231     36
Elapsed time = 797.34 sec. (848420.47 ticks, tree = 1075.36 MB, solutions = 0)
  10255 10165      844.6484   130                    827.5714   222704                   x49_33 N  10255  10253     52
  10271 10181      846.6381   129                    827.5714   223668                 x138_159 N  10271  10269     64
  10293 10203      846.5881   159                    827.5714   224669                  x67_117 N  10293  10291     80
  10320 10230      850.8214   122                    827.5714   225587                 x121_169 U  10320  10318    100
  10343 10253      857.2381   124                    827.5714   226229                 x146_117 N  10343  10341    118
  10358 10268      859.0714   100                    827.5714   226835                  x22_159 U  10358  10356    129
  10380 10290      855.2667   117                    827.5714   227363                 x122_169 D  10380  10378    147
  10409 10319      830.8571   162                    827.5714   228448                 x191_187 U  10409  10408     21
  10477 10387      843.6667    51                    827.5714   229359                  x159_67 U  10477  10476     89
  10544 10454      850.0952    40                    827.5714   229762                  x144_15 U  10544  10543    156
Elapsed time = 832.65 sec. (890741.28 ticks, tree = 1132.06 MB, solutions = 0)
  10607 10517      832.4048   155                    827.6548   230818                 x139_150 D  10607  10605     16
  10638 10548      840.4048   122                    827.6548   231906                 x121_169 N  10638  10636     37
  10671 10581      849.1667    58                    827.6548   232646                 x198_121 N  10671  10668     62
  10714 10624      849.1111    63                    827.6548   233116                 x163_169 N  10714  10713    100
  10790 10700      860.0000    10                    827.6548   233580                  x52_124 U  10790  10788    172
  10811 10721      831.1714   203                    827.6939   234443                 x189_191 N  10811  10808     17
  10842 10752      833.6339   129                    827.6939   235267                  x22_139 U  10842  10840     41
  10864 10774      837.1667    48                    827.6939   235695                  x168_67 D  10864  10862     58
  10890 10800      838.7500    54                    827.6939   236179                 x121_198 D  10890  10889     80
  10921 10831      850.0000     8                    827.6939   236489                 x122_124 U  10921  10919    105
Elapsed time = 868.01 sec. (931126.74 ticks, tree = 1202.73 MB, solutions = 0)
  10951 10861      841.5882    36                    827.6939   237014                  x163_39 U  10951  10949    130
  11000 10910      840.9071    89                    827.6939   237803                   x43_29 D  11000  10999    174
  11020 10930      831.9597   209                    827.6939   239287                  x52_176 D  11020  11019     26
  11041 10951      834.5714   140                    827.6939   240091                   x80_89 D  11041  11039     41
  11075 10985      839.8631   146                    827.6939   240870                  x80_159 N  11075  11073     65
  11110 11020      841.6389   129                    827.6939   241360                   x74_51 U  11110  11108     92
  11167 11077      843.9000   101                    827.6939   241977                  x159_67 D  11167  11165    143
  11206 11116      830.3776   224                    827.7789   242793                  x165_32 U  11206  11205     16
  11275 11185      848.4623   167                    827.7789   243915                  x159_49 D  11275  11274     85
  11355 11265      856.6667   105                    827.7789   244631                 x105_124 D  11355  11354    165
Elapsed time = 903.29 sec. (970521.34 ticks, tree = 1286.35 MB, solutions = 0)
  11414 11324      836.8214   110                    827.8214   245462                  x32_138 N  11414  11412     19
  11431 11341      837.0714   104                    827.8214   246027                   x89_21 N  11431  11429     32
  11443 11353      837.5714    86                    827.8214   247039                  x22_165 N  11443  11441     39
  11468 11378      841.6667    12                    827.8214   247542                  x89_138 U  11468  11465     56
  11492 11402      842.9615    80                    827.8214   248016                  x173_87 D  11492  11490     76
  11543 11453      845.1176    37                    827.8214   248846                   x21_45 D  11543  11542    122
  11597 11507      846.0435    48                    827.8214   249342                  x194_21 D  11597  11595    174
  11615 11525      835.6241   171                    827.8714   250126                  x49_139 N  11615  11614     25
  11644 11554      842.9636   171                    827.8714   251003                   x32_66 N  11644  11643     54
  11690 11600      848.4744    99                    827.8714   251736                   x10_52 D  11690  11689    100
Elapsed time = 938.01 sec. (1010474.65 ticks, tree = 1351.46 MB, solutions = 0)
  11742 11652      853.2174   108                    827.8714   252349                   x193_9 U  11742  11741    152
  11811 11721      836.0746   244                    827.9048   253480                  x53_194 D  11811  11809     19
  11833 11743      841.8214   123                    827.9048   254465                   x80_21 N  11833  11832     34
  11849 11759      847.2976   201                    827.9048   255630                   x57_59 D  11849  11847     44
  11867 11777      855.4048   107                    827.9048   256516                   x76_21 N  11867  11865     56
  11890 11800      846.9048   111                    827.9048   256922                 x148_133 N  11890  11888     74
  11903 11813      848.5543   169                    827.9048   257748                   x76_49 N  11903  11901     83
  11921 11831      849.7955   180                    827.9048   258635                   x49_89 D  11921  11919     96
  11944 11854      863.0000    31                    827.9048   259309                 x138_133 N  11944  11942    114
  11964 11874      856.4000    35                    827.9048   260415                 x159_189 N  11964  11962    130
Elapsed time = 972.18 sec. (1051131.33 ticks, tree = 1405.05 MB, solutions = 0)
  12000 11910      851.2500    34                    827.9048   261116                 x105_133 D  12000  11999    162
  12040 11950      838.9398   140                    827.9048   262736                  x91_197 U  12040  12039     50
  12096 12006      843.6667    81                    827.9048   263485                  x52_169 N  12096  12095    106
  12210 12120      840.9048   161                    827.9048   265454                  x150_94 D  12210  12208     19
  12221 12131      843.6771   176                    827.9048   267565                 x125_150 D  12221  12219     26
  12238 12148      848.2677   240                    827.9048   268502                  x194_22 U  12238  12236     36
  12258 12168      858.5352   228                    827.9048   269229                 x154_148 D  12258  12256     48
  12276 12186      862.8714   107                    827.9048   269772                  x144_15 N  12276  12275     61
  12300 12210      864.1500    66                    827.9048   270066                 x127_158 D  12300  12298     77
  12324 12234      873.2500    75                    827.9048   270493                   x8_116 N  12324  12322     97
Elapsed time = 1009.67 sec. (1094986.07 ticks, tree = 1456.69 MB, solutions = 0)
  12342 12252      870.2955    50                    827.9048   270671                  x48_128 D  12342  12341    111
  12358 12268      875.0000    51                    827.9048   270995                   x48_86 N  12358  12357    123
  12373 12283      881.0278    53                    827.9048   271139                  x35_106 N  12373  12372    136
  12402 12312      828.5714   179                    827.9464   271375                  x53_194 D  12402   6003     12
  12439 12349      840.2452   205                    827.9464   273333                 x189_191 U  12439  12438     49
  12509 12419      846.0000    46                    827.9464   274284                   x10_61 D  12509  12508    119
  12604 12514      833.0714   176                    827.9524   275293                 x139_125 U  12604  12603     16
  12632 12542      839.8214   113                    827.9524   276026                  x198_91 U  12632  12629     38
  12653 12563      845.5714   106                    827.9524   276759                 x148_189 N  12653  12652     53
  12665 12575      846.6037   131                    827.9524   277289                   x29_53 U  12665  12663     62
Elapsed time = 1043.59 sec. (1134360.09 ticks, tree = 1522.20 MB, solutions = 0)
  12679 12589      849.6700   178                    827.9524   277973                   x32_67 N  12679  12677     71
  12688 12598      850.5714   137                    827.9524   278830                 x169_105 D  12688  12686     77
  12701 12611      875.6937   174                    827.9524   280339                  x66_178 N  12701  12699     86
  12716 12626      856.2192   178                    827.9524   281333                  x79_181 D  12716  12714     97
  12732 12642      872.1667    81                    827.9524   282569                  x32_198 N  12732  12729    109
  12748 12658      856.2024   102                    827.9524   284155                   x32_29 N  12748  12746    120
  12767 12677      856.6667    87                    827.9524   285086                  x198_39 N  12767  12766    136
  12800 12710      859.7097    49                    827.9524   285670                  x45_121 N  12800  12798    164
  12821 12731      838.6085   135                    827.9881   287219                 x189_191 D  12821  12819     26
  12839 12749      840.8571   135                    827.9881   287964                  x105_29 N  12839  12837     39
Elapsed time = 1073.55 sec. (1176273.28 ticks, tree = 1553.95 MB, solutions = 0)
  12854 12764      847.4048   123                    827.9881   288430                  x52_176 N  12854  12852     50
  12871 12781      846.9583   122                    827.9881   289059                   x39_29 N  12871  12868     63
  12903 12813      845.5000    18                    827.9881   289615                  x122_10 U  12903  12901     88
  12929 12839      847.2500    33                    827.9881   290032                 x191_187 N  12929  12927    110
  12947 12857      848.6500    53                    827.9881   290336                 x124_189 N  12947  12946    126
  12970 12880      849.3333    55                    827.9881   290739                  x178_10 D  12970  12969    146
  13000 12910      852.7619    70                    827.9881   291151                  x146_10 N  13000  12999    173
  13020 12930      834.1964   112                    827.9881   292461                  x197_91 D  13020  13019     29
  13040 12950      835.8667   112                    827.9881   293615                 x193_174 D  13040  13039     45
  13057 12967      844.0000    64                    827.9881   294487                 x122_176 N  13057  13055     57
Elapsed time = 1106.36 sec. (1216229.39 ticks, tree = 1598.28 MB, solutions = 0)
  13086 12996      836.7079    84                    827.9881   295240                  x81_102 U  13086  13085     81
  13112 13022      840.6667    37                    827.9881   295971                 x169_163 N  13112  13110    101
  13158 13068      842.0000    14                    827.9881   296797                  x67_148 U  13158  13156    144
  13171 13081      838.1486    59                    827.9881   298054                  x80_117 U  13171  13169    154
  13200 13110      837.2519    59                    827.9881   298635                  x80_138 D  13200  13199    179
  13248 13158      836.4048   131                    827.9972   299676                  x147_93 U  13248  13247     63
  13330 13240      844.2222    66                    827.9972   300615                    x9_60 U  13330  13329    145
  13405 13315      832.5714   174                    828.0292   301563                 x139_125 D  13405  13403     14
  13420 13330      836.6099   215                    828.0292   302858                  x139_22 D  13420  13417     23
  13440 13350      840.5714   133                    828.0292   303944                 x189_197 U  13440  13438     35
Elapsed time = 1145.50 sec. (1263547.11 ticks, tree = 1674.07 MB, solutions = 0)
  13458 13368      844.0714   132                    828.0292   304888                   x22_49 N  13458  13456     47
  13476 13386      850.2381   134                    828.0292   305427                 x148_189 N  13476  13475     60
  13491 13401      854.5714   123                    828.0292   305919                   x33_83 N  13491  13490     71
  13512 13422      859.8571   129                    828.0292   306620                 x138_178 N  13512  13510     87
  13534 13444      888.8214   147                    828.0292   307588                  x87_194 N  13534  13532    104
  13564 13474      869.5714    96                    828.0292   308104                  x53_146 U  13564  13562    128
  13590 13500      871.7143    40                    828.0292   308660                  x29_105 U  13590  13589    148
  13621 13531      856.7532   221                    828.0330   309873                 x139_125 U  13621  13620     25
  13670 13580      873.1714   138                    828.0330   310957                 x117_159 D  13670  13669     74
  13750 13660      883.1667    69                    828.0330   311803                 x146_105 D  13750  13749    154
Elapsed time = 1180.40 sec. (1305564.01 ticks, tree = 1715.27 MB, solutions = 0)
  13807 13717      835.3214   169                    828.0542   314038                  x93_124 U  13807  13805     16
  13820 13730      839.3477   258                    828.0542   315418                  x107_56 D  13820  13818     24
  13836 13746      843.3048   161                    828.0542   316270                  x139_15 N  13836  13834     35
  13850 13760      846.1099   224                    828.0542   317090                  x21_165 N  13850  13849     46
  13869 13779      847.5114   145                    828.0542   318280                   x89_33 D  13869  13868     60
  13891 13801      851.7381   143                    828.0542   319179                 x133_148 N  13891  13889     76
  13903 13813      851.5159   155                    828.0542   320241                   x52_10 D  13903  13901     84
  13924 13834      857.0000   134                    828.0542   320989                   x10_52 N  13924  13922     99
  13939 13849      861.4167   118                    828.0542   321860                  x52_133 N  13939  13937    108
  13963 13873      877.0000   118                    828.0542   322832                   x15_76 U  13963  13960    127
Elapsed time = 1211.36 sec. (1346985.17 ticks, tree = 1747.57 MB, solutions = 0)
  13980 13890      861.6667   105                    828.0542   323403                  x21_144 N  13980  13978    140
  14004 13914      832.5159   255                    828.0596   323689                  x32_173 D  14004  14003     17
  14032 13942      843.6548   160                    828.0596   325081                  x12_147 U  14032  14031     45
  14062 13972      855.2381   162                    828.0596   325855                   x92_49 N  14062  14061     75
  14125 14035      865.7143   137                    828.0596   327026                 x139_138 N  14125  14124    138
  14174 14084      871.6667   127                    828.0596   327984                  x83_148 D  14174  14173    187
  14214 14124      832.4424   221                    828.0714   329177                 x191_187 U  14214  14213     25
  14237 14147      837.9371   180                    828.0714   330201                  x49_150 D  14237  14235     41
  14246 14156      840.4048   127                    828.0714   331086                   x22_80 N  14246  14244     46
  14262 14172      847.3214   130                    828.0714   331889                  x173_33 N  14262  14259     58
Elapsed time = 1245.08 sec. (1386650.81 ticks, tree = 1792.59 MB, solutions = 0)
  14283 14193      849.7381   131                    828.0714   332900                  x117_49 N  14283  14282     75
  14301 14211      855.6667    88                    828.0714   333815                   x83_33 U  14301  14298     88
  14330 14240      855.7500    27                    828.0714   334706                   x89_21 N  14330  14329    112
  14350 14260      859.5000    31                    828.0714   335334                  x83_178 D  14350  14349    130
  14387 14297      865.2500    38                    828.0714   336172                  x67_148 U  14387  14385    161
  14407 14317      833.8214   152                    828.0714   336646                 x191_187 U  14407  14406     20
  14433 14343      847.1048   117                    828.0714   337538                 x198_169 N  14433  14432     46
  14503 14413      856.1630   113                    828.0714   338373                  x80_148 N  14503  14502    116
  14585 14495      858.1739    50                    828.0714   339156                  x154_88 N  14585  14584    198
  14610 14520      833.5451   177                    828.0714   340861                  x194_22 U  14610  14608     17
Elapsed time = 1278.55 sec. (1425976.68 ticks, tree = 1795.15 MB, solutions = 0)
  14620 14530      837.7381   162                    828.0714   342895                 x146_194 N  14620  14617     22
  14636 14546      837.4603   154                    828.0714   343579                   x21_89 D  14636  14634     32
  14656 14566      839.6419   154                    828.0714   344074                  x184_91 N  14656  14654     46
  14682 14592      844.9464   135                    828.0714   344835                   x83_21 N  14682  14680     65
  14704 14614      847.6964   120                    828.0714   345286                 x133_148 N  14704  14701     81
  14731 14641      857.5833   137                    828.0714   345835                   x83_33 N  14731  14729    102
  14745 14655      849.4167    99                    828.0714   346211                   x166_9 D  14745  14743    112
  14769 14679      852.8750    75                    828.0714   346595                  x121_52 U  14769  14767    130
  14787 14697      860.5000    62                    828.0714   347125                 x197_169 N  14787  14785    145
  14800 14710      851.7000    88                    828.0714   347561                  x21_169 D  14800  14798    155
Elapsed time = 1306.28 sec. (1465696.33 ticks, tree = 1835.60 MB, solutions = 0)
  14820 14730      835.4325   223                    828.0714   349170                 x191_187 D  14820  14817     23
  14838 14748      839.0714    80                    828.0714   350203                  x117_89 N  14838  14836     35
  14852 14762      840.9167    80                    828.0714   351044                  x194_49 N  14852  14850     45
  14886 14796      842.6000    34                    828.0714   351776                  x39_146 U  14886  14885     73
  14908 14818      850.0000    18                    828.0714   352174                  x80_163 U  14908  14906     91
  14928 14838      843.4502   148                    828.0714   352939                 x138_148 D  14928  14927    108
  14950 14860      855.5000    12                    828.0714   353404                  x125_83 N  14950  14948    127
  14970 14880      853.0000    13                    828.0714   353996                  x144_15 U  14970  14967    144
  14986 14896      859.7027    60                    828.0714   354632                   x80_15 N  14986  14984    159
  15011 14921      832.6381   241                    828.0714   355603                 x125_139 D  15011  15009     19
Elapsed time = 1335.59 sec. (1505550.68 ticks, tree = 1883.13 MB, solutions = 0)
  15023 14933      842.2381   211                    828.0714   357737                  x139_15 U  15023  15020     25
  15040 14950      843.2381   152                    828.0714   358778                 x198_148 U  15040  15038     36
  15061 14971      845.2500    75                    828.0714   359573                 x138_173 U  15061  15058     51
  15104 15014      851.0000    34                    828.0714   360168                  x49_138 D  15104  15102     88
  15117 15027      852.0000    14                    828.0714   360435                 x133_198 D  15117  15115     98
  15137 15047      854.1500    43                    828.0714   360639                   x22_89 D  15137  15136    115
  15150 15060      854.4000    35                    828.0714   361145                  x10_176 D  15150  15149    125
  15192 15102      876.3333    14                    828.0714   361767                   x32_39 U  15192  15190    163
  15200 15110      855.6429    46                    828.0714   361851                   x32_29 D  15200  15199    170
  15257 15167      846.8423   178                    828.0714   363298                  x91_197 U  15257  15256     70
Elapsed time = 1369.03 sec. (1551593.32 ticks, tree = 1940.13 MB, solutions = 0)
  15309 15219      853.6381   168                    828.0714   364136                   x52_10 D  15309  15308    122
  15367 15277      860.1852    68                    828.0714   365003                  x165_83 D  15367  15366    180
  15407 15317      829.8114   176                    828.0714   365789                 x191_187 U  15407  15406     18
  15432 15342      834.6964   126                    828.0714   366507                   x49_80 U  15432  15430     39
  15450 15360      843.5402   144                    828.0714   367159                  x32_139 N  15450  15447     51
  15476 15386      842.4286   135                    828.0714   367657                   x32_66 N  15476  15475     70
  15520 15430      846.0000    27                    828.0714   368086                 x127_158 U  15520  15519    108
  15572 15482      858.0000    16                    828.0714   368434                 x187_163 U  15572  15570    154
  15583 15493      865.3333    15                    828.0714   368652                   x32_39 U  15583  15581    163
  15598 15508      862.2500    21                    828.0714   369218                 x117_198 U  15598  15596    174
Elapsed time = 1404.11 sec. (1592115.85 ticks, tree = 2020.18 MB, solutions = 0)
  15600 15510      862.0000     0                    828.0714   369252                 x117_169 U  15600  15597    175
  15626 15536      839.3014   233                    828.1429   370328                   x22_49 N  15626  15625     38
  15677 15587      851.3761   181                    828.1429   371844                   x21_89 D  15677  15676     89
  15724 15634      860.9464   166                    828.1429   372995                   x29_53 U  15724  15723    136
  15776 15686      867.6667   143                    828.1429   373748                  x89_148 D  15776  15775    188
  15812 15722      836.5714   156                    828.1429   374865                  x15_125 U  15812  15810     21
  15826 15736      841.0714   143                    828.1429   376427                 x139_165 D  15826  15824     32
  15852 15762      846.6667    91                    828.1429   377120                  x67_146 N  15852  15851     50
  15870 15780      849.0000    58                    828.1429   377503                  x45_169 N  15870  15868     61
  15890 15800      850.5500    80                    828.1429   378186                  x146_52 D  15890  15888     75
Elapsed time = 1439.89 sec. (1635907.59 ticks, tree = 2088.99 MB, solutions = 0)
Nodefile size = 41.61 MB (32.25 MB after compression)
  15930 15840      852.5172    69                    828.1429   379090                  x10_176 D  15930  15929    112
  15952 15862      856.6250    62                    828.1429   379659                  x169_10 N  15952  15950    129
  15985 15895      861.1000    75                    828.1429   380186                 x121_105 N  15985  15983    159
  16000 15910      855.1429    62                    828.1429   380377                  x15_117 D  16000  15999    172
  16050 15960      837.0000   139                    828.1905   381426                 x189_191 U  16050  16049     63
  16161 16071      846.1250    37                    828.1905   382144                 x138_169 D  16161  16160    174
  16215 16125      841.5714   167                    828.2236   383337                  x150_32 N  16215  16213     23
  16229 16139      849.0714   164                    828.2236   384249                  x52_176 N  16229  16226     32
  16243 16153      849.0714   118                    828.2236   385137                  x138_89 N  16243  16241     40
  16267 16177      857.8214   110                    828.2236   386000                  x39_146 N  16267  16266     56
Elapsed time = 1477.99 sec. (1680898.89 ticks, tree = 2179.30 MB, solutions = 0)
Nodefile size = 131.39 MB (102.53 MB after compression)
  16283 16193      862.9167    90                    828.2236   386244                  x105_29 D  16283  16281     68
  16307 16217      865.2000    39                    828.2236   386547                  x91_197 N  16307  16306     87
  16315 16225      867.1429    38                    828.2236   386869                 x197_159 N  16315  16314     92
  16329 16239      876.0000    29                    828.2236   387149                  x61_122 N  16329  16327    104
  16342 16252      880.0000    31                    828.2236   387496                  x10_197 N  16342  16340    114
  16350 16260      874.4000    41                    828.2236   387888                  x91_184 N  16350  16348    120
  16370 16280      875.4800    51                    828.2236   388313                  x10_143 D  16370  16369    138
  16400 16310      876.6581   103                    828.2236   388601                  x197_39 D  16400  16399    168
  16420 16330      835.1714   147                    828.2714   389623                  x22_117 D  16420  16419     33
  16470 16380      842.9714   153                    828.2714   390716                  x21_138 N  16470  16469     83
Elapsed time = 1509.72 sec. (1723555.04 ticks, tree = 2228.70 MB, solutions = 0)
Nodefile size = 180.96 MB (143.04 MB after compression)
  16535 16445      850.7000    63                    828.2714   391301                  x89_139 N  16535  16534    148
  16610 16520      834.9048   137                    828.2857   392138                 x189_191 U  16610  16609     23
  16635 16545      838.5089   132                    828.2857   392916                  x91_197 U  16635  16634     43
  16650 16560      841.6964   114                    828.2857   393590                   x10_52 D  16650  16649     54
  16685 16595      846.3333    65                    828.2857   394075                   x39_67 N  16685  16683     82
  16732 16642      843.8462    47                    828.2857   394682                   x30_35 D  16732  16731    126
  16760 16670      844.2000    53                    828.2857   395648                 x178_169 D  16760  16759    150
  16797 16707      844.5000    43                    828.2857   396214                  x10_189 D  16797  16795    183
  16819 16729      838.9123   137                    828.3320   397209                   x83_89 N  16819  16817     25
  16833 16743      843.1623   114                    828.3320   397467                   x49_22 N  16833  16830     33
Elapsed time = 1545.63 sec. (1763356.18 ticks, tree = 2317.16 MB, solutions = 0)
Nodefile size = 270.04 MB (216.18 MB after compression)
  16847 16757      865.8388   211                    828.3320   398203                 x173_138 N  16847  16844     42
  16861 16771      847.9565   213                    828.3320   398676                  x80_159 D  16861  16859     52
  16880 16790      851.0667   210                    828.3320   399394                  x21_159 D  16880  16879     66
  16897 16807      857.0214   126                    828.3320   399817                  x159_49 N  16897  16895     79
  16912 16822      861.1548   130                    828.3320   400344                  x80_138 N  16912  16911     91
  16928 16838      858.5214   131                    828.3320   400808                 x133_169 N  16928  16927    103
  16942 16852      862.3796   147                    828.3320   401072                  x107_56 D  16942  16940    113
  16964 16874      867.5714    76                    828.3320   401481                  x194_49 N  16964  16962    131
  16976 16886      872.8000    92                    828.3320   401998                  x122_61 N  16976  16974    140
  16990 16900      862.4643    78                    828.3320   402515                  x159_45 U  16990  16988    151
Elapsed time = 1576.03 sec. (1804488.09 ticks, tree = 2355.28 MB, solutions = 0)
Nodefile size = 307.60 MB (247.15 MB after compression)
  17008 16918      833.7857   173                    828.3543   403433                  x139_22 N  17008  17005     17
  17020 16930      836.7058   212                    828.3543   404373                   x22_80 N  17020  17017     25
  17035 16945      840.5089   137                    828.3543   404907                  x12_147 N  17035  17034     35
  17053 16963      843.5892   170                    828.3543   405428                  x154_88 D  17053  17051     50
  17072 16982      847.1597   189                    828.3543   406087                  x81_102 D  17072  17070     64
  17092 17002      850.0214   124                    828.3543   406801                 x148_184 N  17092  17090     81
  17110 17020      848.3333   109                    828.3543   407812                 x187_184 N  17110  17109     96
  17120 17030      871.6667   110                    828.3543   408836                 x146_173 N  17120  17117    103
  17133 17043      849.2319   120                    828.3543   409254                 x159_189 D  17133  17132    114
  17147 17057      857.6667    82                    828.3543   410556                   x21_67 N  17147  17145    124
Elapsed time = 1609.13 sec. (1847511.57 ticks, tree = 2394.26 MB, solutions = 0)
Nodefile size = 347.15 MB (280.35 MB after compression)
  17160 17070      850.1429    70                    828.3543   410951                 x146_169 D  17160  17159    135
  17173 17083      860.0625    64                    828.3543   411863                  x59_171 U  17173  17171    144
  17190 17100      851.1333   108                    828.3543   412326                 x171_198 D  17190  17189    159
  17200 17110      851.2708    90                    828.3543   412851                   x92_83 D  17200  17199    167
  17224 17134      839.0055   162                    828.3896   414078                  x124_91 U  17224  17223     36
  17284 17194      855.9048   187                    828.3896   415298                   x80_89 N  17284  17283     96
  17349 17259      864.0000   147                    828.3896   416158                   x14_63 N  17349  17348    161
  17407 17317      833.2381   133                    828.3961   417217                 x165_125 D  17407  17405     19
  17417 17327      838.1714   156                    828.3961   418274                 x138_173 D  17417  17415     25
  17432 17342      839.8214   100                    828.3961   418554                   x22_49 D  17432  17431     35
Elapsed time = 1643.09 sec. (1888633.27 ticks, tree = 2465.93 MB, solutions = 0)
Nodefile size = 418.11 MB (339.85 MB after compression)
  17450 17360      841.6496   133                    828.3961   419017                  x105_29 N  17450  17449     48
  17469 17379      844.2500    27                    828.3961   419370                  x67_121 N  17469  17467     62
  17477 17387      845.1667    15                    828.3961   419575                   x45_10 N  17477  17475     67
  17512 17422      846.2941    40                    828.3961   420048                   x67_29 N  17512  17511     99
  17531 17441      874.5000    20                    828.3961   420663                 x154_148 N  17531  17529    115
  17538 17448      881.8000    50                    828.3961   420820                   x24_96 U  17538  17536    120
  17543 17453      883.8667    50                    828.3961   421213                 x102_196 N  17543  17541    124
  17552 17462      886.1154    64                    828.3961   421739                 x137_103 N  17552  17549    130
  17560 17470      893.5000    22                    828.3961   421979                   x59_88 N  17560  17558    135
  17569 17479      911.6000    41                    828.3961   422534                   x88_66 N  17569  17567    142
Elapsed time = 1675.89 sec. (1932014.60 ticks, tree = 2500.04 MB, solutions = 0)
Nodefile size = 452.45 MB (367.97 MB after compression)
  17587 17497      894.5714    41                    828.3961   423229                  x88_171 N  17587  17586    158
  17591 17501      902.1500    50                    828.3961   423509                  x59_181 D  17591  17590    161
  17600 17510      906.5286    61                    828.3961   423749                   x79_81 N  17600  17599    169
  17641 17551      840.7214   185                    828.4214   424698                  x32_163 N  17641  17640     59
  17686 17596      847.7950   157                    828.4214   425800                  x49_173 N  17686  17685    104
  17802 17712      829.9945   206                    828.4578   427012                  x150_94 D  17802   5405     15
  17826 17736      833.5714    78                    828.4578   427518                   x33_49 N  17826  17824     32
  17850 17760      835.0000    27                    828.4578   428067                 x189_191 U  17850  17849     52
  17884 17794      842.7500    22                    828.4578   428796                   x83_67 U  17884  17882     83
  17903 17813      845.0000    18                    828.4578   429281                  x159_83 U  17903  17901     98
Elapsed time = 1716.07 sec. (1983610.30 ticks, tree = 2586.84 MB, solutions = 0)
Nodefile size = 539.24 MB (440.44 MB after compression)
  17937 17847      851.3333    22                    828.4578   430086                  x80_163 U  17937  17935    127
  17945 17855      838.6429    41                    828.4578   430408                  x150_80 D  17945  17943    133
  18002 17912      829.2180   247                    828.4714   430798                  x53_194 D  18002   4061     11
  18031 17941      844.4381   195                    828.4714   432487                  x12_147 U  18031  18030     40
  18070 17980      856.6214   159                    828.4714   433444                 x198_154 D  18070  18069     79
  18112 18022      877.6008   151                    828.4714   434095                  x49_163 N  18112  18111    121
  18173 18083      883.0513   145                    828.4714   434658                   x43_10 D  18173  18172    182
  18207 18117      833.0714   163                    828.4985   435570                 x189_191 U  18207  18206     22
  18225 18135      840.3214   128                    828.4985   436259                  x138_89 U  18225  18223     33
  18241 18151      847.4714   131                    828.4985   436876                 x198_148 U  18241  18239     45
Elapsed time = 1751.98 sec. (2023889.02 ticks, tree = 2671.38 MB, solutions = 0)
Nodefile size = 623.90 MB (511.93 MB after compression)
  18256 18166      854.1548   109                    828.4985   437308                  x39_146 N  18256  18255     58
  18271 18181      861.5714   108                    828.4985   437837                 x148_133 N  18271  18269     66
  18281 18191      856.3683   105                    828.4985   438003                  x121_29 N  18281  18279     73
  18288 18198      856.8167   106                    828.4985   438326                 x121_198 N  18288  18286     78
  18303 18213      857.2667    97                    828.4985   438932                 x117_133 D  18303  18301     90
  18325 18235      859.8000    96                    828.4985   439682                  x10_169 N  18325  18324    109
  18357 18267      864.5556    54                    828.4985   440194                  x169_45 N  18357  18356    137
  18370 18280      864.9815    92                    828.4985   440528                   x57_59 U  18370  18369    149
  18389 18299      868.1100    65                    828.4985   441436                  x88_171 U  18389  18388    163
  18405 18315      835.1714   174                    828.5048   442330                   x15_32 U  18405  18404     22
Elapsed time = 1780.82 sec. (2064961.66 ticks, tree = 2713.15 MB, solutions = 0)
Nodefile size = 665.92 MB (547.31 MB after compression)
  18459 18369      842.4394   140                    828.5048   443200                  x10_143 N  18459  18458     76
  18510 18420      845.0000    55                    828.5048   443632                 x198_122 N  18510  18509    127
  18598 18508      847.1000    58                    828.5048   444350                 x184_169 N  18598  18597    215
  18617 18527      835.1640   186                    828.5048   445561                 x139_125 D  18617  18614     23
  18633 18543      837.7714   122                    828.5048   446312                  x194_49 N  18633  18631     34
  18650 18560      850.6964   129                    828.5048   446824                   x15_21 N  18650  18648     46
  18670 18580      843.1048   139                    828.5048   447295                   x89_21 N  18670  18668     62
  18693 18601    infeasible                          828.5048   448211                   x32_29 N  18693  18690     81
  18705 18613      848.6964   141                    828.5048   448789                  x146_21 N  18705  18704     89
  18717 18625      857.9048   130                    828.5048   449427                 x191_187 N  18717  18715     96
Elapsed time = 1818.13 sec. (2105100.23 ticks, tree = 2795.15 MB, solutions = 0)
Nodefile size = 747.36 MB (615.04 MB after compression)
  18730 18638      862.9048    89                    828.5048   449899                  x184_91 D  18730  18729    106
  18739 18647      863.9206   125                    828.5048   450373                  x198_10 N  18739  18738    113
  18746 18654      916.3667   149                    828.5048   451281                 x146_138 N  18746  18744    117
  18759 18667      868.0000    87                    828.5048   451969                  x121_43 N  18759  18757    127
  18767 18675      866.6667    83                    828.5048   452286                  x10_169 N  18767  18765    133
  18777 18685      866.9074   115                    828.5048   452512                  x159_67 N  18777  18776    142
  18786 18694      867.4000    62                    828.5048   452747                    x9_60 U  18786  18785    149
  18800 18708      868.7273    74                    828.5048   452920                 x169_148 D  18800  18799    161
  18814 18722      838.7714   146                    828.5089   453962                  x15_139 N  18814  18811     23
  18830 18738      838.0923   164                    828.5089   454633                   x94_92 U  18830  18829     34
Elapsed time = 1851.63 sec. (2152781.81 ticks, tree = 2822.72 MB, solutions = 0)
Nodefile size = 774.96 MB (638.12 MB after compression)
  18846 18754      840.7703   219                    828.5089   455336                   x83_21 N  18846  18845     44
  18858 18766      853.3214   164                    828.5089   455913                  x15_125 N  18858  18856     52
  18875 18783      845.1584   171                    828.5089   456530                  x169_10 N  18875  18872     65
  18883 18791      848.2989   192                    828.5089   457344                   x66_87 U  18883  18881     69
  18894 18802      848.5714    96                    828.5089   457746                 x198_148 N  18894  18892     77
  18908 18816      855.0032   157                    828.5089   458559                 x117_125 N  18908  18906     88
  18921 18829      860.6548   110                    828.5089   459393                 x159_125 N  18921  18919     98
  18942 18850      850.8565    72                    828.5089   459978                    x9_60 U  18942  18941    114
  18957 18865      856.7525    73                    828.5089   460315                  x79_181 D  18957  18955    126
  18965 18873      865.3534    63                    828.5089   460863                 x176_198 N  18965  18962    131
Elapsed time = 1883.09 sec. (2195077.34 ticks, tree = 2859.10 MB, solutions = 0)
Nodefile size = 811.38 MB (668.55 MB after compression)
  18973 18881      858.0556    61                    828.5089   461124                  x52_198 D  18973  18971    136
  18989 18897      859.7316    59                    828.5089   461660                 x143_198 N  18989  18988    149
  19000 18908      860.4444    60                    828.5089   462054                 x176_169 D  19000  18999    158
  19022 18930      840.6013   165                    828.5437   463174                  x49_139 N  19022  19020     30
  19030 18938      860.0081   223                    828.5437   464268                 x154_148 N  19030  19028     35
  19040 18948      850.9167   150                    828.5437   464923                   x29_53 D  19040  19037     41
  19050 18958      853.6667   120                    828.5437   465287                   x80_49 N  19050  19048     48
  19059 18967      854.1667   129                    828.5437   465657                  x194_53 U  19059  19057     54
  19072 18980      857.2667   114                    828.5437   466074                 x198_148 U  19072  19071     63
  19080 18988      858.5088   133                    828.5437   466600                  x117_49 N  19080  19079     68
Elapsed time = 1915.43 sec. (2236152.63 ticks, tree = 2890.59 MB, solutions = 0)
Nodefile size = 842.77 MB (694.88 MB after compression)
  19104 19012      860.0897   117                    828.5437   466909                  x159_67 D  19104  19102     87
  19127 19035      865.9513   169                    828.5437   467323                   x33_89 N  19127  19125    106
  19158 19066      863.1111    56                    828.5437   467696                   x89_33 D  19158  19156    133
  19172 19080      872.2143    52                    828.5437   468090                 x122_176 N  19172  19169    143
  19187 19095      865.0800    55                    828.5437   468264                  x81_178 N  19187  19185    157
  19202 19110      834.6714   229                    828.5714   468650                  x173_32 U  19202   6405     15
  19232 19140      850.5214   189                    828.5714   469928                  x147_93 U  19232  19231     45
  19275 19183      862.4048   169                    828.5714   470530                  x91_197 U  19275  19274     88
  19366 19274      880.0714   122                    828.5714   471636                   x63_26 U  19366  19365    179
  19410 19318      832.1169   200                    828.5714   472753                   x49_33 D  19410  19408     18
Elapsed time = 1952.16 sec. (2276802.91 ticks, tree = 2981.21 MB, solutions = 0)
Nodefile size = 933.81 MB (772.49 MB after compression)
  19425 19333      833.5714   128                    828.5714   473522                 x187_138 D  19425  19424     29
  19446 19354      835.3839   147                    828.5714   473940                 x173_138 D  19446  19444     44
  19464 19372      837.0714   114                    828.5714   474263                   x83_21 N  19464  19463     58
  19482 19390      846.5714   125                    828.5714   474570                 x138_163 U  19482  19480     70
  19502 19410      848.6964   132                    828.5714   475141                   x80_67 N  19502  19499     85
  19523 19431      841.8214   131                    828.5714   475555                  x91_197 U  19523  19522    103
  19541 19449      843.5667   110                    828.5714   475974                  x80_121 N  19541  19540    118
  19553 19461      845.0929   171                    828.5714   476531                  x80_173 D  19553  19551    127
  19570 19478      846.4375   159                    828.5714   476957                 x122_169 D  19570  19568    139
  19595 19503      847.6667    78                    828.5714   477400                  x21_148 N  19595  19594    161
Elapsed time = 1982.83 sec. (2316818.93 ticks, tree = 3032.51 MB, solutions = 0)
Nodefile size = 985.18 MB (815.58 MB after compression)
  19600 19508      848.0000    27                    828.5714   477428                  x178_21 D  19600  19599    165
  19615 19523      833.9714   154                    828.5714   478174                  x194_22 U  19615  19614     29
  19653 19561      846.6714   186                    828.5714   479036                  x80_117 D  19653  19652     67
  19700 19608      863.5714   160                    828.5714   480207                  x83_154 D  19700  19699    114
  19740 19648      877.7937   155                    828.5714   481287                 x187_184 D  19740  19739    154
  19798 19706      887.9167   109                    828.5714   482235                   x52_29 D  19798  19797    212
  19815 19723      833.1714   134                    828.5714   483012                 x189_191 D  19815  19812     23
  19837 19745      835.0714    96                    828.5714   484014                  x168_91 D  19837  19835     39
  19853 19761      839.1548   146                    828.5714   484983                  x53_194 D  19853  19851     51
  19868 19776      841.9714   108                    828.5714   485599                  x122_61 N  19868  19865     60
Elapsed time = 2020.73 sec. (2362812.90 ticks, tree = 3109.54 MB, solutions = 0)
Nodefile size = 1061.67 MB (880.84 MB after compression)
  19889 19797      844.1667   108                    828.5714   486466                  x22_139 D  19889  19887     75
  19910 19818      843.3000    76                    828.5714   487054                  x163_39 D  19910  19909     92
  19929 19837      846.4706    85                    828.5714   487525                   x10_39 N  19929  19927    108
  19942 19850      850.5000    18                    828.5714   488367                  x10_168 N  19942  19939    118
  19961 19869      848.5000    20                    828.5714   489104                   x33_83 U  19961  19959    134
  19970 19878      862.6000    63                    828.5714   490574                 x173_117 N  19970  19968    140
  19986 19894      852.6667    36                    828.5714   491568                   x10_29 N  19986  19984    153
  20000 19908      845.7803    86                    828.5714   492275                   x80_66 N  20000  19999    165
* 20024  8680      integral     0      834.0000      828.5714   492759    0.65%
  20026  8679      829.5714   167      834.0000      828.5714   493055    0.65%         x14_124 D  20026    817     14
  20046  8691      832.5283   269      834.0000      828.5714   493762    0.65%         x14_124 U  20046    817     14
Elapsed time = 2050.18 sec. (2405401.56 ticks, tree = 1250.75 MB, solutions = 1)
Nodefile size = 1104.97 MB (916.90 MB after compression)
  20057  8696        cutoff            834.0000      828.5714   494579    0.65%          x66_87 D  20057  20054     21
  20070  8699      829.6714   191      834.0000      828.5714   495187    0.65%         x150_32 D  20070  20069     14
  20084  8705      830.5714   159      834.0000      828.5714   496113    0.65%         x165_32 U  20084   8603     15
  20097  8713      831.7714   158      834.0000      828.5714   497045    0.65%         x165_32 D  20097  20096     15
  20112  8722      831.0714   200      834.0000      828.5714   497517    0.65%        x165_125 D  20112  20111     16
  20126  8728      830.9714   234      834.0000      828.5714   498396    0.65%         x32_173 U  20126  14804     15
  20139  8730      831.5714   170      834.0000      828.5714   499538    0.65%         x150_32 U  20139  14803     14
  20152  8737      832.8214   193      834.0000      828.5714   499929    0.65%          x32_66 D  20152  20151     23
  20166  8742      832.0714   151      834.0000      828.5714   500715    0.65%         x15_125 D  20166  20165     25
  20181  8749      831.9048   124      834.0000      828.5714   501390    0.65%         x53_194 N  20181  20180     21
Elapsed time = 2068.19 sec. (2447035.10 ticks, tree = 1269.87 MB, solutions = 1)
Nodefile size = 1104.97 MB (916.90 MB after compression)
  20197  8759      832.8214   170      834.0000      828.5714   502026    0.65%         x32_173 D  20197  20196     15
  20208  8764        cutoff            834.0000      828.5910   502453    0.65%         x150_94 U  20208  20207     15
  20220  8769      832.6339   113      834.0000      828.6381   503234    0.64%          x80_21 N  20220  20218     21
  20234  8771      830.5714   171      834.0000      828.6825   503898    0.64%          x15_32 U  20234  12402     13
  20246  8777      831.7170   258      834.0000      828.7532   504829    0.63%        x125_165 D  20246  20245     19
  20261  8785        cutoff            834.0000      828.7714   505350    0.63%          x49_15 U  20261  20259     21
  20273  8791        cutoff            834.0000      828.7857   506434    0.63%        x146_194 D  20273  20272     25
  20286  8799        cutoff            834.0000      828.8214   507009    0.62%         x139_22 D  20286  20285     28
  20300  8807      830.3950   198      834.0000      828.8492   507556    0.62%         x49_173 D  20300  20298     23
  20313  8812      829.9467   226      834.0000      828.8492   508129    0.62%        x125_139 D  20313    815     13
Elapsed time = 2085.18 sec. (2486746.69 ticks, tree = 1290.33 MB, solutions = 1)
Nodefile size = 1104.97 MB (916.90 MB after compression)
  20326  8821      830.2381   185      834.0000      828.8492   508872    0.62%        x125_139 U  20326    815     13
  20343  8833        cutoff            834.0000      828.8508   509377    0.62%        x125_139 D  20343  20342     23
  20357  8840      830.4881   177      834.0000      828.9048   510105    0.61%        x173_138 D  20357  20356     19
  20373  8848      832.0714   171      834.0000      828.9048   510613    0.61%         x32_150 D  20373  20371     30
  20386  8853      832.0714   120      834.0000      828.9048   511464    0.61%         x173_32 U  20386  20068     13
  20400  8859      832.5714   198      834.0000      828.9126   512149    0.61%          x94_92 D  20400   9802     12
  20417  8870      832.3214   129      834.0000      828.9286   512828    0.61%         x32_139 U  20417  20415     21
  20430  8871      832.3571   228      834.0000      828.9603   513356    0.60%         x56_145 D  20430  14808     18
  20444  8881      832.3214   214      834.0000      828.9881   514203    0.60%          x15_32 D  20444  20443     20
  20459  8888      831.2637   209      834.0000      828.9908   514883    0.60%         x165_32 D  20459  20458     19
Elapsed time = 2102.05 sec. (2526960.00 ticks, tree = 1313.28 MB, solutions = 1)
Nodefile size = 1104.97 MB (916.90 MB after compression)
  20471  8890      831.5714   167      834.0000      829.0159   515654    0.60%         x150_32 U  20471   7603     16
  20483  8898      831.5714   158      834.0000      829.0402   516406    0.59%         x150_32 D  20483  20482     20
  20496  8902      831.5714   118      834.0000      829.0714   516868    0.59%        x139_150 D  20496  20495     15
  20509  8903        cutoff            834.0000      829.0714   517825    0.59%         x32_173 U  20509  20507     22
  20521  8911      830.1429   214      834.0000      829.0804   518614    0.59%         x53_194 D  20521   6202     12
  20536  8922      832.5714   131      834.0000      829.0881   519645    0.59%         x125_49 U  20536  20534     17
  20548  8926      830.7736   193      834.0000      829.1114   520176    0.59%         x32_125 D  20548  20547     20
  20560  8926      830.0714   130      834.0000      829.1232   520692    0.58%        x139_150 D  20560   7005     14
  20574  8930      832.9048   125      834.0000      829.1270   521643    0.58%        x125_139 U  20574  20572     16
  20587  8935      831.2381   146      834.0000      829.1455   522207    0.58%         x173_87 D  20587   4412     22
Elapsed time = 2120.21 sec. (2567140.90 ticks, tree = 1324.65 MB, solutions = 1)
Nodefile size = 1104.97 MB (916.90 MB after compression)
  20598  8937      831.0714   148      834.0000      829.1652   523119    0.58%         x150_94 U  20598   7406     18
  20608  8935        cutoff            834.0000      829.1772   523547    0.58%         x165_49 U  20608  20606     19
  20620  8945      832.1767   210      834.0000      829.1905   524530    0.58%        x125_139 D  20620  20618     25
  20633  8951      832.5714   176      834.0000      829.2078   525332    0.57%         x125_49 D  20633  20632     26
  20647  8957      830.8214   138      834.0000      829.2381   525845    0.57%         x93_124 D  20647  20646     15
  20661  8968        cutoff            834.0000      829.2381   526158    0.57%        x198_148 D  20661  20660     29
  20673  8977      832.1294   264      834.0000      829.2381   527333    0.57%        x154_148 D  20673  20672     22
  20689  8985      832.3492   171      834.0000      829.2381   528186    0.57%        x165_125 D  20689  20687     21
  20702  8986        cutoff            834.0000      829.2381   528610    0.57%         x32_150 U  20702  20700     22
  20716  8996      832.4214   177      834.0000      829.2381   529289    0.57%        x191_187 D  20716   3212     21
Elapsed time = 2134.94 sec. (2606328.12 ticks, tree = 1342.59 MB, solutions = 1)
Nodefile size = 1104.97 MB (916.90 MB after compression)
  20730  8999      832.9270   219      834.0000      829.2514   529886    0.57%        x138_173 D  20730  20729     28
  20743  9003        cutoff            834.0000      829.2514   530790    0.57%          x15_32 D  20743  20741     18
  20756  9006        cutoff            834.0000      829.2987   531715    0.56%          x26_63 U  20756   4414     24
  20770  9014      832.5714    96      834.0000      829.3214   532306    0.56%        x198_148 U  20770  20768     21
  20783  9017      830.5714   134      834.0000      829.3631   532735    0.56%        x144_173 D  20783  20782     20
  20798  9026      832.0714   131      834.0000      829.3714   533471    0.55%         x139_22 D  20798  20796     17
  20817  9035      830.8214   176      834.0000      829.3714   534023    0.55%         x53_194 U  20817  10805     14
  20832  9046      831.1548   210      834.0000      829.3803   534545    0.55%         x150_94 D  20832   6203     13
  20848  9056        cutoff            834.0000      829.3950   535059    0.55%        x125_150 D  20848  20847     16
  20861  9057      830.4048   173      834.0000      829.4048   535631    0.55%        x125_139 U  20861   5028     17
Elapsed time = 2153.24 sec. (2646510.85 ticks, tree = 1362.22 MB, solutions = 1)
Nodefile size = 1104.97 MB (916.90 MB after compression)
  20874  9062      830.6964   187      834.0000      829.4048   536247    0.55%         x14_124 D  20874    819     15
  20891  9073      831.3529   190      834.0000      829.4176   536605    0.55%         x165_49 D  20891  20890     20
  20907  9079        cutoff            834.0000      829.4363   537593    0.55%         x139_32 U  20907  20905     20
  20920  9088      831.0714   197      834.0000      829.4464   538264    0.55%        x125_150 D  20920  20919     14
  20933  9089        cutoff            834.0000      829.4914   538873    0.54%         x173_32 U  20933   6804     12
  20946  9098      831.4714   169      834.0000      829.5169   539582    0.54%         x32_139 D  20946  20945     19
  20956  9104        cutoff            834.0000      829.5169   540535    0.54%         x52_176 U  20956  20954     28
  20966  9108      832.0522   200      834.0000      829.5214   541368    0.54%         x165_32 D  20966  20964     24
  20980  9116      832.0714   203      834.0000      829.5214   541949    0.54%        x165_125 D  20980  20979     21
  20996  9125      831.6429   141      834.0000      829.5714   542630    0.53%         x138_89 N  20996  20995     21
Elapsed time = 2169.92 sec. (2686128.52 ticks, tree = 1376.08 MB, solutions = 1)
Nodefile size = 1104.97 MB (916.90 MB after compression)
  21011  9136      832.2381   190      834.0000      829.5714   542877    0.53%         x32_173 D  21011  21010     18
  21025  9144      832.6131   182      834.0000      829.5714   543635    0.53%        x189_191 U  21025  21024     23
  21040  9146      831.5714   134      834.0000      829.5714   544341    0.53%         x194_22 D  21040  21039     16
  21053  9153      831.5714   153      834.0000      829.5714   544756    0.53%         x125_49 D  21053  21052     14
  21068  9159      832.0714   129      834.0000      829.5714   545749    0.53%         x194_22 D  21068  21066     17
  21080  9160      829.9286   197      834.0000      829.5714   546262    0.53%        x173_138 D  21080  21079     18
  21100  9180      831.4368   170      834.0000      829.5714   546682    0.53%        x154_148 N  21100  21099     38
  21125  9202      832.0714   161      834.0000      829.5714   547358    0.53%         x165_49 D  21125  21124     24
  21138  9205      831.1429   210      834.0000      829.5714   548260    0.53%        x139_150 N  21138  16003     17
  21150  9205        cutoff            834.0000      829.5714   549115    0.53%        x173_138 U  21150  20733     10
Elapsed time = 2185.34 sec. (2726635.53 ticks, tree = 1386.85 MB, solutions = 1)
Nodefile size = 1104.97 MB (916.90 MB after compression)
  21160  9207      831.0714   144      834.0000      829.5714   550217    0.53%         x32_173 D  21160  21159     19
  21180  9223      831.1270   111      834.0000      829.5714   550527    0.53%         x49_139 D  21180  21179     27
  21199  9236      832.3214   184      834.0000      829.6339   551178    0.52%         x150_94 U  21199  21198     22
  21210  9243      832.7143   283      834.0000      829.6429   551661    0.52%         x150_32 D  21210  21209     20
  21226  9249        cutoff            834.0000      829.6714   552054    0.52%          x22_49 U  21226  21224     27
  21243  9260        cutoff            834.0000      829.6964   552711    0.52%        x125_165 D  21243  21242     20
  21254  9263      831.1429   163      834.0000      829.7214   553602    0.51%         x32_173 D  21254  21252     15
  21268  9269        cutoff            834.0000      829.7214   553945    0.51%         x124_91 D  21268  21266     26
  21285  9286      831.0714   143      834.0000      829.7214   554315    0.51%         x49_165 D  21285  21284     29
  21300  9295      831.3361   171      834.0000      829.7218   554763    0.51%         x150_32 N  21300  20190      9
Elapsed time = 2200.72 sec. (2766964.22 ticks, tree = 1405.43 MB, solutions = 1)
Nodefile size = 1104.97 MB (916.90 MB after compression)
  21310  9299      830.2783   263      834.0000      829.7381   555347    0.51%         x165_32 U  21310  12405     16
  21327  9310      832.0714   159      834.0000      829.7381   555854    0.51%         x56_145 U  21327  20026     15
  21340  9311      832.8872   182      834.0000      829.7381   556368    0.51%         x125_15 D  21340  21339     17
  21351  9312      831.6714   205      834.0000      829.7589   557333    0.51%         x150_94 D  21351   6806     13
  21365  9314        cutoff            834.0000      829.7714   558065    0.51%         x32_144 U  21365  21363     19
  21378  9323      830.5714   206      834.0000      829.7714   558604    0.51%         x173_32 D  21378  21377     11
  21390  9327      831.3161   249      834.0000      829.7857   559660    0.51%         x32_173 D  21390  21389     12
  21401  9334      830.7492   196      834.0000      829.7964   560214    0.50%         x165_32 D  21401  21400     22
  21417  9348      832.9714   152      834.0000      829.7964   560632    0.50%         x52_176 D  21417  21416     38
  21432  9357      831.0935   240      834.0000      829.8214   561547    0.50%         x165_32 U  21432  10407     20
Elapsed time = 2217.90 sec. (2807296.53 ticks, tree = 1412.25 MB, solutions = 1)
Nodefile size = 1104.97 MB (916.90 MB after compression)
  21447  9366      832.6825   183      834.0000      829.8214   562126    0.50%         x165_32 D  21447  21446     20
  21458  9361        cutoff            834.0000      829.8286   563033    0.50%         x125_15 U  21458  21419     15
  21471  9366      831.4464   187      834.0000      829.8492   563811    0.50%          x22_49 U  21471   2409     17
  21494  9385        cutoff            834.0000      829.8492   564097    0.50%          x83_89 U  21494  21492     39
  21509  9394      831.0159   170      834.0000      829.8609   564966    0.50%          x49_22 D  21509  21508     25
  21523  9404      831.8290   169      834.0000      829.8609   565594    0.50%          x49_15 D  21523  21522     34
  21538  9405      829.9048   153      834.0000      829.8839   566209    0.49%         x32_173 D  21538  17003     16
  21550  9410        cutoff            834.0000      829.8839   566755    0.49%         x22_139 U  21550  21549     26
  21561  9411      832.5714   121      834.0000      829.9048   567613    0.49%         x194_22 U  21561  21560     19
  21580  9422      830.2714   171      834.0000      829.9048   568106    0.49%         x49_173 D  21580  21579     15
Elapsed time = 2234.42 sec. (2846893.20 ticks, tree = 1431.51 MB, solutions = 1)
Nodefile size = 1104.97 MB (916.90 MB after compression)
  21591  9429      831.6714   151      834.0000      829.9048   569101    0.49%         x53_194 U  21591  21590     16
  21607  9437        cutoff            834.0000      829.9048   569568    0.49%         x49_173 D  21607  21606     18
  21623  9451      832.0330   156      834.0000      829.9048   570022    0.49%          x49_33 D  21623  21622     32
  21643  9463      831.6964   145      834.0000      829.9048   570405    0.49%         x53_194 U  21643  21642     15
  21655  9462        cutoff            834.0000      829.9464   571157    0.49%         x32_125 U  21655  21270     15
  21671  9474      832.8214   138      834.0000      829.9603   571642    0.48%         x15_125 D  21671  21670     17
  21682  9471        cutoff            834.0000      829.9714   572264    0.48%        x148_189 U  21682   3826     29
  21696  9481      831.9180   229      834.0000      829.9881   573232    0.48%         x32_173 D  21696  21695     18
  21710  9486      830.7500   178      834.0000      829.9945   573801    0.48%         x14_124 D  21710  21709     17
  21730  9506      832.1008   162      834.0000      829.9945   574134    0.48%         x52_143 D  21730  21729     37
Elapsed time = 2250.08 sec. (2887238.98 ticks, tree = 1450.45 MB, solutions = 1)
Nodefile size = 1104.97 MB (916.90 MB after compression)
  21747  9517        cutoff            834.0000      830.0000   574643    0.48%         x139_32 D  21747  21746     20
  21759  9515        cutoff            834.0000      830.0089   575327    0.48%         x165_32 U  21759  21757     21
  21770  9522      832.4450   280      834.0000      830.0357   576540    0.48%         x14_124 U  21770  20666     16
  21785  9529      832.4048   167      834.0000      830.0420   577196    0.47%         x49_139 D  21785  21784     19
  21798  9530      832.6143   136      834.0000      830.0714   578001    0.47%         x194_53 D  21798  21796     23
  21812  9535      832.8214   178      834.0000      830.0714   578269    0.47%         x173_32 U  21812  20315     16
  21828  9543      832.0714   143      834.0000      830.0714   579157    0.47%        x122_176 N  21828  21827     23
  21840  9548      832.6623   152      834.0000      830.0714   579749    0.47%         x165_49 D  21840  21839     21
  21857  9546        cutoff            834.0000      830.0714   580200    0.47%         x53_194 D  21857  21855     21
  21871  9550      831.2381   137      834.0000      830.0714   580871    0.47%          x49_22 D  21871  21870     18
Elapsed time = 2266.97 sec. (2927502.42 ticks, tree = 1463.46 MB, solutions = 1)
Nodefile size = 1104.97 MB (916.90 MB after compression)
  21884  9549      832.0714   144      834.0000      830.0714   581657    0.47%         x125_49 U  21884  20173     14
  21896  9547        cutoff            834.0000      830.0714   582283    0.47%         x49_173 U  21896  21539     18
  21909  9548      831.7714   175      834.0000      830.0714   583005    0.47%         x150_32 D  21909  21908     23
  21922  9551      830.6964   155      834.0000      830.0714   583397    0.47%         x165_32 U  21922  21921     19
  21938  9559        cutoff            834.0000      830.0714   583793    0.47%        x139_150 U  21938  21936     19
  21950  9563        cutoff            834.0000      830.0714   584445    0.47%         x49_139 U  21950  21948     22
  21963  9572      831.7857   122      834.0000      830.0714   584693    0.47%         x12_147 U  21963  21961     32
  21977  9580      832.8214   185      834.0000      830.0714   584907    0.47%         x61_124 N  21977  21976     43
  21991  9585        cutoff            834.0000      830.0882   585490    0.47%         x52_176 D  21991  21990     24
  22007  9585        cutoff            834.0000      830.1099   585901    0.47%         x165_32 U  22007   3213     22
Elapsed time = 2281.66 sec. (2966652.99 ticks, tree = 1474.83 MB, solutions = 1)
Nodefile size = 1104.97 MB (916.90 MB after compression)
  22023  9592      832.5604   243      834.0000      830.1270   586500    0.46%         x32_173 U  22023  16403     17
  22037  9596      831.8214   121      834.0000      830.1429   586889    0.46%        x189_159 D  22037  22036     27
  22055  9610      831.8839   138      834.0000      830.1429   587203    0.46%        x189_191 U  22055  22054     27
  22072  9616      831.7381   167      834.0000      830.1548   588162    0.46%        x139_150 U  22072   9021     13
  22087  9624      831.7937   157      834.0000      830.1623   588490    0.46%        x189_159 D  22087  22085     26
  22102  9627      832.0159   147      834.0000      830.1714   589037    0.46%         x32_139 U  22102  22101     22
  22119  9639      831.8214    81      834.0000      830.1714   589441    0.46%         x138_89 D  22119  22118     20
  22132  9643      832.5714   164      834.0000      830.1714   590020    0.46%         x32_173 D  22132  22131     18
  22150  9657      831.7381   148      834.0000      830.1714   590541    0.46%          x22_49 D  22150  22149     31
  22167  9665        cutoff            834.0000      830.1884   591205    0.46%         x194_22 U  22167  22166     23
Elapsed time = 2296.53 sec. (3007085.58 ticks, tree = 1495.08 MB, solutions = 1)
Nodefile size = 1104.97 MB (916.90 MB after compression)
  22188  9684      832.1964   133      834.0000      830.1958   591640    0.46%        x176_122 D  22188  22187     41
  22205  9698      831.5714   159      834.0000      830.1964   591979    0.46%        x189_159 D  22205  22204     23
  22220  9702        cutoff            834.0000      830.1964   592508    0.46%         x165_32 U  22220  22219     22
  22231  9698      831.2987   178      834.0000      830.2381   593721    0.45%        x189_191 D  22231   8610     20
  22251  9718      832.2811   152      834.0000      830.2381   594008    0.45%         x21_139 D  22251  22250     40
  22269  9728      832.5714   215      834.0000      830.2381   594561    0.45%          x15_32 D  22269  22268     16
  22285  9734      830.6964   117      834.0000      830.2381   594902    0.45%          x80_21 U  22285  22283     23
  22295  9740      831.7192   138      834.0000      830.2381   595603    0.45%         x32_173 D  22295  22293     29
  22314  9749      832.8214   120      834.0000      830.2381   595800    0.45%        x198_124 D  22314  22313     45
  22330  9753        cutoff            834.0000      830.2381   596431    0.45%         x32_173 U  22330  18802     16
Elapsed time = 2311.56 sec. (3047148.51 ticks, tree = 1499.93 MB, solutions = 1)
Nodefile size = 1104.97 MB (916.90 MB after compression)
  22337  9752        cutoff            834.0000      830.2381   598014    0.45%          x49_22 U  22337  22335     21
  22349  9752      831.5714   134      834.0000      830.2381   598603    0.45%         x165_32 N  22349  16004     18
  22364  9763      831.5714   128      834.0000      830.2464   599035    0.45%        x189_191 U  22364  22363     26
  22380  9775      831.6964   149      834.0000      830.2479   599394    0.45%         x32_138 D  22380  22379     32
  22398  9783        cutoff            834.0000      830.2603   600109    0.45%        x144_173 U  22398  22396     19
  22411  9788        cutoff            834.0000      830.2714   600510    0.45%          x22_49 U  22411  22409     28
  22424  9787        cutoff            834.0000      830.2932   601045    0.44%         x194_22 D  22424  22422     24
  22443  9800      832.5714   123      834.0000      830.2947   601932    0.44%         x147_93 U  22443  22442     33
  22455  9801      832.5714   166      834.0000      830.3214   602668    0.44%         x15_139 U  22455  22453     21
  22470  9805      832.3669   209      834.0000      830.3214   603100    0.44%        x165_125 U  22470  22468     27
Elapsed time = 2326.96 sec. (3087480.33 ticks, tree = 1504.70 MB, solutions = 1)
Nodefile size = 1104.97 MB (916.90 MB after compression)
  22486  9818      832.2857    98      834.0000      830.3214   603463    0.44%        x194_139 D  22486  22485     28
  22501  9825        cutoff            834.0000      830.3214   603931    0.44%        x139_150 U  22501  22500     26
  22518  9832      832.2816   235      834.0000      830.3214   604547    0.44%         x52_176 D  22518  22517     17
  22534  9841        cutoff            834.0000      830.3214   604957    0.44%          x49_80 D  22534  22533     26
  22548  9845      832.6964   166      834.0000      830.3214   605485    0.44%         x49_173 D  22548  22547     26
  22565  9858      832.0714   144      834.0000      830.3214   605815    0.44%        x165_138 D  22565  22564     33
  22580  9865      831.5714   164      834.0000      830.3214   606643    0.44%          x49_22 U  22580  12004     15
  22598  9879        cutoff            834.0000      830.3214   607330    0.44%         x32_138 D  22598  22597     30
  22608  9879      832.1825   191      834.0000      830.3378   607850    0.44%        x139_150 D  22608  22607     13
  22619  9877        cutoff            834.0000      830.3602   608781    0.44%         x93_124 U  22619  22617     22
Elapsed time = 2342.68 sec. (3127484.11 ticks, tree = 1524.19 MB, solutions = 1)
Nodefile size = 1104.97 MB (916.90 MB after compression)
  22632  9884      832.9381   148      834.0000      830.3692   609347    0.44%         x52_176 D  22632  22631     23
  22642  9876      832.9360   271      834.0000      830.4048   610557    0.43%         x32_173 U  22642  14603     15
  22656  9882        cutoff            834.0000      830.4048   611327    0.43%         x22_139 U  22656  22655     19
  22670  9889      832.9603   185      834.0000      830.4048   612076    0.43%         x15_125 D  22670  22669     16
  22684  9893      832.7381   148      834.0000      830.4048   612720    0.43%        x144_173 D  22684  22683     19
  22694  9891      832.3393   188      834.0000      830.4214   613950    0.43%          x49_22 D  22694  22693     21
  22706  9892        cutoff            834.0000      830.4286   614672    0.43%         x32_125 U  22706  22704     20
  22715  9895        cutoff            834.0000      830.4297   615592    0.43%        x189_159 U  22715  22713     30
  22730  9902      832.7381   190      834.0000      830.4306   616164    0.43%         x15_125 D  22730  22729     17
  22743  9899        cutoff            834.0000      830.4464   616830    0.43%         x49_139 U  22743  22741     20
Elapsed time = 2359.33 sec. (3167834.00 ticks, tree = 1529.61 MB, solutions = 1)
Nodefile size = 1104.97 MB (916.90 MB after compression)
  22756  9906      832.6357   189      834.0000      830.4464   617356    0.43%         x125_15 D  22756  22755     23
  22770  9906      831.3214   187      834.0000      830.4714   617789    0.42%        x125_165 U  22770  20109     14
  22782  9910        cutoff            834.0000      830.4805   618931    0.42%         x49_139 U  22782  22780     19
  22799  9915        cutoff            834.0000      830.4881   619491    0.42%         x52_176 U  22799   8406     17
  22812  9914        cutoff            834.0000      830.5214   620373    0.42%          x94_92 D  22812  11207     18
  22824  9917        cutoff            834.0000      830.5365   620979    0.42%        x173_138 U  22824  22821     23
  22835  9922      832.5714   119      834.0000      830.5365   622246    0.42%          x32_21 U  22835  22832     30
  22848  9924        cutoff            834.0000      830.5369   622672    0.42%         x194_22 U  22848  22847     27
  22862  9926      832.9048   137      834.0000      830.5443   623075    0.41%         x194_22 D  22862  22860     22
  22878  9929      830.7769   270      834.0000      830.5487   623563    0.41%         x33_173 D  22878  22877     21
Elapsed time = 2375.99 sec. (3207766.28 ticks, tree = 1535.76 MB, solutions = 1)
Nodefile size = 1104.97 MB (916.90 MB after compression)
  22891  9930        cutoff            834.0000      830.5714   624191    0.41%         x150_94 D  22891  11208     19
  22904  9929      830.6339   115      834.0000      830.5714   624727    0.41%         x53_194 U  22904  22903     18
  22927  9951      831.9802   197      834.0000      830.5714   624971    0.41%         x52_176 D  22927  22926     41
  22941  9961      831.0714    96      834.0000      830.5714   625308    0.41%         x138_89 D  22941  22940     22
  22962  9976      832.8361   156      834.0000      830.5714   625801    0.41%         x194_21 D  22962  22961     43
  22977  9977      832.1339   139      834.0000      830.5714   626770    0.41%         x32_138 D  22977  22976     22
  22994  9984      832.9048   154      834.0000      830.5714   627418    0.41%         x52_176 D  22994  22993     18
  23008  9993      832.9048   128      834.0000      830.5714   627770    0.41%          x22_83 D  23008  23007     28
  23024  9994        cutoff            834.0000      830.5714   628213    0.41%          x49_22 D  23024  23023     20
  23040 10006      831.1714   104      834.0000      830.5714   628470    0.41%         x33_159 D  23040  23039     30
Elapsed time = 2390.32 sec. (3247261.56 ticks, tree = 1559.43 MB, solutions = 1)
Nodefile size = 1104.97 MB (916.90 MB after compression)
  23060 10017      832.7714    91      834.0000      830.5714   629063    0.41%         x32_194 D  23060  23059     27
  23074 10017      831.5714   119      834.0000      830.5714   629564    0.41%         x53_194 D  23074  22936     18
  23086 10025      831.5714   124      834.0000      830.5714   630283    0.41%         x32_139 U  23086  23085     19
  23099 10023        cutoff            834.0000      830.5714   630719    0.41%          x49_15 U  23099   3820     25
  23115 10029        cutoff            834.0000      830.5714   631136    0.41%         x146_89 D  23115  23114     28
  23129 10028      832.2078   181      834.0000      830.5714   632067    0.41%         x150_32 N  23129  23128     20
  23140 10029      832.5714   147      834.0000      830.5714   632744    0.41%         x150_94 U  23140  23138     16
  23155 10029        cutoff            834.0000      830.5714   633531    0.41%        x165_125 U  23155  20783     21
  23168 10034        cutoff            834.0000      830.5714   634057    0.41%        x189_159 U  23168  23166     23
  23180 10039      831.6429   118      834.0000      830.5714   634655    0.41%          x15_32 U  23180  23179     21
Elapsed time = 2405.72 sec. (3289219.80 ticks, tree = 1565.68 MB, solutions = 1)
Nodefile size = 1104.97 MB (916.90 MB after compression)
  23200 10052      832.5714   198      834.0000      830.5714   635131    0.41%         x93_124 D  23200  23198     18
  23213 10053      832.4974   199      834.0000      830.5714   636222    0.41%         x49_139 U  23213  21984     18
  23228 10062      832.6071   158      834.0000      830.5714   636803    0.41%          x49_22 N  23228  23226     21
  23240 10065      832.6548   160      834.0000      830.5714   637245    0.41%         x49_194 D  23240  23239     24
  23256 10067        cutoff            834.0000      830.5714   637621    0.41%        x189_159 U  23256  23254     26
  23267 10068      831.1270   192      834.0000      830.5714   638409    0.41%         x49_139 D  23267   9805     14
  23277 10072      831.5714   148      834.0000      830.5714   639833    0.41%         x49_139 U  23277   9805     14
  23289 10075      831.6714   195      834.0000      830.5714   640859    0.41%          x15_32 U  23289  23288     17
  23306 10082      830.8214   184      834.0000      830.5714   641202    0.41%          x32_66 D  23306  20297     22
  23321 10083        cutoff            834.0000      830.5714   641976    0.41%        x173_138 U  23321  20407     14
Elapsed time = 2421.27 sec. (3330900.31 ticks, tree = 1577.11 MB, solutions = 1)
Nodefile size = 1104.97 MB (916.90 MB after compression)
  23332 10082      831.5714   148      834.0000      830.5714   642734    0.41%         x32_173 U  23332  20409     16
  23347 10087      832.7637   166      834.0000      830.5714   643415    0.41%         x22_117 D  23347  23346     24
  23364 10096        cutoff            834.0000      830.5714   643826    0.41%        x198_124 U  23364  23362     30
  23379 10103        cutoff            834.0000      830.5714   644440    0.41%         x139_22 U  23379  23378     21
  23392 10101        cutoff            834.0000      830.5714   644911    0.41%         x32_173 D  23392  23391     21
  23399 10102      832.1048   166      834.0000      830.5714   646198    0.41%         x53_194 U  23399  23398     21
  23411 10111      832.9571   161      834.0000      830.5714   646763    0.41%         x194_22 U  23411  23410     33
  23425 10115      831.0714   146      834.0000      830.5864   647204    0.41%         x165_32 U  23425  15604     17
  23440 10122      832.7381   151      834.0000      830.5923   647719    0.41%         x165_32 D  23440  21822     18
  23456 10128      832.5714   207      834.0000      830.6048   648218    0.41%        x176_122 D  23456  23455     31
Elapsed time = 2436.66 sec. (3370118.79 ticks, tree = 1583.22 MB, solutions = 1)
Nodefile size = 1104.97 MB (916.90 MB after compression)
  23475 10136      832.0714   117      834.0000      830.6071   648693    0.41%         x52_176 D  23475  23474     27
  23490 10147      831.1033   121      834.0000      830.6108   649021    0.41%          x80_89 D  23490  23489     24
  23510 10167      832.2847   179      834.0000      830.6108   649287    0.41%          x80_49 N  23510  23509     44
  23527 10173        cutoff            834.0000      830.6131   649599    0.41%         x32_173 U  23527  23525     26
  23544 10186      832.1048   145      834.0000      830.6169   649957    0.41%        x176_122 D  23544  23543     37
  23564 10192        cutoff            834.0000      830.6339   650392    0.40%         x52_176 U  23564  18603     16
  23581 10209      832.4432   172      834.0000      830.6339   650866    0.40%          x32_76 D  23581  23580     35
  23600 10224      831.6714   139      834.0000      830.6339   651144    0.40%         x150_49 D  23600  23599     26
  23620 10239        cutoff            834.0000      830.6359   651701    0.40%        x125_165 U  23620  20301     25
  23631 10242      831.5714    92      834.0000      830.6429   652327    0.40%        x198_148 D  23631  23630     23
Elapsed time = 2451.32 sec. (3410304.00 ticks, tree = 1615.72 MB, solutions = 1)
Nodefile size = 1104.97 MB (916.90 MB after compression)
  23645 10254      832.9714   122      834.0000      830.6429   652671    0.40%          x52_10 D  23645  23644     36
  23660 10265      831.4286   113      834.0000      830.6429   652899    0.40%         x83_159 D  23660  23659     34
  23680 10285      832.3214   102      834.0000      830.6429   653073    0.40%          x83_33 D  23680  23679     54
  23694 10289      832.4464   167      834.0000      830.6464   653459    0.40%         x91_124 D  23694  23693     22
  23702 10287        cutoff            834.0000      830.6514   654595    0.40%        x138_173 U  23702  20854     18
  23718 10293      831.2381   118      834.0000      830.6548   655051    0.40%         x173_87 D  23718  23717     21
  23732 10295        cutoff            834.0000      830.6548   655630    0.40%         x93_124 D  23732  23731     13
  23743 10297      832.7714   132      834.0000      830.6568   655888    0.40%         x52_176 D  23743  23741     34
  23763 10309      832.3173   235      834.0000      830.6623   656450    0.40%         x52_176 D  23763  23762     19
  23781 10323      832.6059   162      834.0000      830.6623   656825    0.40%         x165_49 D  23781  23780     26
Elapsed time = 2465.24 sec. (3450256.39 ticks, tree = 1627.57 MB, solutions = 1)
Nodefile size = 1104.97 MB (916.90 MB after compression)
  23794 10325        cutoff            834.0000      830.6714   657515    0.40%         x32_173 U  23794  18602     15
  23803 10322        cutoff            834.0000      830.6717   658012    0.40%        x165_125 U  23803  23800     17
  23821 10334      832.9048   105      834.0000      830.6786   658418    0.40%        x121_169 D  23821  23820     37
  23834 10336        cutoff            834.0000      830.6825   658795    0.40%          x80_83 U  23834  23832     34
  23851 10351      832.6667    70      834.0000      830.6868   659268    0.40%        x193_174 D  23851  23850     34
  23867 10360        cutoff            834.0000      830.6964   659709    0.40%          x49_33 D  23867  23866     32
  23879 10364        cutoff            834.0000      830.6964   660220    0.40%         x194_22 U  23879  23878     24
  23891 10360        cutoff            834.0000      830.7026   660748    0.40%         x91_124 U  23891  21949     23
  23904 10364        cutoff            834.0000      830.7048   661274    0.40%         x139_49 N  23904  23903     22
  23916 10370        cutoff            834.0000      830.7091   661689    0.39%          x32_33 D  23916  23915     30
Elapsed time = 2482.40 sec. (3490179.95 ticks, tree = 1634.99 MB, solutions = 1)
Nodefile size = 1104.97 MB (916.90 MB after compression)
  23932 10380        cutoff            834.0000      830.7143   662242    0.39%         x198_10 U  23932  23930     33
  23950 10392      832.5714   114      834.0000      830.7143   662553    0.39%         x194_53 U  23950  23949     31
  23962 10393      831.0714   100      834.0000      830.7229   663257    0.39%         x138_89 D  23962  23961     26
  23985 10416      832.5714   121      834.0000      830.7229   663676    0.39%        x148_189 N  23985  23984     49
  23999 10421        cutoff            834.0000      830.7381   664690    0.39%        x191_187 D  23999  12408     19
  24020 10440      832.3831   180      834.0000      830.7381   665050    0.39%         x32_144 D  24020  24019     42
  24036 10444        cutoff            834.0000      830.7381   665525    0.39%        x165_125 D  24036  24035     19
  24049 10444      831.9464   181      834.0000      830.7381   666227    0.39%        x189_191 D  24049   8408     19
  24065 10453      832.2381   185      834.0000      830.7438   666564    0.39%         x15_125 U  24065  20329     17
  24080 10459        cutoff            834.0000      830.7448   667081    0.39%         x139_32 D  24080  24079     24
Elapsed time = 2496.62 sec. (3530378.87 ticks, tree = 1644.87 MB, solutions = 1)
Nodefile size = 1104.97 MB (916.90 MB after compression)
  24094 10471      832.5714    86      834.0000      830.7453   667532    0.39%         x32_173 D  24094  24093     36
  24111 10479        cutoff            834.0000      830.7514   668061    0.39%        x138_159 U  24111  24109     25
  24126 10483      831.2381   287      834.0000      830.7537   668386    0.39%        x116_132 D  24126  24125      9
  24140 10483        cutoff            834.0000      830.7632   668810    0.39%        x176_122 U  24140  24138     35
  24153 10483        cutoff            834.0000      830.7714   669284    0.39%         x56_145 D  24153  24152     19
  24168 10488        cutoff            834.0000      830.7714   669921    0.39%         x91_124 D  24168  24167     27
  24187 10502      831.6429   122      834.0000      830.7714   670358    0.39%        x138_159 D  24187  24186     21
  24205 10514      832.5714   103      834.0000      830.7714   670835    0.39%         x53_194 U  24205  24204     21
  24220 10513      832.1048   225      834.0000      830.7739   671361    0.39%         x93_124 U  24220  21422     18
  24232 10508        cutoff            834.0000      830.7857   671911    0.39%         x32_125 U  24232  20547     20
Elapsed time = 2511.08 sec. (3570056.28 ticks, tree = 1653.04 MB, solutions = 1)
Nodefile size = 1104.97 MB (916.90 MB after compression)
  24244 10506      831.1131    95      834.0000      830.7937   672597    0.38%          x80_83 D  24244  24243     24
  24261 10515        cutoff            834.0000      830.7937   672936    0.38%          x33_49 U  24261  24259     36
  24272 10514        cutoff            834.0000      830.7987   673608    0.38%          x80_49 U  24272  24270     27
  24286 10520      832.5714   162      834.0000      830.8012   674375    0.38%        x139_125 U  24286  24285     23
  24299 10523        cutoff            834.0000      830.8031   674758    0.38%         x194_49 D  24299  24298     27
  24311 10518        cutoff            834.0000      830.8214   675271    0.38%         x32_173 U  24311  20935     19
  24325 10529      831.1366   126      834.0000      830.8214   675717    0.38%          x83_89 D  24325  24324     27
  24345 10548      832.1496   168      834.0000      830.8214   676041    0.38%         x91_124 D  24345  24344     47
  24361 10560      831.5575   181      834.0000      830.8214   676268    0.38%        x189_191 N  24361  24360     32
  24379 10574      832.5714   102      834.0000      830.8214   676595    0.38%         x122_29 D  24379  24378     30
Elapsed time = 2524.79 sec. (3609037.14 ticks, tree = 1658.35 MB, solutions = 1)
Nodefile size = 1104.97 MB (916.90 MB after compression)
  24394 10585      832.0714    90      834.0000      830.8214   677041    0.38%        x121_169 D  24394  24393     24
  24404 10585        cutoff            834.0000      830.8214   678189    0.38%         x194_22 D  24404  24403     21
  24416 10583      832.7381   145      834.0000      830.8214   678637    0.38%         x14_124 N  24416  24414     18
  24426 10578      832.0714   189      834.0000      830.8214   679622    0.38%         x165_32 D  24426  21015     16
  24445 10589      832.3714   163      834.0000      830.8214   680165    0.38%        x139_125 U  24445  24444     25
  24458 10591        cutoff            834.0000      830.8214   680840    0.38%          x22_89 U  24458  20707     19
  24469 10592        cutoff            834.0000      830.8346   681703    0.38%         x150_94 U  24469  24468     21
  24483 10594      831.5714    99      834.0000      830.8381   682339    0.38%         x138_89 U  24483  22940     22
  24498 10599      832.0714   108      834.0000      830.8409   682787    0.38%         x52_176 D  24498  24497     21
  24510 10595        cutoff            834.0000      830.8564   683447    0.38%         x21_138 U  24510  11211     22
Elapsed time = 2539.00 sec. (3648546.58 ticks, tree = 1663.42 MB, solutions = 1)
Nodefile size = 1104.97 MB (916.90 MB after compression)
  24524 10598      832.9048   114      834.0000      830.8655   683794    0.38%        x189_191 U  24524  24523     31
  24540 10603        cutoff            834.0000      830.8714   684193    0.38%         x52_176 D  24540  24539     29
  24552 10601        cutoff            834.0000      830.8714   684682    0.38%         x150_32 U  24552  24550     21
  24561 10602        cutoff            834.0000      830.8791   685454    0.37%         x165_32 U  24561  24559     21
  24575 10600        cutoff            834.0000      830.8839   686116    0.37%          x22_49 U  24575  21279     24
  24583 10600        cutoff            834.0000      830.8872   687445    0.37%        x189_191 D  24583  11214     25
  24597 10601      831.5714   147      834.0000      830.9048   688065    0.37%         x12_147 D  24597  13203     19
  24609 10602        cutoff            834.0000      830.9048   688628    0.37%         x32_138 D  24609  24608     26
  24623 10606        cutoff            834.0000      830.9048   688884    0.37%         x194_49 U  24623  24621     35
  24640 10619      832.8981   175      834.0000      830.9048   689247    0.37%        x148_189 N  24640  24639     42
Elapsed time = 2555.19 sec. (3689171.66 ticks, tree = 1670.25 MB, solutions = 1)
Nodefile size = 1104.97 MB (916.90 MB after compression)
  24657 10626        cutoff            834.0000      830.9048   689946    0.37%          x80_49 D  24657  24656     30
  24671 10632      832.2381   109      834.0000      830.9048   690348    0.37%          x32_21 D  24671  24670     26
  24690 10639      832.9048    99      834.0000      830.9048   690710    0.37%         x173_87 D  24690  24689     27
  24708 10651      832.8214   122      834.0000      830.9048   690981    0.37%        x148_189 D  24708  24707     37
  24724 10654      831.5714   122      834.0000      830.9048   691331    0.37%          x49_80 U  24724  21283     28
  24738 10660      832.7381   129      834.0000      830.9048   691876    0.37%         x32_138 N  24738   8411     22
  24750 10656        cutoff            834.0000      830.9048   692293    0.37%         x53_194 U  24750  24748     17
  24762 10656      831.8714   180      834.0000      830.9048   693088    0.37%         x165_32 U  24762  20096     15
  24775 10658      832.6548   157      834.0000      830.9048   693747    0.37%         x53_194 U  24775  24774     19
  24789 10660        cutoff            834.0000      830.9048   694399    0.37%         x52_176 D  24789  24788     24
Elapsed time = 2568.83 sec. (3729207.39 ticks, tree = 1681.14 MB, solutions = 1)
Nodefile size = 1104.97 MB (916.90 MB after compression)
  24801 10656        cutoff            834.0000      830.9048   695026    0.37%         x53_194 U  24801  24799     20
  24815 10664      831.9679   219      834.0000      830.9123   695500    0.37%         x150_94 U  24815  24814     21
  24829 10668      831.3438   130      834.0000      830.9205   695945    0.37%          x193_9 D  24829   1448     26
  24842 10676      832.7714   184      834.0000      830.9214   696657    0.37%         x32_139 D  24842  24841     21
  24859 10685      831.9048   167      834.0000      830.9289   697391    0.37%        x165_125 U  24859  20302     26
  24871 10679      831.3214   179      834.0000      830.9464   698058    0.37%         x150_94 U  24871  20266     20
  24883 10674      832.9048   149      834.0000      830.9585   698889    0.36%         x53_194 D  24883  22028     18
  24892 10671      832.0298   180      834.0000      830.9777   699882    0.36%          x49_22 U  24892  13204     20
  24906 10670      832.5000   168      834.0000      831.0000   700638    0.36%        x139_125 D  24906  21017     17
  24918 10668        cutoff            834.0000      831.0047   701302    0.36%        x191_187 D  24918  19604     19
Elapsed time = 2586.07 sec. (3768606.90 ticks, tree = 1683.75 MB, solutions = 1)
Nodefile size = 1104.97 MB (916.90 MB after compression)
  24930 10668      831.5714   134      834.0000      831.0159   702158    0.36%        x139_125 U  24930  24041     16
  24940 10664      832.5714   139      834.0000      831.0260   703023    0.36%         x53_194 D  24940  21952     25
  24953 10659        cutoff            834.0000      831.0373   703575    0.36%         x150_94 U  24953  24952     16
  24964 10658      831.2381   171      834.0000      831.0563   704303    0.35%         x32_125 D  24964  21581     17
  24980 10662        cutoff            834.0000      831.0563   704690    0.35%         x194_53 D  24980  24978     28
  25000 10678      831.8346   137      834.0000      831.0601   705017    0.35%        x148_168 D  25000  24999     39
  25018 10688      832.3336   180      834.0000      831.0714   705495    0.35%        x144_173 D  25018  25017     23
  25030 10690      832.5714    88      834.0000      831.0714   706115    0.35%          x80_83 U  25030  23568     23
  25042 10693      832.8214    85      834.0000      831.0714   706470    0.35%         x80_159 N  25042  25041     31
  25096 10707      832.5714   101      834.0000      831.0714   708424    0.35%         x53_146 U  25096  25094     21
Elapsed time = 2605.11 sec. (3821232.23 ticks, tree = 1694.16 MB, solutions = 1)
Nodefile size = 1104.97 MB (916.90 MB after compression)
  25146 10709        cutoff            834.0000      831.0714   710625    0.35%          x83_89 U  25146  25145     31
  25196 10709      832.8214   158      834.0000      831.0714   713252    0.35%          x49_22 D  25196  25195     22
  25248 10714      832.3714   150      834.0000      831.0714   715484    0.35%          x15_32 U  25248  25247     22
  25306 10712      832.5714   132      834.0000      831.1091   717525    0.35%        x138_173 D  25306  25305     24
  25367 10717        cutoff            834.0000      831.1270   719086    0.34%         x52_176 U  25367  22373     26
  25417 10711      832.0714   144      834.0000      831.1511   721517    0.34%         x150_94 U  25417  25416     20
  25486 10726        cutoff            834.0000      831.1667   723382    0.34%         x22_139 D  25486  24086     29
  25539 10735      832.6767   229      834.0000      831.1736   726517    0.34%          x15_32 N  25539  20910     16
  25582 10743        cutoff            834.0000      831.1944   728248    0.34%         x53_194 U  25582  25580     23
  25637 10773      832.4057   143      834.0000      831.2020   730022    0.34%        x189_159 D  25637  25636     29
Elapsed time = 2663.38 sec. (3975768.30 ticks, tree = 1697.24 MB, solutions = 1)
Nodefile size = 1104.97 MB (916.90 MB after compression)
  25696 10771        cutoff            834.0000      831.2381   732379    0.33%          x94_92 D  25696  12409     20
  25761 10795      831.5714    84      834.0000      831.2381   734725    0.33%          x32_21 U  25761  23805     22
  25827 10822        cutoff            834.0000      831.2381   736139    0.33%         x105_29 D  25827  25826     30
  25886 10822        cutoff            834.0000      831.2381   738262    0.33%         x125_15 U  25886  19002     17
  25936 10813      832.1500   112      834.0000      831.2500   741087    0.33%          x15_32 U  25936  25935     30
  25996 10823        cutoff            834.0000      831.2667   743012    0.33%        x148_189 U  25996  25994     33
  26065 10843      832.5214   166      834.0000      831.2902   744718    0.32%         x53_194 U  26065  26064     19
  26130 10857      832.0714   125      834.0000      831.3048   746646    0.32%         x91_124 D  26130  26129     20
  26184 10850        cutoff            834.0000      831.3214   748601    0.32%         x173_92 U  26184  26182     38
  26231 10836        cutoff            834.0000      831.3214   750549    0.32%        x189_163 U  26231  26229     22
Elapsed time = 2721.05 sec. (4129662.21 ticks, tree = 1704.43 MB, solutions = 1)
Nodefile size = 1104.97 MB (916.90 MB after compression)
  26271 10846      832.7937   211      834.0000      831.3214   753033    0.32%         x91_124 D  26271  26270     22
  26323 10852      832.9714   187      834.0000      831.3284   756604    0.32%         x173_87 U  26323  26321     18
  26386 10856        cutoff            834.0000      831.3492   758245    0.32%        x125_139 D  26386  26385     17
  26441 10862        cutoff            834.0000      831.3714   760270    0.32%         x194_22 D  26441  26440     19
  26507 10874        cutoff            834.0000      831.3794   762103    0.31%         x165_32 U  26507  26505     22
  26548 10854        cutoff            834.0000      831.4048   764496    0.31%         x49_138 D  26548   9421     29
  26592 10846        cutoff            834.0000      831.4150   766231    0.31%        x189_159 U  26592  24357     29
  26628 10832        cutoff            834.0000      831.4300   768543    0.31%         x150_94 D  26628   7210     21
  26670 10808        cutoff            834.0000      831.4603   770738    0.30%         x32_125 U  26670  16406     20
  26711 10780        cutoff            834.0000      831.5032   773399    0.30%        x144_173 U  26711  20962     22
Elapsed time = 2782.81 sec. (4284293.99 ticks, tree = 1685.99 MB, solutions = 1)
Nodefile size = 1104.97 MB (916.90 MB after compression)
  26751 10752      832.3214   155      834.0000      831.5608   775535    0.29%         x83_194 N  26751  20894     24
  26798 10748      832.0714    90      834.0000      831.5714   777808    0.29%        x138_159 N  26798  26797     31
  26845 10759      832.0714    92      834.0000      831.5714   779000    0.29%          x32_33 N  26845  26844     24
  26891 10769      832.0714    82      834.0000      831.5714   779833    0.29%          x80_49 N  26891  24646     28
  26941 10790        cutoff            834.0000      831.5714   780793    0.29%        x121_169 U  26941  26939     30
  26991 10819      832.0714    90      834.0000      831.5714   781810    0.29%          x29_53 N  26991  25740     24
  27038 10829      832.4048   117      834.0000      831.5714   783232    0.29%         x91_124 N  27038  27037     35
  27087 10852      832.2381   114      834.0000      831.5714   784156    0.29%         x138_89 N  27087  23934     26
  27139 10870      832.5714    90      834.0000      831.5714   785237    0.29%        x121_169 N  27139  27138     28
  27190 10878      832.5714   101      834.0000      831.5714   786105    0.29%          x80_83 N  27190  27189     27
Elapsed time = 2828.76 sec. (4439032.03 ticks, tree = 1702.74 MB, solutions = 1)
Nodefile size = 1104.97 MB (916.90 MB after compression)
  27239 10878        cutoff            834.0000      831.5714   787166    0.29%         x194_22 U  27239  26137     18
  27285 10901      832.9048   136      834.0000      831.5714   788419    0.29%          x32_21 N  27285  24733     24
  27340 10926      832.0714   115      834.0000      831.5714   789641    0.29%        x197_148 N  27340  27339     50
  27386 10934      832.4381   134      834.0000      831.5714   791011    0.29%          x83_89 N  27386  27383     31
  27430 10910        cutoff            834.0000      831.5714   793129    0.29%         x53_194 U  27430  27429     16
  27472 10900      831.9413   189      834.0000      831.5714   794918    0.29%         x53_194 N  27472  24597     20
  27510 10892        cutoff            834.0000      831.5714   797378    0.29%         x139_22 D  27510  27508     29
  27549 10880        cutoff            834.0000      831.5714   799901    0.29%         x194_53 U  27549  27548     21
  27587 10868        cutoff            834.0000      831.5714   802135    0.29%         x138_89 U  27587  27585     26
  27629 10858      832.9152   162      834.0000      831.5714   803686    0.29%         x194_22 N  27629  27628     26
Elapsed time = 2878.97 sec. (4594014.42 ticks, tree = 1699.34 MB, solutions = 1)
Nodefile size = 1104.97 MB (916.90 MB after compression)
  27668 10841      832.5714    85      834.0000      831.5714   805816    0.29%         x105_29 N  27668  27667     21
  27711 10840      832.7589   158      834.0000      831.5714   807598    0.29%         x150_80 N  27711  27710     32
  27758 10834      832.9464    97      834.0000      831.5714   809287    0.29%         x52_176 N  27758  27757     24
  27793 10831      832.9458   210      834.0000      831.5920   811752    0.29%        x189_159 N  27793  27792     26
  27843 10855      832.8214   102      834.0000      831.6092   812577    0.29%         x32_138 N  27843  27842     18
  27892 10865      832.2381   104      834.0000      831.6303   813469    0.28%          x32_21 N  27892  27891     19
  27941 10873      832.8214    98      834.0000      831.6429   814365    0.28%         x105_29 N  27941  27938     25
  27993 10879      831.9048   104      834.0000      831.6429   815363    0.28%          x80_89 N  27993  27992     26
  28043 10890      832.6270   162      834.0000      831.6612   816528    0.28%         x91_124 N  28043  28042     28
  28087 10876        cutoff            834.0000      831.6714   818586    0.28%         x125_49 U  28087  20075     20
Elapsed time = 2929.51 sec. (4749196.53 ticks, tree = 1691.52 MB, solutions = 1)
Nodefile size = 1104.97 MB (916.90 MB after compression)
  28131 10859        cutoff            834.0000      831.6891   820451    0.28%         x32_138 D  28131  28130     21
  28180 10862      832.2381   122      834.0000      831.6964   821371    0.28%         x138_89 N  28180  25708     27
  28220 10851        cutoff            834.0000      831.6964   823020    0.28%        x148_189 D  28220  28219     26
  28263 10849        cutoff            834.0000      831.7143   824988    0.27%         x32_117 U  28263  23972     37
  28314 10849        cutoff            834.0000      831.7277   826190    0.27%          x22_49 U  28314  23600     27
  28359 10841      832.0714   100      834.0000      831.7381   827636    0.27%         x92_173 N  28359  28358     40
  28406 10831      832.1339   181      834.0000      831.7381   828789    0.27%         x32_173 N  28406  20684     18
  28450 10811      832.5714    78      834.0000      831.7496   830805    0.27%          x32_21 N  28450  27915     21
  28497 10804        cutoff            834.0000      831.7668   831861    0.27%         x91_124 U  28497  22883     27
  28539 10806      832.5714   113      834.0000      831.7714   833249    0.27%         x32_138 N  28539  28537     31
Elapsed time = 2976.81 sec. (4903960.14 ticks, tree = 1672.16 MB, solutions = 1)
Nodefile size = 1104.97 MB (916.90 MB after compression)
  28585 10803      832.0714   110      834.0000      831.7714   834777    0.27%          x80_89 N  28585  28584     37
  28629 10784        cutoff            834.0000      831.7714   836442    0.27%          x22_49 U  28629  22240     30
  28675 10772      832.4048   168      834.0000      831.7987   837729    0.26%          x49_22 N  28675  28674     26
  28716 10773      832.5714   171      834.0000      831.8095   839114    0.26%         x194_22 N  28716  28715     22
  28757 10762        cutoff            834.0000      831.8214   841041    0.26%         x22_139 D  28757  24628     32
  28805 10761      831.9614   182      834.0000      831.8214   842351    0.26%        x173_138 N  28805  28804     45
  28848 10755      832.1714    86      834.0000      831.8214   843561    0.26%         x32_138 N  28848  28846     44
  28897 10757        cutoff            834.0000      831.8214   844784    0.26%         x49_139 U  28897  20821     19
  28964 10756      832.6548   181      834.0000      831.8214   846127    0.26%        x125_139 U  28964  24034     18
  29009 10746      832.5714   108      834.0000      831.8214   848218    0.26%         x80_194 D  29009  29008     24
Elapsed time = 3027.34 sec. (5059155.63 ticks, tree = 1659.10 MB, solutions = 1)
Nodefile size = 1104.97 MB (916.90 MB after compression)
  29058 10727        cutoff            834.0000      831.8353   850271    0.26%          x49_22 U  29058  24752     22
  29106 10691        cutoff            834.0000      831.8593   851892    0.26%         x52_176 U  29106  25594     29
  29148 10677        cutoff            834.0000      831.8839   853900    0.25%          x32_49 U  29148  29146     35
  29193 10687        cutoff            834.0000      831.8929   855179    0.25%         x138_89 U  29193  25221     23
  29239 10681        cutoff            834.0000      831.9048   856797    0.25%         x32_138 D  29239  28864     36
  29291 10676      832.0714   107      834.0000      831.9048   857946    0.25%         x194_22 N  29291   8623     29
  29347 10680        cutoff            834.0000      831.9048   859907    0.25%         x194_22 U  29347  29346     20
  29389 10648        cutoff            834.0000      831.9048   862041    0.25%         x22_139 D  29389  22630     22
  29432 10620        cutoff            834.0000      831.9263   863892    0.25%          x15_49 U  29432  22808     20
  29480 10599      832.5714    98      834.0000      831.9464   865401    0.25%         x138_89 N  29480  28911     22
Elapsed time = 3081.59 sec. (5214335.16 ticks, tree = 1627.07 MB, solutions = 1)
Nodefile size = 1104.97 MB (916.90 MB after compression)
  29525 10561        cutoff            834.0000      831.9714   866926    0.24%         x173_87 U  29525  25377     30
  29577 10530        cutoff            834.0000      831.9957   868461    0.24%        x173_138 U  29577  28804     45
  29636 10534      833.0000   107      834.0000      832.0000   869488    0.24%        x156_193 N  29636  26393     38
  29692 10516        cutoff            834.0000      832.0214   871624    0.24%         x194_49 U  29692  23843     27
  29735 10495      832.8839   149      834.0000      832.0408   873525    0.23%          x32_76 N  29735  29734     30
  29777 10461      832.9048    95      834.0000      832.0714   875446    0.23%        x121_169 N  29777  26991     25
  29816 10438      832.5714    90      834.0000      832.0714   876680    0.23%        x146_169 N  29816  29814     28
  29867 10433        cutoff            834.0000      832.0714   877655    0.23%         x138_49 U  29867  23936     28
  29912 10417        cutoff            834.0000      832.0714   879082    0.23%         x138_89 U  29912  24314     21
  29959 10405      832.2381   113      834.0000      832.0714   880473    0.23%          x33_49 N  29959  29958     27
Elapsed time = 3132.38 sec. (5369126.69 ticks, tree = 1588.35 MB, solutions = 1)
Nodefile size = 1104.97 MB (916.90 MB after compression)
  30016 10392        cutoff            834.0000      832.0714   881596    0.23%          x32_21 U  30016  26463     34
  30070 10370        cutoff            834.0000      832.0714   882688    0.23%        x187_138 U  30070  30068     44
  30114 10343        cutoff            834.0000      832.0714   884242    0.23%          x32_80 U  30114  25526     34
  30156 10316        cutoff            834.0000      832.0714   885724    0.23%         x165_49 U  30156  25525     33
  30205 10299        cutoff            834.0000      832.0714   887098    0.23%        x138_159 U  30205  27696     21
  30250 10264        cutoff            834.0000      832.0714   889003    0.23%          x22_49 U  30250  25729     23
  30295 10239        cutoff            834.0000      832.0714   890575    0.23%          x83_89 U  30295  30293     28
  30341 10223        cutoff            834.0000      832.0857   892054    0.23%         x173_87 U  30341  27852     25
  30388 10184        cutoff            834.0000      832.1169   893536    0.23%          x80_89 U  30388  21491     38
  30439 10165      832.8914   235      834.0000      832.1339   895130    0.22%         x150_94 N  30439  30438     27
Elapsed time = 3183.53 sec. (5523138.98 ticks, tree = 1538.06 MB, solutions = 1)
Nodefile size = 1104.97 MB (916.90 MB after compression)
  30489 10129        cutoff            834.0000      832.1548   896146    0.22%         x32_139 U  30489  26355     41
  30536 10103        cutoff            834.0000      832.1670   897307    0.22%         x49_139 U  30536  21784     19
  30581 10083      832.6114   154      834.0000      832.1714   899135    0.22%         x194_22 U  30581  30580     26
  30640 10076      832.5714   195      834.0000      832.1905   900355    0.22%        x165_125 D  30640  30639     18
  30699 10064        cutoff            834.0000      832.1981   901572    0.22%        x144_173 U  30699  21424     20
  30748 10023        cutoff            834.0000      832.2236   902948    0.21%         x194_22 D  30748  25598     33
  30799 10006        cutoff            834.0000      832.2381   904216    0.21%        x133_148 U  30799  30797     29
  30847  9980        cutoff            834.0000      832.2381   905299    0.21%          x83_49 U  30847  27115     22
  30895  9952      832.7714   166      834.0000      832.2381   906790    0.21%         x32_139 N  30895  22274     19
  30940  9917        cutoff            834.0000      832.2381   908212    0.21%         x139_22 U  30940  24030     20
Elapsed time = 3234.81 sec. (5677661.28 ticks, tree = 1487.89 MB, solutions = 1)
Nodefile size = 1104.97 MB (916.90 MB after compression)
  30986  9898      832.7381   112      834.0000      832.2381   909562    0.21%        x138_159 N  30986  30984     20
  31032  9871      832.8606   183      834.0000      832.2481   910831    0.21%         x150_80 N  31032  31031     28
  31080  9832        cutoff            834.0000      832.2705   911854    0.21%        x189_191 D  31080  25699     33
  31131  9811      832.7500    76      834.0000      832.2857   912985    0.21%         x168_91 N  31131  31130     44
  31184  9765        cutoff            834.0000      832.3016   914133    0.20%         x173_32 U  31184  20748     13
  31232  9734      832.9048    99      834.0000      832.3214   915443    0.20%          x33_83 N  31232  31231     31
  31279  9703      832.9048    88      834.0000      832.3214   916487    0.20%        x189_191 N  31279  31278     35
  31328  9658        cutoff            834.0000      832.3214   917535    0.20%         x165_32 D  31328  29561     21
  31373  9632        cutoff            834.0000      832.3261   918930    0.20%         x49_138 U  31373  25470     55
  31422  9584        cutoff            834.0000      832.3492   920330    0.20%          x49_80 U  31422  30041     23
Elapsed time = 3288.12 sec. (5832320.74 ticks, tree = 1426.15 MB, solutions = 1)
Nodefile size = 1104.97 MB (916.90 MB after compression)
  31471  9543      832.5714   141      834.0000      832.3714   921295    0.20%        x189_159 N  31471  31470     22
  31522  9510        cutoff            834.0000      832.3990   922245    0.19%        x122_176 U  31522  23611     38
  31569  9474        cutoff            834.0000      832.4048   923101    0.19%          x76_15 U  31569   1872     27
  31616  9433      832.8214   185      834.0000      832.4286   923907    0.19%         x53_194 N  31616  31036     19
  31664  9385        cutoff            834.0000      832.4603   924668    0.18%          x32_76 U  31664  29580     47
  31712  9347        cutoff            834.0000      832.4881   925722    0.18%         x194_22 D  31712  31028     25
  31763  9296        cutoff            834.0000      832.5232   926185    0.18%         x91_124 U  31763  26065     20
  31816  9256        cutoff            834.0000      832.5714   927118    0.17%        x139_125 U  31816  12413     24
  31862  9216      832.5714    78      834.0000      832.5714   928389    0.17%        x146_169 N  31862  25361     38
  31915  9186        cutoff            834.0000      832.5714   929401    0.17%          x83_89 U  31915  26903     26
Elapsed time = 3341.33 sec. (5986994.40 ticks, tree = 1355.41 MB, solutions = 1)
Nodefile size = 1104.97 MB (916.90 MB after compression)
  31970  9166      832.6548   104      834.0000      832.5714   930461    0.17%        x198_148 N  31970  31969     25
  32030  9149        cutoff            834.0000      832.5714   931296    0.17%         x80_159 U  32030  32020     32
  32082  9121      832.5714    94      834.0000      832.5714   932653    0.17%         x39_178 N  32082  25981     30
  32141  9101        cutoff            834.0000      832.5714   933756    0.17%         x80_117 U  32141  32139     30
  32196  9076        cutoff            834.0000      832.5714   934776    0.17%          x83_89 U  32196  32194     21
  32251  9052        cutoff            834.0000      832.5714   935801    0.17%        x121_169 D  32251  32250     26
  32310  9028        cutoff            834.0000      832.5714   937033    0.17%          x33_83 U  32310  21601     27
  32357  8991        cutoff            834.0000      832.5714   938269    0.17%         x80_194 U  32357  28610     21
  32412  8953      832.8214   110      834.0000      832.5714   939483    0.17%          x32_80 D  32412  32411     26
  32460  8913        cutoff            834.0000      832.5714   940389    0.17%         x173_87 U  32460  25262     24
Elapsed time = 3395.72 sec. (6141312.66 ticks, tree = 1314.84 MB, solutions = 1)
Nodefile size = 1104.97 MB (916.90 MB after compression)
  32512  8866        cutoff            834.0000      832.5714   941387    0.17%         x32_138 U  32512  22254     44
  32563  8822        cutoff            834.0000      832.5714   942413    0.17%        x139_150 U  32563  28624     16
  32616  8787        cutoff            834.0000      832.5714   943822    0.17%          x49_22 U  32616  21586     19
  32668  8745        cutoff            834.0000      832.5714   945301    0.17%         x194_49 U  32668  25820     24
  32719  8696        cutoff            834.0000      832.5714   946402    0.17%        x144_173 U  32719  23160     17
  32767  8649        cutoff            834.0000      832.5714   947843    0.17%         x169_29 U  32767  24379     31
  32817  8616        cutoff            834.0000      832.5833   948944    0.17%          x33_83 U  32817  26012     51
  32869  8588        cutoff            834.0000      832.6214   949352    0.17%         x165_66 U  32869  27325     49
  32921  8539        cutoff            834.0000      832.6429   949978    0.16%        x189_191 D  32921  23088     22
  32975  8487      832.6667    65      834.0000      832.6667   950547    0.16%        x143_124 N  32975  24835     33
Elapsed time = 3448.79 sec. (6295412.84 ticks, tree = 1231.85 MB, solutions = 1)
Nodefile size = 1104.97 MB (916.90 MB after compression)
  33032  8441        cutoff            834.0000      832.6951   951264    0.16%         x91_124 U  33032  24840     20
  33085  8394        cutoff            834.0000      832.7048   951665    0.16%          x66_87 D  33085  22319     20
  33135  8346      832.8214    82      834.0000      832.7381   952173    0.15%          x32_21 N  33135  21800     26
  33188  8293        cutoff            834.0000      832.7532   952558    0.15%        x198_148 U  33188  25926     30
  33242  8243        cutoff            834.0000      832.7714   952977    0.15%        x189_191 D  33242  25479     31
  33294  8200        cutoff            834.0000      832.7888   953448    0.15%          x52_61 U  33294   2443     51
  33345  8151        cutoff            834.0000      832.8214   953710    0.14%         x32_150 U  33345  28650     19
  33406  8101        cutoff            834.0000      832.8214   954182    0.14%         x117_80 U  33406  32118     24
  33457  8050      832.9881   117      834.0000      832.8267   954504    0.14%         x80_138 N  33457  27244     26
  33514  8000        cutoff            834.0000      832.8571   954830    0.14%         x173_32 U  33514  31769     23
Elapsed time = 3499.86 sec. (6450439.17 ticks, tree = 1147.20 MB, solutions = 1)
Nodefile size = 1104.97 MB (916.90 MB after compression)
  33565  7949        cutoff            834.0000      832.9048   955041    0.13%        x125_165 U  33565  10214     25
  33619  7905        cutoff            834.0000      832.9048   955379    0.13%         x194_49 U  33619  27806     29
  33675  7855        cutoff            834.0000      832.9048   955771    0.13%         x32_173 U  33675  23827     18
  33732  7799        cutoff            834.0000      832.9643   956017    0.12%         x147_93 D  33732  12808     19

Zero-half cuts applied:  11
Gomory fractional cuts applied:  1
User cuts applied:  33778

Root node processing (before b&c):
  Real time             =    5.48 sec. (15129.07 ticks)
Sequential b&c:
  Real time             = 3522.80 sec. (6511964.76 ticks)
                          ------------
Total (root+branch&cut) = 3528.28 sec. (6527093.83 ticks)
