Version identifier: 22.1.0.0 | 2022-03-09 | 1a383f8ce
CPXPARAM_Preprocessing_Reduce                    1
CPXPARAM_Threads                                 1
CPXPARAM_Preprocessing_Reformulations            0
CPXPARAM_TimeLimit                               10800
CPXPARAM_MIP_Tolerances_AbsMIPGap                0.999
CPXPARAM_MIP_Limits_TreeMemory                   20000
Legacy callback                                  BbLUID
         Disabling repeat represolve because of lazy constraint/incumbent callback.
Tried aggregator 1 time.
MIP Presolve eliminated 17137 rows and 0 columns.
MIP Presolve modified 910 coefficients.
Reduced MIP has 1072 rows, 4242 columns, and 25057 nonzeros.
Reduced MIP has 4242 binaries, 0 generals, 0 SOSs, and 0 indicators.
Presolve time = 0.02 sec. (32.97 ticks)
Probing time = 0.00 sec. (3.18 ticks)
Clique table members: 1072.
MIP emphasis: balance optimality and feasibility.
MIP search method: traditional branch-and-cut.
Parallel mode: none, using 1 thread.
Root relaxation solution time = 0.00 sec. (3.57 ticks)

        Nodes                                         Cuts/
   Node  Left     Objective  IInf  Best Integer    Best Bound    ItCnt     Gap         Variable B NodeID Parent  Depth

      0     0      387.6667    76                    321.0000      113         
      0     0      404.0000    95                    Cuts: 22      155         
      0     0      405.0000    80                     Cuts: 9      172         
      0     0      420.0000    96                    Cuts: 31      202         
      0     0      420.2500    99                     User: 4      207         
      0     0      423.0000    30                    Cuts: 34      228         
      0     0      423.7333   161                     Cuts: 7      265         
      0     0      423.8421   151                    Cuts: 20      272         
      0     0      424.2222   151                    Cuts: 17      304         
      0     0      425.2500    90                    Cuts: 16      319         
      0     0      425.2500    80                    Cuts: 10      326         
      0     0      425.6667   105                     User: 2      348         
      0     0      425.7500   113                    Cuts: 15      359         
      0     0      425.7500    89                    Cuts: 12      362         
      0     0      425.7500   115                     Cuts: 9      379         
      0     0      427.8889   153                     Cuts: 8      435         
      0     0      428.0000   108                    Cuts: 17      442         
      0     0      429.5000   124                    Cuts: 10      503         
      0     0      431.2500   122                     Cuts: 7      533         
      0     0      432.5000    38                     User: 4      571         
      0     0      432.5000    34                    Cuts: 13      582         
      0     0      432.8167   125                     User: 6      625         
      0     0      434.0986   185                     User: 6      666         
      0     0      434.3548   156                     User: 3      710         
      0     0      434.6731   158                    User: 14      740         
      0     0      436.5000   169                     User: 3      795         
      0     0      436.5000   172                     User: 4      796         
      0     0      436.7379   166                     User: 3      828         
      0     0      437.0000   119                     User: 8      861         
      0     0      438.0000   169                     User: 7      896         
      0     0      438.1563   185                     User: 4      917         
      0     0      438.5750   187                     User: 7      939         
      0     0      438.6576   188                     User: 1      965         
      0     0      438.6902   190                     User: 2      979         
      0     0      439.0625   187                     User: 4     1037         
      0     0      439.0625   181                     User: 2     1039         
      0     0      439.1588   200                     User: 1     1057         
      0     0      439.1750   179                     User: 2     1065         
      0     0      439.6806   177                     User: 1     1115         
      0     2      441.4291   188                    441.6178     1115                                 0             0
Elapsed time = 1.09 sec. (2804.30 ticks, tree = 0.01 MB, solutions = 0)
      1     3      442.7100   160                    442.8000     1153                   x45_72 U      1      0      1
      2     4      444.8071   167                    442.9500     1238                   x63_34 D      2      1      2
      4     6      448.3542   183                    443.3889     1574                    x8_81 N      4      3      3
      5     7      464.5625   161                    443.3889     2135                    x8_81 N      5      3      3
      7     9      450.3333   186                    443.3889     2352                   x29_58 D      7      4      4
     11    13      456.0600   169                    443.3889     2534                   x67_45 D     11     10      7
     14    16      460.5633   168                    443.3889     2891                   x20_63 N     14     11      8
     19    21      464.0098   157                    443.3889     3467                   x78_52 N     19     16     11
     20    22      461.9457   158                    443.3889     3481                    x38_9 D     20     18     12
     37    39      477.2500    84                    443.3889     5190                   x65_33 N     37     35     22
Elapsed time = 2.92 sec. (7423.33 ticks, tree = 0.32 MB, solutions = 0)
     52    54      489.2475   112                    443.3889     6198                   x68_49 N     52     49     31
     65    67      501.1447   137                    443.3889     7037                    x7_35 N     65     64     41
     80    82      512.2364   100                    443.3889     8348                   x39_62 N     80     79     50
     94    94      520.0000    59                    443.3889     9842                   x75_69 D     94     92     59
    119   119      532.2321   100                    443.3889    10640                   x37_61 N    119    117     78
    140   140      544.5833    57                    443.3889    11381                   x61_78 N    140    139     92
    160   160      549.5000    30                    443.3889    11959                   x23_58 N    160    158    108
    180   180      554.6624    70                    443.3889    12539                    x32_2 D    180    179    124
    200   200      556.2105    69                    443.3889    12669                    x43_2 D    200    199    142
    210   210      626.0000    14                    443.3889    12951                   x62_79 U    210    209    150
Elapsed time = 8.27 sec. (18065.66 ticks, tree = 4.48 MB, solutions = 0)
    221   215      445.2292   199                    444.8071    13249                   x45_72 D    221      0      1
    230   224      454.3750   151                    444.8071    14142                    x16_4 D    230    229      8
    244   238      465.4103   171                    444.8071    15299                   x78_45 N    244    242     16
    256   250      471.4737   153                    444.8071    16207                    x55_4 N    256    254     23
    266   260      478.0000    27                    444.8071    16878                   x25_45 D    266    264     31
    291   285      481.8689    52                    444.8071    17542                   x39_35 N    291    289     48
    312   306      483.2907   138                    444.8071    18088                   x52_65 N    312    310     67
    323   317      494.0000    36                    444.8071    18589                    x38_9 N    323    321     75
    339   333      484.9967   107                    444.8071    19321                    x24_3 N    339    338     88
    363   357      486.8000    72                    444.8071    19620                   x44_39 N    363    361    110
Elapsed time = 14.34 sec. (28357.60 ticks, tree = 7.79 MB, solutions = 0)
    384   378      487.4286    32                    444.8071    20054                    x52_1 N    384    383    129
    395   389      542.0000    14                    444.8071    20410                   x35_21 U    395    394    137
    407   395      454.5581   181                    445.2550    21200                    x16_4 D    407    406      8
    429   417      470.0000    44                    445.2550    22248                   x70_12 D    429    428     30
    447   435      483.3750    50                    445.2550    22801                   x74_40 N    447    446     48
    467   455      493.8571    61                    445.2550    23188                   x56_27 D    467    466     68
    492   480      508.7500    40                    445.2550    23626                   x48_70 N    492    491     93
    524   512      519.1667    35                    445.2550    23913                   x14_62 N    524    523    125
    552   540      523.0000    29                    445.2550    24085                   x34_55 D    552    551    153
    573   561      526.6667    45                    445.2550    24237                   x10_17 D    573    572    174
Elapsed time = 20.15 sec. (38323.05 ticks, tree = 14.97 MB, solutions = 0)
    601   589      534.5800    51                    445.2550    24472                   x49_26 N    601    600    202
    628   616      467.5000    10                    446.2376    25312                   x67_22 U    628    627     21
    640   628      486.0250    84                    446.2376    25586                   x52_35 N    640    639     28
    657   645      487.3333    34                    446.2376    26079                   x71_31 D    657    656     41
    672   660      498.9091    78                    446.2376    26537                   x46_68 U    672    671     52
    693   681      528.5000    14                    446.2376    27038                   x52_50 U    693    692     68
    705   693      534.6667    31                    446.2376    27454                   x75_14 N    705    703     76
    714   700      536.3833    78                    446.2376    27899                   x31_60 D    714    712     83
    730   716      566.2381    70                    446.2376    28328                   x37_72 N    730    728     96
    739   725      558.5000    27                    446.2376    28655                    x3_44 U    739    737    101
Elapsed time = 26.16 sec. (48675.67 ticks, tree = 21.77 MB, solutions = 0)
    762   748      575.8333    40                    446.2376    29104                   x60_31 N    762    760    119
    783   769      582.5000    49                    446.2376    29522                   x33_10 N    783    782    135
    802   786      451.2853   197                    446.9286    29848                   x68_49 U    802    222      3
    821   805      462.0000    20                    446.9286    30947                   x71_22 D    821    820     16
    841   825      464.5000    18                    446.9286    31578                    x74_7 U    841    840     31
    853   837      477.1250    42                    446.9286    32120                   x14_33 U    853    852     38
    866   850      488.1176    94                    446.9286    32597                   x15_44 U    866    864     47
    880   864      490.4286    27                    446.9286    33008                    x72_7 N    880    878     58
    890   874      514.2500    20                    446.9286    33161                    x50_2 D    890    889     67
    899   883      536.0000    18                    446.9286    33422                   x13_24 U    899    898     74
Elapsed time = 32.05 sec. (58824.25 ticks, tree = 28.88 MB, solutions = 0)
    909   893      543.0000    36                    446.9286    33810                   x57_48 N    909    907     80
    923   907      549.1364    55                    446.9286    34074                   x25_39 U    923    921     91
    934   918      559.4957    66                    446.9286    34507                   x62_33 N    934    932    100
    946   930      561.7714    69                    446.9286    34753                   x39_62 N    946    945    108
    960   942      571.9231    71                    446.9286    35343                   x15_14 D    960    959    118
    978   960      584.0000    14                    446.9286    35606                   x39_44 N    978    976    133
    997   979      583.7391    66                    446.9286    36013                   x44_10 N    997    996    150
   1005   987      485.8365   193                    447.2826    37055                   x16_80 N   1005   1003      5
   1013   995      496.4917   198                    447.2826    37935                   x29_58 N   1013   1010      9
   1022  1004      504.9000   147                    447.2826    38955                   x13_40 D   1022   1020     14
Elapsed time = 37.24 sec. (69360.11 ticks, tree = 34.67 MB, solutions = 0)
   1031  1013      513.5393   176                    447.2826    39638                   x39_44 N   1031   1029     19
   1040  1022      518.1597   151                    447.2826    40117                   x72_45 U   1040   1038     25
   1053  1035      528.0833   151                    447.2826    40879                    x9_37 N   1053   1052     35
   1064  1046      537.8750   118                    447.2826    41607                   x25_39 N   1064   1063     41
   1077  1059      543.5000    96                    447.2826    42153                   x67_72 N   1077   1074     47
   1087  1069      547.5625   102                    447.2826    42816                   x43_23 N   1087   1086     54
   1093  1075      555.0308   148                    447.2826    43517                   x40_52 N   1093   1090     57
   1109  1091      555.5398   144                    447.2826    44149                    x7_76 N   1109   1107     68
   1121  1103      561.7584   148                    447.2826    44735                    x2_65 D   1121   1120     76
   1139  1119      585.5417   122                    447.2826    45511                    x32_2 N   1139   1137     87
Elapsed time = 43.69 sec. (79880.73 ticks, tree = 39.46 MB, solutions = 0)
   1155  1135      573.7576   107                    447.2826    46080                   x78_71 N   1155   1153     98
   1171  1151      571.8333   115                    447.2826    46669                   x70_43 N   1171   1169    109
   1182  1162      573.1562   115                    447.2826    47026                    x69_2 D   1182   1180    117
   1196  1176      596.2143   112                    447.2826    47563                   x55_80 N   1196   1195    127
   1205  1185      477.7045   180                    448.3333    48101                    x1_61 D   1205   1204      7
   1222  1202      501.6000    78                    448.3333    49197                    x38_9 N   1222   1221     24
   1242  1222      510.0000    38                    448.3333    49823                   x71_22 D   1242   1241     44
   1260  1240      520.5000    30                    448.3333    50307                   x52_31 D   1260   1259     62
   1280  1260      527.5385    91                    448.3333    50592                   x22_35 D   1280   1279     82
   1298  1278      533.8352    64                    448.3333    50873                   x56_27 N   1298   1297    100
Elapsed time = 50.32 sec. (89912.71 ticks, tree = 48.26 MB, solutions = 0)
   1322  1302      538.0000    30                    448.3333    51225                   x35_22 N   1322   1321    124
   1342  1322      547.0833    50                    448.3333    51739                    x24_3 U   1342   1341    144
   1355  1335      555.6429    64                    448.3333    51983                   x32_22 D   1355   1354    157
   1366  1346      563.4382    64                    448.3333    52143                   x65_76 N   1366   1365    168
   1385  1365      578.4800    52                    448.3333    52330                   x22_31 D   1385   1384    187
   1393  1373      621.5000    14                    448.3333    52532                   x13_15 N   1393   1392    195
   1401  1381      654.7562    56                    448.3333    52763                   x31_23 N   1401   1400    203
   1416  1396      470.2097   199                    448.8182    53921                   x80_81 N   1416   1413     14
   1431  1411      466.8519   122                    448.8182    54866                   x49_70 N   1431   1430     25
   1463  1443      478.4286    48                    448.8182    56174                    x2_25 N   1463   1462     47
Elapsed time = 58.31 sec. (103084.58 ticks, tree = 57.24 MB, solutions = 0)
   1520  1500      512.7500    38                    448.8182    58108                   x66_33 D   1520   1519     87
   1584  1562      524.1111    38                    448.8182    59520                   x23_76 D   1584   1582    139
   1650  1628      526.8750    59                    448.8485    62244                   x21_49 N   1650   1649     52
   1722  1700      551.1016    88                    448.8485    63970                   x15_10 D   1722   1721    124
   1797  1775      598.2667    50                    448.8485    64780                   x36_11 D   1797   1796    199
   1844  1822      480.1818   149                    448.9348    68073                   x13_35 N   1844   1843     33
   1871  1847      493.2500    64                    448.9348    70147                   x31_50 D   1871   1869     49
   1918  1894      506.6000    42                    448.9348    71783                   x71_40 N   1918   1916     82
   1962  1938      514.7475    91                    448.9348    72977                    x66_3 D   1962   1960    119
   2003  1979      486.6458   170                    449.3909    75789                    x80_8 D   2003   2002      5
Elapsed time = 82.29 sec. (141599.85 ticks, tree = 74.65 MB, solutions = 0)
   2054  2030      543.1842   117                    449.3909    78348                    x25_4 N   2054   2053     56
   2122  2094      634.0822    72                    449.3909    79647                   x78_30 N   2122   2121    122
   2184  2156      676.6818    58                    449.3909    80476                   x14_56 D   2184   2183    184
   2235  2207      478.1538    61                    449.5238    82667                   x67_45 U   2235   2232     26
   2280  2250      497.8500    92                    449.5238    84553                    x7_39 D   2280   2279     60
   2350  2320      505.0543    82                    449.5238    86142                   x73_30 U   2350   2349    119
   2399  2369      521.1667    27                    449.5238    87004                   x78_21 D   2399   2398    163
   2503  2473      494.5057    85                    449.7337    89571                   x33_39 D   2503   2502    107
   2604  2574      455.5760   191                    449.7778    90950                    x16_4 U   2604   2602      7
   2652  2622      477.3333    23                    449.7778    93382                   x76_74 U   2652   2649     35
Elapsed time = 107.21 sec. (180605.79 ticks, tree = 101.23 MB, solutions = 0)
   2699  2669      491.0000    46                    449.7778    95097                   x30_73 D   2699   2697     67
   2763  2727      514.6667    88                    449.9722    97507                   x35_76 U   2763   2760     41
   2800  2764      530.1667    35                    449.9722    98934                   x78_45 N   2800   2798     69
   2853  2815      535.0000    35                    449.9722   101007                    x29_6 N   2853   2851    110
   2893  2855      559.3333    40                    449.9722   101836                   x12_58 D   2893   2891    143
   2949  2903      499.5000   133                    450.1111   103394                   x55_80 U   2949   2948     15
   2990  2944      520.3333    55                    450.1111   106139                   x61_65 N   2990   2988     43
   3023  2977      545.7425   108                    450.1111   108034                   x58_63 N   3023   3021     67
   3068  3020    infeasible                          450.1111   110061                   x57_14 N   3068   3065     98
   3121  3073      548.8793    79                    450.1111   111464                   x66_15 N   3121   3120    144
Elapsed time = 131.86 sec. (221357.29 ticks, tree = 133.18 MB, solutions = 0)
   3171  3123      561.2500    47                    450.1111   112283                   x75_34 D   3171   3170    188
   3216  3166      470.3571   168                    450.1667   113745                   x74_67 D   3216   3215     21
   3274  3224      515.9375    84                    450.1667   116008                   x48_57 D   3274   3273     79
   3359  3309      543.4082    89                    450.1667   117273                   x70_12 N   3359   3358    164
   3415  3365      468.2500    78                    450.3333   119132                   x65_43 U   3415   3413     17
   3452  3402      471.5833    52                    450.3333   121289                   x78_22 D   3452   3450     41
   3481  3431      494.0000    25                    450.3333   122609                   x13_25 D   3481   3479     59
   3512  3462      513.6667    12                    450.3333   124058                   x31_61 U   3512   3509     80
   3534  3480      467.3111   152                    450.4211   126308                   x72_13 U   3534   3533     19
   3624  3570      502.6667    51                    450.4211   128373                   x14_62 D   3624   3623    109
Elapsed time = 154.95 sec. (260349.33 ticks, tree = 158.49 MB, solutions = 0)
   3698  3644      536.3214    68                    450.4211   129430                   x25_62 D   3698   3697    183
   3735  3677      456.4531   196                    450.5897   130509                   x68_49 U   3735    605      6
   3773  3715      479.5000    38                    450.5897   132728                   x78_71 N   3773   3771     30
   3829  3771      496.8571    30                    450.5897   134524                   x71_31 D   3829   3827     71
   3875  3817      510.3333    33                    450.5897   135636                   x73_30 U   3875   3874    106
   3920  3862      521.6667    26                    450.5897   136782                   x24_31 D   3920   3919    141
   3969  3911      542.2917    45                    450.5897   137544                    x3_15 D   3969   3968    180
   4024  3966      476.3333   129                    450.6667   138646                   x78_71 D   4024   4023     28
   4120  4062      517.7778    82                    450.6667   140627                   x48_23 D   4120   4119    124
   4206  4148      460.4444   165                    450.7500   141622                   x34_63 D   4206   4205     10
Elapsed time = 178.32 sec. (299277.42 ticks, tree = 212.39 MB, solutions = 0)
   4231  4173      477.6808   125                    450.7500   143729                   x44_17 D   4231   4229     25
   4260  4202      491.6625    64                    450.7500   145868                   x76_25 N   4260   4259     44
   4280  4222      511.2618   135                    450.7500   147990                   x67_61 N   4280   4279     58
   4305  4247      523.0000    26                    450.7500   149355                   x33_66 N   4305   4303     74
   4347  4287    infeasible                          450.7500   150532                    x75_7 N   4347   4345    103
   4390  4330      542.9848    83                    450.7500   151753                   x23_15 D   4390   4389    140
   4433  4373      512.4000    78                    450.7955   153911                    x7_76 N   4433   4432     36
   4531  4471      552.7500    45                    450.7955   155720                    x53_8 N   4531   4530    134
   4594  4534      573.6562    69                    450.7955   156592                   x78_33 N   4594   4593    197
   4635  4575      476.0000    56                    450.8385   158904                   x13_35 U   4635   4633     25
Elapsed time = 202.81 sec. (338526.76 ticks, tree = 233.95 MB, solutions = 0)
   4660  4600      481.2500    48                    450.8385   160581                   x50_76 D   4660   4658     43
   4703  4643      487.4167    56                    450.8385   162229                   x14_10 D   4703   4701     73
   4760  4700      496.3333    38                    450.8385   163459                    x2_33 D   4760   4759    118
   4813  4753      464.0020   177                    451.0952   164944                    x53_8 D   4813   4812     13
   4841  4781      485.1250   148                    451.0952   167158                   x43_46 N   4841   4839     31
   4870  4810      496.2500    41                    451.0952   168809                   x12_70 D   4870   4869     53
   4896  4836      509.2500    38                    451.0952   170807                   x44_60 N   4896   4895     71
   4932  4872      543.4167    51                    451.0952   172740                   x57_23 U   4932   4930     95
   4976  4916      552.3754   110                    451.0952   174371                   x60_33 N   4976   4974    127
   5020  4960      468.2245   162                    451.3158   175883                   x60_44 U   5020   5018     20
Elapsed time = 226.29 sec. (377804.76 ticks, tree = 271.50 MB, solutions = 0)
   5053  4993      488.0000    32                    451.3158   177977                   x33_65 U   5053   5051     41
   5080  5020      504.5000    22                    451.3158   179673                   x35_31 N   5080   5078     59
   5105  5045      517.7778    52                    451.3158   181198                    x3_50 D   5105   5103     76
   5129  5069      560.6429    46                    451.3158   182458                    x1_25 N   5129   5126     94
   5153  5093      548.6000    32                    451.3158   182992                    x66_2 N   5153   5152    111
   5183  5123      556.1667    32                    451.3158   183402                   x27_56 N   5183   5181    133
   5212  5152      501.5714   177                    451.3333   184563                    x25_4 D   5212   5211     16
   5262  5196      476.3333   152                    451.4118   187114                   x48_70 U   5262   5260     18
   5296  5230      482.0000   127                    451.4118   189052                    x25_7 D   5296   5294     41
   5325  5259      508.0527   104                    451.4118   190847                   x16_63 N   5325   5323     59
Elapsed time = 248.87 sec. (417318.10 ticks, tree = 302.84 MB, solutions = 0)
   5360  5294      507.5000    66                    451.4118   191991                   x14_43 D   5360   5358     87
   5395  5329      513.6818    47                    451.4118   193457                   x14_46 D   5395   5394    114
   5440  5374      531.3750    56                    451.4118   194931                   x39_15 N   5440   5437    153
   5481  5415      537.0000    36                    451.4118   196453                   x46_70 U   5481   5479    186
   5529  5463      554.3438    50                    451.4118   197483                   x22_75 N   5529   5527    227
   5568  5500    infeasible                          451.4118   198131                   x14_71 N   5568   5566    261
   5596  5528      586.8333    56                    451.4118   199115                    x2_26 D   5596   5595    285
   5627  5559      495.0000   119                    451.7619   201331                   x72_45 N   5627   5626     29
   5672  5604      507.0606    86                    451.7619   202950                   x44_60 N   5672   5671     74
   5740  5672      530.6667    67                    451.7619   204385                   x60_15 U   5740   5739    142
Elapsed time = 272.50 sec. (456708.50 ticks, tree = 336.09 MB, solutions = 0)
   5804  5736      456.4405   160                    451.8607   205386                   x40_74 U   5804   5802      9
   5830  5762      485.6875   122                    451.8607   207741                   x13_35 N   5830   5828     25
   5853  5785      495.8519    83                    451.8607   209248                   x50_22 D   5853   5851     41
   5890  5822      511.6736    68                    451.8607   210445                   x16_73 D   5890   5889     66
   5916  5848      530.0000    34                    451.8607   211701                   x77_73 D   5916   5915     85
   5938  5862      466.3010   158                    451.8741   214315                   x74_40 U   5938   5937     16
   6003  5927      496.9000    51                    451.8741   216028                    x2_76 D   6003   6002     81
   6089  6013      518.8400    70                    451.8741   217098                   x41_21 D   6089   6088    167
   6158  6082      532.7037    60                    451.8741   217645                   x41_57 D   6158   6157    236
   6207  6131      457.6389   207                    452.3462   218528                   x34_63 U   6207   6205     12
Elapsed time = 296.37 sec. (495649.60 ticks, tree = 348.89 MB, solutions = 0)
   6241  6165      492.0000    84                    452.3462   220426                   x44_39 N   6241   6240     34
   6265  6187      519.8333    95                    452.3462   221975                   x33_57 N   6265   6262     47
   6296  6218      518.8333    51                    452.3462   223459                   x21_41 N   6296   6293     70
   6320  6242      525.4554   132                    452.3462   225140                   x33_10 D   6320   6319     88
   6350  6272      539.8000    59                    452.3462   226542                   x79_60 N   6350   6348    109
   6381  6303      559.6500    81                    452.3462   227600                   x61_78 N   6381   6379    133
   6407  6329      460.5000   160                    452.5833   228794                   x74_40 U   6407   6406     14
   6490  6412      486.1667    17                    452.5833   230367                   x49_14 D   6490   6489     97
   6562  6484      499.2500    64                    452.5833   230800                   x52_10 D   6562   6561    169
   6604  6526      466.0893   191                    452.6176   231710                   x16_19 D   6604   6603     12
Elapsed time = 319.30 sec. (534891.83 ticks, tree = 369.83 MB, solutions = 0)
   6631  6553      488.7460   139                    452.6176   233991                   x78_71 N   6631   6629     27
   6656  6578      487.7500    92                    452.6176   236419                   x78_45 N   6656   6653     43
   6691  6613      500.0781   116                    452.6176   237652                    x1_52 N   6691   6690     68
   6720  6642      525.3636    70                    452.6176   238994                   x52_38 N   6720   6719     87
   6755  6677      549.6286    87                    452.6176   240394                   x71_75 N   6755   6753    112
   6795  6717      557.6212    93                    452.6176   241153                   x71_78 N   6795   6794    143
   6817  6737      465.0000    55                    452.8254   242874                   x78_22 N   6817   6816     18
   6838  6758      477.0000    28                    452.8254   245111                   x48_43 U   6838   6835     30
   6865  6785      487.4167    71                    452.8254   247448                   x39_31 N   6865   6863     49
   6884  6804      497.0000    20                    452.8254   249182                   x39_13 D   6884   6881     61
Elapsed time = 342.79 sec. (574068.47 ticks, tree = 400.71 MB, solutions = 0)
   6912  6832      506.2500    28                    452.8254   250612                   x33_10 U   6912   6910     80
   6946  6866      529.0000    16                    452.8254   251756                   x39_66 U   6946   6944    108
   6971  6891      546.0789    43                    452.8254   252526                   x50_23 U   6971   6970    129
   6999  6913      474.0000    14                    453.0000   254413                   x22_35 U   6999   6997     22
   7030  6944      492.5000    32                    453.0000   256072                   x67_72 D   7030   7028     42
   7056  6970      493.7500    48                    453.0000   256999                   x71_50 N   7056   7055     62
   7070  6984      495.5000    28                    453.0000   258602                   x37_52 U   7070   7068     72
   7098  7012      521.4500    68                    453.0000   259693                   x10_14 D   7098   7096     93
   7110  7024      562.0000    24                    453.0000   260097                   x45_36 N   7110   7108    101
   7124  7038      589.5714    50                    453.0000   260519                   x73_45 N   7124   7123    112
Elapsed time = 364.88 sec. (613770.44 ticks, tree = 429.90 MB, solutions = 0)
   7155  7069      623.0667    41                    453.0000   261299                   x73_23 U   7155   7152    134
   7178  7092      637.0000    22                    453.0000   261868                     x6_8 N   7178   7176    152
   7215  7129      471.8333   181                    453.0833   262786                   x58_19 D   7215   7214     23
   7291  7205      496.0000    58                    453.0833   264383                   x73_31 D   7291   7290     99
   7410  7324      459.0600   107                    453.3333   266137                   x58_43 N   7410   7408     11
   7429  7343      473.9583    50                    453.3333   267610                   x10_14 U   7429   7427     23
   7451  7365      485.0000    54                    453.3333   269526                    x35_7 N   7451   7449     38
   7471  7385      507.0000    44                    453.3333   271102                    x74_7 N   7471   7468     51
   7490  7402      513.3333    33                    453.3333   272077                   x74_30 D   7490   7489     64
   7526  7438      544.6000    28                    453.3333   273294                     x2_3 N   7526   7524     93
Elapsed time = 388.50 sec. (653600.61 ticks, tree = 451.73 MB, solutions = 0)
   7549  7461      551.0350    68                    453.3333   273839                    x37_1 N   7549   7547    109
   7574  7486      571.0000    37                    453.3333   274380                   x42_78 N   7574   7572    132
   7584  7496      583.3667    78                    453.3333   275021                   x54_78 N   7584   7582    140
   7600  7512      634.8333    47                    453.3333   275312                   x35_17 D   7600   7598    151
   7648  7560      487.3333    27                    453.3333   277330                   x48_46 D   7648   7647     54
   7750  7662      522.1752   102                    453.3333   279298                   x78_10 N   7750   7749    156
   7820  7732      486.3333   111                    453.5431   281298                   x60_44 D   7820   7819     23
   7843  7755      517.6000    62                    453.5431   283130                   x37_61 N   7843   7841     36
   7864  7776      522.7500    57                    453.5431   284098                   x13_22 N   7864   7862     48
   7890  7802      538.6667    34                    453.5431   285554                    x2_71 D   7890   7887     65
Elapsed time = 411.50 sec. (693009.73 ticks, tree = 500.15 MB, solutions = 0)
   7917  7829      555.8519    73                    453.5431   286436                    x2_35 N   7917   7914     85
   7950  7862      553.5000    22                    453.5431   287188                   x24_23 D   7950   7948    108
   7990  7902      564.4000    33                    453.5431   287779                   x14_31 D   7990   7989    141
   8037  7949      487.0769    75                    453.5500   289381                   x13_35 D   8037   8036     45
   8086  7998      509.5500    59                    453.5500   290746                   x14_10 D   8086   8085     94
   8190  8102      550.4583    61                    453.5500   292114                    x24_3 D   8190   8189    198
   8221  8133      497.0000    71                    453.6167   294263                    x7_76 D   8221   8218     22
   8259  8171      517.0000    37                    453.6167   295541                   x66_65 N   8259   8257     48
   8286  8198      529.5000    18                    453.6167   297359                   x66_22 N   8286   8284     68
   8317  8229      539.5000     8                    453.6167   298319                    x2_25 U   8317   8315     90
Elapsed time = 434.50 sec. (732296.27 ticks, tree = 559.54 MB, solutions = 0)
   8352  8264      532.6667    20                    453.6167   299055                   x17_43 D   8352   8350    119
   8392  8304      535.3913    42                    453.6167   299545                   x15_60 U   8392   8390    154
   8407  8319      463.0000   165                    453.6667   300032                   x16_19 U   8407   8406     12
   8463  8375      483.5000    38                    453.6667   301724                   x71_76 D   8463   8462     68
   8543  8455      511.4211    61                    453.6667   303492                   x55_63 N   8543   8542    148
   8607  8519      461.5397   193                    453.8333   305011                   x72_40 D   8607   8605     13
   8628  8540      484.6989   143                    453.8333   306937                   x37_67 N   8628   8625     25
   8657  8569      502.7000   102                    453.8333   308548                   x67_45 U   8657   8654     42
   8680  8592      505.6198   122                    453.8333   309405                   x58_29 U   8680   8677     58
   8702  8614      520.0000    44                    453.8333   310791                    x16_6 N   8702   8701     72
Elapsed time = 458.36 sec. (771390.15 ticks, tree = 613.46 MB, solutions = 0)
   8738  8650      524.0500    92                    453.8333   311539                   x80_29 N   8738   8736     98
   8778  8690      542.5000    38                    453.8333   312666                   x15_60 D   8778   8777    132
   8807  8719      463.2987   170                    453.8846   313536                   x74_40 U   8807   8806     12
   8826  8738      477.3333    39                    453.8846   315378                   x72_13 U   8826   8824     23
   8849  8761      495.0000    38                    453.8846   316464                   x44_60 U   8849   8848     39
   8875  8787      502.4000    63                    453.8846   317352                   x13_61 D   8875   8873     55
   8899  8811      528.8750    64                    453.8846   318456                   x14_76 N   8899   8897     71
   8932  8844      519.6087    61                    453.8846   319367                   x27_21 D   8932   8929     96
   8955  8867      550.8000    26                    453.8846   320190                   x23_76 U   8955   8953    111
   8993  8905      534.0000    18                    453.8846   320762                   x25_17 D   8993   8992    141
Elapsed time = 479.72 sec. (810585.28 ticks, tree = 655.61 MB, solutions = 0)
   9015  8927      469.1667    77                    453.9545   321971                   x40_45 D   9015   9014     16
   9035  8947      479.0000    39                    453.9545   324126                   x71_35 U   9035   9032     29
   9061  8973      489.0000    20                    453.9545   326028                   x71_25 U   9061   9059     44
   9085  8997      489.6667    39                    453.9545   327861                   x35_76 U   9085   9082     60
   9102  9014      505.5000    49                    453.9545   329357                   x33_36 N   9102   9099     73
   9131  9043      528.6667    40                    453.9545   330729                   x17_57 N   9131   9128     92
   9146  9058      507.0000    49                    453.9545   331961                   x52_50 D   9146   9144    102
   9173  9085      563.8500    73                    453.9545   332777                   x52_35 N   9173   9171    121
   9208  9120      466.2500   125                    454.0000   333619                   x74_40 U   9208   9207     13
   9280  9192      490.1346    63                    454.0000   334952                    x2_71 D   9280   9279     85
Elapsed time = 502.49 sec. (850879.02 ticks, tree = 684.42 MB, solutions = 0)
   9383  9295      510.1923    36                    454.0000   336200                   x75_17 D   9383   9382    188
   9420  9332      466.0000    31                    454.0385   337897                   x48_43 U   9420   9417     20
   9435  9347      490.2500    89                    454.0385   340111                   x23_33 N   9435   9433     28
   9452  9364      490.2381   100                    454.0385   341762                    x9_52 N   9452   9450     39
   9482  9394      503.0000    69                    454.0385   343031                   x71_67 U   9482   9480     59
   9504  9416      507.5714    34                    454.0385   344791                   x33_65 D   9504   9502     76
   9529  9441      506.7857    54                    454.0385   345775                    x3_50 D   9529   9527     93
   9545  9457      527.0000    18                    454.0385   347472                    x2_40 N   9545   9543    103
   9570  9482      520.8462    97                    454.0385   349128                   x62_50 D   9570   9568    123
   9600  9512      527.3377    99                    454.0385   350102                   x18_69 U   9600   9599    145
Elapsed time = 526.61 sec. (891296.31 ticks, tree = 709.49 MB, solutions = 0)
   9661  9573      482.7500    27                    454.0662   351789                   x50_76 N   9661   9660     66
   9746  9658      512.3333    38                    454.0662   353044                   x62_65 D   9746   9745    151
   9801  9713      527.6111    59                    454.0662   353525                   x61_41 D   9801   9800    206
   9828  9740      478.6566   134                    454.0811   354798                   x45_13 U   9828   9827     22
   9852  9764      492.6667    64                    454.0811   356007                   x44_35 N   9852   9850     36
   9880  9792      500.0000    66                    454.0811   357605                   x50_31 U   9880   9877     56
   9907  9819      515.7143    76                    454.0811   358822                   x25_13 D   9907   9906     76
   9928  9840      534.0000    66                    454.0811   359925                   x10_70 U   9928   9926     89
   9955  9867      546.7143    63                    454.0811   360969                   x11_70 N   9955   9952    108
   9986  9898      546.0427    68                    454.0811   362023                   x35_65 N   9986   9985    132
Elapsed time = 551.22 sec. (930524.90 ticks, tree = 769.00 MB, solutions = 0)
  10006  9918      472.0987   189                    454.0844   363269                   x16_19 D  10006  10005     12
  10056  9968      498.5000    20                    454.0844   365126                   x43_48 U  10056  10055     62
  10120 10032      517.1667    60                    454.0844   366728                   x10_46 D  10120  10119    126
  10190 10102      532.8980    52                    454.0844   367757                   x14_66 D  10190  10189    196
  10219 10131      477.4167   103                    454.1638   369236                   x49_46 N  10219  10217     18
  10240 10152      493.5000    33                    454.1638   370186                    x58_8 N  10240  10238     30
  10267 10179      503.0000    16                    454.1638   370897                   x22_50 D  10267  10265     49
  10291 10203      509.8545    79                    454.1638   371409                    x74_7 U  10291  10290     66
  10320 10232      544.0000    29                    454.1638   372094                     x9_1 U  10320  10317     87
  10339 10251      553.8244    61                    454.1638   372634                    x72_9 N  10339  10338    100
Elapsed time = 575.45 sec. (969846.50 ticks, tree = 824.52 MB, solutions = 0)
  10359 10271      566.2361    41                    454.1638   373337                   x22_44 N  10359  10358    115
  10380 10292      596.6667    34                    454.1638   373689                   x75_74 U  10380  10379    130
  10402 10312      469.4259   183                    454.2035   374260                   x16_80 U  10402   5244      9
  10438 10348      487.7400   123                    454.2035   376170                   x13_22 U  10438  10437     45
  10491 10401      513.1231    88                    454.2035   377973                   x15_76 N  10491  10490     98
  10564 10474      536.2857    61                    454.2035   379413                   x37_52 N  10564  10563    171
  10608 10518      461.8095   130                    454.2500   380819                   x45_40 U  10608  10606     12
  10627 10537      474.9375    89                    454.2500   382300                    x76_7 U  10627  10625     24
  10646 10556      502.0000    10                    454.2500   383546                   x14_46 N  10646  10644     35
  10668 10578      501.0926    99                    454.2500   384994                   x23_65 N  10668  10667     51
Elapsed time = 599.41 sec. (1009657.61 ticks, tree = 846.25 MB, solutions = 0)
  10693 10603      515.0000    45                    454.2500   385989                   x33_24 D  10693  10691     70
  10711 10621      539.8750    63                    454.2500   387119                    x7_60 N  10711  10709     82
  10734 10644      540.5267    84                    454.2500   388056                   x25_62 N  10734  10732     96
  10757 10667      549.1000    61                    454.2500   388686                   x14_10 D  10757  10756    114
  10780 10688      556.5952    63                    454.2500   389494                   x37_74 N  10780  10779    130
  10800 10708      568.9688    69                    454.2500   390448                    x52_2 D  10800  10799    145
  10821 10729      474.3023   114                    454.2800   391899                    x2_33 N  10821  10819     18
  10846 10754      483.3362   114                    454.2800   393469                   x43_14 D  10846  10844     33
  10861 10769      489.5000   118                    454.2800   394649                   x13_71 D  10861  10859     41
  10874 10782      496.2842   105                    454.2800   395196                   x39_31 U  10874  10872     49
Elapsed time = 623.38 sec. (1051144.13 ticks, tree = 879.33 MB, solutions = 0)
  10890 10796      507.5000    26                    454.2800   396475                   x39_76 N  10890  10887     59
  10903 10809      509.2414   104                    454.2800   397674                   x37_61 N  10903  10902     68
  10921 10827      536.0000     6                    454.2800   398663                   x65_76 U  10921  10918     82
  10950 10856      549.2500    50                    454.2800   399600                   x22_73 N  10950  10948    106
  10983 10889      580.6000    41                    454.2800   400477                   x50_32 N  10983  10981    132
  10997 10897      462.4815   194                    454.5000   401245                   x74_40 D  10997  10995     10
  11013 10913      475.5000    28                    454.5000   403125                   x33_66 U  11013  11011     20
  11030 10930      488.2500    28                    454.5000   404199                   x44_39 N  11030  11028     29
  11051 10951      498.6667    17                    454.5000   404914                   x39_62 U  11051  11049     43
  11074 10974      502.8182    53                    454.5000   405865                   x14_10 U  11074  11072     60
Elapsed time = 648.07 sec. (1092324.22 ticks, tree = 906.52 MB, solutions = 0)
  11090 10990      508.1171   107                    454.5000   406568                   x61_75 N  11090  11089     71
  11108 11008      518.1429    41                    454.5000   407933                   x35_22 N  11108  11106     83
  11152 11052      510.2727    32                    454.5000   408424                   x22_14 D  11152  11151    123
  11182 11082      519.7273    80                    454.5000   408867                   x13_76 N  11182  11180    151
  11198 11098      570.7143    67                    454.5000   409429                   x40_10 U  11198  11196    163
  11227 11127      484.2000   109                    454.5294   410862                   x33_57 N  11227  11226     32
  11277 11177      506.4623   113                    454.5294   411973                   x77_68 N  11277  11276     82
  11330 11230      528.9565    80                    454.5294   413307                   x35_24 D  11330  11329    135
  11400 11300      552.0595   109                    454.5294   414339                   x18_31 N  11400  11399    205
  11416 11316      494.0000    64                    454.5758   415937                   x61_78 N  11416  11414     17
Elapsed time = 672.74 sec. (1132612.68 ticks, tree = 963.13 MB, solutions = 0)
  11434 11334      507.1810   105                    454.5758   417193                   x48_46 U  11434  11432     28
  11450 11350      521.5000    21                    454.5758   418699                   x14_70 U  11450  11448     38
  11470 11370      532.3636    35                    454.5758   419998                   x76_60 N  11470  11468     54
  11492 11392      521.7561    76                    454.5758   420845                    x2_25 N  11492  11491     70
  11521 11421      525.6667    55                    454.5758   421663                   x56_79 U  11521  11519     92
  11547 11447      553.0000    22                    454.5758   422375                    x3_10 U  11547  11545    111
  11580 11480      531.9388   110                    454.5758   423090                   x14_45 D  11580  11579    138
  11603 11503      464.2377   197                    454.6333   424258                    x4_19 D  11603  11602     10
  11633 11533      487.0000    34                    454.6333   426064                   x13_22 N  11633  11632     40
  11676 11576      507.1765   120                    454.6333   427109                   x70_57 D  11676  11675     83
Elapsed time = 695.66 sec. (1172269.24 ticks, tree = 1004.57 MB, solutions = 0)
  11746 11646      521.2500    49                    454.6333   427932                   x62_56 N  11746  11745    153
  11804 11704      464.7778   170                    454.6957   428786                   x23_33 D  11804  11803      9
  11825 11725      480.6667    53                    454.6957   430116                   x11_12 D  11825  11823     22
  11848 11748      492.1667    32                    454.6957   431145                   x30_22 N  11848  11845     35
  11865 11765      509.0000    82                    454.6957   432020                    x9_38 N  11865  11863     47
  11884 11782      511.6667    69                    454.6957   433030                   x77_29 N  11884  11882     60
  11907 11803      542.5463   110                    454.6957   433756                   x49_16 D  11907  11906     76
  11930 11824    infeasible                          454.6957   435025                   x61_76 N  11930  11928     92
  11953 11847      583.2901   104                    454.6957   436292                    x6_29 N  11953  11950    108
  11985 11879      585.0000    66                    454.6957   437445                    x3_33 N  11985  11983    133
Elapsed time = 720.59 sec. (1212664.16 ticks, tree = 1056.77 MB, solutions = 0)
  12000 11894      584.1055    90                    454.6957   438205                   x25_73 D  12000  11998    144
  12049 11943      483.0625    75                    454.7045   439670                   x77_68 D  12049  12048     55
  12122 12016      504.9200   128                    454.7045   440933                   x55_34 N  12122  12121    128
  12202 12096      457.8842   179                    454.8400   442144                   x20_63 U  12202   6204     11
  12222 12116      477.0000    28                    454.8400   443821                   x78_22 U  12222  12220     24
  12231 12125      490.6000    46                    454.8400   444889                   x70_46 U  12231  12230     30
  12244 12138      496.4340   109                    454.8400   446306                    x14_6 D  12244  12242     39
  12261 12155      509.0000    10                    454.8400   447802                    x33_2 U  12261  12259     51
  12290 12184      509.1000    78                    454.8400   448955                   x57_14 D  12290  12288     72
  12310 12204      524.2000    53                    454.8400   449995                    x58_8 U  12310  12309     85
Elapsed time = 746.18 sec. (1253378.14 ticks, tree = 1113.32 MB, solutions = 0)
  12345 12239      541.2500    41                    454.8400   450609                   x24_62 U  12345  12343    112
  12374 12268      548.5000    12                    454.8400   451114                    x21_7 U  12374  12373    136
  12400 12294      550.3333    30                    454.8400   451375                    x39_2 D  12400  12398    158
  12429 12323      486.6786   139                    455.0000   453188                   x70_57 D  12429  12428     38
  12499 12393      516.0345   104                    455.0000   454856                   x35_73 D  12499  12498    108
  12562 12456      537.3955   115                    455.0000   456328                   x46_62 D  12562  12561    171
  12610 12504      468.4565   184                    455.1250   457868                   x72_40 D  12610  12608     17
  12626 12520      477.4571   171                    455.1250   459761                   x46_68 U  12626  12623     26
  12652 12546      497.2857   121                    455.1250   460908                   x67_72 U  12652  12650     43
  12668 12562      517.2143    73                    455.1250   462680                   x76_65 N  12668  12666     53
Elapsed time = 770.40 sec. (1293167.08 ticks, tree = 1176.93 MB, solutions = 0)
  12681 12575      521.0254    90                    455.1250   463796                   x71_66 N  12681  12679     63
  12701 12595      529.5000    75                    455.1250   465185                   x14_46 D  12701  12699     78
  12727 12621      553.0000    26                    455.1250   466366                   x44_62 U  12727  12725     99
  12740 12634      548.0833    54                    455.1250   467121                   x73_71 N  12740  12739    108
  12767 12661      597.5000    26                    455.1250   467922                   x21_32 N  12767  12764    127
  12784 12678      602.0260    68                    455.1250   468413                   x56_21 N  12784  12782    140
  12800 12692      609.9286    62                    455.1250   468699                   x42_31 D  12800  12799    153
  12816 12708      467.6736   194                    455.1462   470009                    x74_7 D  12816  12814     15
  12837 12729      484.7198   174                    455.1462   471208                   x35_22 U  12837  12835     28
  12856 12748      495.5000    20                    455.1462   472014                   x76_31 N  12856  12854     39
Elapsed time = 794.51 sec. (1337223.66 ticks, tree = 1210.82 MB, solutions = 0)
  12885 12777      523.4000    28                    455.1462   472842                   x76_25 U  12885  12883     58
  12916 12808      525.3553   107                    455.1462   473885                   x38_67 N  12916  12914     83
  12940 12832      561.1667    29                    455.1462   474830                   x36_66 N  12940  12938    102
  12957 12847      567.6667    43                    455.1462   475570                   x71_73 N  12957  12954    114
  12974 12864      573.2500    22                    455.1462   476167                   x36_14 D  12974  12972    126
  13002 12892      457.7500   164                    455.1739   476607                   x53_20 D  13002   3522      8
  13023 12913      473.0000   132                    455.1739   478185                    x6_29 D  13023  13021     23
  13036 12926      490.1250   115                    455.1739   479817                   x43_48 U  13036  13034     30
  13050 12940      493.8805   161                    455.1739   480790                   x60_44 U  13050  13048     39
  13071 12961      500.8151   101                    455.1739   482314                   x67_35 U  13071  13069     52
Elapsed time = 818.68 sec. (1377914.21 ticks, tree = 1247.69 MB, solutions = 0)
  13085 12975      514.9000    81                    455.1739   483447                   x20_53 N  13085  13083     61
  13094 12984      549.1667    71                    455.1739   484566                   x55_73 N  13094  13091     67
  13115 13005      535.8333    53                    455.1739   485417                   x15_25 D  13115  13114     80
  13130 13020      538.1667    82                    455.1739   486208                   x13_71 D  13130  13129     91
  13149 13039      558.3333    80                    455.1739   487219                   x76_31 N  13149  13146    103
  13168 13058      573.2500    60                    455.1739   487946                   x35_75 N  13168  13166    118
  13188 13078      593.4848    84                    455.1739   488827                   x46_26 N  13188  13186    132
  13200 13084      461.1527   179                    455.1765   489677                   x40_74 D  13200  13199      8
  13230 13114      476.2000    63                    455.1765   491020                   x35_71 D  13230  13229     38
  13262 13146      488.0500    50                    455.1765   492405                   x50_76 N  13262  13261     70
Elapsed time = 846.61 sec. (1425826.22 ticks, tree = 1271.20 MB, solutions = 0)
  13302 13186      507.2143    54                    455.1765   493903                   x72_71 N  13302  13301    110
  13360 13244      531.6000    66                    455.1765   494677                   x25_71 D  13360  13359    168
  13410 13294      464.4000    58                    455.2222   496079                    x74_7 U  13410  13408     12
  13422 13306      484.3333    31                    455.2222   497587                   x13_45 U  13422  13420     19
  13436 13320      494.2500    96                    455.2222   498514                   x57_23 N  13436  13433     27
  13454 13338      509.2424    88                    455.2222   499606                   x58_63 N  13454  13452     37
  13466 13350      523.0112    82                    455.2222   500483                   x20_53 U  13466  13464     44
  13484 13368      538.5000    29                    455.2222   501249                   x33_71 U  13484  13481     54
  13503 13387      574.3333    46                    455.2222   501837                   x10_57 U  13503  13501     68
  13526 13410      564.7313   112                    455.2222   502468                   x53_26 N  13526  13523     85
Elapsed time = 871.77 sec. (1466853.17 ticks, tree = 1294.30 MB, solutions = 0)
  13552 13436      564.8064   105                    455.2222   503097                   x77_29 D  13552  13550    105
  13575 13459      571.5000    55                    455.2222   503702                   x22_36 D  13575  13574    122
  13594 13478      581.6562    68                    455.2222   504107                    x80_6 N  13594  13592    136
  13600 13484      583.5000    18                    455.2222   504210                    x66_3 D  13600  13599    140
  13627 13511      476.2000    73                    455.2547   505749                   x78_75 D  13627  13626     33
  13670 13554      498.2222    83                    455.2547   507302                   x35_39 N  13670  13669     76
  13715 13599      519.2895    67                    455.2547   508536                   x24_35 D  13715  13714    121
  13803 13687      460.6349   175                    455.2857   509626                    x68_4 D  13803  13802     12
  13821 13705      474.3103    72                    455.2857   510407                   x76_31 U  13821  13819     22
  13837 13721      476.1053    44                    455.2857   511243                   x76_25 D  13837  13835     33
Elapsed time = 896.60 sec. (1509154.64 ticks, tree = 1354.87 MB, solutions = 0)
* 13849  3267      integral     0      491.0000      455.2857   512178    7.27%
  13850  3267      459.4706   188      491.0000      455.3750   512245    7.26%          x34_63 U  13850   5803     10
  13870  3287      484.0556   136      491.0000      455.3750   513419    7.26%          x45_13 N  13870  13869     30
  13891  3304      465.3333   138      491.0000      455.4286   514476    7.24%           x4_19 D  13891  13890     13
  13921  3331      456.7460   204      491.0000      455.4375   515318    7.24%          x34_63 D  13921   5803     10
  13940  3350      474.9167   157      491.0000      455.4375   516656    7.24%          x61_78 U  13940  13939     29
  13967  3377      486.6139   164      491.0000      455.4375   517690    7.24%          x66_33 D  13967  13966     56
  13990  3394      462.6667   173      491.0000      455.5000   518462    7.23%          x63_34 D  13990  13989     12
  14010  3414      477.5000    34      491.0000      455.5000   519219    7.23%          x43_48 U  14010  14009     32
  14042  3444      488.8000    54      491.0000      455.5000   520086    7.23%          x50_76 D  14042  14041     63
  14060  3458      469.0000    47      491.0000      455.5778   521135    7.21%          x70_46 U  14060  14058     18
Elapsed time = 916.82 sec. (1548831.94 ticks, tree = 303.99 MB, solutions = 1)
  14070  3468      470.7869   128      491.0000      455.5778   522944    7.21%           x25_7 D  14070  14068     24
  14086  3484      481.4286    84      491.0000      455.5778   524163    7.21%          x35_71 D  14086  14084     34
  14101  3485        cutoff            491.0000      455.5778   525024    7.21%          x44_60 U  14101  14099     42
  14120  3502      469.9231   123      491.0000      455.6333   525980    7.20%          x65_33 D  14120  14119     28
  14148  3530      478.0000    91      491.0000      455.6333   526919    7.20%          x35_71 D  14148  14147     56
  14174  3556      489.0556   113      491.0000      455.6333   527717    7.20%          x71_31 N  14174  14173     82
  14197  3575      468.2523   139      491.0000      455.8214   528651    7.16%          x22_71 D  14197  14196     27
  14219  3597      471.7172   155      491.0000      455.8214   529239    7.16%          x31_50 D  14219  14218     49
  14241  3619      477.0626   165      491.0000      455.8214   530060    7.16%          x33_57 D  14241  14240     71
  14270  3648      485.1000    53      491.0000      455.8214   530590    7.16%           x35_2 D  14270  14269    100
Elapsed time = 936.94 sec. (1588033.72 ticks, tree = 310.14 MB, solutions = 1)
  14292  3666      470.6000    99      491.0000      455.8400   531513    7.16%          x72_40 U  14292  14291     16
  14310  3684      485.2045   125      491.0000      455.8400   532816    7.16%          x43_48 D  14310  14309     34
  14335  3705      465.6000   105      491.0000      455.8444   533879    7.16%          x78_76 D  14335  14334     26
  14361  3731      472.4762    67      491.0000      455.8444   534541    7.16%           x33_2 D  14361  14360     52
  14386  3756      480.1481    42      491.0000      455.8444   535150    7.16%          x78_73 D  14386  14385     77
  14406  3772      463.0147   181      491.0000      455.9167   536162    7.15%          x74_40 U  14406  14404     16
  14423  3789      475.1562   164      491.0000      455.9167   537578    7.15%          x52_35 D  14423  14422     26
  14440  3806      483.0196   140      491.0000      455.9167   538720    7.15%          x22_31 D  14440  14438     37
  14459  3819      462.2283   165      491.0000      455.9286   539798    7.14%          x74_40 U  14459  14458     19
  14480  3840      472.7362   138      491.0000      455.9286   540909    7.14%          x61_78 U  14480  14479     40
Elapsed time = 956.79 sec. (1627418.30 ticks, tree = 320.02 MB, solutions = 1)
  14508  3868      482.1587    94      491.0000      455.9286   541792    7.14%          x71_31 D  14508  14507     68
  14534  3888    infeasible            491.0000      455.9286   542617    7.14%          x35_76 N  14534  14532     92
  14549  3897      468.6622   189      491.0000      455.9375   544062    7.14%          x74_40 U  14549  14548     16
  14568  3916      478.5098   161      491.0000      455.9375   545138    7.14%          x72_35 D  14568  14567     35
  14596  3944      488.7500    68      491.0000      455.9375   546114    7.14%           x2_39 D  14596  14595     63
  14616  3960      465.3333    25      491.0000      456.0000   547198    7.13%          x13_35 D  14616  14615     20
  14639  3983      474.2500    27      491.0000      456.0000   548016    7.13%          x31_50 U  14639  14638     43
  14669  4013      482.0000    14      491.0000      456.0000   548750    7.13%          x39_73 D  14669  14668     73
  14696  4040      489.2500    16      491.0000      456.0000   549427    7.13%          x73_71 D  14696  14695    100
  14711  4051      470.6430   174      491.0000      456.0000   550861    7.13%          x61_67 U  14711  14709     15
Elapsed time = 975.44 sec. (1666617.06 ticks, tree = 322.58 MB, solutions = 1)
  14722  4062      485.1481    85      491.0000      456.0000   551840    7.13%          x67_72 N  14722  14720     21
  14741  4077      464.3333    28      491.0000      456.0111   553141    7.13%          x78_76 D  14741  14740     20
  14770  4106      472.9137   163      491.0000      456.0111   553935    7.13%          x58_43 D  14770  14769     49
  14797  4133      480.3333    21      491.0000      456.0111   555033    7.13%          x33_31 D  14797  14796     76
  14810  4146      489.1968   118      491.0000      456.0111   555515    7.13%          x52_38 D  14810  14809     89
  14833  4166      466.9537   124      491.0000      456.0945   556549    7.11%          x65_33 D  14833  14832     30
  14860  4193      475.7500    56      491.0000      456.0945   557305    7.11%          x48_57 N  14860  14859     57
  14886  4219      485.1806   119      491.0000      456.0945   558039    7.11%           x76_7 U  14886  14885     83
  14910  4237      463.0000    26      491.0000      456.0945   559203    7.11%          x44_39 U  14910  14909     22
  14934  4261      471.0000    20      491.0000      456.0945   560262    7.11%          x39_35 D  14934  14933     46
Elapsed time = 996.05 sec. (1706915.57 ticks, tree = 352.21 MB, solutions = 1)
  14951  4278      474.2846   148      491.0000      456.0945   561232    7.11%           x2_31 D  14951  14950     63
  14980  4307      480.8765   147      491.0000      456.0945   562278    7.11%          x35_24 D  14980  14979     92
  15000  4327      487.8182    91      491.0000      456.0945   563044    7.11%          x62_65 D  15000  14999    112
  15025  4348      463.6563   176      491.0000      456.1059   563956    7.11%          x78_74 D  15025  15024     27
  15052  4375      472.0000    55      491.0000      456.1059   564703    7.11%          x22_73 D  15052  15051     54
  15074  4397      481.5000    28      491.0000      456.1059   565972    7.11%          x33_66 D  15074  15073     76
  15096  4416      460.8750   110      491.0000      456.1389   567093    7.10%          x72_40 N  15096  15095     13
  15116  4436      468.5000    10      491.0000      456.1389   567832    7.10%          x22_35 D  15116  15115     26
  15134  4454      480.0000    19      491.0000      456.1389   568320    7.10%          x35_13 U  15134  15132     38
  15157  4471      483.5455    56      491.0000      456.1389   568986    7.10%          x52_35 D  15157  15155     55
Elapsed time = 1015.18 sec. (1745801.10 ticks, tree = 363.92 MB, solutions = 1)
  15180  4486      485.4929   151      491.0000      456.1389   569808    7.10%          x23_33 D  15180  15179     71
  15201  4501      487.3333    35      491.0000      456.1389   570300    7.10%          x73_71 N  15201  15200     88
  15220  4512      460.6833   140      491.0000      456.1875   570854    7.09%          x60_44 D  15220  15219     15
  15240  4532      469.2250   167      491.0000      456.1875   571869    7.09%          x25_39 D  15240  15239     35
  15268  4560      476.8125   134      491.0000      456.1875   572433    7.09%          x33_65 N  15268  15267     63
  15297  4589      482.6538    75      491.0000      456.1875   573085    7.09%          x35_71 D  15297  15296     92
  15318  4606      459.4167   148      491.0000      456.2083   573656    7.09%          x19_80 N  15318  15317     15
  15340  4628      480.2278   129      491.0000      456.2083   574653    7.09%          x43_46 D  15340  15339     37
  15361  4645      465.4637   148      491.0000      456.2500   575655    7.08%          x60_44 D  15361  15360     16
  15390  4674      478.6667    64      491.0000      456.2500   576829    7.08%          x78_22 D  15390  15389     45
Elapsed time = 1033.18 sec. (1785793.99 ticks, tree = 376.48 MB, solutions = 1)
  15425  4709      485.6500    91      491.0000      456.2500   577649    7.08%           x2_39 D  15425  15424     80
  15456  4734      463.3901   179      491.0000      456.3000   578631    7.07%          x40_74 U  15456  15455     10
  15480  4758      479.0000    20      491.0000      456.3000   579874    7.07%          x15_44 D  15480  15479     34
  15504  4778      463.8333   154      491.0000      456.3204   581082    7.06%          x74_40 U  15504  15503     15
  15523  4797      481.0833   122      491.0000      456.3204   582400    7.06%          x70_46 U  15523  15520     25
  15546  4809        cutoff            491.0000      456.3204   583391    7.06%          x25_39 U  15546  15544     39
  15567  4824      474.1462   181      491.0000      456.3333   584279    7.06%          x49_12 D  15567  15566     29
  15597  4852        cutoff            491.0000      456.3333   585242    7.06%          x22_35 D  15597  15596     59
  15624  4875      468.4079   142      491.0000      456.3846   586050    7.05%          x14_49 D  15624  15623     28
  15649  4900      479.2500    50      491.0000      456.3846   587022    7.05%          x22_74 N  15649  15648     53
Elapsed time = 1052.56 sec. (1825508.39 ticks, tree = 401.83 MB, solutions = 1)
  15689  4938      486.8333    71      491.0000      456.3846   587765    7.05%           x2_76 N  15689  15688     92
  15710  4953      462.0588    73      491.0000      456.5000   588398    7.03%           x74_7 U  15710  15709     15
  15737  4980      474.2500    78      491.0000      456.5000   589454    7.03%          x35_39 U  15737  15736     42
  15754  4997      488.6667    22      491.0000      456.5000   589961    7.03%           x2_31 D  15754  15753     59
  15770  5010      477.1875   162      491.0000      456.7000   591173    6.99%          x33_43 D  15770  15769     25
  15794  5032        cutoff            491.0000      456.7000   592387    6.99%          x43_48 N  15794  15793     49
  15810  5046      460.7976   133      491.0000      456.7321   593767    6.98%          x13_35 D  15810  15808     21
  15829  5065      467.8000    34      491.0000      456.7321   594932    6.98%          x13_76 N  15829  15827     31
  15841  5077      470.0000    25      491.0000      456.7321   595949    6.98%          x67_71 D  15841  15839     38
  15863  5099      488.3333    35      491.0000      456.7321   596522    6.98%          x33_66 U  15863  15861     52
Elapsed time = 1072.92 sec. (1865679.06 ticks, tree = 425.16 MB, solutions = 1)
  15874  5104      464.6071   166      491.0000      456.7857   597065    6.97%           x68_4 D  15874  15873     11
  15900  5130      482.3333    81      491.0000      456.7857   598045    6.97%          x46_70 D  15900  15899     37
  15921  5145      462.8816   182      491.0000      456.7891   599250    6.97%           x4_19 U  15921  15920     15
  15941  5165      482.0976   145      491.0000      456.7891   600707    6.97%          x43_48 N  15941  15940     35
  15966  5186        cutoff            491.0000      456.7891   601860    6.97%          x33_43 U  15966  15964     59
  15989  5209      467.4318   118      491.0000      456.8254   602953    6.96%          x78_74 D  15989  15988     33
  16000  5220      472.2500   134      491.0000      456.8254   603439    6.96%          x78_22 D  16000  15999     44
  16034  5254      479.0350   117      491.0000      456.8254   604255    6.96%          x71_31 D  16034  16033     78
  16056  5276      484.9773    67      491.0000      456.8254   605283    6.96%           x2_76 D  16056  16055    100
  16083  5299      470.4545   146      491.0000      456.8262   606223    6.96%          x61_78 U  16083  16082     32
Elapsed time = 1092.53 sec. (1905560.97 ticks, tree = 448.95 MB, solutions = 1)
  16109  5325      479.6563   141      491.0000      456.8262   607058    6.96%          x22_67 D  16109  16108     58
  16140  5352      464.2000   181      491.0000      456.8269   607655    6.96%          x16_19 D  16140  16139     11
  16153  5365      473.3333   105      491.0000      456.8269   609186    6.96%          x46_70 D  16153  16151     19
  16168  5380      482.3462   112      491.0000      456.8269   610954    6.96%          x56_27 U  16168  16166     27
  16180  5390      485.8588   190      491.0000      456.8269   612360    6.96%          x14_43 D  16180  16178     35
  16199  5401      489.1011   165      491.0000      456.8269   613447    6.96%          x71_22 N  16199  16196     47
  16220  5414      464.0000    32      491.0000      456.8590   614012    6.95%          x46_49 U  16220  16219     23
  16240  5434      476.3269   129      491.0000      456.8590   614897    6.95%          x61_78 U  16240  16239     43
  16275  5469      480.9504   107      491.0000      456.8590   615359    6.95%          x65_50 D  16275  16274     78
  16296  5490      486.3158    62      491.0000      456.8590   615723    6.95%          x33_65 N  16296  16295     99
Elapsed time = 1111.80 sec. (1944922.52 ticks, tree = 484.88 MB, solutions = 1)
  16325  5515      474.5585    88      491.0000      456.9375   616469    6.94%          x48_46 N  16325  16324     32
  16354  5544      481.1493   151      491.0000      456.9375   616880    6.94%          x31_71 D  16354  16353     61
  16383  5573      488.5714    82      491.0000      456.9375   617343    6.94%          x39_75 D  16383  16382     90
  16400  5586      468.5000   147      491.0000      456.9487   618163    6.94%          x74_40 U  16400  16399     15
  16428  5614      478.9286    70      491.0000      456.9487   618944    6.94%          x39_15 D  16428  16427     43
  16463  5649      487.5000    24      491.0000      456.9487   619527    6.94%          x31_50 U  16463  16462     78
  16484  5666      471.8444   162      491.0000      457.0000   620234    6.92%          x60_44 U  16484  16483     23
  16512  5694      481.0667    74      491.0000      457.0000   620813    6.92%          x71_35 N  16512  16511     51
  16541  5723      487.4545   108      491.0000      457.0000   621496    6.92%          x10_57 D  16541  16540     80
  16570  5744      462.3462   122      491.0000      457.0000   622509    6.92%          x14_46 D  16570  16569     13
Elapsed time = 1130.37 sec. (1986258.34 ticks, tree = 518.47 MB, solutions = 1)
  16582  5756      471.4286    47      491.0000      457.0000   624223    6.92%           x7_40 D  16582  16581     21
  16596  5770      476.7500    38      491.0000      457.0000   625772    6.92%          x44_39 U  16596  16594     30
* 16600+ 4480                          485.0000      457.0000             5.77%
  16612  4486      482.3000   118      485.0000      457.0000   626776    5.77%          x50_71 D  16612  16610     39
  16629  4491      464.4412   158      485.0000      457.0000   627707    5.77%          x65_43 D  16629  16628     13
  16650  4512      471.8000    33      485.0000      457.0000   628496    5.77%           x52_2 D  16650  16649     34
  16679  4541      478.8500    63      485.0000      457.0000   629305    5.77%          x52_67 D  16679  16678     63
  16710  4568      463.1250   130      485.0000      457.0000   630016    5.77%          x72_40 D  16710  16709     16
  16730  4588      468.5000   115      485.0000      457.0000   630640    5.77%          x14_49 D  16730  16729     36
  16752  4610      479.0000    20      485.0000      457.0000   631583    5.77%           x2_61 N  16752  16751     58
  16771  4625      479.0000    20      485.0000      457.0000   632765    5.77%          x30_61 N  16771  16770     22
Elapsed time = 1149.43 sec. (2026054.72 ticks, tree = 438.85 MB, solutions = 2)
* 16773  3461      integral     0      480.0000      457.0000   632770    4.79%
  16790  3473      465.5333   179      480.0000      457.0889   634048    4.77%           x55_4 U  16790   1409     12
  16803  3483      478.9706   148      480.0000      457.0889   635251    4.77%          x49_70 U  16803  16801     20
  16825  3503      467.7937   136      480.0000      457.1827   636051    4.75%          x78_75 D  16825  16824     32
  16852  3530      474.6000    36      480.0000      457.1827   636772    4.75%           x3_33 D  16852  16851     59
  16880  3554      465.1364   157      480.0000      457.2441   637481    4.74%          x43_48 U  16880  16879     19
  16908  3582      474.3884   130      480.0000      457.2441   638268    4.74%          x58_63 D  16908  16907     47
  16935  3604      469.0840   149      480.0000      457.3491   639221    4.72%          x78_71 D  16935  16934     26
  16960  3625      465.8571   182      480.0000      457.4118   640406    4.71%          x40_74 D  16960  16959     12
  16984  3649      473.6000    93      480.0000      457.4118   641351    4.71%          x22_35 D  16984  16983     36
  17005  3664      470.1176   145      480.0000      457.4167   642576    4.70%          x72_40 D  17005  17003     15
Elapsed time = 1167.00 sec. (2065636.40 ticks, tree = 367.20 MB, solutions = 3)
  17025  3676      464.0243   193      480.0000      457.4286   643590    4.70%          x74_40 U  17025  17024     16
  17051  3702      478.5455   106      480.0000      457.4286   644632    4.70%          x10_70 D  17051  17050     42
  17073  3716      464.7500   174      480.0000      457.4355   645829    4.70%           x68_4 U  17073  15314     12
  17100  3743      475.3370   156      480.0000      457.4355   646857    4.70%          x67_71 D  17100  17099     39
  17123  3764        cutoff            480.0000      457.4355   647372    4.70%          x78_67 U  17123  17122     62
  17152  3791      465.8333    88      480.0000      457.4411   648163    4.70%          x52_75 D  17152  17151     36
  17177  3816      477.6667    70      480.0000      457.4411   648996    4.70%          x71_39 N  17177  17176     61
  17192  3827      468.7568   165      480.0000      457.4545   650246    4.70%          x72_78 U  17192  17190     20
  17200  3829      458.8127   180      480.0000      457.5000   650699    4.69%          x14_46 D  17200  17199     11
  17226  3855      467.5000    30      480.0000      457.5000   651523    4.69%          x35_31 D  17226  17225     37
Elapsed time = 1187.57 sec. (2111049.60 ticks, tree = 373.05 MB, solutions = 3)
  17241  3870      475.2639    96      480.0000      457.5000   652281    4.69%          x39_31 D  17241  17240     52
  17259  3882      458.9077   193      480.0000      457.5000   653018    4.69%           x38_9 D  17259    610      9
  17283  3906      468.0000    62      480.0000      457.5000   654087    4.69%          x22_31 D  17283  17282     33
  17319  3942      478.0000    18      480.0000      457.5000   654903    4.69%          x38_37 N  17319  17318     69
  17339  3958      469.2581   177      480.0000      457.5065   655820    4.69%          x78_75 D  17339  17338     23
  17368  3984      459.5000   164      480.0000      457.5154   656654    4.68%          x72_13 D  17368   2605      9
  17384  4000      467.8580   190      480.0000      457.5154   658386    4.68%          x72_78 U  17384  17381     20
  17398  4012        cutoff            480.0000      457.5154   660080    4.68%          x58_43 U  17398  17396     29
  17415  4025      463.5581   177      480.0000      457.6389   661039    4.66%          x29_58 D  17415  17414     17
  17445  4055      473.1119   170      480.0000      457.6389   661645    4.66%          x66_33 D  17445  17444     47
Elapsed time = 1205.46 sec. (2150414.82 ticks, tree = 406.28 MB, solutions = 3)
  17476  4080      473.8282   197      480.0000      457.6389   662581    4.66%          x23_33 D  17476  17475     21
  17500  4095      462.7273   136      480.0000      457.6458   663538    4.66%          x72_78 D  17500  17499     27
  17532  4127      470.9189   114      480.0000      457.6458   664158    4.66%          x71_25 D  17532  17531     59
  17561  4148      465.7895   130      480.0000      457.7059   665026    4.64%          x61_67 D  17561  17560     26
  17587  4174      471.0000    45      480.0000      457.7059   665804    4.64%          x48_46 D  17587  17586     52
  17615  4196      467.5157   201      480.0000      457.7273   666923    4.64%           x55_4 D  17615  17614     20
  17639  4220      474.1364    75      480.0000      457.7273   668161    4.64%          x61_67 D  17639  17638     44
  17662  4239      469.0000    32      480.0000      457.7500   669344    4.64%          x33_43 D  17662  17661     21
  17684  4259        cutoff            480.0000      457.7500   670552    4.64%          x13_22 N  17684  17683     43
  17706  4277      468.5000   142      480.0000      457.7778   671652    4.63%          x77_46 D  17706  17705     27
Elapsed time = 1222.91 sec. (2188956.13 ticks, tree = 435.98 MB, solutions = 3)
  17733  4304      477.5000   102      480.0000      457.7778   672363    4.63%          x61_78 U  17733  17732     54
  17755  4320      471.1071   103      480.0000      457.7838   673457    4.63%          x44_39 D  17755  17752     25
  17779  4336      472.3534   189      480.0000      457.8333   674445    4.62%          x13_76 D  17779  17778     25
  17800  4353      470.5000    99      480.0000      457.8437   675468    4.62%          x23_16 N  17800  17799     18
  17829  4378      465.0505   170      480.0000      457.8491   676388    4.61%           x74_7 U  17829  17828     20
  17852  4401      475.3249   181      480.0000      457.8491   677291    4.61%          x52_67 N  17852  17851     43
  17878  4425        cutoff            480.0000      457.8491   677942    4.61%          x30_22 N  17878  17877     69
  17898  4443      472.9895   185      480.0000      457.8491   679370    4.61%          x71_35 D  17898  17897     28
  17924  4463      471.1374   183      480.0000      457.9183   680481    4.60%          x30_61 D  17924  17923     16
  17944  4477      477.7317   160      480.0000      457.9183   681975    4.60%          x70_49 U  17944  17942     28
Elapsed time = 1239.93 sec. (2228350.36 ticks, tree = 468.91 MB, solutions = 3)
  17968  4492      462.6296   151      480.0000      458.0000   682646    4.58%          x72_78 N  17968  17967     19
  17990  4514      475.0286   140      480.0000      458.0000   683442    4.58%          x78_75 D  17990  17989     41
  18018  4542      478.3370   153      480.0000      458.0000   683908    4.58%          x35_71 D  18018  18017     69
  18041  4561      468.6193   176      480.0000      458.0000   685061    4.58%          x70_49 D  18041  18040     31
  18072  4586      464.7962   182      480.0000      458.0000   685957    4.58%          x14_46 D  18072  18071     11
  18100  4614      474.8462    62      480.0000      458.0000   686973    4.58%          x35_22 D  18100  18099     39
  18136  4646      467.6962   144      480.0000      458.0000   687693    4.58%          x48_43 D  18136  18135     23
  18158  4666        cutoff            480.0000      458.0000   688485    4.58%           x9_37 U  18158  18157     45
  18177  4683      469.0000    96      480.0000      458.0109   689371    4.58%          x29_58 U  18177  18175     20
  18196  4693      460.4167   177      480.0000      458.0411   690359    4.57%           x4_19 D  18196  11203      9
Elapsed time = 1256.32 sec. (2267511.14 ticks, tree = 502.60 MB, solutions = 3)
  18222  4715      460.7917   103      480.0000      458.0623   691265    4.57%          x60_44 D  18222  18221     16
  18246  4739      472.8237   134      480.0000      458.0623   692453    4.57%          x65_25 N  18246  18245     40
  18270  4758      459.7143    77      480.0000      458.0714   693204    4.57%          x65_43 D  18270  18269     10
  18300  4788      466.2222    39      480.0000      458.0714   694229    4.57%          x35_13 D  18300  18299     40
  18327  4815      471.1250    67      480.0000      458.0714   694942    4.57%          x60_31 D  18327  18326     67
  18355  4840      461.2456   142      480.0000      458.0833   695754    4.57%          x60_44 D  18355  18354     17
  18381  4866      468.8377   168      480.0000      458.0833   696742    4.57%          x78_76 D  18381  18380     43
  18412  4897      477.4257   135      480.0000      458.0833   697457    4.57%           x7_74 U  18412  18411     74
  18430  4903      460.1739   167      480.0000      458.1006   698702    4.56%          x65_43 D  18430  18429     15
  18456  4929      469.0000    93      480.0000      458.1006   699361    4.56%          x43_48 U  18456  18455     41
Elapsed time = 1274.84 sec. (2306560.89 ticks, tree = 545.15 MB, solutions = 3)
  18480  4953      475.5000    20      480.0000      458.1006   699856    4.56%          x71_22 N  18480  18479     65
  18507  4976      462.1414   186      480.0000      458.1250   700361    4.56%          x78_71 D  18507  18506     16
  18532  5001      476.7500    87      480.0000      458.1250   701588    4.56%          x57_23 D  18532  18531     41
  18560  5025      471.3667   166      480.0000      458.1333   702498    4.56%          x78_52 D  18560  18559     32
  18589  5050      459.3000   106      480.0000      458.1557   703071    4.55%          x60_44 D  18589   2606     10
  18616  5077      467.5556   120      480.0000      458.1557   703939    4.55%          x40_67 U  18616  18615     37
  18643  5104      473.3750   134      480.0000      458.1557   704359    4.55%          x71_25 N  18643  18642     64
  18668  5125      468.8055   152      480.0000      458.2143   705646    4.54%          x74_40 D  18668  18666     18
  18680  5137      475.6333   112      480.0000      458.2143   706768    4.54%          x22_35 U  18680  18678     26
  18705  5147        cutoff            480.0000      458.2143   707280    4.54%          x31_71 U  18705  18702     43
Elapsed time = 1290.72 sec. (2345629.93 ticks, tree = 550.55 MB, solutions = 3)
* 18730  2750      integral     0      472.0000      458.2292   707896    2.92%
  18735  2751        cutoff            472.0000      458.2292   708004    2.92%          x76_44 U  18735  18733     34
  18765  2781      470.0000    24      472.0000      458.2500   709013    2.91%          x61_78 U  18765  18764     45
  18790  2800      468.0000    29      472.0000      458.2667   710212    2.91%          x65_33 U  18790  18789     24
  18824  2828      469.0000    55      472.0000      458.2947   710955    2.90%          x13_76 D  18824  18823     32
  18842  2842      470.0000    22      472.0000      458.3167   712283    2.90%          x40_67 D  18842  18840     23
  18870  2864      468.1404   179      472.0000      458.3333   713323    2.90%          x71_35 D  18870  18869     36
  18893  2881      467.5000    34      472.0000      458.3333   714098    2.90%          x61_78 U  18893  18892     24
  18917  2901      466.2188   139      472.0000      458.3429   715108    2.89%          x60_25 D  18917  18916     23
  18941  2921      463.3678   166      472.0000      458.3846   715920    2.88%          x45_74 D  18941  18940     18
  18965  2941      463.1750   192      472.0000      458.3864   717139    2.88%          x19_80 D  18965   6404     12
Elapsed time = 1307.24 sec. (2384839.99 ticks, tree = 321.77 MB, solutions = 4)
  18982  2946      467.2500   184      472.0000      458.3889   718681    2.88%          x75_43 N  18982   3736      8
  19008  2968      465.7129   159      472.0000      458.3924   719560    2.88%          x58_43 D  19008  19007     28
  19032  2986      467.2385   192      472.0000      458.4167   720813    2.88%          x13_76 D  19032  19031     19
  19056  2998        cutoff            472.0000      458.4651   722322    2.87%          x60_44 N  19056  19054     16
  19077  3017        cutoff            472.0000      458.4742   723566    2.87%          x70_49 D  19077  19076     28
  19101  3034      462.3871    93      472.0000      458.5000   724906    2.86%          x74_40 D  19101  19100     13
  19122  3055      470.0500    56      472.0000      458.5000   726309    2.86%          x65_33 N  19122  19121     34
  19138  3061      463.9280   205      472.0000      458.5261   727547    2.85%          x14_46 D  19138  19136     22
  19157  3070        cutoff            472.0000      458.5261   728437    2.85%          x72_78 U  19157  19155     35
  19175  3088      468.1667   100      472.0000      458.5958   729070    2.84%          x72_35 N  19175  19174     26
Elapsed time = 1324.59 sec. (2424902.96 ticks, tree = 347.57 MB, solutions = 4)
  19197  3106      466.5010   203      472.0000      458.6410   730032    2.83%          x13_40 N  19197  19196     17
  19210  3115      461.5356   170      472.0000      458.6667   730592    2.82%          x75_43 D  19210  19209     12
  19235  3138      468.4655   131      472.0000      458.6667   731645    2.82%          x34_63 D  19235  19234     36
  19265  3162      465.1807   176      472.0000      458.6929   732566    2.82%          x78_52 D  19265  19264     27
  19285  3182      468.8125   167      472.0000      458.6929   732999    2.82%          x52_75 N  19285  19284     47
  19300  3192      465.0556   106      472.0000      458.6929   733926    2.82%          x52_67 U  19300  19297     12
  19317  3205      468.7170   144      472.0000      458.6929   735173    2.82%          x49_46 N  19317  19315     24
  19340  3222      467.6250    87      472.0000      458.6935   735863    2.82%          x29_63 D  19340  19339     24
  19367  3243      465.5506   178      472.0000      458.6966   736908    2.82%          x20_34 D  19367  19366     30
  19393  3265      461.1000    60      472.0000      458.7143   737461    2.81%          x60_44 N  19393  19392     10
Elapsed time = 1339.63 sec. (2463824.21 ticks, tree = 371.61 MB, solutions = 4)
  19420  3292      468.7143    67      472.0000      458.7143   738362    2.81%          x68_49 U  19420  19419     37
  19447  3307      461.5588   184      472.0000      458.7143   739464    2.81%          x23_16 U  19447   6405     13
  19470  3325      461.3950   162      472.0000      458.7333   740909    2.81%          x58_43 D  19470  19469     20
  19490  3345      467.1400   158      472.0000      458.7333   742250    2.81%          x32_75 D  19490  19489     40
  19519  3368      463.6667    65      472.0000      458.7407   743045    2.81%          x71_72 D  19519  19518     23
  19559  3408      469.5000    28      472.0000      458.7407   743861    2.81%          x13_22 U  19559  19558     63
  19583  3428      466.6667    41      472.0000      458.7969   744475    2.80%          x61_78 D  19583  19582     23
  19612  3453      469.6023   185      472.0000      458.8000   745560    2.80%           x40_7 D  19612  19611     22
  19639  3464      459.1286   157      472.0000      458.8390   746625    2.79%          x68_49 U  19639  15093     12
  19666  3487      466.0032   187      472.0000      458.8519   748276    2.79%          x65_43 U  19666  17201     13
Elapsed time = 1356.08 sec. (2503857.50 ticks, tree = 404.76 MB, solutions = 4)
  19691  3506      461.9000    76      472.0000      458.8529   749166    2.79%          x45_40 D  19691  19690     21
  19713  3524      470.0377   180      472.0000      458.8929   750785    2.78%          x60_44 U  19713  19711     17
  19741  3542      468.8252   186      472.0000      458.9000   751647    2.78%          x72_40 D  19741  19740     24
  19770  3561      463.3030    83      472.0000      458.9345   752738    2.77%          x13_35 D  19770  19769     15
  19788  3576      463.2026   186      472.0000      458.9505   753604    2.76%          x30_61 N  19788  19787     11
  19812  3594        cutoff            472.0000      458.9653   754747    2.76%          x33_43 U  19812  19810     14
  19834  3612      464.5000    56      472.0000      459.0000   755903    2.75%          x78_35 D  19834  19833     20
  19861  3635      467.0000   128      472.0000      459.0000   757094    2.75%          x78_35 D  19861  19860     28
  19883  3649      463.3333   122      472.0000      459.0000   758076    2.75%          x14_46 D  19883  19882     10
  19909  3671      461.9614   182      472.0000      459.0000   759177    2.75%          x74_40 U  19909  19908     10
Elapsed time = 1372.34 sec. (2543063.42 ticks, tree = 433.75 MB, solutions = 4)
  19933  3689      469.1667    63      472.0000      459.0000   760445    2.75%          x40_67 D  19933  19931     25
  19964  3713      465.4615    35      472.0000      459.0247   761309    2.75%          x35_25 D  19964  19963     32
  19990  3735      459.3964   174      472.0000      459.0463   761890    2.74%          x78_71 N  19990  19989     17
  20009  3754      468.7471   173      472.0000      459.0463   762509    2.74%          x48_46 N  20009  20008     36
  20031  3770      466.3497   125      472.0000      459.0500   763386    2.74%          x13_45 D  20031  20030     24
  20050  3785      466.5938   176      472.0000      459.0600   764983    2.74%          x30_61 N  20050  17126     11
  20067  3798      468.8462   113      472.0000      459.0625   766011    2.74%          x33_43 N  20067  20065     15
  20085  3814      469.5893    53      472.0000      459.0625   766879    2.74%          x67_72 N  20085  20082     26
  20103  3828      459.9167   186      472.0000      459.0638   767351    2.74%           x4_19 U  20103   6602     11
  20124  3845      470.0000    58      472.0000      459.0769   768302    2.74%          x74_40 N  20124  20123     12
Elapsed time = 1388.46 sec. (2582685.49 ticks, tree = 458.13 MB, solutions = 4)
  20142  3857        cutoff            472.0000      459.0833   768792    2.74%          x22_35 D  20142  20141     28
  20172  3885      471.0000   101      472.0000      459.0875   769823    2.74%          x43_48 U  20172  20171     38
  20190  3897      465.0000    10      472.0000      459.0888   771790    2.74%          x22_35 U  20190  20188     23
  20208  3903        cutoff            472.0000      459.1111   772969    2.73%          x60_44 U  20208  20206     14
  20226  3917      459.5556   168      472.0000      459.1154   773617    2.73%          x68_49 N  20226   4606      9
  20256  3942        cutoff            472.0000      459.1154   774615    2.73%          x44_39 D  20256  20254     38
  20279  3961        cutoff            472.0000      459.1154   775812    2.73%          x35_31 D  20279  20278     33
  20297  3977      469.0000    26      472.0000      459.1182   777030    2.73%          x61_78 D  20297  20295     20
  20322  3994      466.9595   184      472.0000      459.1286   777918    2.73%          x65_43 D  20322  20321     27
  20347  4008      464.7184   134      472.0000      459.1525   779280    2.72%          x34_63 U  20347   7410     12
Elapsed time = 1405.37 sec. (2622713.54 ticks, tree = 473.36 MB, solutions = 4)
  20365  4022      469.5000    84      472.0000      459.1613   780539    2.72%          x74_40 U  20365  20364     13
  20384  4037      462.3863   173      472.0000      459.1619   781575    2.72%           x74_7 D  20384  20382     21
  20407  4056      469.8929   152      472.0000      459.1619   782526    2.72%          x14_49 N  20407  20406     36
  20430  4072      467.6214   162      472.0000      459.1667   783331    2.72%          x22_35 D  20430  20429     25
  20455  4087        cutoff            472.0000      459.1667   784066    2.72%          x43_48 D  20455  20453     28
  20478  4108      469.7083    78      472.0000      459.1694   784963    2.72%          x46_49 N  20478  20476     35
  20500  4124      470.0652   108      472.0000      459.2018   786124    2.71%          x61_67 N  20500  20499     29
  20523  4136      461.8462   152      472.0000      459.2096   787191    2.71%          x63_34 N  20523  14605     10
  20544  4157      470.1290   124      472.0000      459.2096   788126    2.71%          x43_14 N  20544  20543     31
  20566  4171      467.8899   179      472.0000      459.2292   788784    2.71%          x33_43 N  20566  20565     20
Elapsed time = 1420.99 sec. (2662872.75 ticks, tree = 503.11 MB, solutions = 4)
  20590  4184      467.1250    96      472.0000      459.2331   789646    2.70%          x20_63 D  20590  20589     18
  20610  4200      466.8750   156      472.0000      459.2381   790636    2.70%          x13_35 D  20610  20609     17
  20638  4224      468.6304   167      472.0000      459.2500   791605    2.70%          x48_43 N  20638  20637     28
  20659  4239      470.3333    94      472.0000      459.2500   792425    2.70%           x74_7 N  20659  20657     30
  20675  4245      463.8214   154      472.0000      459.2905   793740    2.69%           x25_4 D  20675  20674     16
  20710  4276      464.9519   183      472.0000      459.3000   794881    2.69%          x65_33 D  20710  20709     27
  20740  4300      466.0000    28      472.0000      459.3000   795579    2.69%           x74_7 U  20740  20739     22
  20766  4322      470.5844   105      472.0000      459.3030   796855    2.69%          x61_67 N  20766  20765     28
  20790  4338      468.7333   115      472.0000      459.3298   798121    2.68%          x48_70 D  20790  20789     28
  20811  4353      464.5162   178      472.0000      459.3571   798832    2.68%          x60_44 D  20811  20810     22
Elapsed time = 1436.97 sec. (2702746.87 ticks, tree = 531.67 MB, solutions = 4)
  20843  4383        cutoff            472.0000      459.3571   799783    2.68%          x13_22 U  20843  20842     54
  20861  4393        cutoff            472.0000      459.3636   800988    2.68%          x74_40 U  20861  20860     13
* 20885  3521      integral     0      470.0000      459.3667   801516    2.26%
  20885  3521      470.0000     0      470.0000      459.3667   801516    2.26%           x7_76 U  20885  20884     32
  20909  3537        cutoff            470.0000      459.3750   802750    2.26%          x39_44 D  20909  20907     31
  20937  3561        cutoff            470.0000      459.3772   803661    2.26%          x43_48 D  20937  20935     41
  20971  3591      463.9628   181      470.0000      459.3889   804827    2.26%          x13_40 N  20971  20969     14
  20992  3605      461.6538   192      470.0000      459.4000   805746    2.26%          x78_71 D  20992  20991     13
  21019  3623        cutoff            470.0000      459.4000   806782    2.26%          x34_63 U  21019  21017     17
  21035  3633      466.1154   139      470.0000      459.4231   807841    2.25%          x60_44 D  21035  21034     16
  21057  3651      462.5476   181      470.0000      459.4286   808403    2.25%          x68_49 N  21057  15319     17
Elapsed time = 1453.35 sec. (2742371.44 ticks, tree = 460.47 MB, solutions = 5)
  21079  3661      467.6667    41      470.0000      459.4363   809603    2.25%          x45_40 D  21079  21078     17
  21110  3688      467.3958   117      470.0000      459.4423   810313    2.25%          x39_44 U  21110  21109     44
  21133  3700      466.7889   154      470.0000      459.4528   811722    2.24%          x65_33 D  21133  21132     18
  21150  3709      464.4000    58      470.0000      459.4667   812996    2.24%          x40_67 U  21150  21149     20
  21169  3724      468.0400   164      470.0000      459.4667   813737    2.24%          x23_33 N  21169  19843     11
  21187  3734      464.0844   154      470.0000      459.4907   814664    2.24%          x65_33 N  21187  21186     20
  21200  3747      465.5417    55      470.0000      459.4907   815043    2.24%          x35_31 N  21200  21199     33
  21219  3760      464.9091   141      470.0000      459.4943   815694    2.24%          x60_44 N  21219  21217     16
  21237  3769      465.2946   166      470.0000      459.4979   816326    2.23%          x78_52 N  21237  21236     19
  21256  3782        cutoff            470.0000      459.4979   816721    2.23%          x35_71 U  21256  21254     36
Elapsed time = 1467.27 sec. (2782051.03 ticks, tree = 483.35 MB, solutions = 5)
  21278  3800      462.1250   179      470.0000      459.5000   817686    2.23%           x4_19 D  21278  10604     11
  21306  3819      466.0044   167      470.0000      459.5000   818818    2.23%          x58_43 N  21306  21305     17
  21325  3826        cutoff            470.0000      459.5000   819816    2.23%          x65_43 U  21325  19988     16
  21344  3837      461.7317   175      470.0000      459.5111   820676    2.23%          x65_43 N  21344  21343     14
  21360  3846      464.3523   183      470.0000      459.5312   821791    2.23%          x58_43 N  21360  21359     15
  21380  3854      462.1774   160      470.0000      459.5333   822709    2.23%          x37_61 D  21380  21379     19
  21410  3876        cutoff            470.0000      459.5333   823684    2.23%          x60_44 U  21410  21408     20
  21435  3893      467.3665   177      470.0000      459.5558   825212    2.22%          x23_33 U  21435  20227     11
  21464  3912      463.1667   128      470.0000      459.5758   826154    2.22%          x74_40 D  21464  14324     16
  21486  3926      460.7523   196      470.0000      459.5833   826818    2.22%          x68_16 D  21486  21485     17
Elapsed time = 1482.77 sec. (2821513.42 ticks, tree = 504.13 MB, solutions = 5)
  21511  3944      467.4423   179      470.0000      459.5873   828110    2.22%          x13_40 D  21511  21510     19
  21534  3955      460.7000    75      470.0000      459.6000   829343    2.21%          x45_40 D  21534  21533     14
  21562  3979      465.2024   188      470.0000      459.6071   830413    2.21%          x23_33 N  21562  17127     12
  21594  4007      466.0000    39      470.0000      459.6111   831086    2.21%          x13_45 D  21594  21593     24
  21619  4022      466.2911   157      470.0000      459.6250   832027    2.21%          x61_75 D  21619  21618     21
  21641  4035      466.8328   185      470.0000      459.6389   833431    2.20%          x78_75 D  21641  21640     21
  21670  4050        cutoff            470.0000      459.6429   834356    2.20%          x65_33 U  21670  21668     25
  21693  4062      466.1091   148      470.0000      459.6625   835700    2.20%          x13_35 D  21693  21692     25
  21717  4082      463.4529   185      470.0000      459.6625   836272    2.20%          x58_43 N  21717  21716     26
  21737  4098      460.3574   195      470.0000      459.6638   837031    2.20%          x23_33 D  21737  21736     14
Elapsed time = 1498.70 sec. (2860783.01 ticks, tree = 521.91 MB, solutions = 5)
  21758  4119      464.5860   180      470.0000      459.6638   838698    2.20%          x40_72 U  21758  21755     27
  21782  4132      463.9615   166      470.0000      459.6667   839996    2.20%          x78_71 D  21782  21781     19
  21810  4157      468.5000    26      470.0000      459.6670   841037    2.20%          x13_45 U  21810  21809     33
  21834  4174      463.8790   155      470.0000      459.6722   842119    2.20%          x37_67 D  21834  21833     28
  21858  4194        cutoff            470.0000      459.6722   842775    2.20%           x7_76 D  21858  21856     51
  21877  4203        cutoff            470.0000      459.6923   843891    2.19%          x43_23 U  21877  21875     21
  21898  4217      467.9056   140      470.0000      459.7255   844958    2.19%          x52_75 N  21898  21897     27
  21921  4227      466.0937   170      470.0000      459.7321   845859    2.18%          x65_43 N  21921  19845     13
  21948  4244      468.1601   188      470.0000      459.7500   846988    2.18%          x61_75 D  21948  21947     23
  21975  4267      467.8182    86      470.0000      459.7500   848321    2.18%          x78_67 D  21975  21974     34
Elapsed time = 1514.55 sec. (2899755.96 ticks, tree = 531.59 MB, solutions = 5)
  21999  4276      464.7613   185      470.0000      459.7679   849424    2.18%          x14_46 D  21999  21998     18
  22000  4277      464.8310   185      470.0000      459.7679   849440    2.18%          x13_76 D  22000  21999     19
  22034  4308      466.2308   142      470.0000      459.7691   850224    2.18%          x48_43 D  22034  22033     36
  22060  4330      465.0385    49      470.0000      459.7722   851114    2.18%          x65_33 U  22060  22059     29
  22086  4353        cutoff            470.0000      459.7722   851548    2.18%          x22_65 D  22086  22085     55
  22110  4369      460.5127   178      470.0000      459.7833   852749    2.17%          x39_44 D  22110   1420     18
  22139  4394      467.4444    99      470.0000      459.7887   853685    2.17%          x16_73 N  22139  22138     14
  22165  4411      466.4444   104      470.0000      459.8294   854775    2.16%          x13_76 D  22165  22164     20
  22190  4424      468.0000    61      470.0000      459.8333   855484    2.16%          x72_61 N  22190  22189     27
  22205  4429      465.6000   176      470.0000      459.8333   856787    2.16%          x65_43 N  22205  22204     14
Elapsed time = 1528.57 sec. (2939277.86 ticks, tree = 542.98 MB, solutions = 5)
  22223  4439      463.5643   180      470.0000      459.8462   857665    2.16%          x14_46 N  22223  19844     12
  22240  4447      465.0000    11      470.0000      459.8472   858680    2.16%          x31_50 N  22240  22239     16
* 22245  2631      integral     0      467.0000      459.8472   858711    1.53%
  22260  2639      464.5980   105      467.0000      459.8529   859412    1.53%          x13_76 N  22260  22259     21
  22281  2650      465.7047   178      467.0000      459.8556   860185    1.53%          x37_61 N  22281  22280     18
  22298  2657        cutoff            467.0000      459.8642   861339    1.53%           x74_7 D  22298  22297     23
  22320  2670      461.5086   184      467.0000      459.8651   862032    1.53%          x46_68 N  22320   2208     11
  22338  2680      464.2662   187      467.0000      459.8651   863248    1.53%          x33_43 N  22338  22336     24
  22355  2687      464.4333   166      467.0000      459.8772   864095    1.53%          x65_33 N  22355  22354     22
  22375  2693        cutoff            467.0000      459.8889   864814    1.52%          x80_81 D  22375   1414     14
  22393  2705      464.4444   151      467.0000      459.8901   865686    1.52%          x78_71 N  22393  22392     19
Elapsed time = 1542.72 sec. (2979625.79 ticks, tree = 328.32 MB, solutions = 6)
  22405  2710      461.7703   167      467.0000      459.8981   866125    1.52%           x74_7 N  22405  22404     18
  22427  2724        cutoff            467.0000      459.9045   866794    1.52%          x29_58 U  22427  22425     16
  22443  2728      463.1439   164      467.0000      459.9333   867881    1.51%          x60_44 N  22443  22014     17
  22462  2739      461.4000   157      467.0000      459.9403   869000    1.51%          x72_13 N  22462   3407     13
  22484  2758      464.8649   147      467.0000      459.9412   869610    1.51%          x78_71 N  22484  22483     13
  22504  2770      464.4091   157      467.0000      459.9500   870300    1.51%          x37_61 N  22504  22503     20
  22523  2774      465.3904   188      467.0000      460.0000   871186    1.50%          x74_40 N  22523  22521     14
  22543  2784        cutoff            467.0000      460.0000   871860    1.50%          x60_44 D  22543  22542     16
  22561  2796      462.4231    83      467.0000      460.0000   872628    1.50%          x74_40 N  22561  22560     14
  22582  2809      464.5714   106      467.0000      460.0000   873673    1.50%          x23_16 N  22582  16209     13
Elapsed time = 1557.39 sec. (3018804.70 ticks, tree = 340.41 MB, solutions = 6)
  22602  2820        cutoff            467.0000      460.0000   874334    1.50%          x61_78 D  22602  22600     26
  22617  2824        cutoff            467.0000      460.0000   875530    1.50%          x78_71 U  22617  22615     15
  22638  2832        cutoff            467.0000      460.0000   876182    1.50%           x68_4 D  22638  22636     13
  22652  2838      463.1949   190      467.0000      460.0000   877562    1.50%           x4_19 N  22652   6977     10
  22674  2844      461.2114   200      467.0000      460.0114   878418    1.50%          x34_63 N  22674   8603     12
  22695  2851        cutoff            467.0000      460.0202   879699    1.49%          x22_35 D  22695  22694     21
  22721  2857      464.0000   102      467.0000      460.0377   880721    1.49%          x78_71 U  22721  21084     19
  22741  2857      464.3947   197      467.0000      460.0542   882032    1.49%          x40_74 U  22741   5931     10
  22756  2860      464.2766   167      467.0000      460.0735   883382    1.48%          x13_76 N  22756  15013     16
  22763  2863      464.1226   190      467.0000      460.1111   883899    1.48%          x14_46 N  22763  15606     11
Elapsed time = 1574.31 sec. (3058445.47 ticks, tree = 349.82 MB, solutions = 6)
  22782  2874      465.4361   137      467.0000      460.1225   884891    1.47%          x72_40 N  22782  22780     23
  22799  2879      465.0805   159      467.0000      460.1243   886201    1.47%          x63_55 D  22799  22797     30
  22818  2888      462.7727   118      467.0000      460.1385   887183    1.47%          x45_40 N  22818  22817     17
  22837  2901      465.6000   154      467.0000      460.1500   888046    1.47%          x63_29 N  22837  22836     23
  22852  2900        cutoff            467.0000      460.1667   889346    1.46%          x23_33 U  22852  20887     12
  22860  2906      462.6667   100      467.0000      460.1667   890376    1.46%          x43_46 N  22860  22859     23
  22874  2909      462.1548   146      467.0000      460.1667   892118    1.46%          x60_44 N  22874  19642     16
  22892  2919      462.6667   143      467.0000      460.1667   892826    1.46%          x65_43 N  22892  22891     14
  22912  2926      462.3000    88      467.0000      460.1852   893776    1.46%          x78_71 N  22912  22911     11
  22930  2940      464.7582   150      467.0000      460.2000   894370    1.46%          x23_33 N  22930  22929     29
Elapsed time = 1590.03 sec. (3098566.90 ticks, tree = 355.31 MB, solutions = 6)
  22947  2943      464.2470   189      467.0000      460.2222   895637    1.45%          x29_58 N  22947  20891     16
  22968  2947      465.4237   171      467.0000      460.2373   896985    1.45%          x72_40 N  22968   9406     12
  22988  2953        cutoff            467.0000      460.2519   897488    1.44%          x33_43 U  22988  22985     20
  23004  2958      464.6000   160      467.0000      460.2667   898888    1.44%          x60_44 N  23004  20892     17
  23023  2958        cutoff            467.0000      460.2857   899738    1.44%          x60_44 D  23023  23021     18
  23042  2965      462.2273   169      467.0000      460.3077   900897    1.43%          x74_40 N  23042  13405     10
  23058  2971        cutoff            467.0000      460.3246   901953    1.43%          x74_40 D  23058  23057     18
  23079  2978        cutoff            467.0000      460.3269   902703    1.43%          x61_75 U  23079  20181     18
  23093  2984      464.0294   189      467.0000      460.3333   904114    1.43%           x68_4 N  23093  23092     13
  23112  2991      465.2222   161      467.0000      460.3441   905084    1.43%           x67_1 N  23112  23111     21
Elapsed time = 1605.86 sec. (3139177.05 ticks, tree = 364.56 MB, solutions = 6)
  23130  2992      462.3000   123      467.0000      460.3591   906052    1.42%          x78_71 N  23130  21708     18
  23148  3000      464.4734   185      467.0000      460.3690   907468    1.42%          x29_58 N  23148  22402     16
  23167  3009      464.9265   180      467.0000      460.3704   908121    1.42%          x65_33 N  23167  23166     20
  23184  3012      465.2500   163      467.0000      460.3750   909407    1.42%          x34_63 N  23184  18595     17
  23200  3024      463.3188   137      467.0000      460.3750   909963    1.42%          x33_43 D  23200  23199     26
  23220  3035        cutoff            467.0000      460.3814   910963    1.42%          x65_33 D  23220  23219     16
  23240  3040        cutoff            467.0000      460.3833   911705    1.42%          x33_43 D  23240  23239     18
  23255  3041      464.1000    66      467.0000      460.4044   912828    1.41%          x65_33 N  23255  23254     20
  23270  3050      465.5000    44      467.0000      460.4079   914438    1.41%          x29_63 N  23270  23269     29
  23290  3055      462.6962   180      467.0000      460.4231   915272    1.41%          x16_73 N  23290  23289     11
Elapsed time = 1621.64 sec. (3178837.16 ticks, tree = 372.93 MB, solutions = 6)
  23310  3061      465.1250    56      467.0000      460.4297   916185    1.41%          x78_71 N  23310  23309     14
  23333  3077      465.9861   185      467.0000      460.4298   916706    1.41%          x20_63 N  23333  23331     27
  23349  3073        cutoff            467.0000      460.4500   918275    1.40%          x75_43 U  23349   4206     11
  23363  3074        cutoff            467.0000      460.4585   919891    1.40%          x65_43 U  23363  15014     17
  23378  3078        cutoff            467.0000      460.5000   921218    1.39%          x65_43 U  23378  20145     12
  23400  3096      465.3333    80      467.0000      460.5000   921822    1.39%           x40_7 N  23400  23399     16
  23420  3105        cutoff            467.0000      460.5000   922471    1.39%          x39_44 D  23420  23419     29
  23435  3108      461.7500    21      467.0000      460.5000   923796    1.39%          x52_67 N  23435  15706     12
  23454  3121      465.4375   125      467.0000      460.5000   924368    1.39%          x23_33 N  23454  23453     18
  23466  3118        cutoff            467.0000      460.5129   925547    1.39%          x75_43 U  23466  23464     14
Elapsed time = 1637.64 sec. (3218686.85 ticks, tree = 387.05 MB, solutions = 6)
  23485  3122      465.6667    77      467.0000      460.5245   926397    1.39%          x53_20 N  23485  23484     25
  23505  3126        cutoff            467.0000      460.5290   927250    1.39%          x60_44 U  23505  23504     17
  23519  3128      462.9875   156      467.0000      460.5392   928651    1.38%          x78_71 N  23519  23518     16
  23535  3138      462.3077    95      467.0000      460.5446   929516    1.38%          x20_34 N  23535  23534     19
  23552  3147      464.8636   152      467.0000      460.5517   930303    1.38%          x78_71 N  23552  23551     16
  23570  3154      464.4419   180      467.0000      460.5657   931011    1.38%          x78_71 N  23570  23569     15
  23590  3158      462.3919   175      467.0000      460.5745   931944    1.38%          x34_63 N  23590  23589     14
  23609  3167      464.5000   109      467.0000      460.5833   932796    1.37%          x48_46 N  23609  23608     19
  23626  3170        cutoff            467.0000      460.5937   933733    1.37%          x43_46 U  23626  23624     19
  23642  3180      464.9762   127      467.0000      460.6040   934504    1.37%          x65_33 N  23642  23641     19
Elapsed time = 1652.89 sec. (3257514.44 ticks, tree = 397.00 MB, solutions = 6)
  23662  3188      465.4000   183      467.0000      460.6183   935320    1.37%          x74_40 N  23662  23661     16
  23677  3189      463.2974   183      467.0000      460.6250   936567    1.37%          x14_46 N  23677  15218     14
  23696  3197        cutoff            467.0000      460.6364   937367    1.36%          x48_46 U  23696  23694     20
  23711  3202      463.6111   148      467.0000      460.6500   938896    1.36%          x61_78 N  23711  23710     21
  23731  3208        cutoff            467.0000      460.6517   939863    1.36%          x13_76 U  23731  23728     21
  23750  3217      463.5000   128      467.0000      460.6667   940607    1.36%          x49_46 N  23750  23749     23
  23770  3230      463.8487   184      467.0000      460.6667   941296    1.36%          x14_49 N  23770  23769     24
  23788  3234      463.7647   183      467.0000      460.6667   942407    1.36%          x68_49 N  23788  23787     13
  23806  3245      464.6269   165      467.0000      460.6750   943185    1.35%          x40_45 N  23806  23805     23
  23823  3251      464.4589   151      467.0000      460.6833   944130    1.35%          x65_50 N  23823   3409     14
Elapsed time = 1668.38 sec. (3297069.76 ticks, tree = 404.03 MB, solutions = 6)
  23839  3255      463.9859   189      467.0000      460.6875   945535    1.35%          x65_33 N  23839  23838     19
  23861  3267      462.6723   189      467.0000      460.6995   946473    1.35%          x29_58 D  23861  23860     13
  23890  3288        cutoff            467.0000      460.7000   947529    1.35%          x39_44 D  23890  23888     27
  23918  3306      465.5938   102      467.0000      460.7103   948654    1.35%          x39_44 D  23918  23917     19
  23940  3318      464.7714   152      467.0000      460.7113   949341    1.35%          x13_76 N  23940  18597     19
  23969  3328        cutoff            467.0000      460.7333   950495    1.34%          x61_75 U  23969  19464     15
  23986  3330      465.6901   168      467.0000      460.7500   951958    1.34%          x61_75 D  23986  23985     20
  24005  3333        cutoff            467.0000      460.7500   953133    1.34%          x40_74 U  24005  15354     10
  24026  3340      464.3065   142      467.0000      460.7879   954536    1.33%          x10_46 U  24026  24024     28
  24048  3344      462.9167   101      467.0000      460.8000   955461    1.33%          x45_40 D  24048  24047     21
Elapsed time = 1685.49 sec. (3336276.57 ticks, tree = 419.08 MB, solutions = 6)
  24065  3352      464.7308   141      467.0000      460.8000   956847    1.33%           x74_7 D  24065  24064     24
  24089  3356      462.3542   148      467.0000      460.8473   957913    1.32%          x65_33 N  24089  14456     17
  24113  3364      465.6034   169      467.0000      460.8704   959068    1.31%          x58_43 D  24113  24112     19
  24132  3365      461.7500    71      467.0000      460.8750   960039    1.31%          x61_67 N  24132  19688     19
  24152  3373      465.2500    60      467.0000      460.8800   960954    1.31%          x13_40 U  24152  20019     13
  24173  3376      462.1667   158      467.0000      460.9014   961867    1.31%          x74_40 U  24173  10994     10
  24198  3389        cutoff            467.0000      460.9167   963362    1.30%          x49_70 D  24198  24197     23
  24223  3401      462.1429   158      467.0000      460.9223   963882    1.30%          x45_74 D  24223  24222     24
  24243  3410        cutoff            467.0000      460.9333   965112    1.30%          x60_44 D  24243  24242     14
  24268  3427      463.4167    81      467.0000      460.9386   966380    1.30%          x65_33 D  24268  24267     20
Elapsed time = 1702.01 sec. (3375533.65 ticks, tree = 428.73 MB, solutions = 6)
  24287  3438      464.1667    74      467.0000      460.9477   967309    1.30%          x60_44 N  24287  24285     17
  24305  3442      465.6471    97      467.0000      460.9583   967955    1.29%           x67_1 N  24305  24304     23
  24326  3450        cutoff            467.0000      460.9655   969222    1.29%           x74_7 D  24326  24325     17
  24348  3452      464.2874   170      467.0000      460.9991   970329    1.28%          x29_58 N  24348  24347     15
  24370  3460        cutoff            467.0000      461.0000   971520    1.28%           x7_40 D  24370  24369     25
  24390  3462      462.5000    64      467.0000      461.0000   972993    1.28%          x60_44 D  24390  24389     17
  24411  3470      463.0000   164      467.0000      461.0000   974341    1.28%          x23_33 D  24411  24410     13
  24438  3489      465.6944   100      467.0000      461.0000   975413    1.28%          x23_58 U  24438  24436     26
  24457  3491      466.0000    89      467.0000      461.0000   976542    1.28%          x43_70 N  24457  24456     20
  24488  3511        cutoff            467.0000      461.0000   977259    1.28%          x43_46 D  24488  24487     30
Elapsed time = 1718.04 sec. (3414533.70 ticks, tree = 444.03 MB, solutions = 6)
  24505  3510      465.6667   112      467.0000      461.0242   978612    1.28%          x33_43 N  24505  24504     20
  24523  3516      464.0000    56      467.0000      461.0312   980039    1.28%          x65_33 N  24523  18599     21
  24541  3522      462.3115   141      467.0000      461.0455   980926    1.28%          x13_35 N  24541  24540     22
  24562  3531      463.7667   164      467.0000      461.0650   981733    1.27%          x30_61 D  24562  24561     12
  24583  3544      463.5000    22      467.0000      461.0667   982606    1.27%          x40_67 N  24583  24582     20
  24607  3558      464.5185   188      467.0000      461.0929   983702    1.26%          x52_75 D  24607  24606     24
  24629  3569      462.6902   177      467.0000      461.1000   984293    1.26%          x65_43 N  24629  24628     18
  24652  3579        cutoff            467.0000      461.1071   985266    1.26%          x61_75 U  24652  22016     19
  24676  3592      464.5599   129      467.0000      461.1111   986122    1.26%          x60_44 N  24676  24675     14
  24697  3599      463.2120   174      467.0000      461.1143   987281    1.26%          x78_71 D  24697  24696     11
Elapsed time = 1733.78 sec. (3454147.35 ticks, tree = 461.56 MB, solutions = 6)
  24720  3614      464.7500    15      467.0000      461.1220   988145    1.26%          x68_49 U  24720  24719     20
  24739  3623      462.9631   170      467.0000      461.1333   989069    1.26%          x67_40 N  24739  24738     23
  24761  3633      464.8750   159      467.0000      461.1512   990009    1.25%          x60_44 D  24761  24760     18
  24785  3643      465.6809   186      467.0000      461.1642   991397    1.25%           x74_7 D  24785  24784     22
  24806  3646      465.8415   167      467.0000      461.1786   992057    1.25%          x60_44 N  24806  24804     18
  24824  3647      462.2308   126      467.0000      461.2000   993109    1.24%          x78_71 N  24824  24823     16
  24839  3650        cutoff            467.0000      461.2000   994496    1.24%          x25_39 D  24839  24837     16
  24859  3659      465.1355   185      467.0000      461.2091   995569    1.24%          x16_19 N  24859  15969     14
  24878  3659      465.5000    18      467.0000      461.2297   996977    1.24%          x72_40 U  24878  24877     17
  24900  3668      462.8915   168      467.0000      461.2417   998133    1.23%          x72_40 D  24900  17204     16
Elapsed time = 1750.62 sec. (3493795.02 ticks, tree = 472.19 MB, solutions = 6)
  24923  3679      465.8333    49      467.0000      461.2500   999303    1.23%          x65_33 N  24923  24922     27
  24944  3684      464.6608   180      467.0000      461.2500  1000167    1.23%          x78_71 D  24944  24942     15
  24962  3682      465.7333   167      467.0000      461.2639  1001577    1.23%          x13_35 N  24962  19992     20
  24983  3693      465.3505   156      467.0000      461.2727  1002326    1.23%          x48_46 N  24983  24982     29
  25001  3697      464.6000   163      467.0000      461.2817  1002929    1.22%          x30_61 N  25001  25000     19
  25017  3689      463.2138   177      467.0000      461.3280  1004318    1.21%          x74_40 N  25017  13201     10
  25044  3706      465.3833   168      467.0000      461.3333  1005434    1.21%          x74_40 U  25044  25043     19
  25072  3716      462.3611   112      467.0000      461.3333  1006233    1.21%          x65_33 D  25072  25071     19
  25099  3732      464.1167   186      467.0000      461.3333  1007333    1.21%          x72_45 U  25099    238     14
  25122  3747      463.5417   176      467.0000      461.3333  1008006    1.21%          x33_43 D  25122  25121     33
Elapsed time = 1767.07 sec. (3533453.15 ticks, tree = 486.58 MB, solutions = 6)
  25147  3758      464.4737   178      467.0000      461.3396  1009095    1.21%          x74_40 N  25147  16923     15
  25174  3769      464.0535   202      467.0000      461.3632  1010180    1.21%          x30_61 D  25174  25173     16
  25196  3773        cutoff            467.0000      461.3636  1011212    1.21%          x72_78 D  25196  25194     26
  25214  3771      465.3841   181      467.0000      461.3750  1012323    1.20%          x14_46 N  25214  15972     17
  25229  3772      464.5000    96      467.0000      461.3750  1013207    1.20%          x33_43 N  25229  25227     14
  25249  3776        cutoff            467.0000      461.3772  1013973    1.20%          x22_35 U  25249  25247     18
  25266  3777      463.0206   186      467.0000      461.4000  1015072    1.20%          x74_40 N  25266  10994     10
  25288  3788      464.5833   157      467.0000      461.4000  1015874    1.20%          x74_40 N  25288  22499     16
  25310  3795      461.4197   192      467.0000      461.4118  1016369    1.20%          x65_43 N  25310  25309     13
  25332  3807        cutoff            467.0000      461.4167  1017073    1.20%          x40_45 D  25332  25331     27
Elapsed time = 1781.94 sec. (3572973.23 ticks, tree = 490.86 MB, solutions = 6)
  25350  3815      463.6893   185      467.0000      461.4231  1018053    1.19%          x75_61 N  25350  25349     24
  25369  3819      463.8508   173      467.0000      461.4286  1019275    1.19%          x78_71 N  25369  25368     20
  25389  3817      462.6000   141      467.0000      461.4454  1020241    1.19%          x68_49 N  25389   9606     12
  25419  3840        cutoff            467.0000      461.4561  1021081    1.19%          x78_52 D  25419  25418     32
  25444  3849        cutoff            467.0000      461.4625  1021677    1.19%          x12_70 U  25444  25441     24
  25464  3849      462.0427   185      467.0000      461.4783  1022797    1.18%          x58_43 D  25464  25463     18
  25494  3865      464.0667   111      467.0000      461.5000  1023973    1.18%          x14_46 D  25494  25493     17
  25520  3881      463.9234   165      467.0000      461.5000  1024604    1.18%          x14_46 N  25520  23191     18
  25540  3883      463.6667    72      467.0000      461.5000  1025732    1.18%          x74_40 N  25540  22560     14
  25558  3875      464.6250   106      467.0000      461.5167  1027308    1.17%          x74_40 N  25558  18358     21
Elapsed time = 1797.37 sec. (3612532.06 ticks, tree = 493.20 MB, solutions = 6)
  25580  3883      464.9750    99      467.0000      461.5245  1027871    1.17%          x20_34 N  25580  25579     22
  25599  3885      462.0000   158      467.0000      461.5344  1028829    1.17%          x68_49 N  25599  15608     13
  25617  3897      463.2500    50      467.0000      461.5356  1029396    1.17%          x33_43 N  25617  25616     14
  25635  3898      465.7902   172      467.0000      461.5455  1030588    1.17%          x13_35 N  25635  19354     18
  25653  3906      465.3359   136      467.0000      461.5537  1031063    1.17%          x29_58 N  25653  25652     18
  25672  3911      464.0000   127      467.0000      461.5600  1032039    1.16%          x14_46 N  25672  25671     16
  25689  3907        cutoff            467.0000      461.5714  1033412    1.16%          x52_75 U  25689  22590     16
  25707  3906        cutoff            467.0000      461.5926  1034767    1.16%          x65_43 U  25707  23799     17
  25728  3905      462.5135   183      467.0000      461.6199  1035601    1.15%          x58_43 N  25728  25727     21
  25750  3918      465.3016   172      467.0000      461.6264  1036466    1.15%          x78_71 N  25750  25749     13
Elapsed time = 1811.93 sec. (3651813.76 ticks, tree = 499.76 MB, solutions = 6)
  25766  3913      466.0000    50      467.0000      461.6429  1037911    1.15%          x48_46 N  25766  25764     21
  25777  3914      464.2500    49      467.0000      461.6500  1038396    1.15%          x44_39 N  25777  25776     16
  25793  3917        cutoff            467.0000      461.6544  1039358    1.14%          x45_40 U  25793  25791     26
  25813  3925      463.1091   173      467.0000      461.6667  1040583    1.14%          x60_44 N  25813  20150     17
  25831  3935      463.6250    88      467.0000      461.6667  1041643    1.14%          x60_44 N  25831  16211     15
  25854  3944        cutoff            467.0000      461.6667  1042391    1.14%          x61_67 U  25854  25852     25
  25873  3958      464.4375   107      467.0000      461.6667  1043189    1.14%          x71_72 N  25873  25872     26
  25894  3962      462.8271   160      467.0000      461.6800  1044119    1.14%          x65_33 N  25894  14608     13
  25912  3980      464.7165   157      467.0000      461.6800  1044491    1.14%           x8_58 N  25912  25911     31
  25986  4009      464.1667    19      467.0000      461.7205  1047972    1.13%          x39_65 N  25986  25983     13
Elapsed time = 1828.89 sec. (3703060.66 ticks, tree = 500.95 MB, solutions = 6)
  26063  4042      462.0000    32      467.0000      461.7500  1050767    1.12%          x78_76 N  26063  15817     26
  26139  4064      465.0000   138      467.0000      461.7925  1054320    1.12%          x78_71 N  26139  26138     15
* 26204   875      integral     0      464.0000      461.8045  1056585    0.47%
  26222   866      462.9623   138      464.0000      461.8333  1057368    0.47%          x33_43 N  26222  26221     17
  26317   804        cutoff            464.0000      461.9727  1059991    0.44%          x23_33 U  26317  20309     15
  26404   766        cutoff            464.0000      462.0125  1063234    0.43%          x60_44 D  26404  26402     17
  26496   707        cutoff            464.0000      462.1250  1065980    0.40%          x78_71 U  26496  23026     12
  26589   644        cutoff            464.0000      462.2500  1069069    0.38%          x65_33 D  26589  26588     19
  26684   576        cutoff            464.0000      462.3333  1071665    0.36%          x52_75 U  26684  21746     21
  26787   494        cutoff            464.0000      462.4211  1073907    0.34%          x45_61 U  26787  19949     18
  26882   428      462.5833    83      464.0000      462.5000  1076625    0.32%           x7_40 N  26882   9411     16
Elapsed time = 1897.28 sec. (3856818.33 ticks, tree = 52.42 MB, solutions = 7)
  26984   329        cutoff            464.0000      462.6250  1078675    0.30%          x78_71 U  26984  21328     20
  27097   225        cutoff            464.0000      462.7788  1080047    0.26%          x49_46 U  27097   6412     20
  27214   112        cutoff            464.0000      462.9370  1081045    0.23%           x40_7 U  27214  19214     17
  27325     1        cutoff            464.0000      463.0000  1082433    0.22%          x49_46 D  27325  23749     23

Zero-half cuts applied:  1
User cuts applied:  25379

Root node processing (before b&c):
  Real time             =    1.10 sec. (2793.66 ticks)
Sequential b&c:
  Real time             = 1923.34 sec. (3915831.64 ticks)
                          ------------
Total (root+branch&cut) = 1924.44 sec. (3918625.29 ticks)

