Version identifier: 22.1.0.0 | 2022-03-09 | 1a383f8ce
CPXPARAM_Preprocessing_Reduce                    1
CPXPARAM_Threads                                 1
CPXPARAM_Preprocessing_Reformulations            0
CPXPARAM_TimeLimit                               10800
CPXPARAM_MIP_Tolerances_AbsMIPGap                0.999
CPXPARAM_MIP_Limits_TreeMemory                   20000
Legacy callback                                  BbLUID
         Disabling repeat represolve because of lazy constraint/incumbent callback.
Tried aggregator 1 time.
MIP Presolve eliminated 16029 rows and 0 columns.
MIP Presolve modified 949 coefficients.
Reduced MIP has 1111 rows, 4339 columns, and 25547 nonzeros.
Reduced MIP has 4339 binaries, 0 generals, 0 SOSs, and 0 indicators.
Presolve time = 0.02 sec. (32.07 ticks)
Probing time = 0.00 sec. (3.22 ticks)
Clique table members: 1111.
MIP emphasis: balance optimality and feasibility.
MIP search method: traditional branch-and-cut.
Parallel mode: none, using 1 thread.
Root relaxation solution time = 0.00 sec. (3.65 ticks)

        Nodes                                         Cuts/
   Node  Left     Objective  IInf  Best Integer    Best Bound    ItCnt     Gap         Variable B NodeID Parent  Depth

      0     0      421.0000    41                    372.0000      101         
      0     0      437.0000   117                    Cuts: 68      160         
      0     0      438.4000   156                    Cuts: 22      188         
      0     0      439.3333   106                    Cuts: 14      199         
      0     0      441.3333   114                     Cuts: 9      209         
      0     0      444.0000    20                    Cuts: 19      227         
      0     0      444.2500    95                    User: 29      236         
      0     0      444.5833   110                     Cuts: 9      246         
      0     0      444.8333   104                     Cuts: 7      254         
      0     0      449.0000    92                    Cuts: 15      294         
      0     0      449.8889   141                     Cuts: 9      326         
      0     0      451.0000   132                    Cuts: 12      341         
      0     0      452.5625   156                    Cuts: 10      364         
      0     0      452.6562   154                    Cuts: 12      375         
      0     0      454.0000    14                    Cuts: 13      394         
      0     0      457.7500   112                    User: 21      416         
      0     0      462.2500    96                    Cuts: 10      483         
      0     0      463.1250   140                     Cuts: 6      508         
      0     0      463.3125   140                     User: 9      518         
      0     0      463.7396   184                    Cuts: 11      539         
      0     0      463.7500    98                     User: 6      540         
      0     0      464.2500   112                     Cuts: 9      550         
      0     0      464.5000   182                     Cuts: 5      579         
      0     0      464.7500   183                     Cuts: 7      602         
      0     0      465.0776   198                     Cuts: 6      632         
      0     0      465.1429   180                     Cuts: 9      637         
      0     0      465.4271   196                     Cuts: 5      660         
      0     0      465.5443   189                     Cuts: 7      668         
      0     0      465.6107   189                     User: 7      682         
      0     0      465.6786   173                    User: 12      692         
      0     2      466.6429   187                    466.7143      692                                 0             0
Elapsed time = 1.01 sec. (2627.39 ticks, tree = 0.01 MB, solutions = 0)
      1     3      467.4773   194                    467.4901      805                   x59_21 N      1      0      1
      2     4      468.4250   199                    467.7131      989                   x63_21 N      2      1      2
      3     5      468.8995   200                    468.4250     1103                   x63_21 N      3      1      2
      4     6      471.2196   195                    468.4250     1308                   x16_25 N      4      3      3
      5     7      470.2143   179                    468.4250     1373                   x16_25 U      5      3      3
      7     9      477.0588   144                    468.4250     1675                   x21_18 N      7      5      4
     10    12      478.8000   174                    468.4250     2136                   x19_17 N     10      8      6
     13    15      479.2000   163                    468.4250     2542                   x44_17 N     13     11      8
     17    19      479.6071   167                    468.4250     2951                   x18_78 N     17     15     11
     28    30      488.5805   179                    468.4250     4976                   x69_19 N     28     26     19
Elapsed time = 2.81 sec. (7075.07 ticks, tree = 0.24 MB, solutions = 0)
     43    45      503.5000    28                    468.4250     6225                   x11_18 N     43     42     29
     66    68      507.6000    26                    468.4250     6976                    x58_5 N     66     65     45
     91    93      515.5000    33                    468.4250     7417                   x73_46 D     91     89     64
    121   123      518.0000    36                    468.4250     7873                   x34_72 N    121    120     91
    147   149      520.3298    95                    468.4250     8263                   x23_63 N    147    146    115
    163   165      532.4000    28                    468.4250     8504                   x78_18 N    163    161    128
    180   182      523.2500    66                    468.4250     9240                   x72_41 D    180    179    142
    200   202      525.9662    77                    468.4250     9696                   x25_64 D    200    199    159
    220   222      527.4615    66                    468.4250    10077                   x45_40 D    220    219    177
    240   242      538.5000    55                    468.4250    10975                   x35_50 D    240    239    191
Elapsed time = 7.84 sec. (17325.39 ticks, tree = 5.44 MB, solutions = 0)
    260   262      552.4396    80                    468.4250    11318                   x52_13 N    260    259    210
    282   284      554.2250    58                    468.4250    11733                   x13_38 D    282    281    228
    304   304      565.0000    30                    468.4250    12327                   x72_48 N    304    302    247
    329   329      575.3718    65                    468.4250    12658                   x68_71 N    329    328    271
    344   341      479.1333   175                    468.4651    13537                   x69_19 N    344    341      9
    361   358      504.8750    81                    468.4651    14571                    x6_63 N    361    360     21
    380   377      509.7500    63                    468.4651    15283                    x3_70 N    380    378     33
    402   399      512.1667    40                    468.4651    15675                   x54_77 D    402    400     49
    426   423      539.0000    32                    468.4651    16639                   x72_30 N    426    424     66
    445   442      521.6250    67                    468.4651    17235                    x37_2 D    445    444     82
Elapsed time = 13.46 sec. (27503.99 ticks, tree = 11.52 MB, solutions = 0)
    470   467      526.1429    58                    468.4651    17812                   x14_65 D    470    469    102
    498   495      528.1500    66                    468.4651    18280                    x62_2 D    498    497    125
    520   517      546.2500    49                    468.4651    18606                   x24_18 N    520    518    144
    545   542      532.0625    78                    468.4651    19133                   x62_35 D    545    544    167
    567   564      534.4609    81                    468.4651    19624                   x38_20 D    567    566    186
    592   589      536.3406    80                    468.4651    19961                    x8_70 D    592    591    208
    619   616      539.7692    76                    468.4651    20582                   x51_40 N    619    618    232
    652   647      604.1667    47                    468.4651    21152                   x50_51 N    652    650    262
    673   664      477.6094   189                    470.1667    22481                   x66_44 N    673    672      8
    691   682      497.0333    95                    470.1667    23216                   x57_69 N    691    689     22
Elapsed time = 19.48 sec. (37510.39 ticks, tree = 17.73 MB, solutions = 0)
    709   700      495.3642   144                    470.1667    23930                   x79_52 N    709    708     36
    720   711      506.1429    84                    470.1667    24827                   x20_66 D    720    719     44
    735   726      512.9000   120                    470.1667    25519                    x4_10 D    735    734     57
    749   740      531.5000   121                    470.1667    26597                   x53_72 D    749    748     67
    770   761      537.3793   103                    470.1667    27293                   x65_71 D    770    769     83
    781   772      622.6000    85                    470.1667    28470                   x20_16 N    781    779     92
    800   791      554.1912    79                    470.1667    29145                   x53_17 N    800    799    107
    824   815      513.0000   146                    470.5385    30625                   x33_80 N    824    822     22
    838   829      510.1667   106                    470.5385    31561                   x69_40 N    838    837     31
    855   846      514.7727   154                    470.5385    32262                   x63_59 N    855    853     43
Elapsed time = 25.96 sec. (47998.12 ticks, tree = 24.02 MB, solutions = 0)
    875   866      522.7576   110                    470.5385    33137                   x51_35 D    875    873     55
    894   885      593.1250   139                    470.5385    33988                   x17_52 N    894    892     68
    917   906      539.0000    97                    470.5385    34766                   x39_20 D    917    915     87
    939   924    infeasible                          470.5385    35990                    x20_8 N    939    937    105
    959   938      488.2860   190                    470.5385    37164                   x57_69 D    959    957     15
    974   953      501.8250   140                    470.5385    38270                   x78_21 N    974    972     24
    984   963      525.8611   137                    470.5385    39240                   x21_59 N    984    982     30
    998   977      529.0673   140                    470.5385    39842                   x40_41 D    998    996     40
   1023  1000      545.1500   152                    470.5385    40568                   x20_40 N   1023   1022     58
   1041  1010      483.0000   101                    470.6786    41702                   x66_33 D   1041   1040     10
Elapsed time = 32.82 sec. (58246.84 ticks, tree = 30.94 MB, solutions = 0)
   1065  1034      509.3288   179                    470.6786    42872                   x64_16 D   1065   1064     34
   1100  1069      534.2000   104                    470.6786    44176                   x51_33 N   1100   1099     69
   1112  1081      569.4000   102                    470.6786    45373                   x33_35 D   1112   1111     81
   1151  1120      583.1731   135                    470.6786    46151                   x33_71 D   1151   1150    120
   1169  1135    infeasible                          470.6786    47219                   x20_38 N   1169   1168    138
   1191  1157      499.3333   159                    470.8929    48423                   x57_44 D   1191   1189     18
   1216  1182      537.2500   151                    470.8929    49304                   x53_35 N   1216   1213     33
   1239  1205      568.0000    89                    470.8929    50659                   x13_33 N   1239   1237     51
   1262  1228      581.0000   103                    470.8929    51989                   x24_33 N   1262   1259     68
   1283  1249      554.0490   161                    470.8929    52583                   x17_44 D   1283   1281     85
Elapsed time = 39.89 sec. (68282.74 ticks, tree = 40.48 MB, solutions = 0)
   1307  1273      584.6190   152                    470.8929    53317                   x62_53 N   1307   1305    104
   1336  1302      607.0714    88                    470.8929    54179                   x75_33 N   1336   1335    127
   1353  1315      611.3636   108                    470.8929    55187                   x53_72 D   1353   1352    140
   1378  1340      706.9286    87                    470.8929    56337                    x1_33 N   1378   1376    161
   1397  1357      631.6667    46                    470.8929    57532                   x49_71 N   1397   1395    176
   1419  1379      671.5000    42                    470.8929    58344                     x5_8 D   1419   1417    190
   1435  1387      478.7500   128                    471.0667    59290                   x35_53 N   1435   1434      9
   1468  1420      505.2500    32                    471.0667    60289                   x65_49 D   1468   1467     42
   1513  1465      515.0000    34                    471.0667    60765                   x54_77 D   1513   1512     87
   1536  1488      548.5000    39                    471.0667    60981                   x70_34 N   1536   1535    110
Elapsed time = 46.28 sec. (78254.61 ticks, tree = 52.08 MB, solutions = 0)
   1565  1517      566.3333    45                    471.0667    61410                   x48_59 N   1565   1564    139
   1593  1545      596.3000    63                    471.0667    61851                   x34_59 D   1593   1592    167
   1600  1552      598.3438    69                    471.0667    61937                   x34_75 D   1600   1599    174
   1618  1570      635.7174   108                    471.0667    62215                   x70_33 N   1618   1617    192
   1657  1609      668.9286    74                    471.0667    62677                   x20_70 N   1657   1656    231
   1697  1643      477.1667   185                    471.0909    63585                   x20_80 D   1697   1696     10
   1718  1664      494.3769   180                    471.0909    64894                   x41_57 N   1718   1717     24
   1743  1689      506.6667   108                    471.0909    66262                   x40_41 N   1743   1741     39
   1753  1699      510.6528   171                    471.0909    67448                   x16_25 N   1753   1750     45
   1771  1717      519.7436   153                    471.0909    68661                   x35_59 D   1771   1769     60
Elapsed time = 52.92 sec. (88716.55 ticks, tree = 63.90 MB, solutions = 0)
   1791  1737      555.5000   135                    471.0909    70306                    x8_53 N   1791   1789     76
   1808  1754      544.2389   139                    471.0909    71489                   x56_13 U   1808   1806     89
   1829  1775      564.4167   122                    471.0909    72655                   x65_71 U   1829   1827    101
   1845  1791      580.0656   130                    471.0909    73425                   x56_79 N   1845   1843    112
   1856  1798      476.0833   125                    471.0952    74307                   x11_35 N   1856    665      3
   1882  1824      516.7143   113                    471.0952    75777                   x70_28 N   1882   1881     29
   1915  1857      537.5455    79                    471.0952    76346                   x43_68 D   1915   1914     62
   1941  1883      550.0000    58                    471.0952    76785                   x22_16 N   1941   1940     88
   1955  1897      560.0000    60                    471.0952    77046                   x22_28 N   1955   1954    102
   2040  1982      579.9300   103                    471.0952    78272                   x65_16 N   2040   2039    187
Elapsed time = 61.45 sec. (101899.16 ticks, tree = 66.61 MB, solutions = 0)
   2167  2109      622.3250    94                    471.0952    79742                   x18_54 N   2167   2166    314
   2224  2161      501.6667   140                    471.2500    83112                   x57_69 U   2224   2222     20
   2264  2201      559.9762   164                    471.2500    87857                    x16_5 N   2264   2261     45
   2347  2282      608.4348    65                    471.2500    91022                   x50_41 D   2347   2346    103
   2414  2343      502.5000    44                    471.3182    94277                   x70_28 N   2414   2413     28
   2521  2450      524.2525   113                    471.3182    96338                   x64_40 N   2521   2520    135
   2620  2549      490.9835   177                    471.4167    99209                   x53_17 N   2620   2618     16
   2682  2611      542.7500   111                    471.4167   102696                   x50_72 D   2682   2680     62
   2744  2663      502.6000   124                    471.4828   106145                   x57_69 U   2744   2743     19
   2784  2703      590.5217   145                    471.4828   110462                   x66_64 N   2784   2782     45
Elapsed time = 87.94 sec. (140665.92 ticks, tree = 99.18 MB, solutions = 0)
   2848  2767      598.2222    48                    471.4828   112795                   x73_47 U   2848   2846     88
   2896  2811      517.5385   168                    471.4900   116453                   x69_19 N   2896   2893     17
   2946  2861      537.1500    67                    471.4900   118288                    x9_71 D   2946   2944     52
   3000  2915      552.6875    55                    471.4900   119663                   x22_77 N   3000   2999     91
   3048  2963      599.2000    63                    471.4900   120811                    x9_42 N   3048   3047    124
   3104  3013      479.6656   169                    471.4911   122259                   x33_20 N   3104   3103     17
   3191  3100      524.5714    33                    471.4911   124364                   x34_72 U   3191   3190    104
   3261  3170      572.4286    59                    471.4911   125256                   x50_66 D   3261   3260    174
   3342  3251      628.7500    27                    471.4911   126034                    x76_6 N   3342   3341    255
   3391  3300      673.3750    46                    471.4911   126493                    x11_5 N   3391   3390    304
Elapsed time = 111.91 sec. (179684.23 ticks, tree = 140.28 MB, solutions = 0)
   3430  3335      512.3571   140                    471.5417   129199                   x35_20 U   3430   3428     23
   3476  3381      592.8889   150                    471.5417   132084                   x16_79 N   3476   3474     54
   3525  3430      637.3636   117                    471.5417   135282                   x33_12 N   3525   3523     90
   3586  3491      636.5000    38                    471.5417   136854                   x33_53 U   3586   3585    139
   3668  3572      557.1389   104                    471.5500   139452                   x69_40 N   3668   3667     71
   3772  3674      616.1667    56                    471.5500   140926                   x30_41 D   3772   3771    174
   3830  3732      507.7143   148                    471.7500   143373                   x69_57 D   3830   3828     24
   3882  3784      550.3333   157                    471.7500   146750                   x16_64 D   3882   3881     62
   3951  3851      611.9813   112                    471.7500   149326                   x55_40 N   3951   3949    110
   3998  3888      473.2258   169                    471.9615   151581                   x44_66 D   3998   1170      4
Elapsed time = 136.75 sec. (218780.03 ticks, tree = 181.94 MB, solutions = 0)
   4098  3988      566.1731   156                    471.9615   155056                   x33_17 D   4098   4097    104
   4187  4077      701.5000    50                    471.9615   157536                   x20_40 N   4187   4186    193
   4228  4118      509.4250   176                    472.3889   160816                   x80_81 N   4228   4226     21
   4249  4135      546.5195   182                    472.3889   164290                   x44_64 D   4249   4248     36
   4280  4164      641.3333   135                    472.3889   167841                   x47_21 D   4280   4279     60
   4356  4236      543.4844   112                    472.5000   171640                   x66_41 N   4356   4355     75
   4400  4277      488.7270   183                    472.5000   174318                   x17_53 D   4400   4398     17
   4441  4318      530.7273   153                    472.5000   177524                   x69_20 N   4441   4438     46
   4474  4343    infeasible                          472.5000   182139                   x68_66 N   4474   4472     70
   4524  4391      590.6875   131                    472.5652   184768                   x13_64 N   4524   4522     38
Elapsed time = 162.17 sec. (258220.28 ticks, tree = 222.17 MB, solutions = 0)
   4586  4443      497.4251   169                    472.6667   187515                   x79_52 D   4586   4583     17
   4659  4516      531.7143    76                    472.6667   190084                   x26_55 U   4659   4658     74
   4717  4574      614.0000    12                    472.6667   191251                   x64_70 U   4717   4715    116
   4780  4633      507.5683   186                    472.7143   193207                   x57_53 D   4780   4779     20
   4856  4709      598.1429   128                    472.7143   195950                   x44_35 N   4856   4855     96
   4958  4807      475.3333   148                    472.7929   198287                   x79_20 D   4958   4957      9
   4995  4844      570.7500    94                    472.7929   201554                   x20_25 N   4995   4992     33
   5036  4885      562.8000   127                    472.7929   204817                    x28_3 N   5036   5034     63
   5076  4925      575.0000   116                    472.7929   207597                   x78_63 D   5076   5074     91
   5142  4987    infeasible                          472.7929   209056                   x75_68 N   5142   5140    141
Elapsed time = 186.69 sec. (296913.54 ticks, tree = 273.12 MB, solutions = 0)
   5200  5035      479.7334   168                    472.8333   210405                   x13_56 U   5200   5199     10
   5261  5096      562.0000   153                    472.8333   214208                   x35_20 D   5261   5260     71
   5305  5136    infeasible                          472.8333   218359                   x20_57 N   5305   5303    114
   5342  5173      531.7857   166                    472.8333   221734                   x35_41 N   5342   5340     31
   5383  5212      554.1308   143                    472.8333   224641                    x33_8 N   5383   5381     59
   5400  5221      484.0958   141                    472.8704   228578                   x66_35 U   5400   2202      8
   5458  5275      482.9149   184                    473.0982   231974                   x79_52 D   5458   5456     10
   5516  5333      510.0000     8                    473.0982   234337                   x11_59 D   5516   5514     46
   5571  5388      526.0000    26                    473.0982   235910                   x75_68 D   5571   5569     88
   5618  5435      539.5000    30                    473.0982   236621                   x36_70 D   5618   5616    127
Elapsed time = 210.38 sec. (336329.37 ticks, tree = 314.24 MB, solutions = 0)
   5670  5487      547.4516    69                    473.0982   238292                   x33_68 D   5670   5669    172
   5706  5523      561.8000    27                    473.0982   239132                   x51_31 D   5706   5704    202
   5740  5557      570.5000    62                    473.0982   239966                   x13_71 D   5740   5739    229
   5783  5600      635.0588    61                    473.0982   240806                    x8_17 U   5783   5781    267
   5819  5636      651.9688    66                    473.0982   241224                   x27_22 D   5819   5817    301
   5875  5685      521.5000    55                    473.1389   243156                   x56_13 N   5875   5874     45
   5984  5794      566.0000    63                    473.1389   245719                   x50_49 D   5984   5983    154
   6079  5883      510.7692   156                    473.1875   247931                   x44_53 U   6079   6077     20
   6116  5920      534.4167   151                    473.1875   250947                   x53_17 U   6116   6115     45
   6133  5937      552.2757   186                    473.1875   253445                   x57_66 D   6133   6131     56
Elapsed time = 233.17 sec. (375072.63 ticks, tree = 364.28 MB, solutions = 0)
   6169  5973      594.2500   123                    473.1875   256443                   x51_75 D   6169   6167     85
   6214  6016    infeasible                          473.1875   258726                   x70_35 U   6214   6212    118
   6232  6030      491.4773   184                    473.2037   261970                   x33_79 D   6232   6231     11
   6250  6048      511.3333   152                    473.2037   264988                   x35_53 U   6250   6247     22
   6270  6068      532.5000    82                    473.2037   267610                   x52_13 N   6270   6267     33
   6299  6097      618.5333   131                    473.2037   270214                   x17_38 N   6299   6297     56
   6342  6134      479.4667   152                    473.2273   273085                   x21_17 U   6342   6340     11
   6387  6177      522.5190   162                    473.2273   275660                   x20_12 N   6387   6385     43
   6410  6200      544.6389   150                    473.2273   276865                    x3_11 D   6410   6409     63
   6450  6232      555.6780   101                    473.2273   279277                    x5_16 D   6450   6448     93
Elapsed time = 257.25 sec. (414681.73 ticks, tree = 394.44 MB, solutions = 0)
   6532  6308      491.7065    69                    473.2500   281227                   x11_28 D   6532   6531     38
   6640  6416      495.0357    60                    473.2500   282800                   x70_20 D   6640   6639    146
   6732  6508      518.0000    26                    473.2500   283813                    x42_3 N   6732   6731    238
   6819  6595      537.4167    51                    473.2500   284610                   x51_31 D   6819   6818    325
   6841  6613      484.5510   192                    473.2895   285982                   x13_52 N   6841   6840     15
   6860  6632      544.1667    72                    473.2895   289571                   x69_80 N   6860   6858     26
   6893  6665      581.2167    72                    473.2895   291830                   x56_13 N   6893   6891     52
   6921  6691      633.5185   128                    473.2895   294276                    x8_80 N   6921   6919     72
   6967  6727      486.3857   175                    473.3019   297179                   x41_19 U   6967   6966     17
   7009  6769      538.4333   172                    473.3019   299485                   x70_64 D   7009   7008     59
Elapsed time = 281.81 sec. (453630.48 ticks, tree = 446.73 MB, solutions = 0)
   7046  6802      507.3721   161                    473.3571   301933                   x57_41 N   7046   7044     27
   7105  6861      513.6000    33                    473.3571   303290                   x47_78 U   7105   7104     70
   7145  6901      530.6667    14                    473.3571   303656                   x12_30 D   7145   7144    102
   7167  6923      553.4615    35                    473.3571   304433                   x51_30 N   7167   7166    118
   7185  6941      572.0000    12                    473.3571   304902                   x48_32 D   7185   7183    130
   7200  6956      602.6161    38                    473.3571   305120                   x46_48 N   7200   7199    144
   7226  6982      620.3000    16                    473.3571   305436                   x78_48 U   7226   7225    165
   7240  6996      679.8750    51                    473.3571   305936                    x55_9 N   7240   7237    175
   7267  7021      701.8333    40                    473.3571   306620                   x48_65 D   7267   7266    197
   7316  7070      791.0000    67                    473.3571   307554                    x9_40 N   7316   7314    238
Elapsed time = 302.19 sec. (493722.37 ticks, tree = 481.10 MB, solutions = 0)
   7368  7115      502.0000   126                    473.3780   308880                   x52_79 U   7368   7367     27
   7439  7186      543.2500    29                    473.3780   311075                   x23_76 U   7439   7438     98
   7504  7251      593.8991    92                    473.3780   312143                    x3_43 N   7504   7503    163
   7589  7336      596.3077    52                    473.3780   312758                    x50_8 N   7589   7588    248
   7611  7358      597.4615    40                    473.3780   312914                   x68_75 N   7611   7610    270
   7667  7414      603.0275    80                    473.3780   313278                    x3_46 D   7667   7666    326
   7699  7446      684.2222    28                    473.3780   313643                   x36_51 N   7699   7698    358
   7720  7463      503.6856   189                    473.4000   315831                   x57_69 N   7720   7717     16
   7743  7486      574.2500   137                    473.4000   318255                   x12_33 N   7743   7741     32
   7770  7513      575.3419   149                    473.4000   320384                   x66_41 D   7770   7769     52
Elapsed time = 325.71 sec. (534064.38 ticks, tree = 534.64 MB, solutions = 0)
   7801  7540      607.9032   160                    473.4000   323233                   x65_41 D   7801   7799     77
   7839  7574      647.3438   128                    473.4000   325321                    x5_16 D   7839   7836    105
   7880  7613      672.3333    76                    473.4000   327060                   x28_14 D   7880   7879    133
   7909  7632    infeasible                          473.4000   328347                   x68_64 N   7909   7907    156
   7963  7684      526.9456   186                    473.4177   331168                   x13_40 N   7963   7962     57
   8029  7750      543.4000   140                    473.4177   332376                   x50_41 D   8029   8028    123
   8064  7783    infeasible                          473.4177   335995                    x8_35 N   8064   8063    158
   8087  7804      541.1667   129                    473.5000   338845                   x57_33 D   8087   8086     22
   8109  7826      568.6667   130                    473.5000   340524                   x56_13 N   8109   8107     37
   8124  7835      635.1563   166                    473.5000   342614                   x66_64 N   8124   8122     48
Elapsed time = 351.13 sec. (574157.27 ticks, tree = 556.61 MB, solutions = 0)
   8147  7854      505.1389   174                    473.5000   345032                   x33_44 U   8147   8145     19
   8168  7875      557.6790   179                    473.5000   348121                   x28_44 N   8168   8166     34
   8190  7897      588.4844   170                    473.5000   351080                   x20_41 U   8190   8188     51
   8221  7928      630.0714   160                    473.5000   353891                   x64_35 N   8221   8219     74
   8246  7947      482.3125   148                    473.5000   356576                   x17_53 U   8246   8244     16
   8282  7983      504.1667    73                    473.5000   358847                   x75_22 N   8282   8281     39
   8342  8043      529.0000    20                    473.5000   360065                   x50_43 N   8342   8340     82
   8375  8076      553.1667    24                    473.5000   361011                   x68_65 N   8375   8373    108
   8400  8101      535.0000    59                    473.5000   361584                   x57_17 D   8400   8399    130
   8446  8147      540.5000    22                    473.5000   362206                   x55_36 D   8446   8445    171
Elapsed time = 373.77 sec. (615090.58 ticks, tree = 595.02 MB, solutions = 0)
   8497  8198      556.3750    40                    473.5000   362607                   x40_17 D   8497   8496    220
   8517  8214      483.4000   150                    473.5481   363318                   x69_19 D   8517   8516     14
   8588  8285      554.2400   178                    473.5481   366283                   x18_21 U   8588   8587     85
   8660  8357      602.0000    91                    473.5481   368404                    x5_16 U   8660   8659    157
   8760  8457      666.8077    82                    473.5481   370078                   x42_45 N   8760   8759    257
   8814  8505      483.6034   189                    473.6000   371833                   x80_81 D   8814   8812     10
   8830  8521      509.6944   184                    473.6000   374371                   x33_79 N   8830   8827     21
   8864  8555      523.7500    87                    473.6000   376205                   x70_11 U   8864   8861     44
   8902  8593      544.0000    24                    473.6000   377265                    x6_47 N   8902   8901     69
   8940  8631      557.5000     8                    473.6000   378386                   x72_75 N   8940   8938     98
Elapsed time = 397.78 sec. (654349.40 ticks, tree = 660.42 MB, solutions = 0)
   8973  8664      561.7500    21                    473.6000   379380                   x34_68 N   8973   8971    122
   9003  8694      559.9444    33                    473.6000   380152                   x65_49 N   9003   9001    148
   9042  8733      567.7143    35                    473.6000   380702                   x51_32 D   9042   9041    183
   9079  8770      583.7333    58                    473.6000   381289                   x51_61 N   9079   9077    214
   9112  8793      482.9429   110                    473.6364   382089                   x33_44 U   9112   9111     17
   9183  8864      550.0603   154                    473.6364   384719                   x53_79 N   9183   9182     88
   9247  8924      498.6667    53                    473.6500   386801                   x20_57 N   9247   9246     20
   9272  8949      534.0000    86                    473.6500   388287                   x40_20 N   9272   9271     36
   9298  8975      550.0000    93                    473.6500   390804                   x45_41 D   9298   9297     55
   9320  8997      580.8542   131                    473.6500   393006                   x56_28 D   9320   9319     73
Elapsed time = 420.03 sec. (693110.69 ticks, tree = 710.87 MB, solutions = 0)
   9338  9015      601.9333   159                    473.6500   395518                   x76_23 U   9338   9336     86
   9363  9031      479.6667   131                    473.7600   398003                   x79_52 U   9363   9362     16
   9410  9078      510.5000    60                    473.7600   400193                   x50_72 D   9410   9409     63
   9460  9128      524.4000    40                    473.7600   400897                    x3_14 D   9460   9459    113
   9514  9182      530.0263    60                    473.7600   401284                   x75_24 D   9514   9513    167
   9592  9260      531.1667    29                    473.7600   401621                   x27_48 D   9592   9591    245
   9653  9321      532.1250    22                    473.7600   402065                   x78_63 N   9653   9652    306
   9737  9405      535.0000    10                    473.7600   402631                   x29_32 U   9737   9736    390
   9770  9438      594.5000     8                    473.7600   402917                   x15_29 U   9770   9769    423
   9786  9450      511.0816   164                    473.8125   405400                   x33_79 N   9786   9784     16
Elapsed time = 442.22 sec. (732079.35 ticks, tree = 773.48 MB, solutions = 0)
   9820  9484      544.2500    44                    473.8125   406536                   x70_53 D   9820   9818     37
   9859  9523      554.3108   105                    473.8125   407993                   x20_49 D   9859   9857     67
   9911  9575      587.0000    59                    473.8125   409524                   x36_50 N   9911   9909    107
   9931  9595      596.1667    54                    473.8125   410314                   x72_45 U   9931   9928    122
   9980  9644      595.3333    58                    473.8125   411098                   x62_22 N   9980   9978    160
  10021  9681      491.8889   130                    473.8333   412139                   x33_57 D  10021  10020     23
  10083  9743      532.6563    83                    473.8333   413978                   x70_41 D  10083  10082     85
  10122  9782      601.5000    46                    473.8333   415719                   x72_75 D  10122  10121    124
  10158  9812      477.3333   178                    473.8333   417656                   x59_17 D  10158  10157     10
  10196  9850      506.3333    71                    473.8333   419275                    x1_43 D  10196  10194     33
Elapsed time = 465.20 sec. (770961.75 ticks, tree = 831.55 MB, solutions = 0)
  10233  9887      519.7500    29                    473.8333   420280                   x72_34 N  10233  10231     60
  10268  9922      523.2500    50                    473.8333   420912                   x39_60 N  10268  10265     84
  10301  9955      541.5000    20                    473.8333   421522                   x45_50 N  10301  10299    111
  10332  9986      607.8333    57                    473.8333   422639                   x13_50 N  10332  10330    134
  10372 10026      576.5000    33                    473.8333   423696                   x50_45 N  10372  10370    167
  10395 10047      551.4107    58                    473.8333   424699                    x8_64 U  10395  10394    186
  10420 10072      558.2581    48                    473.8333   425208                   x12_48 D  10420  10419    209
  10461 10113      591.7500    43                    473.8333   425870                   x34_70 N  10461  10460    247
  10478 10126    infeasible                          473.8333   426749                    x32_4 U  10478  10475    259
  10512 10160      503.7667   139                    473.8750   429006                   x44_79 D  10512  10511     34
Elapsed time = 485.38 sec. (810439.21 ticks, tree = 877.74 MB, solutions = 0)
  10551 10199      548.4722   147                    473.8750   430902                   x11_33 U  10551  10549     63
  10582 10230      543.2000   153                    473.8750   432989                   x28_21 U  10582  10581     87
  10627 10275      574.8000   104                    473.8750   434856                   x18_78 U  10627  10625    119
  10641 10289      579.8750   117                    473.8750   436609                   x33_44 D  10641  10639    130
  10669 10315    infeasible                          473.8750   439398                   x33_71 D  10669  10668    153
  10708 10348      724.3333   114                    473.8750   441345                   x34_51 D  10708  10707    187
  10737 10371      500.5000    59                    473.9000   443511                   x28_21 U  10737  10736     22
  10760 10394      515.7500    63                    473.9000   445177                   x50_72 U  10760  10758     35
  10784 10418      523.3333    26                    473.9000   446556                   x48_77 N  10784  10781     50
  10800 10434      534.1667    30                    473.9000   447693                   x65_14 N  10800  10798     61
Elapsed time = 509.95 sec. (851976.60 ticks, tree = 914.63 MB, solutions = 0)
  10825 10459      542.5000    37                    473.9000   448533                   x36_14 N  10825  10823     78
  10858 10492      554.8571    31                    473.9000   449421                    x71_1 N  10858  10857    105
  10882 10516      605.2500    28                    473.9000   450338                   x71_70 U  10882  10880    123
  10900 10534      591.2991    86                    473.9000   451373                   x71_53 D  10900  10899    138
  10928 10558      732.5000    40                    473.9000   452880                   x68_53 N  10928  10926    161
  10963 10587      636.4286    63                    473.9000   453626                   x52_57 U  10963  10961    189
  11000 10618      493.8438   156                    473.9565   455063                   x17_44 D  11000  10999     22
  11059 10677      512.0000    64                    473.9565   456188                   x49_14 U  11059  11058     81
  11138 10756      518.8261    43                    473.9565   456778                   x69_41 N  11138  11137    160
  11219 10837      534.8000    54                    473.9565   457429                   x69_57 U  11219  11218    241
Elapsed time = 531.20 sec. (891217.50 ticks, tree = 972.44 MB, solutions = 0)
  11287 10903      648.6087    51                    473.9565   458296                   x33_20 N  11287  11286    308
  11325 10935      496.6667    67                    473.9643   459826                   x66_80 U  11325  11323     22
  11359 10969      517.5556    36                    473.9643   461390                   x24_21 D  11359  11358     46
  11388 10998      529.0000    33                    473.9643   462415                   x73_24 D  11388  11386     66
  11422 11032      533.0000    16                    473.9643   463114                   x37_75 N  11422  11420     95
  11455 11065      535.6250    90                    473.9643   464784                   x36_71 D  11455  11454    123
  11501 11111      538.3247    76                    473.9643   465728                   x71_45 N  11501  11500    160
  11542 11152      543.3708    83                    473.9643   466763                   x30_27 U  11542  11540    192
  11571 11177      554.8000    60                    473.9643   467784                   x72_30 D  11571  11570    214
  11605 11211      484.1250   159                    473.9688   468580                   x79_20 D  11605  11604     11
Elapsed time = 553.08 sec. (930001.73 ticks, tree = 1030.68 MB, solutions = 0)
  11666 11272      517.7778   105                    473.9688   470402                   x65_49 N  11666  11665     72
  11697 11299      479.0833   137                    474.0000   472662                   x79_20 U  11697   4384      7
  11725 11327      500.3333    26                    474.0000   475009                    x3_11 D  11725  11724     27
  11742 11344      516.3333    36                    474.0000   476622                    x3_50 D  11742  11740     38
  11774 11376      522.2536    95                    474.0000   477870                   x72_70 N  11774  11773     63
  11800 11402      543.2143    64                    474.0000   479227                   x22_49 D  11800  11799     81
  11816 11418      589.8333    97                    474.0000   480670                   x35_12 N  11816  11814     92
  11839 11441      586.1429    35                    474.0000   481473                    x9_25 N  11839  11838    111
  11870 11472      598.4476   119                    474.0000   482419                   x36_25 N  11870  11869    138
  11887 11489      633.6667    65                    474.0000   483665                   x35_52 U  11887  11884    148
Elapsed time = 576.75 sec. (969752.54 ticks, tree = 1075.20 MB, solutions = 0)
  11916 11518      659.2943    87                    474.0000   485057                   x56_35 D  11916  11914    170
  11935 11529    infeasible                          474.0000   486718                   x44_41 N  11935  11933    183
  11970 11560      493.0000    97                    474.0000   488500                   x41_69 D  11970  11969     41
  12000 11590      503.8606   163                    474.0000   489157                   x58_41 D  12000  11999     71
  12076 11666      575.3750   113                    474.0000   491053                    x8_49 D  12076  12075    147
  12118 11708      594.0000    24                    474.0000   492508                   x63_18 U  12118  12117    189
  12155 11741      492.2531   191                    474.0000   494754                   x33_35 D  12155  12154     18
  12166 11752      535.0000   160                    474.0000   496581                   x40_44 N  12166  12164     24
  12183 11769      561.2857   159                    474.0000   498400                   x33_64 U  12183  12180     35
  12204 11788    infeasible                          474.0000   501565                   x20_38 N  12204  12202     50
Elapsed time = 602.90 sec. (1012499.62 ticks, tree = 1124.53 MB, solutions = 0)
  12218 11798      494.2657   192                    474.0000   503707                   x41_69 D  12218  12217     22
  12272 11852      516.8000   143                    474.0000   505485                    x5_41 D  12272  12271     76
  12350 11926    infeasible                          474.0000   507558                   x64_70 N  12350  12348    153
  12379 11955      531.0000    86                    474.0388   509124                   x33_69 D  12379  12377     27
  12400 11974      552.8333   116                    474.0388   510349                   x33_40 D  12400  12399     43
  12421 11995      617.1250   146                    474.0388   511992                   x20_45 D  12421  12419     56
  12439 12007      495.2302   216                    474.1503   514176                   x44_53 U  12439  12437     12
  12461 12029      512.7500    50                    474.1503   515711                   x70_11 N  12461  12459     26
  12478 12046      514.5000    47                    474.1503   516740                   x75_48 D  12478  12476     37
  12511 12079      531.3639   112                    474.1503   517751                   x10_60 U  12511  12510     62
Elapsed time = 630.25 sec. (1054538.63 ticks, tree = 1172.45 MB, solutions = 0)
  12537 12103      540.3409    75                    474.1503   518557                   x26_72 D  12537  12536     81
  12563 12127      554.6667    37                    474.1503   519502                    x1_43 U  12563  12562    100
  12605 12169      558.6562    63                    474.1503   520294                   x33_79 D  12605  12604    135
  12637 12199      649.1250    56                    474.1503   521364                   x50_40 N  12637  12635    162
  12671 12231      575.6667    46                    474.1503   521950                   x51_73 N  12671  12670    190
  12706 12262      484.1111   141                    474.1667   523163                   x44_66 D  12706  12703     17
  12720 12276      520.6341   173                    474.1667   525583                   x38_35 D  12720  12718     26
  12740 12296      533.7179   168                    474.1667   527397                   x38_69 D  12740  12738     40
  12758 12314      605.5952   162                    474.1667   529350                   x25_56 N  12758  12756     51
  12781 12329      479.5882   150                    474.2000   531237                   x66_35 D  12781  12780     13
Elapsed time = 652.59 sec. (1094069.85 ticks, tree = 1215.49 MB, solutions = 0)
  12824 12372      501.9444   131                    474.2000   532542                   x64_35 D  12824  12823     56
  12900 12448      547.3846    66                    474.2000   533861                   x43_40 D  12900  12899    132
  12968 12514    infeasible                          474.2000   535338                   x36_17 N  12968  12967    200
  13032 12575      494.0000    10                    474.2198   536816                    x9_65 U  13032  13031     18
  13085 12628      502.4167    46                    474.2198   537497                   x47_78 U  13085  13084     65
  13120 12663      510.0000    12                    474.2198   537908                   x51_42 N  13120  13119     93
  13146 12689      523.5000    14                    474.2198   538135                   x22_24 U  13146  13145    114
  13167 12710      545.0556    24                    474.2198   538489                   x75_15 D  13167  13166    129
  13200 12743      550.0000    12                    474.2198   538636                   x32_51 D  13200  13199    158
  13215 12758      663.6667    40                    474.2198   539253                    x20_1 N  13215  13213    169
Elapsed time = 676.11 sec. (1136819.29 ticks, tree = 1290.30 MB, solutions = 0)
  13238 12781      594.0000    10                    474.2198   539700                    x61_4 U  13238  13237    188
  13246 12789      613.5000    12                    474.2198   539717                   x61_46 U  13246  13245    193
  13253 12796      738.5893    66                    474.2198   539820                   x77_32 U  13253  13252    198
  13286 12829      797.5000    34                    474.2198   540379                   x43_40 N  13286  13284    222
  13323 12857      478.7500   197                    474.3077   541056                   x53_35 U  13323  13322     11
  13391 12925      505.8026   152                    474.3077   542725                   x44_40 D  13391  13390     79
  13482 13016      535.3750    53                    474.3077   544047                   x18_62 U  13482  13481    170
  13571 13103    infeasible                          474.3077   545259                   x72_56 N  13571  13570    259
  13590 13120      497.0000   122                    474.3125   547311                   x17_59 N  13590  13589     20
  13602 13132      537.7500   156                    474.3125   548568                   x57_53 U  13602  13600     28
Elapsed time = 698.12 sec. (1176293.01 ticks, tree = 1357.79 MB, solutions = 0)
  13621 13151      529.6250   143                    474.3125   549842                   x18_21 D  13621  13619     41
  13641 13171      602.5000   139                    474.3125   551616                   x13_33 N  13641  13639     54
  13652 13182      613.1071   147                    474.3125   554404                   x13_66 N  13652  13650     62
  13668 13196      643.3846   158                    474.3125   556501                   x33_52 N  13668  13666     73
  13674 13198    infeasible                          474.3125   558703                   x38_66 N  13674  13673     78
  13704 13226      516.0156   182                    474.3333   560632                   x57_17 N  13704  13703     35
  13760 13282      539.4747   180                    474.3333   562065                   x64_65 D  13760  13759     91
  13791 13311    infeasible                          474.3333   564374                   x20_40 N  13791  13790    122
  13804 13322      491.1967   171                    474.3750   566187                   x69_57 U  13804  13801     15
  13828 13346      524.9524    95                    474.3750   568233                   x78_63 N  13828  13826     30
Elapsed time = 724.66 sec. (1217805.87 ticks, tree = 1396.39 MB, solutions = 0)
  13841 13357      590.1579   150                    474.3750   570104                   x57_71 N  13841  13838     38
  13866 13382      563.3500   168                    474.3750   571839                   x41_57 D  13866  13865     59
  13884 13396    infeasible                          474.3750   573756                   x13_17 N  13884  13882     70
  13908 13414      475.1493   203                    474.4000   575722                    x64_8 U  13908   2391      6
  13957 13463      504.8333   113                    474.4000   577320                   x56_40 D  13957  13956     55
  14007 13513      553.0000   142                    474.4000   578669                   x17_40 D  14007  14006    105
  14033 13533      479.3386   193                    474.4028   580443                   x66_44 D  14033  14032     11
  14050 13550      502.0588   185                    474.4028   582097                   x44_35 U  14050  14048     20
  14078 13578      510.6000    74                    474.4028   583626                   x49_50 U  14078  14076     38
  14114 13614      524.7917    36                    474.4028   584655                   x68_43 U  14114  14112     63
Elapsed time = 749.48 sec. (1257178.49 ticks, tree = 1445.87 MB, solutions = 0)
  14148 13648      534.1600    51                    474.4028   585488                   x14_72 N  14148  14147     88
  14178 13678      572.0000    30                    474.4028   586097                   x34_48 N  14178  14176    114
  14205 13705      548.0000    33                    474.4028   586720                     x9_1 U  14205  14203    137
  14242 13742      557.6667    34                    474.4028   587263                    x55_4 D  14242  14241    170
  14260 13760      563.8207    83                    474.4028   587721                   x64_65 D  14260  14259    184
  14288 13788      594.1667    18                    474.4028   588213                    x42_4 U  14288  14287    209
  14326 13826      618.9327    80                    474.4028   588745                    x37_1 N  14326  14325    243
  14343 13843      682.0000    22                    474.4028   588985                   x21_68 N  14343  14342    260
  14364 13858      484.6226   163                    474.4286   589865                   x33_79 U  14364  14361     13
  14384 13878      516.0000    68                    474.4286   591312                   x35_20 N  14384  14381     23
Elapsed time = 770.92 sec. (1297789.04 ticks, tree = 1495.06 MB, solutions = 0)
  14405 13899      545.7500    41                    474.4286   592548                   x57_17 N  14405  14404     38
  14423 13917      586.3750   153                    474.4286   593657                   x20_16 N  14423  14422     51
  14435 13927    infeasible                          474.4286   595711                   x41_66 N  14435  14433     59
  14451 13939      486.8407   190                    474.4286   597385                   x79_52 U  14451  14449     16
  14486 13974      515.2500    82                    474.4286   599097                   x12_17 U  14486  14484     40
  14522 14010      536.7500    47                    474.4286   600343                   x50_34 D  14522  14521     66
  14554 14042      548.1429    91                    474.4286   601407                   x50_71 D  14554  14552     91
  14585 14071      568.0000    16                    474.4286   602306                   x75_65 U  14585  14583    116
  14605 14091      570.5000    32                    474.4286   603176                   x50_78 D  14605  14604    129
  14626 14108      586.4444    70                    474.4286   604097                   x70_41 N  14626  14625    147
Elapsed time = 794.90 sec. (1337993.52 ticks, tree = 1537.77 MB, solutions = 0)
  14650 14128      484.7143   166                    474.4597   605571                   x33_79 D  14650  14649     17
  14685 14163      519.1750   183                    474.4597   607333                   x20_66 N  14685  14684     52
  14759 14235    infeasible                          474.4597   609653                   x56_13 N  14759  14758    126
  14821 14297      605.1615   145                    474.4597   611212                   x70_28 D  14821  14820    187
  14881 14353      735.0500    93                    474.4597   612754                    x58_5 N  14881  14880    245
  14918 14386      477.0317   206                    474.4826   613947                   x17_66 D  14918  14917      7
  14942 14410      507.5833   116                    474.4826   615455                   x66_33 D  14942  14941     23
  14973 14441      562.5000    74                    474.4826   616539                   x20_28 N  14973  14971     48
  14993 14461      534.5000   115                    474.4826   617659                   x41_40 N  14993  14991     63
  15025 14491      558.5455   112                    474.4826   618963                   x17_52 D  15025  15023     87
Elapsed time = 821.91 sec. (1378487.72 ticks, tree = 1611.45 MB, solutions = 0)
  15040 14506      600.8000    72                    474.4826   620184                   x41_13 N  15040  15038     98
  15059 14525      634.0250   142                    474.4826   621310                   x40_52 N  15059  15058    115
  15067 14529    infeasible                          474.4826   623134                   x40_44 N  15067  15065    120
  15101 14563      509.0625   145                    474.5270   624810                   x41_69 N  15101  15100     40
  15151 14613      558.0789   176                    474.5270   626837                   x56_33 D  15151  15150     90
  15200 14662      578.2946   177                    474.5270   628217                   x60_33 D  15200  15199    139
  15259 14719      618.9167   143                    474.5270   630266                    x5_16 U  15259  15258    197
  15295 14751    infeasible                          474.5270   632331                   x20_56 N  15295  15294    232
  15308 14760      488.4778   201                    474.5556   633702                   x80_69 D  15308  15307     13
  15325 14777      503.9000   180                    474.5556   635584                   x69_19 U  15325  15324     23
Elapsed time = 848.62 sec. (1418765.47 ticks, tree = 1664.85 MB, solutions = 0)
  15341 14793      532.7778   116                    474.5556   637010                   x38_56 D  15341  15339     32
  15360 14812      574.8077   180                    474.5556   638457                   x62_53 D  15360  15359     46
  15386 14836      617.1715   201                    474.5556   639946                   x56_53 D  15386  15385     68
  15405 14855      689.3333   110                    474.5556   641537                   x40_49 N  15405  15403     82
  15416 14864    infeasible                          474.5556   643936                   x38_81 N  15416  15414     90
  15434 14878      495.8214   199                    474.6400   646111                   x16_57 D  15434  15433     21
  15468 14912      519.2685   197                    474.6400   648484                   x69_19 N  15468  15467     55
  15540 14984      559.2500   124                    474.6400   650374                   x26_41 D  15540  15539    127
  15593 15037      602.5000    88                    474.6400   651941                   x71_55 N  15593  15592    180
  15624 15066    infeasible                          474.6400   656468                    x28_3 N  15624  15623    211
Elapsed time = 879.74 sec. (1465408.21 ticks, tree = 1720.90 MB, solutions = 0)
  15667 15109      689.3704   119                    474.6400   658112                    x7_31 N  15667  15666    253
  15677 15115      485.3333   113                    474.6429   660012                   x79_20 U  15677  15674     12
  15692 15130      508.8462   137                    474.6429   661535                   x78_63 U  15692  15690     21
  15711 15147      520.2837   186                    474.6429   662898                   x64_16 D  15711  15710     34
  15729 15163      538.5885   187                    474.6429   663746                   x41_13 N  15729  15726     47
  15743 15177      591.8516   140                    474.6429   665124                   x17_69 N  15743  15741     58
  15753 15185      587.0278   169                    474.6429   666737                   x17_44 N  15753  15750     64
  15783 15211    infeasible                          474.6429   668217                    x8_49 N  15783  15781     86
  15813 15235      496.7971   203                    474.6667   669968                   x79_13 N  15813  15812     26
  15852 15274      534.4103   146                    474.6667   671723                   x45_26 U  15852  15851     65
Elapsed time = 905.50 sec. (1505234.95 ticks, tree = 1760.98 MB, solutions = 0)
  15888 15306    infeasible                          474.6667   673663                   x56_70 N  15888  15887    100
  15903 15317      483.5299   194                    474.7159   675191                   x79_52 U  15903  15902     15
  15921 15335      505.2857   144                    474.7159   676715                   x44_53 U  15921  15919     24
  15938 15352      509.6122   178                    474.7159   678334                   x69_19 D  15938  15936     35
  15950 15364      561.5000   185                    474.7159   680131                   x44_57 N  15950  15948     42
  15968 15380    infeasible                          474.7159   681916                   x41_44 N  15968  15965     53
  15980 15388      579.3309   171                    474.7159   683460                   x52_66 N  15980  15979     60
  16000 15404      501.4667   138                    474.7215   685318                   x66_80 D  16000  15999     20
  16030 15434      552.8000    88                    474.7215   686309                   x13_66 D  16030  16028     41
  16040 15444      632.0000   146                    474.7215   688011                   x17_38 D  16040  16039     48
Elapsed time = 932.61 sec. (1547311.41 ticks, tree = 1794.45 MB, solutions = 0)
  16050 15446      482.5455   183                    474.7250   690155                   x79_52 D  16050  16048     10
  16068 15464      492.5750   176                    474.7250   691764                   x53_33 D  16068  16067     20
  16083 15479      505.9575   192                    474.7250   693095                    x8_64 U  16083  16081     28
  16108 15504      531.5000    38                    474.7250   694497                    x34_3 U  16108  16105     43
  16128 15524      546.0000    70                    474.7250   695330                   x26_55 N  16128  16127     56
  16151 15547      557.4211    77                    474.7250   696080                    x1_68 N  16151  16149     71
  16170 15566      600.5385    69                    474.7250   697028                   x36_51 N  16170  16169     84
  16196 15586    infeasible                          474.7250   697955                   x18_60 N  16196  16194    103
  16225 15613      505.3107   186                    474.8562   699766                   x69_19 D  16225  16224     35
  16271 15659      519.0833    39                    474.8562   701035                   x36_70 N  16271  16270     81
Elapsed time = 956.41 sec. (1587875.45 ticks, tree = 1823.68 MB, solutions = 0)
  16342 15730      533.3587    65                    474.8562   701974                   x77_43 D  16342  16341    152
  16400 15788      536.2106   122                    474.8562   702580                   x56_41 D  16400  16399    210
  16502 15890      559.7500    28                    474.8562   703208                   x51_67 N  16502  16501    312
  16520 15906      594.8750    40                    474.8562   703619                   x61_32 N  16520  16519    329
  16555 15935      480.8913   188                    474.8667   704629                   x80_81 U  16555  16554     15
  16576 15956      493.6000   143                    474.8667   706496                   x52_57 D  16576  16574     29
  16590 15970      502.7273    88                    474.8667   708001                   x51_17 D  16590  16589     38
  16600 15980      525.5833   170                    474.8667   709324                   x78_18 N  16600  16599     44
  16616 15996      540.8500   101                    474.8667   710896                   x21_18 N  16616  16614     54
  16640 16020      550.3333    71                    474.8667   711857                   x42_14 U  16640  16638     73
Elapsed time = 980.63 sec. (1627595.28 ticks, tree = 1845.82 MB, solutions = 0)
  16661 16041      552.2692   101                    474.8667   712932                    x78_6 N  16661  16660     90
  16689 16069      565.5625    84                    474.8667   713961                   x49_70 N  16689  16687    112
  16714 16094      602.0000    91                    474.8667   714834                   x49_57 N  16714  16712    131
  16727 16107      676.5833    96                    474.8667   715845                   x42_17 N  16727  16725    140
  16745 16125      643.0000    77                    474.8667   716547                   x69_40 N  16745  16744    153
  16758 16132      480.3274   186                    474.9231   717687                   x33_20 D  16758  16757     14
  16798 16172      527.1299   184                    474.9231   719678                   x53_35 N  16798  16797     54
  16800 16174      528.3108   184                    474.9231   719742                   x58_41 D  16800  16799     56
  16840 16214      600.1204   158                    474.9231   722082                   x38_33 N  16840  16839     96
  16863 16233      489.3750   160                    474.9545   723579                   x72_50 D  16863  16861     22
Elapsed time = 1005.85 sec. (1670585.58 ticks, tree = 1872.25 MB, solutions = 0)
  16888 16258      541.6667   105                    474.9545   724883                   x41_66 U  16888  16885     37
  16901 16271      570.2500    79                    474.9545   726298                    x8_35 D  16901  16899     46
  16927 16291      501.3214   195                    475.0000   727951                   x80_69 D  16927  16926     29
  16970 16334      527.9206   176                    475.0000   729789                   x59_28 D  16970  16969     72
  17022 16386      569.3333    59                    475.0000   731476                   x64_13 N  17022  17021    124
  17070 16434      608.5189   170                    475.0000   732950                   x70_13 D  17070  17069    172
  17098 16459      488.4167   172                    475.0000   734712                   x44_35 U  17098  17095     18
  17114 16475      511.2632   133                    475.0000   736535                   x21_78 U  17114  17112     28
* 17134  3430      integral     0      512.0000      475.0000   737352    7.23%
  17138  3432      484.1111   188      512.0000      475.0000   737652    7.23%          x33_20 D  17138  17137     11
  17162  3456      500.2647   199      512.0000      475.0000   738810    7.23%          x33_41 D  17162  17161     35
Elapsed time = 1031.13 sec. (1710014.42 ticks, tree = 414.87 MB, solutions = 1)
  17198  3490      510.7500    91      512.0000      475.0000   739625    7.23%          x58_41 N  17198  17197     71
  17220  3508      505.0000   151      512.0000      475.0000   740971    7.23%          x80_52 D  17220  17219     27
  17242  3526      490.1379   181      512.0000      475.0000   742185    7.23%          x66_44 D  17242  17240     20
  17262  3542      508.2889   178      512.0000      475.0000   743510    7.23%          x66_33 N  17262  17260     32
  17279  3551      491.4357   191      512.0000      475.0000   744597    7.23%          x40_19 D  17279  17278     17
  17299  3571      506.9583   167      512.0000      475.0000   746003    7.23%           x8_56 U  17299  17298     37
  17322  3590      490.1988   183      512.0000      475.0526   747038    7.22%          x56_13 D  17322  17321     21
  17349  3617      503.2269   157      512.0000      475.0526   748114    7.22%          x59_28 D  17349  17348     48
  17375  3639      492.8148   178      512.0000      475.0656   749247    7.21%          x80_81 U  17375  17374     31
  17402  3662      478.6667   161      512.0000      475.0727   750347    7.21%          x33_20 D  17402  17401     15
Elapsed time = 1052.01 sec. (1749108.98 ticks, tree = 457.21 MB, solutions = 1)
  17427  3687      492.7174   185      512.0000      475.0727   751595    7.21%          x41_79 D  17427  17426     40
  17455  3715      506.9333   156      512.0000      475.0727   752585    7.21%          x35_33 D  17455  17454     68
  17477  3733      487.7143   172      512.0000      475.0852   754154    7.21%          x80_81 U  17477  17476     13
  17499  3755      505.1400   173      512.0000      475.0852   755558    7.21%          x38_56 D  17499  17497     27
  17524  3774      492.0735   186      512.0000      475.1250   756434    7.20%          x69_57 D  17524  17523     24
  17552  3800        cutoff            512.0000      475.1250   757436    7.20%          x20_17 N  17552  17551     52
  17592  3836      486.6066   174      512.0000      475.2619   758127    7.18%          x56_52 D  17592  17591     43
  17611  3855      503.6163   174      512.0000      475.2619   758595    7.18%          x40_19 D  17611  17610     62
  17639  3877      491.8226   189      512.0000      475.2745   759430    7.17%          x69_79 D  17639  17638     33
  17669  3903      478.7372   180      512.0000      475.2857   760622    7.17%          x79_52 D  17669   2394      9
Elapsed time = 1072.85 sec. (1787960.32 ticks, tree = 484.65 MB, solutions = 1)
  17697  3931      497.9255   200      512.0000      475.2857   761609    7.17%          x53_17 U  17697  17696     37
  17725  3954      490.6406   176      512.0000      475.2857   762610    7.17%          x79_44 U  17725  17723     11
  17740  3969      488.7451   179      512.0000      475.2857   764713    7.17%          x79_57 U  17740  17738     19
  17764  3985      482.2500   190      512.0000      475.3184   765972    7.16%          x80_81 D  17764   4291     11
  17799  4020      499.7647   173      512.0000      475.3184   766748    7.16%          x33_44 D  17799  17798     46
  17827  4044      480.8718   169      512.0000      475.3333   768049    7.16%          x53_59 D  17827  17826     14
  17860  4077      497.6667    31      512.0000      475.3333   768884    7.16%          x49_50 D  17860  17859     47
  17886  4103      509.8333    35      512.0000      475.3333   769487    7.16%          x68_28 D  17886  17885     73
  17916  4127      496.5102   188      512.0000      475.3571   770674    7.16%          x21_53 D  17916  17915     33
  17932  4139      499.4444   178      512.0000      475.3683   771849    7.15%          x33_52 D  17932  17931     14
Elapsed time = 1094.39 sec. (1828589.83 ticks, tree = 533.84 MB, solutions = 1)
  17951  4152      495.6932   195      512.0000      475.3750   773157    7.15%          x16_57 U  17951  17948     10
  17966  4167      499.9360   189      512.0000      475.3750   774892    7.15%          x57_79 U  17966  17964     19
  17986  4181      489.8437   161      512.0000      475.3762   775943    7.15%          x33_79 D  17986  17985     16
  18010  4201      477.1758   199      512.0000      475.3857   776980    7.15%          x44_66 U  18010  14916      6
  18048  4239      497.3878   191      512.0000      475.3857   777865    7.15%           x28_3 D  18048  18047     44
  18073  4260      480.4603   164      512.0000      475.3957   778953    7.15%          x79_52 N  18073  18072     12
  18099  4282      475.9841   183      512.0000      475.3987   780236    7.15%          x33_79 D  18099  18098      8
  18130  4313      501.1923   195      512.0000      475.3987   781050    7.15%          x38_57 D  18130  18129     39
  18155  4332      483.4444   115      512.0000      475.4062   782417    7.15%          x57_79 D  18155  18154     14
  18177  4350      480.0435   173      512.0000      475.4286   783639    7.14%          x79_53 D  18177  18176     22
Elapsed time = 1116.69 sec. (1868264.45 ticks, tree = 567.40 MB, solutions = 1)
  18206  4379      491.5655   183      512.0000      475.4286   784375    7.14%          x40_64 D  18206  18205     51
  18232  4405      504.7500    62      512.0000      475.4286   785602    7.14%           x42_3 D  18232  18231     77
  18271  4440      491.7391   169      512.0000      475.4286   786391    7.14%          x41_57 D  18271  18270     23
  18301  4468        cutoff            512.0000      475.4286   787308    7.14%          x41_40 D  18301  18300     53
  18332  4497      494.3125   167      512.0000      475.4444   788405    7.14%          x66_44 D  18332  18331     38
  18356  4517      490.3582   177      512.0000      475.4643   789485    7.14%          x79_57 D  18356  18355     14
  18389  4550      496.5000    73      512.0000      475.4643   790163    7.14%          x40_19 D  18389  18388     47
  18408  4566      487.8698   193      512.0000      475.5000   790999    7.13%          x17_81 U  18408  18406     11
  18423  4581      491.6364   152      512.0000      475.5000   792409    7.13%          x79_57 D  18423  18421     22
  18440  4594      507.3571   143      512.0000      475.5000   793981    7.13%          x52_79 N  18440  18439     34
Elapsed time = 1137.64 sec. (1907857.60 ticks, tree = 618.67 MB, solutions = 1)
  18460  4610      496.0262   198      512.0000      475.5000   795134    7.13%          x57_79 D  18460  18459     24
  18490  4637      478.4286   179      512.0000      475.5000   796139    7.13%          x33_79 D  18490  18489     12
  18523  4670      504.3200   164      512.0000      475.5000   797099    7.13%          x40_57 D  18523  18522     45
  18545  4688      502.1429   139      512.0000      475.5000   798514    7.13%          x69_52 D  18545  18544     21
  18571  4710      486.6875   182      512.0000      475.5030   799760    7.13%          x79_66 D  18571  18570     21
  18603  4742      499.2143   200      512.0000      475.5030   800663    7.13%          x40_19 D  18603  18602     53
  18638  4773      477.1154   194      512.0000      475.5102   801540    7.13%          x33_20 D  18638  14358     11
  18652  4787      501.8571   141      512.0000      475.5102   803530    7.13%          x79_20 U  18652  18650     20
  18676  4807      487.6076   187      512.0000      475.5139   804708    7.13%          x13_79 D  18676  18675     27
  18708  4839      500.2366   192      512.0000      475.5139   805632    7.13%          x21_59 U  18708  18707     59
Elapsed time = 1159.09 sec. (1947412.03 ticks, tree = 668.56 MB, solutions = 1)
  18730  4855      482.1718   193      512.0000      475.5250   806880    7.12%          x41_79 D  18730  18729     20
  18763  4888      499.2449   170      512.0000      475.5250   807768    7.12%          x35_19 N  18763  18762     53
  18791  4912      481.4118   184      512.0000      475.5292   808644    7.12%          x79_20 D  18791  18790     16
  18810  4931      486.9123   200      512.0000      475.5292   809445    7.12%          x38_57 D  18810  18809     35
  18832  4951        cutoff            512.0000      475.5292   810927    7.12%          x53_35 D  18832  18831     57
  18847  4964      489.9583   170      512.0000      475.5312   812656    7.12%          x79_52 D  18847  18846     23
  18873  4990      504.7549   156      512.0000      475.5312   813691    7.12%          x38_52 D  18873  18872     49
  18903  5015      509.4312   196      512.0000      475.5357   814770    7.12%          x17_81 U  18903  18901     14
  18929  5035      488.9570   188      512.0000      475.5357   815792    7.12%          x66_44 D  18929  18928     19
  18959  5061      478.5370   185      512.0000      475.5556   816795    7.12%          x44_66 D  18959  18958      9
Elapsed time = 1180.04 sec. (1987138.99 ticks, tree = 715.08 MB, solutions = 1)
  18984  5082      478.9808   186      512.0000      475.5625   817501    7.12%          x17_66 U  18984  12694     10
  19014  5112      490.9118   174      512.0000      475.5625   818449    7.12%          x38_56 D  19014  19013     40
  19040  5138      505.2692   162      512.0000      475.5625   819380    7.12%          x78_28 D  19040  19039     66
  19066  5158      492.1333   170      512.0000      475.5652   820360    7.12%          x41_57 D  19066  19065     30
  19095  5187      505.8333    65      512.0000      475.5652   821264    7.12%          x66_33 N  19095  19094     59
  19114  5202      491.6786   185      512.0000      475.5781   822787    7.11%          x66_79 D  19114  19112     16
  19136  5218        cutoff            512.0000      475.5781   824122    7.11%          x21_78 U  19136  19133     29
  19163  5238      481.1978   189      512.0000      475.5930   825191    7.11%          x57_79 D  19163  19162     22
  19199  5274      491.7839   175      512.0000      475.5930   825977    7.11%          x56_13 D  19199  19198     58
  19223  5298      506.9231   168      512.0000      475.5930   826615    7.11%          x41_56 D  19223  19222     82
Elapsed time = 1201.77 sec. (2026116.40 ticks, tree = 751.64 MB, solutions = 1)
  19250  5321      489.0395   157      512.0000      475.5938   827619    7.11%          x66_35 D  19250  19249     26
  19280  5351      500.7625   174      512.0000      475.5938   828462    7.11%          x53_17 U  19280  19279     56
  19311  5378      483.5000   150      512.0000      475.6055   829329    7.11%          x53_79 D  19311  19310     25
  19338  5405      495.5000    57      512.0000      475.6055   830450    7.11%          x40_57 N  19338  19337     52
  19365  5428      478.0432   195      512.0000      475.6667   831611    7.10%          x17_66 D  19365  19364     13
  19400  5463      491.5556   176      512.0000      475.6667   832403    7.10%          x53_35 D  19400  19399     48
  19434  5491      480.2333   193      512.0000      475.7500   833315    7.08%          x33_79 D  19434  19433     11
  19456  5513      501.7514   171      512.0000      475.7500   834827    7.08%          x21_78 N  19456  19455     26
  19478  5531      494.3500   170      512.0000      475.8588   835876    7.06%          x58_41 D  19478  19477     28
  19505  5558      507.6667   125      512.0000      475.8588   836913    7.06%          x35_72 D  19505  19504     55
Elapsed time = 1222.95 sec. (2065243.55 ticks, tree = 806.56 MB, solutions = 1)
  19529  5578      494.0000   149      512.0000      475.8654   837734    7.06%          x32_33 D  19529  19528     29
  19550  5599      501.5837   189      512.0000      475.8654   839192    7.06%           x3_70 D  19550  19549     50
  19587  5636      505.6756   115      512.0000      475.8654   840233    7.06%          x14_34 U  19587  19586     87
  19617  5662      487.5000   175      512.0000      475.8654   841171    7.06%          x41_19 D  19617  19616     26
  19643  5688      497.2000    36      512.0000      475.8654   842082    7.06%          x41_13 N  19643  19642     52
  19673  5713      481.4286   115      512.0000      475.9366   842973    7.04%          x17_59 D  19673  19672     17
  19713  5753      492.3700   183      512.0000      475.9366   843892    7.04%          x33_53 D  19713  19712     57
  19739  5779      506.2338   163      512.0000      475.9366   845196    7.04%          x78_28 D  19739  19738     83
  19755  5791      482.3636   171      512.0000      475.9375   846516    7.04%          x33_20 U  19755  19752     16
  19767  5801        cutoff            512.0000      475.9375   847856    7.04%          x69_57 N  19767  19765     23
Elapsed time = 1243.60 sec. (2104071.92 ticks, tree = 856.22 MB, solutions = 1)
  19791  5817        cutoff            512.0000      475.9375   848599    7.04%          x64_41 U  19791  19789     40
  19813  5839      487.1111   148      512.0000      475.9679   849570    7.04%          x66_79 D  19813  19812     31
  19842  5868      507.1071   155      512.0000      475.9679   850896    7.04%          x56_38 D  19842  19841     60
  19874  5896      500.9683   168      512.0000      475.9841   851995    7.03%          x66_57 N  19874  19873     22
  19900  5918      485.5548   180      512.0000      476.0000   853008    7.03%          x13_79 D  19900  19899     14
  19930  5948      496.9048    99      512.0000      476.0000   853929    7.03%          x41_40 N  19930  19929     44
  19953  5967      493.9286   144      512.0000      476.0000   854909    7.03%          x66_33 D  19953  19952     18
  19979  5989      500.1493   177      512.0000      476.0000   857074    7.03%          x66_79 U  19979  19977     15
  19995  6001      505.0000    39      512.0000      476.0000   858139    7.03%          x21_78 N  19995  19993     27
  20023  6023      487.5000   150      512.0000      476.0000   858691    7.03%          x17_59 D  20023  20022     18
Elapsed time = 1263.65 sec. (2143904.35 ticks, tree = 887.74 MB, solutions = 1)
  20045  6041      494.0938   200      512.0000      476.0000   859804    7.03%          x33_20 N  20045  20044     11
  20076  6072      509.1250   189      512.0000      476.0000   860893    7.03%          x66_35 D  20076  20075     42
  20104  6095      487.2453   184      512.0000      476.0000   861850    7.03%          x13_16 D  20104  20103     25
  20138  6129      503.3223   181      512.0000      476.0000   862637    7.03%          x40_41 D  20138  20137     59
  20160  6145      481.6364   167      512.0000      476.0294   863584    7.03%          x69_20 D  20160  20159     10
  20182  6167      501.1875   162      512.0000      476.0294   864776    7.03%          x33_12 D  20182  20181     32
  20204  6183      503.1429   173      512.0000      476.0400   866183    7.02%          x79_52 U  20204  20203     22
  20229  6198      509.0000   161      512.0000      476.0400   867079    7.02%          x66_13 N  20229  20228     39
  20257  6220      492.7986   175      512.0000      476.0750   867887    7.02%          x69_57 D  20257  20256     31
  20290  6251      508.8750    95      512.0000      476.0750   868940    7.02%          x51_53 D  20290  20289     63
Elapsed time = 1283.09 sec. (2182869.43 ticks, tree = 935.12 MB, solutions = 1)
  20315  6272      493.0000   185      512.0000      476.0833   870008    7.01%          x41_19 D  20315  20314     30
  20351  6308      503.0091   182      512.0000      476.0833   870919    7.01%          x80_13 D  20351  20350     66
  20382  6335      502.6452   206      512.0000      476.0909   871985    7.01%          x79_69 N  20382  20381     30
  20411  6361      499.3077   192      512.0000      476.0923   872896    7.01%          x17_66 N  20411  20410     10
  20444  6390      493.5833   173      512.0000      476.0927   874194    7.01%          x16_57 U  20444  20441     13
  20459  6405      488.1930   170      512.0000      476.0927   875936    7.01%          x41_19 D  20459  20457     22
  20482  6420      481.9592   203      512.0000      476.1061   877016    7.01%          x33_20 D  20482  20481     16
  20512  6450      494.8824   161      512.0000      476.1061   877997    7.01%          x64_57 D  20512  20511     46
  20553  6491      504.7692   170      512.0000      476.1061   878826    7.01%          x69_41 D  20553  20552     87
  20585  6519      492.3529   167      512.0000      476.1250   879667    7.01%          x66_44 N  20585  20584     23
Elapsed time = 1304.18 sec. (2222514.65 ticks, tree = 991.47 MB, solutions = 1)
  20624  6558      505.8899   187      512.0000      476.1250   880516    7.01%          x79_17 D  20624  20623     62
  20649  6579      489.3300   157      512.0000      476.1250   881398    7.01%          x32_33 D  20649  20648     34
  20686  6616      502.6898   174      512.0000      476.1250   882064    7.01%          x44_35 N  20686  20685     71
  20719  6646      492.4457   186      512.0000      476.1250   882729    7.01%          x32_33 D  20719  20718     34
  20754  6677      482.1822   202      512.0000      476.1364   883556    7.00%          x66_80 D  20754  20753     14
  20778  6701      498.5221   109      512.0000      476.1364   884431    7.00%          x22_77 N  20778  20776     28
  20800  6723      501.7143    19      512.0000      476.1364   884977    7.00%          x10_15 D  20800  20799     42
  20827  6747        cutoff            512.0000      476.1364   885303    7.00%          x51_59 U  20827  20825     63
  20859  6775      506.9333    41      512.0000      476.1364   885553    7.00%          x68_65 N  20859  20858     92
  20881  6787        cutoff            512.0000      476.1364   885720    7.00%          x74_73 D  20881  20879    108
Elapsed time = 1322.87 sec. (2265125.42 ticks, tree = 1048.37 MB, solutions = 1)
  20907  6813      486.8293   176      512.0000      476.1481   886880    7.00%          x35_20 D  20907  20906     37
  20925  6831      498.5833   161      512.0000      476.1481   887771    7.00%          x57_66 D  20925  20924     55
  20952  6854      498.8000    88      512.0000      476.1545   888860    7.00%          x41_19 D  20952  20951     31
  20989  6888      493.0356   182      512.0000      476.1667   889946    7.00%          x33_20 D  20989  20988     15
  21012  6909      507.7500   157      512.0000      476.1667   890959    7.00%          x57_19 U  21012  21010     37
  21040  6933      493.0317   134      512.0000      476.1944   891888    6.99%          x41_79 D  21040  21039     24
  21070  6959      490.1779   184      512.0000      476.2000   892933    6.99%          x79_20 U  21070  21068     14
  21086  6971      509.7927   123      512.0000      476.2000   894385    6.99%          x17_53 N  21086  21083     24
  21118  6999      486.7988   175      512.0000      476.2568   895178    6.98%          x66_41 D  21118  21117     39
  21141  7018      481.2969   182      512.0000      476.2596   896312    6.98%          x79_20 D  21141  21140     12
Elapsed time = 1344.13 sec. (2304781.68 ticks, tree = 1065.43 MB, solutions = 1)
  21173  7050      495.2000   187      512.0000      476.2596   897233    6.98%          x17_20 D  21173  21172     44
  21200  7077      506.3029   195      512.0000      476.2596   898411    6.98%          x53_20 D  21200  21199     71
  21229  7102      481.2414   175      512.0000      476.2669   899321    6.98%          x33_79 D  21229  21228     11
  21260  7133      495.5000    41      512.0000      476.2669   900041    6.98%           x55_9 U  21260  21259     42
  21288  7161      500.6000    24      512.0000      476.2669   900640    6.98%           x1_70 D  21288  21287     70
  21320  7187      482.8483   194      512.0000      476.2727   901355    6.98%          x16_57 D  21320  21319     13
  21350  7217      502.1000   189      512.0000      476.2727   902441    6.98%          x38_79 D  21350  21349     43
  21374  7237      492.5927   180      512.0000      476.2813   903528    6.98%          x21_78 U  21374  21371     11
  21400  7257      510.3913   192      512.0000      476.2813   904497    6.98%          x53_79 D  21400  21398     28
  21435  7286      486.0208   174      512.0000      476.2838   905201    6.98%          x70_42 D  21435  21434     39
Elapsed time = 1363.81 sec. (2344110.61 ticks, tree = 1122.02 MB, solutions = 1)
  21460  7307      489.3151   191      512.0000      476.2857   906347    6.98%          x66_81 D  21460  21459     13
  21492  7339      505.0125   152      512.0000      476.2857   907168    6.98%          x79_53 D  21492  21491     45
  21522  7365      490.8971   164      512.0000      476.2963   908150    6.97%          x66_57 D  21522  21521     29
  21550  7391        cutoff            512.0000      476.2963   909423    6.97%          x40_64 D  21550  21549     57
  21579  7418      502.3833   152      512.0000      476.3000   910388    6.97%          x80_81 U  21579  21578     37
  21597  7432      494.0816   118      512.0000      476.3333   911717    6.97%          x53_44 D  21597  21595     16
  21610  7445      499.6667    42      512.0000      476.3333   912235    6.97%          x75_54 U  21610  21607     25
  21639  7474      502.6667    19      512.0000      476.3333   913017    6.97%          x48_77 D  21639  21637     47
  21670  7502      506.0000     8      512.0000      476.3333   913484    6.97%          x70_28 U  21670  21668     73
  21696  7528      510.2500    13      512.0000      476.3333   913702    6.97%          x15_22 U  21696  21694     96
Elapsed time = 1381.14 sec. (2383323.57 ticks, tree = 1173.04 MB, solutions = 1)
  21716  7543      500.5000   150      512.0000      476.3722   914380    6.96%          x79_44 D  21716  21715     22
  21750  7573      495.8226   138      512.0000      476.3730   915241    6.96%          x17_44 D  21750  21749     25
  21779  7598      479.8817   163      512.0000      476.3750   916353    6.96%          x44_79 D  21779  21778     22
  21807  7626      490.9167   146      512.0000      476.3750   917231    6.96%          x41_57 U  21807  21806     50
  21835  7654      495.4160   185      512.0000      476.3750   917949    6.96%          x33_53 D  21835  21834     78
  21860  7675      489.9323   181      512.0000      476.4000   919070    6.95%          x79_57 D  21860  21859     26
  21881  7693      488.8333   112      512.0000      476.4000   920519    6.95%          x33_79 U  21881  21879     10
  21909  7719      506.7500    40      512.0000      476.4000   921565    6.95%          x25_71 U  21909  21908     30
  21932  7733      479.6495   213      512.0000      476.4117   922497    6.95%          x56_52 D  21932  21931     14
  21959  7760      496.0125   199      512.0000      476.4117   923553    6.95%          x57_79 D  21959  21958     41
Elapsed time = 1401.01 sec. (2422071.54 ticks, tree = 1201.14 MB, solutions = 1)
  21980  7777      485.8511   115      512.0000      476.4167   924616    6.95%          x33_17 D  21980  21979     15
  22000  7797      498.3034   160      512.0000      476.4167   925626    6.95%          x17_80 D  22000  21999     35
  22021  7814      497.5000    71      512.0000      476.4286   926811    6.95%          x56_38 D  22021  22020     22
  22057  7850      508.1304   134      512.0000      476.4286   927704    6.95%          x76_23 D  22057  22056     58
  22084  7873      510.6250   167      512.0000      476.4378   928654    6.95%          x58_41 D  22084  22083     34
  22103  7888      498.0000   142      512.0000      476.4444   929771    6.94%          x35_66 N  22103  22101     16
  22127  7912      507.0000    46      512.0000      476.4444   930787    6.94%          x26_55 U  22127  22126     31
  22150  7929      485.7490   202      512.0000      476.4667   931550    6.94%          x66_80 D  22150  22149     15
  22186  7965      495.2500    45      512.0000      476.4667   932226    6.94%           x3_28 U  22186  22185     51
  22217  7996      504.0000    24      512.0000      476.4667   932952    6.94%          x79_66 N  22217  22216     82
Elapsed time = 1420.77 sec. (2462865.83 ticks, tree = 1251.78 MB, solutions = 1)
  22264  8042      508.7500    36      512.0000      476.4667   933388    6.94%          x63_18 U  22264  22263    129
  22292  8067      489.7692   169      512.0000      476.4747   934348    6.94%          x17_79 D  22292  22291     28
  22314  8085      485.4228   183      512.0000      476.5000   935568    6.93%          x66_79 D  22314  22313     19
  22347  8118      495.9271   191      512.0000      476.5000   936286    6.93%          x33_57 D  22347  22346     52
  22380  8147      484.3333   151      512.0000      476.5000   936986    6.93%          x79_13 D  22380  22379     18
  22400  8167      501.3248   190      512.0000      476.5000   937597    6.93%          x66_52 D  22400  22399     38
  22425  8188      487.5000   161      512.0000      476.5000   938964    6.93%          x44_79 D  22425  22423     16
  22450  8203      485.2375   184      512.0000      476.5000   940174    6.93%          x32_33 D  22450  22449     14
  22484  8237      494.6667   165      512.0000      476.5000   940815    6.93%          x56_38 D  22484  22483     48
  22520  8273      509.7143   147      512.0000      476.5000   941487    6.93%          x26_55 U  22520  22519     84
Elapsed time = 1441.08 sec. (2502004.01 ticks, tree = 1294.98 MB, solutions = 1)
  22549  8298      484.6096   196      512.0000      476.5000   942469    6.93%          x35_79 D  22549  22548     33
  22579  8328      502.4615   127      512.0000      476.5000   943525    6.93%          x21_59 N  22579  22578     63
  22600  8345      484.8372   183      512.0000      476.5312   944583    6.93%          x35_19 D  22600  22599     13
  22630  8375      498.7500   146      512.0000      476.5312   945450    6.93%          x69_41 D  22630  22629     43
  22655  8396      487.0000   151      512.0000      476.5385   946559    6.93%          x33_20 D  22655  22654     12
  22673  8414      499.6852   179      512.0000      476.5385   947961    6.93%          x64_41 D  22673  22672     30
  22690  8427      497.4185   192      512.0000      476.5417   949514    6.93%          x16_57 D  22690  22689     13
  22710  8443      487.6667   136      512.0000      476.5556   950648    6.92%           x28_3 D  22710  22709     22
  22740  8473      497.2917   176      512.0000      476.5556   951342    6.92%          x41_57 D  22740  22739     52
  22770  8499      494.5789   220      512.0000      476.5583   952502    6.92%          x80_69 N  22770  22769     31
Elapsed time = 1462.81 sec. (2542261.15 ticks, tree = 1329.05 MB, solutions = 1)
  22796  8522      484.9444   174      512.0000      476.5714   953696    6.92%          x69_57 D  22796  22795     17
  22804  8530      486.1893   175      512.0000      476.5714   953846    6.92%          x17_20 D  22804  22803     25
  22840  8566      495.7273   154      512.0000      476.5714   954771    6.92%          x59_17 D  22840  22839     61
  22880  8606      506.5000    56      512.0000      476.5714   956027    6.92%          x42_28 D  22880  22879    101
  22907  8629      489.8557   213      512.0000      476.5833   957207    6.92%          x66_81 D  22907  22906     13
  22930  8652      510.0000   149      512.0000      476.5833   958359    6.92%          x57_79 D  22930  22929     36
  22945  8663      501.0000    88      512.0000      476.6000   959874    6.91%          x79_57 U  22945  22942     15
  22975  8687      492.8333   156      512.0000      476.6154   960558    6.91%          x19_52 D  22975  22974     33
  23008  8715      482.4500   169      512.0000      476.6250   961361    6.91%          x35_19 U  23008  18166     12
  23027  8734      506.6667   156      512.0000      476.6250   962442    6.91%          x58_41 D  23027  23026     31
Elapsed time = 1483.84 sec. (2581880.50 ticks, tree = 1340.62 MB, solutions = 1)
  23054  8757      510.2500   177      512.0000      476.6256   963599    6.91%          x33_20 D  23054  23053     24
  23084  8781        cutoff            512.0000      476.6256   964436    6.91%          x41_57 D  23084  23083     38
  23100  8787        cutoff            512.0000      476.6286   965984    6.91%          x80_52 U  23100  23097     15
  23129  8812      495.8165   203      512.0000      476.6386   966820    6.91%          x38_52 D  23129  23128     33
  23154  8837      503.4738   182      512.0000      476.6386   967718    6.91%          x66_44 D  23154  23153     58
  23178  8857      500.0961   205      512.0000      476.6578   969095    6.90%          x35_19 D  23178  23177     20
  23200  8875      484.1667   146      512.0000      476.6631   970233    6.90%          x32_33 D  23200  23199     18
  23229  8904      505.5526   138      512.0000      476.6631   971084    6.90%          x69_41 D  23229  23228     47
  23254  8926      493.5515   202      512.0000      476.6667   972278    6.90%          x53_20 D  23254  23253     32
  23278  8950      509.4425   209      512.0000      476.6667   973333    6.90%          x57_19 D  23278  23277     56
Elapsed time = 1508.08 sec. (2628790.61 ticks, tree = 1383.21 MB, solutions = 1)
  23298  8966      492.5000    22      512.0000      476.6667   974591    6.90%          x65_49 U  23298  23296     21
  23319  8987      505.1429    18      512.0000      476.6667   975639    6.90%          x22_75 D  23319  23318     35
  23340  9005      509.2500    22      512.0000      476.6667   976408    6.90%          x73_46 D  23340  23339     50
  23360  9018      486.3077   172      512.0000      476.6667   976953    6.90%          x33_20 D  23360  23359     14
  23386  9044      504.1275   207      512.0000      476.6667   978157    6.90%          x21_17 N  23386  23385     40
  23418  9072      492.7500   157      512.0000      476.6667   979189    6.90%          x66_33 D  23418  23417     28
  23449  9103      504.3333   110      512.0000      476.6667   979836    6.90%          x70_42 D  23449  23448     59
  23473  9123      503.9231   207      512.0000      476.6683   980993    6.90%          x69_79 D  23473  23472     27
  23493  9139      486.9430   199      512.0000      476.6842   982295    6.90%          x69_57 D  23493  23492     22
  23520  9166      507.1113   188      512.0000      476.6842   983496    6.90%          x20_33 D  23520  23519     49
Elapsed time = 1528.11 sec. (2668473.51 ticks, tree = 1428.93 MB, solutions = 1)
  23545  9181      484.0000   184      512.0000      476.6960   984731    6.90%          x33_20 D  23545  23544     10
  23569  9205      502.5000   170      512.0000      476.6960   985678    6.90%          x52_57 D  23569  23568     34
  23595  9228      486.7000   153      512.0000      476.7143   986711    6.89%          x80_81 U  23595  23594     24
  23600  9233      490.0967   189      512.0000      476.7143   986955    6.89%          x38_57 D  23600  23599     29
  23627  9256      489.3404   185      512.0000      476.7321   988327    6.89%          x69_57 D  23627  23626     18
  23654  9283      507.7907   165      512.0000      476.7321   989516    6.89%          x44_57 D  23654  23653     45
  23680  9305      489.7208   181      512.0000      476.7429   990619    6.89%          x35_19 D  23680  23679     31
  23716  9341      499.7320   166      512.0000      476.7429   991142    6.89%          x44_69 D  23716  23715     67
  23737  9356      487.7174   183      512.0000      476.7500   992461    6.88%          x40_19 D  23737  23736     12
  23750  9369      500.6600   128      512.0000      476.7500   994075    6.88%           x3_11 U  23750  23749     21
Elapsed time = 1549.69 sec. (2710984.72 ticks, tree = 1434.25 MB, solutions = 1)
  23769  9384      485.2500   146      512.0000      476.7500   995551    6.88%          x79_57 U  23769  11941     13
  23799  9414      492.5508   188      512.0000      476.7500   996254    6.88%          x66_69 D  23799  23798     43
  23831  9446      504.9000    77      512.0000      476.7500   996967    6.88%          x53_79 N  23831  23830     75
  23850  9459      494.9048   212      512.0000      476.7632   998144    6.88%          x33_79 D  23850  23849     16
  23874  9480      487.1593   183      512.0000      476.7661   999437    6.88%          x79_20 D  23874  23873     13
  23905  9511      493.5000    22      512.0000      476.7661  1000222    6.88%          x22_77 D  23905  23904     44
  23942  9548      502.8571    44      512.0000      476.7661  1000855    6.88%          x54_75 D  23942  23941     81
  23971  9573      480.6000   155      512.0000      476.8000  1001188    6.88%          x17_66 U  23971  18783      9
  23993  9595      492.0953   185      512.0000      476.8000  1002417    6.88%          x66_69 D  23993  23992     31
  24016  9618      503.3661   172      512.0000      476.8000  1003313    6.88%          x52_79 N  24016  24015     54
Elapsed time = 1568.89 sec. (2749603.71 ticks, tree = 1486.45 MB, solutions = 1)
  24031  9630      490.5000    95      512.0000      476.8052  1004496    6.87%          x79_52 U  24031  24028     12
  24052  9651      501.1667    86      512.0000      476.8052  1005526    6.87%          x66_35 U  24052  24050     25
  24075  9668      497.5217   181      512.0000      476.8577  1006352    6.86%          x58_41 D  24075  24074     28
  24105  9694      500.3182   206      512.0000      476.8718  1007584    6.86%          x32_33 U  24105  17399     13
  24133  9718        cutoff            512.0000      476.8718  1008519    6.86%          x17_44 U  24133  24131     40
  24160  9745      490.2500   138      512.0000      476.8750  1009385    6.86%          x35_79 D  24160  24159     39
  24191  9776      497.7727   188      512.0000      476.8750  1010102    6.86%          x33_38 D  24191  24190     70
  24215  9796      489.9500   182      512.0000      476.8824  1011429    6.86%          x79_52 D  24215  24214     15
  24244  9825      506.3397   194      512.0000      476.8824  1012425    6.86%          x20_80 D  24244  24243     44
  24274  9851      485.3760   202      512.0000      476.8857  1013278    6.86%          x32_33 D  24274  24272     15
Elapsed time = 1589.19 sec. (2788903.55 ticks, tree = 1536.23 MB, solutions = 1)
  24294  9869      510.7556   184      512.0000      476.8857  1014643    6.86%          x19_38 D  24294  24293     28
  24322  9893      491.6360   187      512.0000      476.8857  1015495    6.86%          x53_20 D  24322  24321     33
  24359  9930      506.7113   182      512.0000      476.8857  1016111    6.86%          x35_72 D  24359  24358     70
  24383  9950      497.8987   178      512.0000      476.8920  1016999    6.86%          x57_19 D  24383  24382     28
  24410  9973      483.2814   186      512.0000      476.9167  1017807    6.85%          x33_79 D  24410  24409     13
  24445 10008      495.7769   179      512.0000      476.9167  1018495    6.85%          x44_79 D  24445  24444     48
  24479 10038      488.4381   181      512.0000      476.9375  1019667    6.85%          x40_19 D  24479  24478     16
  24500 10059      508.0000    53      512.0000      476.9375  1020802    6.85%          x51_11 D  24500  24499     37
  24526 10081      500.2444   187      512.0000      476.9826  1022117    6.84%          x79_57 N  24526  24525     20
  24551 10103      486.5127   183      512.0000      477.0000  1023102    6.84%          x35_79 D  24551  24550     26
Elapsed time = 1609.67 sec. (2827990.98 ticks, tree = 1590.61 MB, solutions = 1)
  24583 10135      494.3160   168      512.0000      477.0000  1023884    6.84%          x13_56 D  24583  24582     58
  24618 10166        cutoff            512.0000      477.0000  1024724    6.84%          x13_64 U  24618  24616     92
  24647 10195      501.8776   173      512.0000      477.0000  1025773    6.84%          x44_57 D  24647  24646     39
  24674 10218      493.7857   167      512.0000      477.0000  1026761    6.84%          x66_33 D  24674  24673     24
  24700 10244      508.8168   182      512.0000      477.0000  1027934    6.84%          x33_53 D  24700  24699     50
  24723 10263      502.8615   165      512.0000      477.0000  1029082    6.84%          x53_28 D  24723  24722     26
  24741 10277      488.6176   179      512.0000      477.0000  1030440    6.84%          x33_79 U  24741  24738     14
  24762 10298      502.9286   108      512.0000      477.0000  1031408    6.84%          x35_33 N  24762  24760     27
  24789 10315      484.2404   187      512.0000      477.0000  1032180    6.84%          x66_81 D  24789  24788     19
  24820 10346      510.6842   170      512.0000      477.0000  1033117    6.84%          x35_19 D  24820  24819     50
Elapsed time = 1629.70 sec. (2866873.86 ticks, tree = 1635.19 MB, solutions = 1)
  24850 10372      497.6585   185      512.0000      477.0000  1034167    6.84%          x79_44 D  24850  24849     38
  24876 10394      491.0446   185      512.0000      477.0000  1035254    6.84%          x35_79 D  24876  24875     29
  24900 10414      487.0625   160      512.0000      477.0000  1036263    6.84%          x79_69 D  24900  24899     18
  24930 10444      497.9427   188      512.0000      477.0000  1037076    6.84%          x17_80 D  24930  24929     48
  24955 10464      482.8107   185      512.0000      477.0000  1038190    6.84%          x33_20 D  24955  24954     12
  24975 10474      487.5926   162      512.0000      477.0119  1039383    6.83%          x33_79 D  24975  24974     16
  25007 10506      499.5000    44      512.0000      477.0119  1040245    6.83%          x26_55 U  25007  25006     48
  25036 10535      506.0000    38      512.0000      477.0119  1041129    6.83%          x33_35 D  25036  25035     77
  25068 10563      485.0108   191      512.0000      477.0313  1042002    6.83%          x69_20 D  25068  25067     27
  25099 10594      498.0177   128      512.0000      477.0313  1042905    6.83%          x41_57 D  25099  25098     58
Elapsed time = 1649.73 sec. (2906230.68 ticks, tree = 1674.90 MB, solutions = 1)
  25132 10624      485.2188   151      512.0000      477.0323  1043764    6.83%          x35_20 D  25132  25131     17
  25162 10654      495.1108   182      512.0000      477.0323  1044577    6.83%          x66_80 D  25162  25161     47
  25191 10679      492.5000   137      512.0000      477.0414  1045601    6.83%          x41_19 D  25191  25190     15
  25220 10708      510.0000    77      512.0000      477.0414  1046387    6.83%          x69_19 U  25220  25219     44
  25244 10729      493.0768   194      512.0000      477.0588  1047637    6.82%           x28_3 U  25244  25242     21
  25271 10746        cutoff            512.0000      477.0588  1048656    6.82%          x17_80 U  25271  25269     38
  25300 10763      484.6667    82      512.0000      477.0588  1049366    6.82%          x79_52 U  25300  25299     17
  25337 10800      500.2345   144      512.0000      477.0588  1050146    6.82%          x41_57 D  25337  25336     54
  25371 10830      479.6741   166      512.0000      477.0625  1050838    6.82%          x40_19 D  25371  25370     11
  25400 10859      493.1429   110      512.0000      477.0625  1051493    6.82%          x66_35 D  25400  25399     40
Elapsed time = 1669.74 sec. (2945309.62 ticks, tree = 1732.14 MB, solutions = 1)
  25439 10898      502.9612   159      512.0000      477.0625  1052320    6.82%          x35_40 D  25439  25438     79
  25475 10934      510.7143    83      512.0000      477.0625  1052996    6.82%          x75_48 N  25475  25474    115
  25500 10955      494.6901   175      512.0000      477.0721  1054014    6.82%          x58_41 D  25500  25499     33
  25534 10985      489.0870   162      512.0000      477.0833  1055020    6.82%          x79_20 D  25534  25533     12
  25567 11018      502.0000    99      512.0000      477.0833  1055732    6.82%          x13_56 D  25567  25566     45
  25593 11040      496.7292   165      512.0000      477.0833  1057104    6.82%          x21_78 U  25593  25591     10
  25616 11047        cutoff            512.0000      477.0833  1058389    6.82%          x19_52 U  25616  25614     24
  25640 11067      493.7669   192      512.0000      477.0891  1059207    6.82%          x56_79 D  25640  25639     30
  25671 11098      504.9375   167      512.0000      477.0891  1060122    6.82%          x41_56 D  25671  25670     61
  25702 11125      488.5000   157      512.0000      477.1000  1061046    6.82%          x66_69 D  25702  25701     24
Elapsed time = 1688.47 sec. (2984507.63 ticks, tree = 1788.43 MB, solutions = 1)
  25735 11158      499.5833   120      512.0000      477.1000  1061940    6.82%           x8_64 D  25735  25734     57
  25760 11179      480.9863   169      512.0000      477.1111  1062476    6.81%          x79_69 D  25760  25759     18
  25799 11218      493.8889    58      512.0000      477.1111  1063197    6.81%           x55_9 U  25799  25798     57
  25826 11245      502.0000    22      512.0000      477.1111  1064352    6.81%           x5_16 U  25826  25825     84
  25856 11275      508.4286    54      512.0000      477.1111  1065034    6.81%          x51_48 D  25856  25855    114
  25889 11304      495.2500   168      512.0000      477.1250  1065751    6.81%          x40_19 D  25889  25888     32
  25920 11331      479.9000   113      512.0000      477.1250  1066539    6.81%          x66_81 D  25920  25919      9
  25936 11345        cutoff            512.0000      477.1250  1068331    6.81%          x35_79 U  25936  25934     18
  25960 11359      486.8571   100      512.0000      477.1250  1069121    6.81%          x70_42 D  25960  25959     22
  25993 11392      493.0000    26      512.0000      477.1250  1070001    6.81%          x28_21 U  25993  25992     55
Elapsed time = 1707.03 sec. (3023240.24 ticks, tree = 1845.53 MB, solutions = 1)
  26007 11406      495.5000    30      512.0000      477.1250  1070178    6.81%          x72_75 D  26007  26006     69
  26048 11447      506.5577    55      512.0000      477.1250  1070685    6.81%           x5_16 N  26048  26047    110
  26077 11472      484.1336   196      512.0000      477.1364  1071327    6.81%          x44_53 D  26077  26076     22
  26104 11499      493.7250   163      512.0000      477.1364  1072252    6.81%           x8_41 D  26104  26103     49
  26137 11532      503.4133   145      512.0000      477.1364  1073138    6.81%          x26_41 D  26137  26136     82
  26165 11558      507.7537   128      512.0000      477.1364  1074229    6.81%          x35_53 N  26165  26164    109
  26193 11583      498.1565   215      512.0000      477.1500  1075335    6.81%          x69_20 D  26193  26192     32
  26224 11611      492.0800   165      512.0000      477.1579  1076372    6.81%           x28_3 D  26224  26223     24
  26258 11645      501.5556   107      512.0000      477.1579  1077460    6.81%          x59_51 D  26258  26257     58
  26295 11682      508.2500   103      512.0000      477.1579  1078547    6.81%          x60_74 U  26295  26294     95
Elapsed time = 1724.63 sec. (3062253.74 ticks, tree = 1862.07 MB, solutions = 1)
  26320 11703      501.6275   146      512.0000      477.1642  1079819    6.80%          x69_57 D  26320  26319     25
  26343 11717      480.9231   179      512.0000      477.1667  1081221    6.80%          x33_79 U  26343  22523      8
  26370 11744      497.5743   185      512.0000      477.1667  1082384    6.80%          x80_81 U  26370  26369     35
  26400 11770      482.3333   162      512.0000      477.1667  1083324    6.80%          x79_52 D  26400  26399     12
  26431 11799      508.3036   179      512.0000      477.1667  1084258    6.80%          x79_38 D  26431  26430     42
  26466 11830      494.3997   181      512.0000      477.1758  1085162    6.80%          x35_79 D  26466  26465     42
  26508 11872      504.5745   168      512.0000      477.1758  1085837    6.80%          x71_41 D  26508  26507     84
  26539 11899      501.5417   139      512.0000      477.1979  1086814    6.80%          x35_53 U  26539  26538     29
  26561 11917      509.0556   175      512.0000      477.2000  1088991    6.80%          x17_52 U  26561  26559     19
  26585 11935      497.9167   160      512.0000      477.2000  1089997    6.80%          x17_20 D  26585  26584     29
Elapsed time = 1747.42 sec. (3106620.18 ticks, tree = 1915.05 MB, solutions = 1)
  26621 11968      480.5250   179      512.0000      477.2037  1090914    6.80%          x38_56 U  26621  17722     10
  26651 11998      490.3700   191      512.0000      477.2037  1091754    6.80%          x52_57 D  26651  26650     40
  26679 12022      479.1296   191      512.0000      477.2043  1092730    6.80%          x32_33 D  26679  26678     11
  26708 12051      493.7297   184      512.0000      477.2043  1093678    6.80%          x66_69 D  26708  26707     40
  26735 12078      510.3043   179      512.0000      477.2043  1094700    6.80%          x66_41 N  26735  26734     67
  26767 12107      494.4400   177      512.0000      477.2160  1095651    6.79%          x58_41 D  26767  26766     39
  26797 12137      508.2895   185      512.0000      477.2160  1096352    6.79%          x56_13 N  26797  26796     69
  26812 12148      482.7226   184      512.0000      477.2251  1097649    6.79%          x69_57 D  26812  26811     19
  26833 12169      498.0000    12      512.0000      477.2251  1098599    6.79%          x43_36 D  26833  26831     33
  26860 12192        cutoff            512.0000      477.2251  1099505    6.79%          x18_21 U  26860  26858     51
Elapsed time = 1768.71 sec. (3145432.86 ticks, tree = 1970.75 MB, solutions = 1)
  26886 12208      489.0464   174      512.0000      477.2316  1100290    6.79%          x58_41 D  26886  26885     15
  26914 12236      509.5041   165      512.0000      477.2316  1101224    6.79%          x64_41 D  26914  26913     43
  26940 12258      503.4667   158      512.0000      477.2353  1102355    6.79%          x41_79 D  26940  26939     33
  26980 12292      487.8319   189      512.0000      477.2500  1103290    6.79%          x80_81 U  26980  26979     18
  27006 12318      504.0714   176      512.0000      477.2500  1104535    6.79%          x66_44 U  27006  27005     44
  27029 12335      507.9677   170      512.0000      477.2500  1105612    6.79%          x40_19 D  27029  27027     29
  27048 12348      494.5000   113      512.0000      477.2638  1106959    6.78%          x43_36 D  27048  27045     22
  27070 12370      504.3333    24      512.0000      477.2638  1107615    6.78%          x75_22 U  27070  27068     36
  27093 12391      510.0000    12      512.0000      477.2638  1108329    6.78%          x37_77 D  27093  27092     53
  27115 12405      501.0000   144      512.0000      477.3077  1108909    6.78%          x32_33 D  27115  27114     16
Elapsed time = 1787.08 sec. (3185314.09 ticks, tree = 2016.20 MB, solutions = 1)
  27147 12433      486.2708   182      512.0000      477.3125  1109616    6.77%          x41_79 D  27147  27146     33
  27180 12466      498.6042   170      512.0000      477.3125  1110553    6.77%          x28_53 D  27180  27179     66
  27204 12490      507.5000    60      512.0000      477.3125  1111202    6.77%          x18_28 D  27204  27203     90
  27229 12511      496.1579   166      512.0000      477.3333  1112175    6.77%          x69_41 D  27229  27228     31
  27252 12530      490.0536   178      512.0000      477.3333  1113221    6.77%           x28_3 D  27252  27251     21
  27287 12565      504.6811   185      512.0000      477.3333  1113966    6.77%          x57_69 U  27287  27286     56
  27308 12582      498.9091   158      512.0000      477.3333  1115387    6.77%          x69_41 N  27308  27305     18
  27328 12602      495.6957   173      512.0000      477.3333  1116842    6.77%          x17_69 D  27328  27327     34
  27345 12611      505.9717   210      512.0000      477.3333  1118677    6.77%          x32_33 U  27345  17721      9
  27374 12636      488.5000   149      512.0000      477.3333  1119702    6.77%          x79_17 D  27374  27373     24
Elapsed time = 1808.41 sec. (3225259.88 ticks, tree = 2052.81 MB, solutions = 1)
Nodefile size = 4.88 MB (4.43 MB after compression)
  27406 12668      500.1000   185      512.0000      477.3333  1120745    6.77%          x79_40 D  27406  27405     56
  27437 12695      483.2222   182      512.0000      477.3556  1121737    6.77%          x69_57 D  27437  27436     18
  27470 12728      496.9913   204      512.0000      477.3556  1122782    6.77%          x41_79 D  27470  27469     51
  27502 12760      505.7187   188      512.0000      477.3556  1123589    6.77%          x53_28 D  27502  27501     83
  27520 12773      501.3359   182      512.0000      477.3740  1124779    6.76%          x17_20 D  27520  27519     18
  27548 12797      485.9091   185      512.0000      477.3750  1125857    6.76%          x53_59 D  27548  27547     12
  27568 12811      496.5000   151      512.0000      477.3757  1127171    6.76%          x33_20 U  27568  27567     19
  27596 12835      492.8043   180      512.0000      477.3824  1128106    6.76%          x32_33 N  27596  27595     22
  27600 12839      494.2714   188      512.0000      477.3824  1128346    6.76%          x66_79 D  27600  27599     26
  27627 12866      509.2821   168      512.0000      477.3824  1129273    6.76%          x13_52 N  27627  27626     53
Elapsed time = 1827.96 sec. (3264302.36 ticks, tree = 2102.46 MB, solutions = 1)
Nodefile size = 54.51 MB (49.78 MB after compression)
  27654 12890      503.1225   180      512.0000      477.3873  1130388    6.76%          x66_33 D  27654  27653     34
  27678 12911      495.9403   160      512.0000      477.4074  1131363    6.76%          x56_38 D  27678  27677     22
  27694 12921        cutoff            512.0000      477.4118  1132874    6.76%          x21_78 U  27694  27692     12
  27715 12933      487.2440   133      512.0000      477.4206  1134154    6.75%           x64_8 D  27715  27714     18
  27747 12962      479.1364   195      512.0000      477.4219  1135016    6.75%          x66_44 U  27747  14918      8
  27780 12995      493.5769   191      512.0000      477.4219  1135805    6.75%          x52_79 D  27780  27779     41
  27814 13029      508.0000   132      512.0000      477.4219  1136930    6.75%          x57_41 N  27814  27813     75
  27834 13045      496.1250   149      512.0000      477.4219  1138212    6.75%          x66_33 D  27834  27833     27
  27860 13067      503.3918   212      512.0000      477.4333  1139571    6.75%          x32_33 U  27860  19149      9
  27886 13085        cutoff            512.0000      477.4359  1140588    6.75%          x41_57 U  27886  27884     12
Elapsed time = 1848.05 sec. (3303976.67 ticks, tree = 2149.36 MB, solutions = 1)
Nodefile size = 101.40 MB (92.70 MB after compression)
  27914 13109      489.2411   190      512.0000      477.4689  1141472    6.74%          x66_69 D  27914  27913     35
  27946 13141      502.9835   186      512.0000      477.4689  1142421    6.74%          x66_57 D  27946  27945     67
  27974 13165      487.8382   181      512.0000      477.4808  1143469    6.74%          x60_35 D  27974  27973     19
  28003 13194      495.1924   189      512.0000      477.4808  1144112    6.74%          x17_80 D  28003  28002     48
  28038 13229      509.5000    86      512.0000      477.4808  1144799    6.74%          x78_63 D  28038  28037     83
  28068 13256      502.8500   179      512.0000      477.5000  1145998    6.74%          x69_41 D  28068  28067     35
  28097 13281      488.2542   182      512.0000      477.5000  1146847    6.74%          x53_79 D  28097  28096     24
  28134 13318      508.3016   171      512.0000      477.5000  1147927    6.74%          x16_57 D  28134  28133     61
  28157 13335      504.6053   187      512.0000      477.5000  1149488    6.74%          x41_19 N  28157  28155     18
  28180 13346      484.7889   197      512.0000      477.5000  1150674    6.74%          x60_35 D  28180  28179     17
Elapsed time = 1867.53 sec. (3343272.18 ticks, tree = 2205.40 MB, solutions = 1)
Nodefile size = 157.67 MB (144.27 MB after compression)
  28207 13373      499.3333   147      512.0000      477.5000  1151485    6.74%          x35_19 D  28207  28206     44
  28234 13396      493.2500    96      512.0000      477.5000  1152602    6.74%           x8_41 D  28234  28233     28
  28270 13432      507.4559   167      512.0000      477.5000  1153349    6.74%           x8_16 D  28270  28269     64
  28292 13444      485.9305   188      512.0000      477.5000  1154704    6.74%          x79_20 D  28292  28291     12
  28325 13477      493.2560   198      512.0000      477.5000  1155475    6.74%          x33_35 D  28325  28324     45
  28353 13501      486.3540   199      512.0000      477.5051  1156363    6.74%          x80_81 D  28353  12353     12
  28379 13517      509.5000    50      512.0000      477.5051  1157047    6.74%          x72_50 D  28379  28377     28
  28402 13536      499.0792   189      512.0000      477.5333  1158024    6.73%          x58_41 D  28402  28401     29
  28433 13563      494.7778   131      512.0000      477.5500  1158972    6.73%          x41_40 D  28433  28432     23
  28477 13603        cutoff            512.0000      477.5500  1159426    6.73%          x57_69 N  28477  28475     66
Elapsed time = 1886.95 sec. (3382273.14 ticks, tree = 2243.72 MB, solutions = 1)
Nodefile size = 196.14 MB (179.46 MB after compression)
  28501 13627      504.2069   188      512.0000      477.5756  1160586    6.72%          x20_41 N  28501  28500     32
  28536 13659      486.1250   181      512.0000      477.5778  1161248    6.72%          x44_35 D  28536  28535     27
  28570 13693      496.7984   162      512.0000      477.5778  1162139    6.72%          x59_28 D  28570  28569     61
  28595 13714        cutoff            512.0000      477.5778  1163238    6.72%          x33_53 U  28595  28593     85
  28606 13719        cutoff            512.0000      477.5833  1165016    6.72%          x78_63 U  28606  28604     20
  28636 13749      501.6667   174      512.0000      477.5906  1166079    6.72%          x79_41 D  28636  28635     41
  28651 13760      509.7993   199      512.0000      477.5921  1167409    6.72%          x41_19 D  28651  28650     23
  28677 13782      487.3552   194      512.0000      477.5937  1168049    6.72%          x56_79 D  28677  28676     33
  28709 13814      500.1923   141      512.0000      477.5937  1168915    6.72%          x40_38 D  28709  28708     65
  28733 13838      505.3619   181      512.0000      477.5937  1170104    6.72%           x50_3 D  28733  28732     89
Elapsed time = 1907.52 sec. (3420890.82 ticks, tree = 2293.59 MB, solutions = 1)
Nodefile size = 245.63 MB (224.88 MB after compression)
  28770 13875      507.5513   155      512.0000      477.5937  1170914    6.72%           x62_3 D  28770  28769    126
  28795 13896      492.8500   165      512.0000      477.5938  1171830    6.72%          x20_41 D  28795  28794     27
  28807 13908      495.2128   179      512.0000      477.5938  1172161    6.72%          x79_17 N  28807  28806     39
  28840 13938      478.5833   115      512.0000      477.5960  1173170    6.72%          x53_59 D  28840  28839     15
  28863 13961      507.9000    62      512.0000      477.5960  1174339    6.72%          x51_35 D  28863  28862     32
  28889 13977      478.2500   162      512.0000      477.6226  1175131    6.71%          x33_79 D  28889  28888     11
  28914 14002      491.3196   168      512.0000      477.6226  1176057    6.71%          x56_41 D  28914  28913     36
  28950 14038      506.2100   139      512.0000      477.6226  1176938    6.71%          x41_35 N  28950  28949     72
  28989 14074      487.5385   178      512.0000      477.6286  1177920    6.71%          x58_41 D  28989  28988     20
  29015 14100      499.4000   160      512.0000      477.6286  1178962    6.71%          x53_59 D  29015  29014     46
Elapsed time = 1926.77 sec. (3460573.00 ticks, tree = 2349.72 MB, solutions = 1)
Nodefile size = 302.24 MB (276.84 MB after compression)
  29043 14128      506.2756   184      512.0000      477.6286  1179944    6.71%          x57_71 D  29043  29042     74
  29075 14156      495.2632   173      512.0000      477.6307  1181031    6.71%          x41_57 U  29075  29074     35
  29104 14181      488.9022   190      512.0000      477.6379  1182216    6.71%          x79_57 U  29104  20477     12
  29122 14190      488.5556   188      512.0000      477.6500  1183757    6.71%          x80_81 N  29122  12143     10
  29157 14221        cutoff            512.0000      477.6500  1184622    6.71%          x57_69 D  29157  29155     44
  29182 14246      506.4306   191      512.0000      477.6667  1185619    6.71%          x41_20 D  29182  29181     38
  29201 14261      489.6429   145      512.0000      477.6811  1186318    6.70%          x20_57 D  29201  29200     21
  29237 14297      495.8182    70      512.0000      477.6811  1186871    6.70%          x28_70 D  29237  29236     57
  29268 14328      503.1304    45      512.0000      477.6811  1187375    6.70%          x35_51 D  29268  29267     88
  29298 14354      484.7686   219      512.0000      477.6897  1188059    6.70%          x17_69 D  29298  29297     26
Elapsed time = 1946.32 sec. (3500224.58 ticks, tree = 2401.35 MB, solutions = 1)
Nodefile size = 353.59 MB (324.08 MB after compression)
  29321 14377      497.0816   122      512.0000      477.6897  1189415    6.70%          x66_44 D  29321  29320     49
  29354 14410      508.8000    48      512.0000      477.6897  1190633    6.70%          x11_75 D  29354  29353     82
  29370 14422      487.7620   187      512.0000      477.6957  1192437    6.70%          x41_19 D  29370  29369     19
  29385 14435      510.2807   177      512.0000      477.6957  1193828    6.70%          x59_28 N  29385  29383     28
  29407 14446      480.1296   201      512.0000      477.6991  1194663    6.70%          x41_19 D  29407  29406     16
  29438 14477      491.5930   180      512.0000      477.6991  1195493    6.70%          x52_79 U  29438  29437     47
  29468 14503      478.6667   191      512.0000      477.7061  1196453    6.70%          x69_19 U  29468   3406      9
  29495 14530      492.1500   163      512.0000      477.7061  1197362    6.70%          x53_17 D  29495  29494     36
  29524 14555      493.5204   176      512.0000      477.7097  1198376    6.70%           x64_8 D  29524  29523     12
  29558 14589      505.0000    12      512.0000      477.7097  1199075    6.70%          x63_18 U  29558  29557     46
Elapsed time = 1966.82 sec. (3539334.52 ticks, tree = 2439.31 MB, solutions = 1)
Nodefile size = 391.33 MB (358.67 MB after compression)
  29580 14607      498.0000   177      512.0000      477.7229  1200121    6.69%          x66_35 D  29580  29579     24
  29606 14629      503.4000   155      512.0000      477.7319  1201719    6.69%          x53_59 U  29606  29604     14
  29628 14645      489.2500   147      512.0000      477.7333  1202538    6.69%          x41_79 D  29628  29627     21
  29650 14663      502.0602   212      512.0000      477.7400  1203601    6.69%          x17_66 D  29650  29649     21
  29680 14690      484.2011   205      512.0000      477.7500  1204428    6.69%          x66_79 D  29680  29679     20
  29710 14720      495.6667   155      512.0000      477.7500  1205216    6.69%          x35_19 D  29710  29709     50
  29748 14758      504.0588   163      512.0000      477.7500  1205953    6.69%          x59_28 D  29748  29747     88
  29775 14779      501.0000   138      512.0000      477.7500  1207044    6.69%          x69_20 D  29775  29774     27
  29794 14791      510.6875   174      512.0000      477.7500  1208584    6.69%          x79_52 U  29794  29791     18
  29815 14806      486.0000   103      512.0000      477.7500  1209654    6.69%          x33_79 D  29815  29814     16
Elapsed time = 1986.86 sec. (3578737.96 ticks, tree = 2486.33 MB, solutions = 1)
Nodefile size = 438.81 MB (402.24 MB after compression)
  29842 14833      500.8542   181      512.0000      477.7500  1210548    6.69%          x79_64 D  29842  29841     43
  29864 14852      489.6023   177      512.0000      477.7619  1211970    6.69%          x17_59 D  29864  29863     23
  29895 14883      501.6500   149      512.0000      477.7619  1212956    6.69%          x56_41 D  29895  29894     54
  29924 14909      492.2308   182      512.0000      477.7619  1213952    6.69%          x17_79 D  29924  29923     23
  29957 14942      510.8718   156      512.0000      477.7619  1214951    6.69%          x38_52 D  29957  29956     56
  29982 14963      502.3381   193      512.0000      477.7636  1215911    6.69%          x80_52 D  29982  29981     37
  30000 14977      488.2424   170      512.0000      477.7692  1217091    6.69%          x29_33 D  30000  29998     15
  30015 14990      506.5128   157      512.0000      477.7692  1219064    6.69%          x80_81 D  30015  30013     25
  30040 15011      502.7655   197      512.0000      477.7727  1220109    6.69%          x41_40 D  30040  30039     33
  30069 15036      488.0952   174      512.0000      477.8281  1221038    6.67%          x69_20 D  30069  30068     20
Elapsed time = 2008.33 sec. (3620607.10 ticks, tree = 2535.67 MB, solutions = 1)
Nodefile size = 487.99 MB (447.45 MB after compression)
  30098 15065      502.7975   191      512.0000      477.8281  1221908    6.67%          x13_25 D  30098  30097     49
  30132 15095      484.7542   193      512.0000      477.8438  1222836    6.67%          x35_20 D  30132  30131     24
  30161 15124      497.1111   158      512.0000      477.8438  1223576    6.67%          x56_13 D  30161  30160     53
  30197 15160      508.0351   156      512.0000      477.8438  1224503    6.67%          x72_50 D  30197  30196     89
  30222 15181      495.0000    83      512.0000      477.8605  1225442    6.67%          x78_28 D  30222  30221     35
* 30246 12662      integral     0      501.0000      477.8605  1225981    4.62%          x37_77 D  30246  30245     59
  30259 12669      483.8187   199      501.0000      477.8667  1228045    4.62%          x41_19 D  30259  30258     13
  30284 12690      481.4000   131      501.0000      477.8674  1228914    4.62%          x33_20 U  30284  20628     14
  30310 12712      484.4553   193      501.0000      477.8750  1230189    4.62%          x32_33 D  30310  30309     14
  30336 12734      485.9062   165      501.0000      477.8750  1231511    4.62%          x21_78 D  30336  30335     13
Elapsed time = 2026.85 sec. (3658237.26 ticks, tree = 2141.56 MB, solutions = 2)
Nodefile size = 523.25 MB (479.88 MB after compression)
  30356 12744      490.8889   177      501.0000      477.9000  1233264    4.61%          x33_20 U  30356  30355     22
  30373 12753        cutoff            501.0000      477.9000  1234762    4.61%          x66_33 U  30373  30371     32
* 30400+11671                          499.0000      477.9000             4.23%
  30400 11673      492.0147   186      499.0000      477.9000  1235550    4.23%          x66_69 D  30400  30399     29
  30432 11701      485.0532   188      499.0000      477.9115  1236508    4.23%          x35_20 D  30432  30431     22
  30466 11735      492.4872   152      499.0000      477.9115  1237472    4.23%          x53_59 D  30466  30465     56
  30489 11754      488.5580   171      499.0000      477.9265  1238874    4.22%          x17_59 D  30489  30488     28
  30510 11770      482.5901   194      499.0000      477.9280  1239878    4.22%          x44_79 N  30510  30509     17
  30539 11795      492.0000   134      499.0000      477.9286  1241146    4.22%          x69_79 D  30539  30538     15
  30565 11811      495.3248   187      499.0000      477.9797  1242399    4.21%          x53_59 D  30565  30564     26
  30675 11897        cutoff            499.0000      478.0000  1247013    4.21%          x17_44 U  30675  30673     48
Elapsed time = 2051.74 sec. (3710146.52 ticks, tree = 1993.31 MB, solutions = 3)
Nodefile size = 523.25 MB (479.88 MB after compression)
  30787 11989        cutoff            499.0000      478.0000  1251263    4.21%          x40_41 U  30787  30786     59
  30871 12055      485.5278   198      499.0000      478.0541  1256162    4.20%          x80_81 D  30871   9360     14
  30989 12155      494.5816   176      499.0000      478.1111  1260800    4.19%          x44_35 U  30989  30986     22
  31094 12239      485.6296   105      499.0000      478.1346  1264582    4.18%          x78_63 U  31094  31093     17
  31200 12324      493.5000   153      499.0000      478.1608  1268324    4.18%          x52_79 D  31200  31199     24
  31299 12391      483.4375   169      499.0000      478.2011  1273398    4.17%          x57_69 U  31299    814     14
  31408 12470      487.5464   197      499.0000      478.2500  1277987    4.16%          x66_80 D  31408  31407     36
  31511 12532        cutoff            499.0000      478.2800  1282155    4.15%          x20_57 U  31511  31508     29
  31607 12596        cutoff            499.0000      478.3030  1286768    4.15%          x35_20 U  31607  31604     27
  31719 12687      487.5000   172      499.0000      478.3333  1290630    4.14%          x66_80 D  31719  31718     12
Elapsed time = 2122.16 sec. (3864869.18 ticks, tree = 2153.34 MB, solutions = 3)
Nodefile size = 523.25 MB (479.88 MB after compression)
  31823 12755      495.4167   143      499.0000      478.3448  1295120    4.14%          x69_20 D  31823  31822     18
  31935 12847      484.6667   166      499.0000      478.3629  1299262    4.14%          x79_20 D  31935  31934     23
  32051 12942      483.4500   125      499.0000      478.3825  1303104    4.13%          x35_33 U  32051  10484     14
  32155 13014      482.0588   168      499.0000      478.4382  1308481    4.12%          x33_79 U  32155  22790     12
  32268 13099      497.5000    99      499.0000      478.5000  1312823    4.11%          x52_57 D  32268  32267     33
  32400 13209      492.9286   106      499.0000      478.5000  1316976    4.11%          x11_62 D  32400  32399     23
  32520 13295      484.3947   185      499.0000      478.5227  1321601    4.10%          x79_52 U  32520  32519     15
  32639 13392        cutoff            499.0000      478.5286  1325619    4.10%          x80_69 D  32639  32638     34
  32727 13450      496.0652   176      499.0000      478.5480  1331280    4.10%          x57_69 U  32727  32725     19
  32823 13517      487.9854   186      499.0000      478.5729  1335746    4.09%          x57_79 D  32823  32822     33
Elapsed time = 2189.47 sec. (4018664.73 ticks, tree = 2319.60 MB, solutions = 3)
Nodefile size = 523.25 MB (479.88 MB after compression)
  32927 13589      497.5833   122      499.0000      478.5900  1340390    4.09%          x56_52 D  32927  32926     34
  33034 13672      493.5000   168      499.0000      478.6548  1344718    4.08%          x79_52 U  33034  33032     13
  33148 13756      496.2778   111      499.0000      478.6667  1349045    4.07%          x44_35 U  33148  33146     12
  33260 13846      496.6667    46      499.0000      478.6923  1352856    4.07%          x28_70 D  33260  33259     49
  33364 13917      494.1250   115      499.0000      478.7297  1357787    4.06%          x17_66 U  33364  33362     13
  33460 13991      485.5972   192      499.0000      478.7500  1362520    4.06%          x16_57 D  33460  33459     14
  33549 14052      485.8600   161      499.0000      478.7692  1367453    4.05%          x41_19 D  33549  33548     21
  33663 14153      491.6529   199      499.0000      478.7815  1371406    4.05%          x58_41 D  33663  33661     19
  33762 14229      494.9375   172      499.0000      478.8000  1376056    4.05%          x20_33 D  33762  33761     22
  33862 14296      494.0833   162      499.0000      478.8333  1379857    4.04%          x79_52 U  33862  33861     13
Elapsed time = 2256.73 sec. (4171593.56 ticks, tree = 2454.22 MB, solutions = 3)
Nodefile size = 523.25 MB (479.88 MB after compression)
  33972 14374      487.0000    47      499.0000      478.8472  1384248    4.04%          x35_53 U  33972  33971     13
  34068 14458      488.3333   115      499.0000      478.8571  1389083    4.04%           x28_3 D  34068  34067     16
  34165 14542      497.0085   190      499.0000      478.8750  1392228    4.03%          x66_80 D  34165  34164     32
  34269 14625      493.9219   105      499.0000      478.8833  1396820    4.03%          x59_11 D  34269  34268     37
  34390 14715      486.3148   190      499.0000      478.9303  1401309    4.02%          x79_52 D  34390   4392     13
  34498 14800      490.2222   168      499.0000      478.9500  1405866    4.02%          x66_80 D  34498  34497     20
  34590 14874      492.4433   172      499.0000      479.0000  1411261    4.01%          x80_81 U  34590  34589     31
  34700 14963      497.1667   104      499.0000      479.0000  1415241    4.01%          x57_19 N  34700  34699     27
  34799 15030      495.5632   182      499.0000      479.0000  1420204    4.01%          x66_35 D  34799  34798     23
  34911 15109      493.3933   205      499.0000      479.0000  1423776    4.01%          x41_79 D  34911  34910     32
Elapsed time = 2324.02 sec. (4325311.13 ticks, tree = 2587.76 MB, solutions = 3)
Nodefile size = 540.48 MB (495.64 MB after compression)
  35017 15192      484.4000   169      499.0000      479.0000  1428304    4.01%          x17_81 D  35017  35016     18
  35116 15261      480.8846   171      499.0000      479.0417  1432760    4.00%          x38_56 U  35116  13575     13
  35200 15327      489.3812   200      499.0000      479.0625  1437454    4.00%          x79_13 D  35200  35199     26
  35313 15416      491.5000   163      499.0000      479.0824  1441947    3.99%          x52_79 U  35313  35312     31
  35404 15471        cutoff            499.0000      479.0926  1446334    3.99%          x57_19 U  35404  35402     26
  35516 15562      494.1613   177      499.0000      479.1111  1450418    3.99%          x17_57 D  35516  35515     38
  35600 15620      494.8793   179      499.0000      479.1302  1455433    3.98%          x35_79 D  35600  35599     33
  35686 15679      496.2000   182      499.0000      479.1500  1460369    3.98%          x20_80 D  35686  35685     24
  35780 15736      486.5455   158      499.0000      479.1905  1465686    3.97%          x44_35 D  35780  35778     17
  35879 15811        cutoff            499.0000      479.2000  1469920    3.97%          x35_20 U  35879  35877     37
Elapsed time = 2394.34 sec. (4480894.97 ticks, tree = 2726.60 MB, solutions = 3)
Nodefile size = 679.05 MB (622.49 MB after compression)
  35965 15873      496.2500   154      499.0000      479.2137  1475082    3.97%          x69_57 D  35965  35964     13
  36065 15942      485.7748   183      499.0000      479.2353  1478633    3.96%          x33_79 U  36065    344     10
  36166 16010      495.2778   177      499.0000      479.2500  1483137    3.96%          x44_35 D  36166  36165     17
  36282 16111      492.6667    55      499.0000      479.2500  1487075    3.96%          x43_36 U  36282  36281     38
  36385 16186        cutoff            499.0000      479.2683  1491645    3.95%          x20_33 D  36385  36384     18
  36494 16274      493.5781   174      499.0000      479.2917  1495777    3.95%          x79_20 D  36494  36493     13
  36591 16345      491.8125   166      499.0000      479.3182  1500561    3.94%          x66_80 D  36591  36590     23
  36681 16411      489.5312   170      499.0000      479.3333  1505391    3.94%          x80_81 U  36681  36680     10
  36775 16480      485.2174   184      499.0000      479.3636  1510629    3.94%          x79_52 D  36775  21775     19
  36878 16558      482.3309   187      499.0000      479.4138  1514728    3.93%          x41_19 D  36878  36877     14
Elapsed time = 2460.70 sec. (4634358.41 ticks, tree = 2855.24 MB, solutions = 3)
Nodefile size = 807.69 MB (740.31 MB after compression)
  36984 16649      496.2500    21      499.0000      479.4167  1519104    3.92%          x63_18 U  36984  36983     29
  37088 16728      494.2500   155      499.0000      479.4286  1523670    3.92%          x58_41 D  37088  37087     21
  37198 16804      492.6176   163      499.0000      479.4500  1527794    3.92%          x33_20 D  37198  37197     22
  37308 16870        cutoff            499.0000      479.4919  1532242    3.91%          x20_66 D  37308  37307     34
  37401 16931      490.5000    16      499.0000      479.5000  1536619    3.91%          x18_78 D  37401  37400     28
  37549 17059      496.5000    24      499.0000      479.5000  1539795    3.91%           x3_28 U  37549  37548     38
  37644 17117      496.1333   180      499.0000      479.5000  1544436    3.91%          x35_20 D  37644  37643     16
  37765 17219      495.1333   136      499.0000      479.5000  1548502    3.91%          x33_20 D  37765  37763     20
  37873 17293      492.3368   175      499.0000      479.5577  1553293    3.90%          x69_57 D  37873  37872     20
  37976 17372      494.1538   166      499.0000      479.5813  1557415    3.89%          x16_57 D  37976  37975     34
Elapsed time = 2527.66 sec. (4787469.42 ticks, tree = 2995.09 MB, solutions = 3)
Nodefile size = 947.84 MB (868.46 MB after compression)
  38069 17440      498.0000    33      499.0000      479.5882  1561207    3.89%          x41_40 N  38069  38068     44
* 38101 17214      integral     0      496.0000      479.5978  1562510    3.31%
  38173 17267      484.7759   130      496.0000      479.6162  1565262    3.30%          x29_33 D  38173  38172     20
* 38201+14093                          493.0000      479.6216             2.71%
  38273 14127      484.4583   155      493.0000      479.6667  1570537    2.70%          x60_35 D  38273  38272     24
  38381 14192      481.2487   198      493.0000      479.6731  1575501    2.70%          x40_19 D  38381  38380     23
  38500 14272      480.8864   189      493.0000      479.7083  1580371    2.70%          x69_19 D  38500   2731     11
  38597 14321      489.8730   187      493.0000      479.7500  1585766    2.69%          x79_57 D  38597  38596     23
  38706 14384      491.1563   156      493.0000      479.7967  1590829    2.68%          x79_20 U  38706  38704     15
  38809 14435      485.5595   182      493.0000      479.8591  1595504    2.67%          x44_66 D  38809  38808     12
  38927 14500        cutoff            493.0000      479.8972  1600312    2.66%          x66_81 U  38927  22595      9
  39027 14564      490.0188   188      493.0000      479.9333  1604674    2.65%          x40_19 D  39027  39026     19
Elapsed time = 2596.04 sec. (4941630.40 ticks, tree = 2514.41 MB, solutions = 5)
Nodefile size = 965.12 MB (884.24 MB after compression)
  39121 14607      485.4000   104      493.0000      480.0000  1610089    2.64%          x66_44 D  39121  39120     20
  39217 14643      482.7190   179      493.0000      480.0000  1614936    2.64%          x44_35 N  39217   5201     12
  39316 14691        cutoff            493.0000      480.0400  1620653    2.63%          x66_33 D  39316  39313     28
  39432 14762        cutoff            493.0000      480.1000  1625716    2.62%          x17_20 D  39432  39431     32
  39540 14821      487.6190   157      493.0000      480.1667  1630539    2.60%          x80_81 U  39540  39539     25
  39665 14887        cutoff            493.0000      480.2000  1634660    2.60%          x52_79 D  39665  39664     12
  39765 14931      487.2500   118      493.0000      480.2319  1639934    2.59%          x53_79 D  39765  39764     37
  39861 14965      491.0500   186      493.0000      480.2727  1645224    2.58%          x20_57 D  39861  39860     36
  39970 15019      490.5667   177      493.0000      480.3176  1649075    2.57%          x40_19 D  39970  39969     18
  40074 15073      482.6111   105      493.0000      480.3750  1653418    2.56%          x66_80 U  40074  17514     15
Elapsed time = 2664.96 sec. (5095141.96 ticks, tree = 2608.08 MB, solutions = 5)
Nodefile size = 965.12 MB (884.24 MB after compression)
  40198 15150      486.1667   163      493.0000      480.4000  1657984    2.56%          x57_79 D  40198  40197     26
  40286 15180        cutoff            493.0000      480.4468  1663330    2.55%          x69_57 D  40286  40285     22
  40393 15243      490.4167   147      493.0000      480.4896  1668591    2.54%          x52_79 D  40393  40392     23
  40479 15289      486.9622   195      493.0000      480.5000  1672705    2.54%          x33_20 D  40479  40478     18
  40588 15335      487.9778   166      493.0000      480.5071  1677215    2.53%          x41_57 D  40588  40587     28
  40686 15391      482.0895   205      493.0000      480.5391  1682028    2.53%          x66_44 N  40686  21938     21
  40795 15449      490.9730   199      493.0000      480.5854  1687014    2.52%          x33_79 D  40795  40794     16
  40899 15507      485.0238   185      493.0000      480.6286  1691910    2.51%          x33_20 U  40899  40897     15
  41008 15552        cutoff            493.0000      480.6694  1696176    2.50%          x52_79 D  41008  41006     22
  41117 15587      486.5427   195      493.0000      480.7500  1700724    2.48%          x66_33 U  41117   4005     12
Elapsed time = 2731.15 sec. (5248535.85 ticks, tree = 2692.62 MB, solutions = 5)
Nodefile size = 965.12 MB (884.24 MB after compression)
  41223 15639      485.8398   191      493.0000      480.7840  1704867    2.48%          x66_80 D  41223  41222     26
  41319 15677      489.5393   192      493.0000      480.8533  1710183    2.46%          x79_52 N  41319  41318     20
  41415 15714        cutoff            493.0000      480.8889  1714544    2.46%          x16_57 U  41415  32225     11
  41522 15760        cutoff            493.0000      480.9500  1719186    2.44%          x32_33 U  41522  41177     15
  41616 15802        cutoff            493.0000      481.0000  1725304    2.43%          x64_41 U  41616  41614     32
  41725 15853      491.5000   161      493.0000      481.0000  1730300    2.43%          x60_35 D  41725  41724     20
  41829 15898      484.6250   153      493.0000      481.0667  1735399    2.42%          x79_52 D  41829  41828     19
  41944 15942        cutoff            493.0000      481.1167  1740283    2.41%          x66_81 U  41944  19435     13
  42050 15994      490.9375   158      493.0000      481.1667  1745216    2.40%          x57_69 D  42050  42049     27
  42148 16030      487.8402   193      493.0000      481.2031  1750598    2.39%          x21_78 D  42148  42147     17
Elapsed time = 2797.14 sec. (5402447.02 ticks, tree = 2783.05 MB, solutions = 5)
Nodefile size = 965.12 MB (884.24 MB after compression)
  42261 16097      491.3333    20      493.0000      481.2273  1755089    2.39%          x37_77 D  42261  42260     41
  42369 16135      481.4351   192      493.0000      481.2687  1760327    2.38%          x17_59 D  42369  14927     15
  42470 16191      488.7177   181      493.0000      481.3000  1764838    2.37%          x41_19 U  42470  21141     13
  42580 16232      491.7500   142      493.0000      481.3333  1769564    2.37%          x33_20 U  42580  42579     26
  42666 16253      486.1537   190      493.0000      481.3977  1774869    2.35%          x16_57 D  42666  42665     14
  42770 16305      491.2859   195      493.0000      481.4286  1779706    2.35%          x69_20 D  42770  42769     18
  42871 16333      490.0105   200      493.0000      481.4964  1784242    2.33%          x17_59 D  42871  42870     18
  42984 16403      487.1644   112      493.0000      481.5000  1789383    2.33%          x59_28 D  42984  42983     24
  43080 16449      489.7848   154      493.0000      481.5206  1792953    2.33%          x33_20 N  43080  43079     17
  43160 16458        cutoff            493.0000      481.5529  1797688    2.32%          x35_79 U  43160  43158     20
Elapsed time = 2861.81 sec. (5556035.32 ticks, tree = 2859.56 MB, solutions = 5)
Nodefile size = 965.12 MB (884.24 MB after compression)
  43259 16492        cutoff            493.0000      481.6000  1802861    2.31%          x16_57 U  43259  39114     16
  43375 16561        cutoff            493.0000      481.6250  1807309    2.31%          x79_52 D  43375  43374     13
  43472 16581      488.7778   152      493.0000      481.6667  1812085    2.30%          x60_35 D  43472  43471     16
  43589 16644      487.5932   106      493.0000      481.6757  1816954    2.30%          x70_11 D  43589  43588     28
  43690 16694      490.1489   177      493.0000      481.7297  1821507    2.29%          x33_20 N  43690  43689     11
  43795 16723        cutoff            493.0000      481.7500  1826364    2.28%          x17_20 U  43795    820     20
  43894 16773      487.5990   187      493.0000      481.7677  1831397    2.28%          x69_57 D  43894  43893     23
  44007 16813      487.1111   130      493.0000      481.8333  1835889    2.27%          x79_44 D  44007  44005     20
  44120 16871        cutoff            493.0000      481.8750  1840506    2.26%          x40_19 U  44120  44118     21
  44239 16936        cutoff            493.0000      481.9048  1844980    2.25%          x66_80 U  44239  22445     10
Elapsed time = 2928.11 sec. (5709591.68 ticks, tree = 2960.01 MB, solutions = 5)
Nodefile size = 965.12 MB (884.24 MB after compression)
  44357 17003        cutoff            493.0000      481.9375  1849636    2.24%          x80_69 D  44357  44356     18
  44457 17035      491.9576   186      493.0000      481.9932  1854830    2.23%          x69_20 N  44457  30126     19
  44550 17063      491.5312   183      493.0000      482.0000  1859967    2.23%          x79_20 D  44550  44548      9
  44646 17090      486.6111   175      493.0000      482.0000  1865563    2.23%          x69_19 D  44646  42158     13
  44742 17117      491.7403   189      493.0000      482.0345  1871043    2.22%          x35_20 D  44742  44741     26
  44835 17135      489.0769   188      493.0000      482.0794  1877189    2.22%          x41_19 N  44835  34978     17
  44952 17188      488.3542   170      493.0000      482.1342  1882682    2.20%          x33_20 D  44952  44951     20
  45055 17229      485.0060   190      493.0000      482.1667  1888438    2.20%          x41_19 U  45055   6071     17
  45167 17277        cutoff            493.0000      482.1920  1894225    2.19%          x52_79 D  45167  45166     20
  45264 17313      485.7713   180      493.0000      482.2222  1899045    2.19%          x52_35 D  45264  45263     27
Elapsed time = 2997.73 sec. (5863894.86 ticks, tree = 3033.56 MB, solutions = 5)
Nodefile size = 985.88 MB (903.09 MB after compression)
  45372 17352        cutoff            493.0000      482.2500  1904933    2.18%          x79_44 D  45372  45370     18
  45472 17413      484.4674   180      493.0000      482.2647  1909793    2.18%          x66_33 U  45472  12216     21
  45562 17436        cutoff            493.0000      482.3077  1916062    2.17%          x17_59 U  45562  30594     16
  45650 17447      489.9487   113      493.0000      482.3333  1922078    2.16%          x59_78 D  45650  45649     23
  45767 17491        cutoff            493.0000      482.3750  1927011    2.16%          x80_81 D  45767   4483     12
  45888 17571      491.4833   180      493.0000      482.4000  1931604    2.15%          x40_19 D  45888  45887     20
  45989 17587        cutoff            493.0000      482.4545  1937198    2.14%          x40_19 U  45989  17765     13
  46095 17618        cutoff            493.0000      482.5000  1942971    2.13%          x44_66 D  46095  46094     20
  46204 17656        cutoff            493.0000      482.5000  1947917    2.13%          x40_19 U  46204  46202     15
  46312 17699      486.2721   181      493.0000      482.5556  1953225    2.12%          x66_44 U  46312  22699     12
Elapsed time = 3069.30 sec. (6017494.03 ticks, tree = 3094.57 MB, solutions = 5)
Nodefile size = 1047.19 MB (959.11 MB after compression)
  46432 17762      486.8489   172      493.0000      482.5844  1958396    2.11%          x32_33 D  46432  46431     21
  46536 17795      485.2079   185      493.0000      482.6225  1963916    2.10%          x44_66 D  46536  46535     14
  46660 17859      490.0135   166      493.0000      482.6517  1968638    2.10%          x69_57 D  46660  46659     17
  46776 17907      489.0000    39      493.0000      482.6667  1973055    2.10%           x9_65 U  46776  46775     33
  46883 17949      489.1333   145      493.0000      482.7131  1978571    2.09%          x79_52 D  46883  46881     19
  46984 17973      483.7500    99      493.0000      482.7500  1983444    2.08%          x79_20 U  46984  30600     22
  47074 17997      490.6452   176      493.0000      482.8000  1989551    2.07%          x16_57 D  47074  47073     14
  47185 18032      488.8056   175      493.0000      482.8333  1995541    2.06%          x69_57 D  47185  47184     23
  47292 18054      489.0751   190      493.0000      482.8768  2000747    2.05%          x69_57 D  47292  47291     22
  47398 18067      486.8875   173      493.0000      482.9149  2005815    2.05%          x66_33 D  47398  47397     17
Elapsed time = 3140.58 sec. (6171094.17 ticks, tree = 3150.92 MB, solutions = 5)
Nodefile size = 1103.61 MB (1010.62 MB after compression)
  47509 18105        cutoff            493.0000      482.9474  2011143    2.04%          x44_66 D  47509  47508     19
  47600 18124      486.4026   192      493.0000      483.0000  2015049    2.03%          x52_35 D  47600  47598     34
  47713 18162        cutoff            493.0000      483.0000  2020084    2.03%          x59_28 U  47713  47711     24
  47829 18228      486.8000   140      493.0000      483.0000  2024934    2.03%          x41_19 N  47829  47828     13
  47932 18264      487.5714   154      493.0000      483.0000  2029018    2.03%          x21_78 D  47932  47931     18
  48026 18283      490.5000   106      493.0000      483.0357  2034608    2.02%          x33_79 U  48026  30805     13
  48134 18320        cutoff            493.0000      483.0750  2039265    2.01%          x35_20 D  48134  48133     26
  48251 18351      491.2500   148      493.0000      483.1250  2043902    2.00%          x21_78 D  48251  48250     15
  48348 18358        cutoff            493.0000      483.1667  2049340    1.99%          x33_79 U  48348  13327     16
  48461 18412      490.4722   150      493.0000      483.1885  2053914    1.99%          x44_35 N  48461  48460     27
Elapsed time = 3207.95 sec. (6324393.54 ticks, tree = 3209.05 MB, solutions = 5)
Nodefile size = 1161.89 MB (1063.76 MB after compression)
  48574 18451      489.4329   192      493.0000      483.2238  2059319    1.98%          x33_17 D  48574  48573     30
  48678 18488      488.5000    84      493.0000      483.2500  2064593    1.98%          x44_35 U  48678  48676     18
  48777 18524      489.4286   186      493.0000      483.2941  2069702    1.97%          x33_79 N  48777  48776     16
  48889 18551      490.4032   188      493.0000      483.3333  2074618    1.96%          x41_19 U  48889   2613     12
  49013 18606        cutoff            493.0000      483.3600  2079601    1.96%          x17_20 D  49013  49012     40
  49108 18645        cutoff            493.0000      483.4074  2083757    1.95%          x16_57 U  49108  45858     16
  49199 18679      491.5100   162      493.0000      483.4375  2087836    1.94%          x35_20 N  49199  31678     27
  49288 18686        cutoff            493.0000      483.4783  2092896    1.93%          x69_57 U  49288  49286     23
  49392 18709      490.7500    99      493.0000      483.5000  2097907    1.93%          x79_20 D  49392  49391     12
  49500 18740      489.5357   137      493.0000      483.5250  2103138    1.92%          x64_41 D  49500  49499     39
Elapsed time = 3276.21 sec. (6478118.88 ticks, tree = 3247.62 MB, solutions = 5)
Nodefile size = 1203.52 MB (1101.63 MB after compression)
  49576 18735      488.7500   141      493.0000      483.5769  2109271    1.91%          x80_81 U  49576  49574     20
  49686 18777        cutoff            493.0000      483.6250  2113536    1.90%          x16_57 U  49686  34812     13
  49805 18829      488.3269   175      493.0000      483.6488  2118401    1.90%          x35_79 D  49805  49804     35
  49926 18877        cutoff            493.0000      483.6667  2123350    1.89%          x32_33 U  49926  46547     11
  50012 18916      490.1121   187      493.0000      483.6667  2127320    1.89%          x33_79 U  50012  27970     16
  50117 18949      486.1042   180      493.0000      483.6875  2132217    1.89%          x35_20 D  50117  50116     26
  50216 18954      489.2500    53      493.0000      483.7273  2137235    1.88%          x79_52 D  50216  50215     13
  50306 18993      491.6429   154      493.0000      483.7500  2140766    1.88%          x52_79 N  50306  50305     17
  50405 19000      487.6389   156      493.0000      483.7625  2145676    1.87%          x40_19 D  50405  50403     34
  50521 19071      487.2247   199      493.0000      483.7812  2150725    1.87%          x17_59 D  50521  50520     28
Elapsed time = 3344.75 sec. (6631410.98 ticks, tree = 3300.59 MB, solutions = 5)
Nodefile size = 1252.79 MB (1146.55 MB after compression)
  50613 19084      491.3855   196      493.0000      483.8158  2156078    1.86%          x20_57 U  50613  17896     14
  50718 19123        cutoff            493.0000      483.8472  2161846    1.86%          x58_41 U  50718  30259     14
  50829 19162      489.8448   183      493.0000      483.8846  2167228    1.85%          x53_59 D  50829  50828     37
  50923 19177      484.6400   163      493.0000      483.9231  2172789    1.84%          x79_52 N  50923  50922     16
  51029 19197      489.2500   163      493.0000      483.9492  2177927    1.84%          x33_44 D  51029  51028     21
  51151 19250        cutoff            493.0000      483.9892  2182201    1.83%          x79_20 U  51151  51149     30
  51270 19317      489.5000     8      493.0000      484.0000  2185987    1.83%           x4_10 N  51270  51269     65
  51363 19385      491.0000    10      493.0000      484.0000  2189119    1.83%          x51_54 D  51363  51362     52
* 51368 19386      integral     0      492.0000      484.0000  2189166    1.63%
  51461 19416      489.8135   161      492.0000      484.0000  2191971    1.63%          x33_79 N  51461  51460     14
  51545 19412      488.5000    20      492.0000      484.0238  2196215    1.62%           x51_3 N  51545  51544     36
Elapsed time = 3410.85 sec. (6784517.58 ticks, tree = 3347.77 MB, solutions = 6)
Nodefile size = 1302.07 MB (1191.35 MB after compression)
  51639 19447        cutoff            492.0000      484.0556  2199577    1.61%          x20_57 D  51639  51638     15
  51737 19469      487.5357   193      492.0000      484.0909  2203716    1.61%          x59_17 D  51737  51735     26
  51864 19531      489.2016   172      492.0000      484.1111  2207897    1.60%          x33_20 D  51864  51863     24
  51966 19521      485.0000   207      492.0000      484.1640  2213023    1.59%          x20_80 U  51966  15799     13
  52058 19528      488.3919   194      492.0000      484.1875  2218390    1.59%          x21_78 D  52058  52057     17
  52152 19524      487.8333   120      492.0000      484.2381  2224503    1.58%          x35_53 U  52152   4010     17
  52250 19511      488.6010   123      492.0000      484.2727  2229413    1.57%          x32_33 D  52250  52249     14
  52368 19530        cutoff            492.0000      484.3008  2234150    1.56%          x41_19 U  52368  46417     20
  52474 19540        cutoff            492.0000      484.3333  2238701    1.56%          x52_57 D  52474  52473     25
  52582 19538      488.0000   141      492.0000      484.3772  2243788    1.55%          x52_57 D  52582  52581     24
Elapsed time = 3481.67 sec. (6937677.49 ticks, tree = 3378.01 MB, solutions = 6)
Nodefile size = 1331.33 MB (1218.02 MB after compression)
  52680 19536      490.1250   104      492.0000      484.4091  2249119    1.54%          x66_80 D  52680  52679     24
  52792 19546        cutoff            492.0000      484.4333  2254179    1.54%          x65_49 D  52792  52791     28
  52881 19569      491.0000    33      492.0000      484.4545  2258445    1.53%          x28_59 N  52881  51802     18
  52969 19566      490.4022   185      492.0000      484.5000  2262169    1.52%          x69_57 N  52969  52968     25
  53082 19656        cutoff            492.0000      484.5000  2264594    1.52%          x79_52 D  53082  43708     15
  53170 19674        cutoff            492.0000      484.5000  2268228    1.52%          x79_57 U  53170  53167     24
  53252 19678      486.0530   201      492.0000      484.5354  2271937    1.52%          x69_20 N  53252  53251     19
  53344 19699      487.7917   192      492.0000      484.5671  2276008    1.51%          x66_81 N  53344  53342     14
  53470 19725        cutoff            492.0000      484.6000  2280280    1.50%          x33_20 D  53470  53468     13
  53564 19741      489.5833   158      492.0000      484.6259  2284302    1.50%          x16_57 N  53564  53563     14
Elapsed time = 3546.28 sec. (7091114.09 ticks, tree = 3400.88 MB, solutions = 6)
Nodefile size = 1360.27 MB (1244.31 MB after compression)
  53653 19718      486.4000   128      492.0000      484.6667  2289311    1.49%          x79_20 D  53653  53652     15
  53749 19709        cutoff            492.0000      484.7000  2294571    1.48%          x79_52 D  53749  44057     17
  53861 19731      489.6757   181      492.0000      484.7500  2299783    1.47%          x35_20 U  53861  50116     26
  53973 19744      489.3714   164      492.0000      484.7692  2304242    1.47%          x20_33 D  53973  53971     31
  54080 19764      489.5000    16      492.0000      484.7917  2308671    1.47%          x76_23 D  54080  54079     27
  54191 19769        cutoff            492.0000      484.8315  2313666    1.46%          x40_19 U  54191  29680     21
  54283 19785        cutoff            492.0000      484.8455  2318135    1.45%          x69_20 U  54283  48076     20
  54397 19779        cutoff            492.0000      484.8958  2322633    1.44%          x66_44 D  54397  54396     26
  54506 19793        cutoff            492.0000      484.9333  2327043    1.44%          x53_20 U  54506  36951     27
  54592 19775        cutoff            492.0000      484.9857  2331365    1.43%          x33_79 D  54592  54591     13
Elapsed time = 3615.89 sec. (7245099.84 ticks, tree = 3406.29 MB, solutions = 6)
Nodefile size = 1364.25 MB (1247.92 MB after compression)
  54717 19824      486.1795   202      492.0000      485.0000  2336700    1.42%          x79_52 U  54717  39453     14
  54830 19895      487.6667    26      492.0000      485.0000  2339949    1.42%          x48_77 N  54830  54829     39
* 54880+18316                          491.0000      485.0000             1.22%
  54955 18372        cutoff            491.0000      485.0000  2341809    1.22%          x48_30 D  54955  54954     33
  55054 18419        cutoff            491.0000      485.0000  2344372    1.22%          x48_30 D  55054  55052     34
  55146 18479      488.5000    33      491.0000      485.0000  2347238    1.22%          x16_25 N  55146  55145     31
  55229 18487      487.8889   165      491.0000      485.0000  2351046    1.22%          x80_69 N  55229   6228      9
  55317 18477      488.3333    27      491.0000      485.0000  2354613    1.22%          x16_25 U  55317  55316     28
  55411 18476        cutoff            491.0000      485.0328  2358221    1.22%          x41_19 U  55411  22796     18
  55497 18432      488.2564   173      491.0000      485.0909  2362262    1.20%          x79_20 N  55497  55496     16
  55577 18411        cutoff            491.0000      485.1404  2366447    1.19%          x60_74 U  55577  55576     32
Elapsed time = 3674.91 sec. (7398716.05 ticks, tree = 3175.96 MB, solutions = 7)
Nodefile size = 1392.00 MB (1273.15 MB after compression)
  55675 18363        cutoff            491.0000      485.1952  2370018    1.18%          x52_79 D  55675  10165     14
  55773 18385      489.3333    11      491.0000      485.2198  2373233    1.18%           x30_2 N  55773  55770     32
  55862 18382      487.7713   171      491.0000      485.2500  2376913    1.17%           x28_3 N  55862  55861     16
  55948 18363      487.5000    77      491.0000      485.2727  2380783    1.17%          x41_57 N  55948    675     10
  56030 18356      490.0000    54      491.0000      485.3125  2384858    1.16%          x72_50 N  56030  56029     27
  56131 18325        cutoff            491.0000      485.3434  2389285    1.15%          x53_59 U  56131  24413     17
  56250 18331      490.0000    22      491.0000      485.3750  2393554    1.15%          x43_36 U  56250  56249     22
  56351 18286      488.3095   186      491.0000      485.4348  2397952    1.13%          x33_79 D  56351  56350     16
  56456 18243        cutoff            491.0000      485.4722  2402066    1.13%          x35_79 U  56456  21104     26
  56566 18261      488.3200    90      491.0000      485.5000  2406564    1.12%          x63_78 N  56566  56565     50
Elapsed time = 3743.03 sec. (7552174.63 ticks, tree = 3132.47 MB, solutions = 7)
Nodefile size = 1392.00 MB (1273.15 MB after compression)
  56661 18310      489.0000    54      491.0000      485.5000  2409308    1.12%          x36_43 N  56661  56660     32
  56765 18353      490.0000    47      491.0000      485.5000  2412106    1.12%          x63_18 N  56765  56764     38
  56856 18314        cutoff            491.0000      485.5000  2416543    1.12%          x69_19 D  56856  56855     23
  56958 18346        cutoff            491.0000      485.5064  2421482    1.12%          x79_20 U  56958  22752     14
  57060 18373      489.5000    14      491.0000      485.5332  2424826    1.11%          x51_22 N  57060  57059     38
  57165 18409      488.7515   176      491.0000      485.5455  2427995    1.11%          x16_57 N  57165  57164     25
  57251 18379        cutoff            491.0000      485.5789  2431978    1.10%          x11_35 U  57251  56068     17
  57349 18386        cutoff            491.0000      485.6000  2435337    1.10%          x57_33 U  57349  57347     33
  57435 18364      488.1181   197      491.0000      485.6458  2438963    1.09%          x64_41 N  57435  57433     23
  57532 18331      488.0000    26      491.0000      485.6873  2442713    1.08%          x75_22 N  57532  57531     28
Elapsed time = 3801.94 sec. (7705889.06 ticks, tree = 3141.65 MB, solutions = 7)
Nodefile size = 1392.00 MB (1273.15 MB after compression)
  57636 18268        cutoff            491.0000      485.7414  2446961    1.07%          x17_52 U  57636  15303     11
  57740 18253        cutoff            491.0000      485.7769  2450767    1.06%          x41_19 U  57740  46936     17
  57847 18188        cutoff            491.0000      485.8333  2454830    1.05%          x58_41 U  57847  40337     33
  57960 18190      489.5000    68      491.0000      485.8548  2459348    1.05%          x21_59 U  57960  57959     36
  58062 18147        cutoff            491.0000      485.8937  2463112    1.04%          x69_57 U  58062  58060     35
  58156 18083        cutoff            491.0000      485.9583  2467391    1.03%          x63_18 D  58156  58154     20
  58263 18067      488.0000    13      491.0000      486.0000  2471504    1.02%           x55_1 N  58263  58262     32
  58372 18109      489.7500    58      491.0000      486.0000  2474282    1.02%          x76_23 N  58372  58371     38
  58465 18147        cutoff            491.0000      486.0000  2477323    1.02%          x37_77 U  58465  58463     43
  58579 18221      490.0000    18      491.0000      486.0000  2480141    1.02%          x37_77 N  58579  58578     38
Elapsed time = 3866.31 sec. (7859344.69 ticks, tree = 3112.33 MB, solutions = 7)
Nodefile size = 1392.00 MB (1273.15 MB after compression)
  58683 18283      489.7500    15      491.0000      486.0000  2483092    1.02%           x51_3 N  58683  58681     37
  58790 18347      489.6667    18      491.0000      486.0000  2485708    1.02%          x37_22 N  58790  58789     41
  58900 18411      487.4500    49      491.0000      486.0000  2488590    1.02%          x50_28 N  58900  58899     38
  59004 18472      489.2500    63      491.0000      486.0000  2491844    1.02%          x18_78 N  59004  59003     39
  59100 18512      489.2500    29      491.0000      486.0000  2495210    1.02%          x72_49 N  59100  59099     48
  59196 18473      488.0000   144      491.0000      486.0000  2499047    1.02%          x16_57 N  59196  59195     19
  59289 18479        cutoff            491.0000      486.0027  2502486    1.02%          x69_20 U  59289  59287     20
  59386 18455      488.5000    39      491.0000      486.0625  2505786    1.01%          x18_63 N  59386  59385     21
  59484 18454      489.1000   127      491.0000      486.0909  2509393    1.00%          x59_53 N  59484  57524     21
  59584 18448        cutoff            491.0000      486.1250  2512719    0.99%          x16_57 U  59584  31526     13
Elapsed time = 3919.93 sec. (8012872.46 ticks, tree = 3127.44 MB, solutions = 7)
Nodefile size = 1392.00 MB (1273.15 MB after compression)
  59689 18441      487.0000    63      491.0000      486.1596  2515984    0.99%          x76_23 N  59689  59688     38
  59796 18422        cutoff            491.0000      486.1875  2519662    0.98%          x79_52 U  59796  59795     11
  59886 18370      487.3889   179      491.0000      486.2273  2523594    0.97%          x66_44 N  59886  18352     11
  59992 18368        cutoff            491.0000      486.2500  2526768    0.97%          x44_35 U  59992  32117     18
  60088 18343        cutoff            491.0000      486.2778  2530270    0.96%           x1_43 U  60088  60087     23
  60186 18276        cutoff            491.0000      486.3282  2533843    0.95%          x21_78 U  60186  54790     32
  60276 18243        cutoff            491.0000      486.3333  2538055    0.95%          x60_35 U  60276  29766     19
  60358 18228      488.5000    61      491.0000      486.3636  2542144    0.94%          x59_11 D  60358  60357     25
  60454 18208        cutoff            491.0000      486.3889  2546071    0.94%          x16_57 U  60454  25951     14
  60539 18181        cutoff            491.0000      486.4006  2550395    0.94%          x79_20 U  60539  45236     20
Elapsed time = 3984.94 sec. (8166019.60 ticks, tree = 3063.39 MB, solutions = 7)
Nodefile size = 1392.00 MB (1273.15 MB after compression)
  60625 18123        cutoff            491.0000      486.4444  2554783    0.93%          x60_35 U  60625  55917     21
  60729 18074        cutoff            491.0000      486.4931  2558079    0.92%          x80_81 D  60729  21240     23
  60841 18105        cutoff            491.0000      486.5000  2560945    0.92%          x66_69 U  60841   1861      9
  60942 18153      487.5000    18      491.0000      486.5000  2564365    0.92%          x75_54 N  60942  60941     33
  61050 18214      488.0000    37      491.0000      486.5000  2567600    0.92%          x75_22 N  61050  61049     21
  61141 18243        cutoff            491.0000      486.5000  2571717    0.92%          x75_22 D  61141  61140     26
  61250 18278      489.0000    36      491.0000      486.5000  2574346    0.92%           x68_1 N  61250  61249     28
  61347 18294      487.5578   160      491.0000      486.5000  2578063    0.92%          x17_59 N  61347  61346     16
  61435 18287      488.5000    31      491.0000      486.5000  2581837    0.92%          x70_28 N  61435  61434     27
  61530 18321      489.1190   155      491.0000      486.5139  2585452    0.91%          x66_44 N  61530  61529     23
Elapsed time = 4039.37 sec. (8319377.61 ticks, tree = 3083.33 MB, solutions = 7)
Nodefile size = 1392.00 MB (1273.15 MB after compression)
  61628 18340        cutoff            491.0000      486.5333  2589271    0.91%          x20_80 U  61628  61626     28
  61724 18329      490.0000   142      491.0000      486.5608  2592633    0.90%          x44_66 N  61724  61723     20
  61824 18285        cutoff            491.0000      486.5909  2596216    0.90%          x80_81 D  61824  61822     22
  61931 18269      488.3667   179      491.0000      486.6250  2599483    0.89%          x33_20 N  61931  44091     13
  62021 18232      489.7241   144      491.0000      486.6603  2603288    0.88%          x70_28 N  62021  40823     26
  62135 18245        cutoff            491.0000      486.6667  2606239    0.88%          x17_59 U  62135  38669     20
  62230 18209        cutoff            491.0000      486.7000  2609654    0.88%          x21_78 D  62230  62229     21
  62322 18163      488.5000    18      491.0000      486.7500  2613379    0.87%          x48_30 N  62322  62320     43
  62408 18150        cutoff            491.0000      486.7500  2617092    0.87%          x11_22 U  62408  51197     39
  62507 18120        cutoff            491.0000      486.7857  2620681    0.86%          x41_19 U  62507  62505     18
Elapsed time = 4102.06 sec. (8472783.60 ticks, tree = 3042.35 MB, solutions = 7)
Nodefile size = 1392.00 MB (1273.15 MB after compression)
  62594 18077      490.0000    20      491.0000      486.8125  2624632    0.85%           x30_2 N  62594  62593     41
  62696 18078      489.7500    51      491.0000      486.8333  2628067    0.85%           x3_21 N  62696  62694     29
  62790 18042        cutoff            491.0000      486.8557  2631556    0.84%          x52_57 U  62790  22760     22
  62887 18023      489.5000    18      491.0000      486.8750  2634681    0.84%          x48_77 N  62887  62886     38
  62990 18024      489.8210   174      491.0000      486.8916  2637671    0.84%          x80_81 N  62990  62989     30
  63082 17982      487.2000    96      491.0000      486.9211  2641435    0.83%          x59_78 N  63082  63081     25
  63182 17937        cutoff            491.0000      486.9500  2644854    0.82%          x41_57 U  63182  19912     27
  63277 17884      488.0000    13      491.0000      487.0000  2648535    0.81%            x9_1 N  63277  63276     28
  63374 17907        cutoff            491.0000      487.0000  2651915    0.81%           x1_43 U  63374  63373     45
  63474 17938      487.2500    24      491.0000      487.0000  2654866    0.81%           x63_6 N  63474  63473     35
Elapsed time = 4164.98 sec. (8626408.69 ticks, tree = 3002.24 MB, solutions = 7)
Nodefile size = 1392.00 MB (1273.15 MB after compression)
  63581 17990      490.0000    10      491.0000      487.0000  2657681    0.81%          x75_54 N  63581  60068     38
  63670 18021        cutoff            491.0000      487.0000  2662115    0.81%          x54_77 U  63670  63668     35
  63766 18043      488.5652    67      491.0000      487.0000  2666293    0.81%          x18_78 N  63766  63764     32
  63870 18070      488.0000    21      491.0000      487.0000  2669723    0.81%          x48_77 N  63870  63869     31
  63975 18116      489.0000    18      491.0000      487.0000  2673880    0.81%           x2_27 U  63975  63974     39
  64080 18154        cutoff            491.0000      487.0000  2678704    0.81%          x63_18 D  64080  64078     34
  64186 18195      489.0000    14      491.0000      487.0000  2684024    0.81%           x30_2 N  64186  64185     36
  64297 18262      489.0000    28      491.0000      487.0000  2688878    0.81%          x11_75 N  64297  54773     33
  64402 18309      489.4000    53      491.0000      487.0000  2693228    0.81%          x75_22 N  64402  64401     37
  64506 18347      489.5000    16      491.0000      487.0000  2698065    0.81%           x30_2 N  64506  64505     36
Elapsed time = 4208.57 sec. (8779731.07 ticks, tree = 2998.36 MB, solutions = 7)
Nodefile size = 1392.00 MB (1273.15 MB after compression)
  64617 18393      487.4000    38      491.0000      487.0000  2703424    0.81%          x22_77 N  64617  64616     27
  64714 18427      488.5636    79      491.0000      487.0000  2709686    0.81%          x16_25 N  64714  64713     35
  64814 18447      489.0000    34      491.0000      487.0000  2715437    0.81%          x78_63 N  64814  64813     33
  64915 18442      489.0000    58      491.0000      487.0000  2721913    0.81%          x11_62 N  64915  56694     22
  65012 18438      489.0000    30      491.0000      487.0000  2727836    0.81%          x42_28 D  65012  65011     24
  65111 18437        cutoff            491.0000      487.0000  2731951    0.81%          x48_30 D  65111  65110     30
  65206 18453        cutoff            491.0000      487.0000  2735388    0.81%          x54_77 D  65206  65205     39
  65305 18460      488.3750    38      491.0000      487.0202  2738631    0.81%           x18_3 N  65305  65304     37
  65405 18455      489.5000    78      491.0000      487.0392  2742363    0.81%          x44_35 N  65405  44470     19
  65505 18413        cutoff            491.0000      487.0714  2745595    0.80%          x60_74 U  65505  65504     44
Elapsed time = 4260.30 sec. (8933041.50 ticks, tree = 2963.38 MB, solutions = 7)
Nodefile size = 1392.00 MB (1273.15 MB after compression)
  65611 18347      488.2913   194      491.0000      487.1184  2748909    0.79%          x79_57 N  65611  14039     15
  65703 18318      489.0000   148      491.0000      487.1467  2752534    0.78%          x66_33 N  65703  50530     27
  65808 18249      488.3333    41      491.0000      487.1818  2755625    0.78%          x34_12 N  65808  65807     49
  65920 18264      488.0000    10      491.0000      487.2000  2758639    0.77%          x18_11 N  65920  65919     29
  66009 18225      489.3333    63      491.0000      487.2222  2762622    0.77%          x22_77 N  66009  66008     41
  66119 18222        cutoff            491.0000      487.2466  2765558    0.76%          x41_19 D  66119  66118     15
  66226 18251      490.0000    28      491.0000      487.2500  2769203    0.76%          x70_11 N  66226  66225     55
  66317 18232        cutoff            491.0000      487.2500  2773381    0.76%          x44_79 U  66317  44418     27
  66412 18193        cutoff            491.0000      487.2778  2776994    0.76%          x80_81 U  66412  66411     22
  66506 18122        cutoff            491.0000      487.3158  2780706    0.75%          x60_74 D  66506  54900     33
Elapsed time = 4323.12 sec. (9086451.11 ticks, tree = 2904.25 MB, solutions = 7)
Nodefile size = 1392.00 MB (1273.15 MB after compression)
  66599 18087        cutoff            491.0000      487.3333  2784878    0.75%          x18_78 U  66599  58703     34
  66700 18058        cutoff            491.0000      487.3448  2788360    0.74%          x53_79 U  66700  25083     43
  66788 18018        cutoff            491.0000      487.3750  2791965    0.74%          x69_20 U  66788  49929     14
  66878 17966        cutoff            491.0000      487.4063  2795208    0.73%          x69_20 U  66878  28668     25
  66977 17922        cutoff            491.0000      487.4400  2799063    0.73%          x59_11 U  66977  58782     35
  67074 17841        cutoff            491.0000      487.4857  2802147    0.72%           x50_3 U  67074  60903     28
  67175 17843      490.0000    22      491.0000      487.5000  2806642    0.71%          x18_62 N  67175  67174     47
  67264 17854      490.0000    41      491.0000      487.5000  2810771    0.71%          x75_22 N  67264  67262     31
  67362 17878      490.0000    55      491.0000      487.5000  2814554    0.71%          x21_11 N  67362  67361     32
  67467 17911      489.5000    24      491.0000      487.5000  2818057    0.71%          x72_50 N  67467  60804     33
Elapsed time = 4383.57 sec. (9239998.47 ticks, tree = 2858.03 MB, solutions = 7)
Nodefile size = 1392.00 MB (1273.15 MB after compression)
  67573 17955        cutoff            491.0000      487.5000  2821364    0.71%           x50_3 U  67573  66204     26
  67666 17956      489.1000    82      491.0000      487.5000  2824703    0.71%          x78_63 N  67666  41996     26
  67768 17925        cutoff            491.0000      487.5000  2828080    0.71%          x35_79 U  67768  37063     20
  67861 17901        cutoff            491.0000      487.5000  2832074    0.71%          x60_35 U  67861  48918     20
  67967 17909        cutoff            491.0000      487.5091  2835894    0.71%          x75_54 U  67967  67965     35
  68070 17908      489.1667    56      491.0000      487.5333  2839023    0.71%          x75_54 N  68070  68069     42
  68170 17894        cutoff            491.0000      487.5556  2842082    0.70%          x80_81 D  68170  68168     26
  68280 17862        cutoff            491.0000      487.5909  2845042    0.69%          x35_79 U  68280  27319     28
  68380 17813        cutoff            491.0000      487.6190  2849285    0.69%          x59_78 U  68380  54627     25
  68487 17778        cutoff            491.0000      487.6441  2851759    0.68%          x66_57 U  68487  17587     39
Elapsed time = 4442.14 sec. (9393657.66 ticks, tree = 2822.22 MB, solutions = 7)
Nodefile size = 1392.00 MB (1273.15 MB after compression)
  68572 17727        cutoff            491.0000      487.6667  2856201    0.68%          x28_59 D  68572  58827     34
  68666 17666        cutoff            491.0000      487.6694  2859848    0.68%          x66_80 U  68666  59207     16
  68771 17619        cutoff            491.0000      487.7000  2863119    0.67%          x66_81 U  68771  33094     12
  68872 17568      488.1786   191      491.0000      487.7273  2866304    0.67%          x33_79 N  68872  33744      9
  68970 17532      489.5000    16      491.0000      487.7500  2870160    0.66%          x11_75 N  68970  59630     36
  69070 17484        cutoff            491.0000      487.7571  2873503    0.66%          x66_69 U  69070  31403     32
  69167 17423        cutoff            491.0000      487.7867  2876979    0.65%          x60_35 U  69167  24147     27
  69271 17385        cutoff            491.0000      487.8000  2879829    0.65%          x16_57 U  69271  59433     17
  69365 17344        cutoff            491.0000      487.8250  2883219    0.65%          x57_69 D  69365  51895     18
  69459 17312        cutoff            491.0000      487.8333  2886751    0.64%          x70_28 U  69459  69457     17
Elapsed time = 4507.35 sec. (9547461.70 ticks, tree = 2743.82 MB, solutions = 7)
Nodefile size = 1392.00 MB (1273.15 MB after compression)
  69558 17251        cutoff            491.0000      487.8654  2889875    0.64%          x35_79 U  69558  37706     25
  69652 17208        cutoff            491.0000      487.8824  2893158    0.63%          x66_33 U  69652  37965     24
  69749 17151        cutoff            491.0000      487.9091  2896346    0.63%          x59_11 U  69749  57293     28
  69841 17097        cutoff            491.0000      487.9369  2899921    0.62%          x21_78 U  69841  58470     34
  69941 17034      490.0000     8      491.0000      487.9855  2903112    0.61%          x48_77 N  69941  69939     43
  70029 17004        cutoff            491.0000      488.0000  2907295    0.61%          x75_54 D  70029  70028     28
  70113 16987        cutoff            491.0000      488.0000  2911651    0.61%          x37_22 U  70113  64088     31
  70200 16970      489.5000    88      491.0000      488.0000  2916216    0.61%           x42_3 N  70200  57475     32
  70296 16987      489.3750    24      491.0000      488.0000  2919393    0.61%          x77_16 D  70296  70295     58
  70384 16957        cutoff            491.0000      488.0000  2923689    0.61%          x75_48 U  70384  51251     47
Elapsed time = 4571.47 sec. (9701128.84 ticks, tree = 2692.25 MB, solutions = 7)
Nodefile size = 1392.00 MB (1273.15 MB after compression)
  70473 16950      489.5000    14      491.0000      488.0000  2927408    0.61%          x70_11 U  70473  70471     43
  70568 16946      490.0000    20      491.0000      488.0000  2931377    0.61%          x23_76 N  70568  65303     36
  70653 16926      490.0000     8      491.0000      488.0000  2935224    0.61%           x3_11 N  70653  70652     30
  70747 16920        cutoff            491.0000      488.0000  2938855    0.61%          x75_54 U  70747  70745     38
  70847 16947        cutoff            491.0000      488.0000  2943284    0.61%          x35_20 U  70847  45728     18
  70942 16948      490.0000    46      491.0000      488.0000  2947419    0.61%          x16_25 N  70942  70941     32
  71041 16946      490.0000    24      491.0000      488.0000  2950992    0.61%          x22_77 N  71041  71040     31
  71138 16954      488.9167    53      491.0000      488.0000  2955091    0.61%           x72_3 N  71138  71137     45
  71223 16951        cutoff            491.0000      488.0000  2959344    0.61%          x48_30 U  71223  71222     40
  71319 16942      490.0000    24      491.0000      488.0000  2963004    0.61%          x11_28 N  71319  59044     40
Elapsed time = 4627.11 sec. (9854595.97 ticks, tree = 2684.78 MB, solutions = 7)
Nodefile size = 1392.00 MB (1273.15 MB after compression)
  71417 16939        cutoff            491.0000      488.0000  2966650    0.61%           x3_11 U  71417  71416     28
  71515 16900        cutoff            491.0000      488.0000  2969534    0.61%          x21_59 D  71515  66059     21
  71610 16865      489.2955    96      491.0000      488.0000  2973373    0.61%          x75_54 N  71610  71609     25
  71704 16851        cutoff            491.0000      488.0000  2976715    0.61%          x16_25 D  71704  71702     21
  71791 16825      488.8333   100      491.0000      488.0000  2980865    0.61%          x16_25 N  71791  71790     27
  71883 16792      489.5000     8      491.0000      488.0000  2985357    0.61%           x1_36 N  71883  71882     37
  71978 16774        cutoff            491.0000      488.0179  2989124    0.61%          x69_20 U  71978  50877     26
  72075 16712        cutoff            491.0000      488.0532  2992130    0.60%          x66_44 U  72075  72073     35
  72171 16635        cutoff            491.0000      488.0975  2995496    0.59%          x16_57 U  72171  33859     11
  72275 16586      490.0000    70      491.0000      488.1250  2999035    0.59%           x3_28 N  72275  72274     22
Elapsed time = 4688.77 sec. (10008095.56 ticks, tree = 2624.62 MB, solutions = 7)
Nodefile size = 1392.00 MB (1273.15 MB after compression)
  72378 16517        cutoff            491.0000      488.1531  3002492    0.58%          x18_63 U  72378  60356     24
  72477 16472      488.2500   157      491.0000      488.1667  3005554    0.58%          x60_35 N  72477  45508     18
  72581 16412        cutoff            491.0000      488.1905  3008600    0.57%          x17_66 U  72581  18353     12
  72681 16333        cutoff            491.0000      488.2187  3011789    0.57%          x33_20 U  72681  64759     14
  72776 16279      488.6000    88      491.0000      488.2375  3014938    0.56%          x21_59 N  72776  72775     23
  72883 16224        cutoff            491.0000      488.2500  3018181    0.56%          x38_57 U  72883  50043     34
  72974 16172        cutoff            491.0000      488.2572  3022295    0.56%          x18_28 U  72974  60751     21
  73074 16087        cutoff            491.0000      488.2917  3025471    0.55%          x44_66 U  73074  35944     20
  73185 16007        cutoff            491.0000      488.3333  3027870    0.54%          x48_77 D  73185  73184     33
  73290 16020      490.0000    21      491.0000      488.3333  3031152    0.54%          x48_77 N  73290  73288     29
Elapsed time = 4751.75 sec. (10161833.43 ticks, tree = 2528.46 MB, solutions = 7)
Nodefile size = 1392.00 MB (1273.15 MB after compression)
  73399 15951      489.7500    72      491.0000      488.3333  3035820    0.54%          x28_59 N  73399  73397     27
  73498 15888        cutoff            491.0000      488.3631  3038942    0.54%          x52_79 U  73498  33675     18
  73598 15852        cutoff            491.0000      488.3810  3042388    0.53%          x69_79 U  73598  30069     21
  73703 15808        cutoff            491.0000      488.4000  3045318    0.53%          x35_53 U  73703  41545     25
  73799 15727        cutoff            491.0000      488.4286  3048712    0.52%           x63_6 U  73799  64352     35
  73904 15664        cutoff            491.0000      488.4489  3051730    0.52%          x41_57 U  73904  33686     26
  74014 15602        cutoff            491.0000      488.4815  3054394    0.51%          x33_79 U  74014  50812     16
  74118 15550      490.0000     8      491.0000      488.5000  3057953    0.51%          x60_74 N  74118  74117     39
  74217 15524      490.0000    12      491.0000      488.5000  3061758    0.51%          x54_77 N  74217  74216     41
  74334 15519      489.0833    62      491.0000      488.5000  3065830    0.51%          x75_54 N  74334  74333     27
Elapsed time = 4811.48 sec. (10314753.11 ticks, tree = 2446.21 MB, solutions = 7)
Nodefile size = 1392.00 MB (1273.15 MB after compression)
  74440 15525        cutoff            491.0000      488.5000  3068761    0.51%           x68_3 U  74440  53419     39
  74560 15533      490.0000    87      491.0000      488.5000  3071773    0.51%          x79_52 N  74560  74559     16
  74655 15482        cutoff            491.0000      488.5000  3076108    0.51%          x18_63 U  74655  66683     20
  74754 15442      489.3333    44      491.0000      488.5000  3079906    0.51%          x49_50 N  74754  74753     33
  74849 15403        cutoff            491.0000      488.5000  3083559    0.51%          x75_54 U  74849  74847     38
  74938 15369        cutoff            491.0000      488.5000  3088067    0.51%          x70_11 U  74938  56869     37
  75041 15330      490.0000    14      491.0000      488.5122  3091053    0.51%          x30_27 N  75041  71772     57
  75136 15285        cutoff            491.0000      488.5313  3095064    0.50%            x9_1 U  75136  75134     25
  75244 15217        cutoff            491.0000      488.5588  3097453    0.50%           x3_11 D  75244  75243     32
  75349 15139        cutoff            491.0000      488.5870  3100280    0.49%          x44_53 U  75349  54662     24
Elapsed time = 4873.03 sec. (10468769.20 ticks, tree = 2385.62 MB, solutions = 7)
Nodefile size = 1392.00 MB (1273.15 MB after compression)
  75446 15071        cutoff            491.0000      488.6071  3103517    0.49%          x60_35 U  75446  40408     25
  75554 14990        cutoff            491.0000      488.6336  3106033    0.48%          x16_57 U  75554  57951     28
  75666 14939      489.6000    99      491.0000      488.6630  3108782    0.48%           x28_3 N  75666  57426     19
  75761 14882        cutoff            491.0000      488.6667  3111991    0.48%          x80_81 D  75761  63010     32
  75865 14807        cutoff            491.0000      488.6923  3115033    0.47%          x17_69 U  75865  24149     29
  75976 14721        cutoff            491.0000      488.7177  3117376    0.46%          x53_59 U  75976  41930     29
  76081 14625        cutoff            491.0000      488.7500  3119936    0.46%          x44_79 U  76081  43525     26
  76186 14545        cutoff            491.0000      488.7627  3122803    0.46%          x44_66 U  76186  39019     15
  76290 14453        cutoff            491.0000      488.8000  3125404    0.45%          x44_35 U  76290  47194     24
  76397 14371        cutoff            491.0000      488.8236  3127915    0.44%          x53_17 U  76397  49119     39
Elapsed time = 4936.58 sec. (10622588.15 ticks, tree = 2261.32 MB, solutions = 7)
Nodefile size = 1392.00 MB (1273.15 MB after compression)
  76506 14303        cutoff            491.0000      488.8395  3130362    0.44%          x35_79 U  76506  52426     25
  76616 14236      489.8571    31      491.0000      488.8750  3132993    0.43%          x18_11 N  76616  76615     47
  76725 14154        cutoff            491.0000      488.9038  3135256    0.43%          x69_20 U  76725  54023     23
  76826 14075        cutoff            491.0000      488.9375  3137989    0.42%          x32_33 U  76826  45203     17
  76940 13984        cutoff            491.0000      488.9778  3139743    0.41%          x66_35 U  76940  30267     22
  77037 13917      489.5000     8      491.0000      489.0000  3143593    0.41%          x18_78 N  77037  77036     42
  77132 13851        cutoff            491.0000      489.0000  3147247    0.41%           x63_6 U  77132  70985     25
  77223 13802        cutoff            491.0000      489.0000  3150991    0.41%           x1_43 U  77223  77221     26
  77323 13794        cutoff            491.0000      489.0000  3154426    0.41%          x24_23 D  77323  77322     63
  77430 13799      489.3750    29      491.0000      489.0000  3156494    0.41%          x30_27 N  77430  77429     62
Elapsed time = 4997.48 sec. (10776078.72 ticks, tree = 2177.50 MB, solutions = 7)
Nodefile size = 1392.00 MB (1273.15 MB after compression)
  77536 13805      489.3571    26      491.0000      489.0000  3159543    0.41%          x73_46 N  77536  77534     61
* 77551  8927      integral     0      490.0000      489.0000  3159990    0.20%
  77639  8847        cutoff            490.0000      489.0000  3161394    0.20%          x37_22 U  77639  61234     46
  77780  8715        cutoff            490.0000      489.0000  3162405    0.20%          x37_22 U  77780  54782     38
  77896  8606        cutoff            490.0000      489.0000  3164126    0.20%          x18_78 U  77896  68116     31
  78006  8502        cutoff            490.0000      489.0000  3166003    0.20%          x53_79 U  78006  22716     29
  78115  8393        cutoff            490.0000      489.0000  3168134    0.20%          x21_59 U  78115  61442     36
  78236  8272        cutoff            490.0000      489.0000  3169756    0.20%          x75_54 U  78236  63675     33
  78359  8163        cutoff            490.0000      489.0000  3171337    0.20%          x12_11 U  78359  49639     35

Zero-half cuts applied:  7
Gomory fractional cuts applied:  1
User cuts applied:  27184

Root node processing (before b&c):
  Real time             =    1.02 sec. (2627.83 ticks)
Sequential b&c:
  Real time             = 5045.98 sec. (10910337.56 ticks)
                          ------------
Total (root+branch&cut) = 5047.01 sec. (10912965.39 ticks)

