Version identifier: 22.1.0.0 | 2022-03-09 | 1a383f8ce
CPXPARAM_Preprocessing_Reduce                    1
CPXPARAM_Threads                                 1
CPXPARAM_Preprocessing_Reformulations            0
CPXPARAM_TimeLimit                               10800
CPXPARAM_MIP_Tolerances_AbsMIPGap                0.999
CPXPARAM_MIP_Limits_TreeMemory                   20000
Legacy callback                                  BbLUID
         Disabling repeat represolve because of lazy constraint/incumbent callback.
Tried aggregator 1 time.
MIP Presolve eliminated 11829 rows and 0 columns.
MIP Presolve modified 757 coefficients.
Reduced MIP has 919 rows, 3614 columns, and 18803 nonzeros.
Reduced MIP has 3614 binaries, 0 generals, 0 SOSs, and 0 indicators.
Presolve time = 0.01 sec. (21.91 ticks)
Probing time = 0.00 sec. (3.06 ticks)
Clique table members: 919.
MIP emphasis: balance optimality and feasibility.
MIP search method: traditional branch-and-cut.
Parallel mode: none, using 1 thread.
Root relaxation solution time = 0.00 sec. (3.06 ticks)

        Nodes                                         Cuts/
   Node  Left     Objective  IInf  Best Integer    Best Bound    ItCnt     Gap         Variable B NodeID Parent  Depth

      0     0      498.2500   106                    436.0000      153         
      0     0      512.8125   137                    Cuts: 40      228         
      0     0      512.8125   150                    Cuts: 11      235         
      0     0      514.0000    38                    User: 14      246         
      0     0      516.8750   172                    Cuts: 41      300         
      0     0      517.3000   181                    Cuts: 23      326         
      0     0      518.3214   177                    Cuts: 15      370         
      0     0      518.3333   128                    Cuts: 20      376         
      0     0      519.0833   171                    Cuts: 10      402         
      0     0      519.0833   139                     Cuts: 9      405         
      0     0      519.4167   178                     Cuts: 7      417         
      0     0      519.5556   141                    User: 16      422         
      0     0      520.0000   113                     Cuts: 7      433         
      0     0      520.3000   166                     User: 1      445         
      0     0      521.0000   105                     User: 5      452         
      0     0      521.2917   166                     Cuts: 2      471         
      0     0      521.2917   168                     User: 8      473         
      0     0      521.6250   164                     User: 4      502         
      0     0      523.2917   176                     User: 3      561         
      0     0      524.4167   193                     User: 5      607         
      0     0      524.4167   194                    User: 16      608         
      0     0      525.1714   169                     User: 7      658         
      0     0      526.5000   151                    User: 11      711         
      0     0      526.5000   148                     User: 3      712         
      0     0      526.6667   164                     User: 7      725         
      0     0      527.8571   165                     User: 4      763         
      0     0      529.5985   182                    User: 13      810         
      0     0      529.7625   179                     User: 3      832         
      0     0      529.7791   177                     User: 5      841         
      0     0      529.9706   169                     User: 7      861         
      0     0      529.9706   166                     User: 6      863         
      0     0      530.0000   156                     User: 3      865         
      0     0      530.0000   150                     User: 7      868         
      0     2      530.3333   164                    530.3333      868                                 0             0
Elapsed time = 0.73 sec. (1763.72 ticks, tree = 0.01 MB, solutions = 0)
      1     3      530.4632   185                    530.5833      909                    x7_22 N      1      0      1
      2     4      532.5000   160                    530.5833     1025                    x7_22 U      2      0      1
      4     6      539.7500   139                    530.5833     1181                   x59_45 N      4      2      2
      9    11      539.7143   156                    530.5833     1628                    x5_74 N      9      7      6
     13    15      543.0833   182                    530.5833     2168                   x51_14 N     13     12      9
     19    21      560.0000    50                    530.5833     2513                    x21_8 D     19     18     13
     26    28      565.2500    62                    530.5833     2851                   x67_51 N     26     24     18
     29    31      567.8750   114                    530.5833     3179                    x14_1 D     29     27     20
     34    36      573.5952   139                    530.5833     3506                    x12_9 N     34     32     24
     50    52      572.1500    79                    530.5833     4437                   x67_70 D     50     49     36
Elapsed time = 2.43 sec. (5711.34 ticks, tree = 0.17 MB, solutions = 0)
     66    68      582.0625    86                    530.5833     5816                   x37_24 N     66     64     46
     89    91      593.4000    68                    530.5833     7809                   x71_70 D     89     86     59
    106   108      600.3333    76                    530.5833     9129                   x70_30 U    106    105     73
    131   133      610.5172    78                    530.5833    10028                   x28_65 D    131    129     93
    158   160      628.5000    16                    530.5833    10658                   x19_12 U    158    157    114
    180   182      633.7338    69                    530.5833    11554                   x52_12 D    180    179    131
    203   205      642.5714    85                    530.5833    12462                   x46_78 N    203    202    150
    223   225      690.0000    14                    530.5833    13426                   x38_65 U    223    222    166
    234   230      548.9750   201                    530.7500    14515                   x80_53 N    234    231      7
    251   247      569.0000    45                    530.7500    15502                     x7_6 N    251    249     20
Elapsed time = 7.47 sec. (16113.40 ticks, tree = 0.86 MB, solutions = 0)
    261   257      580.8571    99                    530.7500    17098                   x37_71 N    261    259     27
    280   276      588.8631   114                    530.7500    18455                   x67_14 N    280    278     40
    304   300      595.9000    67                    530.7500    19542                   x14_71 N    304    303     58
    325   321      594.7034   131                    530.7500    20130                   x79_63 N    325    324     76
    351   347      596.9444    69                    530.7500    20715                    x37_1 D    351    350    100
    375   371      641.1765    96                    530.7500    21947                   x16_20 N    375    373    119
    398   391      677.0833    77                    530.7500    22743                    x39_2 D    398    397    139
    426   413      537.8750   112                    532.8667    23340                   x15_53 D    426    425      8
    440   427      551.5732   208                    532.8667    24095                   x54_70 U    440    439     22
    460   447      588.1385   178                    532.8667    25616                    x43_4 U    460    459     42
Elapsed time = 13.40 sec. (26103.68 ticks, tree = 1.44 MB, solutions = 0)
    495   482      609.4500   120                    532.8667    26731                   x70_69 N    495    494     77
    539   526      630.4833   111                    532.8667    27743                   x29_39 N    539    538    121
    564   547      539.5000   146                    532.8750    28876                    x66_7 D    564    563      6
    584   567      567.7857   131                    532.8750    30833                   x69_63 N    584    583     20
    605   588      576.5000   112                    532.8750    32043                    x21_8 D    605    604     35
    630   613      588.0000    95                    532.8750    33466                   x29_39 D    630    629     54
    659   642      594.2500    71                    532.8750    34411                   x45_39 N    659    658     77
    671   654      640.1471   117                    532.8750    35972                   x30_16 N    671    669     85
    694   677      620.3333   106                    532.8750    36810                    x40_5 N    694    693    103
    712   695      628.6667    96                    532.8750    37827                    x7_52 N    712    709    116
Elapsed time = 19.68 sec. (36126.83 ticks, tree = 2.20 MB, solutions = 0)
    723   706      652.5833   103                    532.8750    39150                   x63_16 N    723    720    123
    741   724      675.2500   104                    532.8750    40353                   x51_39 N    741    738    136
    762   743      738.5750   133                    532.8750    41485                    x45_1 N    762    760    152
    786   765      758.7857    96                    532.8750    42529                   x64_51 N    786    784    171
    809   788      541.7500    67                    533.5000    43559                   x22_47 N    809    808     11
    820   799      545.5833   110                    533.5000    45093                   x55_79 N    820    818     18
    834   813      565.3750    99                    533.5000    46997                   x69_54 N    834    833     27
    862   841      581.3333   104                    533.5000    48318                   x70_69 N    862    860     48
    890   869      589.0000    85                    533.5000    49927                   x24_67 N    890    889     70
    906   885      597.0000    92                    533.5000    50994                    x8_66 D    906    904     82
Elapsed time = 25.65 sec. (46283.23 ticks, tree = 3.07 MB, solutions = 0)
    929   908      619.4889   145                    533.5000    51949                   x73_56 N    929    927     98
    945   924      623.2857   109                    533.5000    53090                    x9_43 N    945    944    111
    960   939      634.7188   119                    533.5000    54291                   x30_70 N    960    959    122
    976   955      734.6500   115                    533.5000    56607                   x74_63 N    976    973    132
   1004   983      560.0417   188                    534.0833    57762                   x53_80 U   1004   1003      5
   1018   997      572.6563   176                    534.0833    59488                   x52_23 N   1018   1017     16
   1030  1009      587.4898   150                    534.0833    60949                    x46_5 N   1030   1028     24
   1046  1025      590.3600   146                    534.0833    62771                    x6_23 N   1046   1044     34
   1064  1043      592.7429   148                    534.0833    64636                   x60_36 D   1064   1063     47
   1083  1062      602.7143    68                    534.0833    65654                   x76_20 D   1083   1082     60
Elapsed time = 31.87 sec. (56804.72 ticks, tree = 4.45 MB, solutions = 0)
   1095  1074      625.0000    10                    534.0833    66184                    x60_9 U   1095   1093     68
   1109  1086    infeasible                          534.0833    66665                   x12_14 N   1109   1107     78
   1120  1093      583.1207   175                    534.2000    68470                   x61_47 N   1120   1119     12
   1137  1110      601.5000   105                    534.2000    70694                   x22_61 U   1137   1136     29
   1156  1129      619.5000    92                    534.2000    72342                   x54_71 N   1156   1155     48
   1181  1154      642.5342   125                    534.2000    73540                    x2_73 N   1181   1180     73
   1220  1193      670.6000    71                    534.2000    74223                   x24_50 N   1220   1219    112
   1265  1238      719.4000    92                    534.2000    75088                   x35_33 N   1265   1264    157
   1284  1253    infeasible                          534.2000    76102                    x5_29 N   1284   1283    175
   1299  1266      548.7500   107                    534.4010    78114                   x14_67 U   1299   1296     14
Elapsed time = 37.87 sec. (67147.68 ticks, tree = 5.12 MB, solutions = 0)
   1314  1281      566.0625   101                    534.4010    79426                   x55_79 D   1314   1312     24
   1328  1295      579.2500    88                    534.4010    81045                    x9_36 U   1328   1326     34
   1349  1316      587.7956   137                    534.4010    82600                   x79_36 N   1349   1347     51
   1360  1327      582.2500    70                    534.4010    83823                   x23_58 D   1360   1359     60
   1377  1344      587.0000   103                    534.4010    84811                    x79_3 N   1377   1376     74
   1387  1354      611.6000    97                    534.4010    86652                   x34_54 N   1387   1384     81
   1402  1369      598.0833    52                    534.4010    88086                   x55_36 D   1402   1400     92
   1418  1385      598.5000    48                    534.4010    88973                   x48_44 U   1418   1417    104
   1443  1410      601.0312    63                    534.4010    89687                   x19_26 D   1443   1441    124
   1467  1434      604.6667    51                    534.4010    90228                   x57_20 D   1467   1466    146
Elapsed time = 43.16 sec. (77092.43 ticks, tree = 5.84 MB, solutions = 0)
   1481  1448      605.3333    41                    534.4010    90982                   x38_65 D   1481   1479    156
   1509  1476      606.8095    48                    534.4010    91152                   x32_27 N   1509   1508    182
   1520  1487      607.5547    78                    534.4010    91335                   x66_26 D   1520   1519    193
   1544  1511      608.1667    64                    534.4010    91713                   x31_58 D   1544   1543    215
   1567  1534      608.4046    86                    534.4010    92030                   x78_67 U   1567   1566    237
   1583  1550      608.5000    26                    534.4010    92430                   x66_65 N   1583   1582    251
   1605  1572      549.2143   155                    534.5000    93396                   x56_81 U   1605   1604      8
   1626  1593      578.9545   121                    534.5000    95292                   x22_47 N   1626   1625     29
   1650  1617      597.0000   102                    534.5000    96362                    x44_5 D   1650   1649     53
   1695  1662      623.2204   125                    534.5000    97563                   x30_70 N   1695   1694     98
Elapsed time = 48.56 sec. (87490.24 ticks, tree = 6.39 MB, solutions = 0)
   1726  1693      637.8966   127                    534.5000    98464                   x63_59 D   1726   1725    129
   1759  1726      658.2778   101                    534.5000    99217                    x2_62 U   1759   1758    162
   1775  1742      716.9211   109                    534.5000   100236                   x24_63 N   1775   1774    178
   1791  1755      538.5758   195                    534.8889   101344                   x48_22 N   1791    803      6
   1802  1766      550.2093   211                    534.8889   103234                   x60_59 D   1802   1800     13
   1815  1779      570.2500   136                    534.8889   105169                    x43_4 U   1815   1814     22
   1832  1796      592.0833   130                    534.8889   107141                   x28_55 U   1832   1830     33
   1843  1807      590.8635   174                    534.8889   107916                   x28_79 D   1843   1841     42
   1855  1819      602.8108   131                    534.8889   109658                   x14_71 U   1855   1854     50
   1914  1878      644.6023   119                    534.8889   114054                   x24_54 N   1914   1913     90
Elapsed time = 55.87 sec. (100069.88 ticks, tree = 7.15 MB, solutions = 0)
   1967  1923      542.3333   179                    535.0000   118182                   x52_23 U   1967    423      6
   2049  2005      612.1071    87                    535.0000   122871                     x7_5 N   2049   2048     88
   2132  2088      623.1875    58                    535.0000   124459                    x0_77 U   2132   2131    171
   2221  2177      554.2424   132                    535.1500   127676                    x1_74 U   2221   2220     20
   2301  2257      658.5000   104                    535.1500   133696                   x24_78 N   2301   2299     78
   2370  2326      637.0000    54                    535.1500   136711                   x40_20 D   2370   2369    126
   2424  2380      555.2500    81                    535.2500   138669                   x50_24 U   2424   2423     29
   2556  2506    infeasible                          535.2500   142218                   x68_61 U   2556   2554    159
   2593  2543      593.8824   173                    535.8333   148642                   x55_71 N   2593   2591     29
   2661  2609    infeasible                          535.8333   153613                    x45_1 N   2661   2659     77
Elapsed time = 78.59 sec. (138988.10 ticks, tree = 9.41 MB, solutions = 0)
   2724  2664      540.7820   188                    535.8333   157100                   x80_53 D   2724    805      8
   2761  2699      582.5000   108                    535.8333   162973                   x79_36 U   2761   2760     32
   2812  2748      616.0135    84                    535.8333   168019                   x46_69 N   2812   2811     73
   2856  2782      545.0769   160                    536.0000   172246                   x52_23 U   2856      8      7
   2912  2838      583.2000    41                    536.0000   177428                   x12_28 U   2912   2910     46
   2972  2898      598.9375    90                    536.0000   180993                    x75_9 N   2972   2970     94
   3033  2959      636.9024   105                    536.0000   184197                    x5_45 N   3033   3032    139
   3100  3018      560.9000   114                    536.9167   188043                   x36_79 N   3100   3099     32
   3176  3094      589.0000    26                    536.9167   191968                   x20_75 D   3176   3175    108
   3226  3144      611.3333    21                    536.9167   193397                   x36_41 N   3226   3225    158
Elapsed time = 100.93 sec. (177875.09 ticks, tree = 11.54 MB, solutions = 0)
   3265  3179      558.6667   132                    537.3125   196806                   x20_22 N   3265   3263     14
   3299  3213      579.0000    88                    537.3125   202525                    x1_74 U   3299   3297     37
   3350  3264      612.0000    30                    537.3125   206431                   x50_14 U   3350   3348     70
   3394  3298    infeasible                          537.3125   208858                   x24_40 N   3394   3392    103
   3470  3374      600.7833    85                    537.3500   213633                   x36_37 N   3470   3469     80
   3558  3462      617.7333    51                    537.3500   215503                   x34_22 N   3558   3557    168
   3635  3539      630.4375    45                    537.3500   216559                   x65_44 N   3635   3634    245
   3685  3589      638.8889    63                    537.3500   217598                   x20_63 N   3685   3684    295
   3730  3634      707.1250    61                    537.3500   218615                   x41_23 N   3730   3729    340
   3767  3667      561.0000    89                    537.4063   223185                    x9_55 D   3767   3765     28
Elapsed time = 121.85 sec. (216424.37 ticks, tree = 13.19 MB, solutions = 0)
   3826  3726      572.3939    88                    537.4063   226772                   x38_20 N   3826   3825     73
   3880  3780      576.2045    52                    537.4063   230034                    x76_1 D   3880   3879    118
   3936  3836      597.0000    42                    537.4063   232001                   x18_12 N   3936   3934    167
   3986  3886      636.0000    35                    537.4063   233060                   x65_43 N   3986   3984    210
   4058  3956      643.7027    82                    537.4063   237110                   x14_63 N   4058   4057     60
   4118  4012      539.5333   154                    537.6190   240653                   x48_22 U   4118   3073      6
   4159  4053      593.5000    80                    537.6190   245976                   x24_34 N   4159   4157     32
   4189  4081      593.5514   109                    537.6190   249893                   x69_70 N   4189   4188     49
   4233  4125      625.3333    82                    537.6190   252685                   x63_71 N   4233   4230     81
   4278  4170      648.2542    99                    537.6190   255487                   x37_58 N   4278   4276    111
Elapsed time = 143.05 sec. (255204.07 ticks, tree = 14.91 MB, solutions = 0)
   4340  4232      640.6364    87                    537.6190   257857                   x16_71 D   4340   4339    158
   4409  4301      544.8214   140                    537.7500   260139                   x54_69 U   4409   4408     14
   4449  4341      585.2990   119                    537.7500   265441                   x69_70 N   4449   4448     54
   4524  4410      542.0000   141                    537.8750   269421                   x14_51 D   4524   4522     11
   4572  4458      567.9500    65                    537.8750   274098                   x48_40 N   4572   4569     41
   4633  4519      576.1141    94                    537.8750   276480                    x5_50 D   4633   4632     91
   4680  4564      578.4225    80                    537.8750   279448                   x50_54 N   4680   4678    131
   4751  4631      596.2143    46                    537.8750   281281                     x6_3 N   4751   4750    192
   4783  4657      557.6183   217                    537.9219   284440                   x54_69 D   4783   4781     17
   4800  4672      564.4545   154                    537.9219   287899                   x50_74 D   4800   4798     27
Elapsed time = 164.91 sec. (295917.69 ticks, tree = 16.90 MB, solutions = 0)
   4839  4711      606.7347   149                    537.9219   292271                   x14_51 D   4839   4837     53
   4878  4750      651.1667    47                    537.9219   295248                   x20_64 N   4878   4876     80
   4930  4802      656.4000    80                    537.9219   298537                   x23_20 U   4930   4927    123
   5007  4879      541.1641   154                    538.0000   301091                   x71_51 D   5007   5006     12
   5033  4905      576.3333    80                    538.0000   305343                   x71_28 N   5033   5031     26
   5049  4921      600.7500    84                    538.0000   309032                   x71_69 N   5049   5046     35
   5087  4957      636.4118    79                    538.0000   311495                     x4_3 N   5087   5086     63
   5134  5002      651.6250    51                    538.0000   313149                   x48_52 D   5134   5132     97
   5193  5061      655.2647    54                    538.0000   314663                   x41_27 D   5193   5191    148
   5230  5096      621.5357   120                    538.1875   316728                    x1_24 U   5230   5229     35
Elapsed time = 186.45 sec. (334804.35 ticks, tree = 18.34 MB, solutions = 0)
   5353  5219      655.5000    47                    538.1875   319883                    x17_9 N   5353   5352    158
   5416  5282      570.8347   165                    538.2222   323863                   x74_47 N   5416   5414     17
   5441  5307      596.8333    81                    538.2222   327067                    x3_55 N   5441   5440     32
   5492  5358      614.5000    10                    538.2222   328654                   x40_57 N   5492   5490     72
   5529  5395      626.1304    35                    538.2222   330868                   x26_38 N   5529   5526    101
   5560  5426      644.1053    49                    538.2222   332925                   x40_36 D   5560   5559    125
   5600  5466      652.2477    62                    538.2222   334250                    x5_78 D   5600   5599    160
   5684  5550      654.5000    94                    538.2415   338873                   x26_44 D   5684   5683     89
   5805  5671      554.2995   212                    538.3333   342461                   x22_47 U   5805   5803     12
   5829  5695      563.4722   158                    538.3333   347529                   x16_30 U   5829   5828     28
Elapsed time = 208.99 sec. (374945.54 ticks, tree = 20.27 MB, solutions = 0)
   5855  5721      582.2917   128                    538.3333   352194                   x79_71 N   5855   5853     43
   5892  5758      622.5309   120                    538.3333   356605                    x3_12 N   5892   5890     68
   5931  5797      632.2442   122                    538.3333   359831                    x36_9 N   5931   5929     95
   5997  5863      647.5000   104                    538.3333   362620                   x70_65 D   5997   5996    148
   6041  5907      564.4366   114                    538.3750   367077                   x37_71 D   6041   6040     49
   6114  5980      682.5000    66                    538.3750   370953                   x20_78 N   6114   6113    122
   6140  6002      554.2500    56                    538.5000   374929                    x3_60 U   6140   6139     22
   6185  6047      569.3750    55                    538.5000   378583                   x55_36 D   6185   6184     53
   6213  6075      580.5000     8                    538.5000   380738                   x55_17 U   6213   6211     72
   6267  6129      586.8125    85                    538.5000   382162                   x79_57 N   6267   6265    118
Elapsed time = 230.94 sec. (413980.57 ticks, tree = 21.81 MB, solutions = 0)
   6302  6162    infeasible                          538.5000   383797                    x14_1 U   6302   6300    146
   6346  6204      678.5909    45                    538.5000   384401                   x61_62 D   6346   6345    179
   6416  6266      572.0000    76                    538.5214   387682                   x59_37 U   6416   6415     63
   6536  6386      621.7407   112                    538.5214   390367                   x37_46 N   6536   6535    183
   6611  6455      549.1939   122                    538.5839   393109                   x59_60 D   6611   6610     17
   6649  6493      587.2222    73                    538.5839   396252                   x55_79 D   6649   6647     38
   6690  6532      607.5000    14                    538.5839   397692                   x12_78 N   6690   6688     70
   6720  6562      618.2558    87                    538.5839   398911                   x66_23 D   6720   6719     93
   6790  6632      634.0000    26                    538.5839   400349                   x58_28 D   6790   6789    155
   6835  6677      562.7273   106                    538.6000   404101                   x23_20 D   6835   6833     27
Elapsed time = 252.52 sec. (452779.88 ticks, tree = 23.67 MB, solutions = 0)
   6863  6705      592.0417   145                    538.6000   407352                   x17_50 N   6863   6861     44
   6906  6748      639.0000    88                    538.6000   410179                   x14_63 N   6906   6904     75
   6961  6797      743.9000    52                    538.6000   411796                   x34_26 N   6961   6959    118
   7009  6839      553.7722   157                    538.6026   413652                   x47_61 D   7009   7008     13
   7027  6857      565.0298   116                    538.6026   417739                   x78_51 D   7027   7026     26
   7052  6882      602.7083   124                    538.6026   421657                   x48_52 N   7052   7050     42
   7090  6920      607.0625    93                    538.6026   424536                   x48_44 D   7090   7089     69
   7134  6960      541.2165   207                    538.7667   426541                   x61_47 D   7134    428     11
   7170  6996      578.4844   186                    538.7667   430896                   x71_14 D   7170   7169     47
   7200  7026      599.2500    90                    538.7667   433165                    x9_12 D   7200   7199     77
Elapsed time = 274.64 sec. (492862.00 ticks, tree = 25.62 MB, solutions = 0)
   7291  7117      622.0367   108                    538.7667   435055                   x23_75 D   7291   7290    168
   7369  7194      823.5000    34                    538.7667   437693                   x63_16 N   7369   7368    246
   7390  7211      554.1667    91                    538.8333   441324                    x4_60 U   7390   7387     19
   7418  7239      569.5000    54                    538.8333   444903                   x28_55 N   7418   7416     37
   7447  7268      582.1591    80                    538.8333   447796                   x21_23 N   7447   7445     59
   7470  7291      597.2083    60                    538.8333   450677                   x20_40 N   7470   7468     75
   7504  7325      593.3333    54                    538.8333   452982                   x40_46 U   7504   7502    102
   7532  7353      615.0638    53                    538.8333   455214                   x65_44 N   7532   7530    121
   7560  7381      607.2763    81                    538.8333   456653                   x34_57 D   7560   7558    143
   7598  7411      550.5000    85                    538.9503   459632                   x51_14 D   7598   7597     16
Elapsed time = 296.48 sec. (531786.98 ticks, tree = 27.23 MB, solutions = 0)
   7645  7458      571.5435    82                    538.9503   462394                   x63_25 U   7645   7644     63
   7700  7513      581.2667    55                    538.9503   464022                   x39_68 U   7700   7699    118
   7794  7607      603.8333    50                    538.9503   465247                    x3_60 N   7794   7793    212
   7828  7641      563.8333   130                    539.1250   468606                    x43_4 D   7828   7826     31
   7857  7670      579.6944   140                    539.1250   472416                   x36_59 U   7857   7854     48
   7895  7708      599.0667   108                    539.1250   475721                    x55_9 N   7895   7893     73
   7926  7739      627.0313   104                    539.1250   478831                   x24_70 D   7926   7925     94
   7961  7774      717.7411    88                    539.1250   482034                   x47_78 N   7961   7959    120
   8000  7807      664.6389   103                    539.1250   483978                   x41_76 D   8000   7999    149
   8059  7866      587.8916   159                    539.2083   488111                   x36_79 N   8059   8058     66
Elapsed time = 319.23 sec. (571556.93 ticks, tree = 29.13 MB, solutions = 0)
   8124  7931      621.0000    10                    539.2083   491147                    x9_59 U   8124   8123    131
   8168  7971      586.5441   172                    539.4063   494705                   x51_24 U   8168   8166     15
   8192  7995      573.6818   151                    539.4063   498979                   x14_51 N   8192   8190     31
   8224  8027      590.6042   128                    539.4063   502526                   x24_34 U   8224   8222     50
   8250  8053      621.4211   135                    539.4063   506315                   x23_22 U   8250   8248     65
   8281  8084      634.8708   124                    539.4063   508691                   x50_51 D   8281   8279     87
   8317  8120      663.0000   129                    539.4063   511763                    x59_9 N   8317   8315    114
   8369  8172      717.0000   114                    539.4063   514149                   x48_69 N   8369   8367    155
   8411  8214      545.6429   171                    539.4122   516978                   x60_59 D   8411   8410     18
   8462  8265      578.0000   102                    539.4122   520976                   x71_20 D   8462   8461     69
Elapsed time = 342.57 sec. (611857.07 ticks, tree = 31.32 MB, solutions = 0)
   8530  8333      611.9118    87                    539.4122   523746                   x79_14 D   8530   8529    137
   8609  8412      575.5000   144                    539.5000   525730                   x60_59 D   8609   8607     13
   8639  8442      599.2500   139                    539.5000   529691                   x50_24 D   8639   8636     32
   8666  8469      616.2835   132                    539.5000   532301                    x65_6 N   8666   8663     49
   8696  8499      626.2857    57                    539.5000   534624                   x46_65 D   8696   8694     72
   8726  8529      631.3214    55                    539.5000   535813                   x31_42 N   8726   8724     96
   8779  8582      659.3333    30                    539.5000   537603                   x28_40 U   8779   8777    142
   8816  8619      564.3333   136                    539.5000   541273                   x22_61 U   8816   8813     16
   8836  8639      566.2375   111                    539.5000   545219                   x69_14 D   8836   8834     29
   8864  8667      605.7333    83                    539.5000   548675                   x55_60 N   8864   8862     45
Elapsed time = 364.48 sec. (651552.47 ticks, tree = 32.95 MB, solutions = 0)
   8887  8690      630.5294    92                    539.5000   551137                    x3_59 N   8887   8886     60
   8928  8731      646.6825    45                    539.5000   552361                   x76_34 N   8928   8926     91
   8955  8758      665.8611    40                    539.5000   553692                   x71_70 N   8955   8954    114
   8982  8781      746.9667    91                    539.5000   554670                   x33_14 N   8982   8980    135
   9014  8803      553.5682   155                    539.5319   557487                    x1_50 D   9014   9011     19
   9041  8830      570.3750    83                    539.5319   560986                   x24_54 U   9041   9040     39
   9066  8855      593.1714   111                    539.5319   564175                   x17_71 N   9066   9064     56
   9094  8883      600.4444    93                    539.5319   567532                     x6_9 D   9094   9093     76
   9127  8914    infeasible                          539.5319   569757                   x78_67 N   9127   9124    100
   9176  8963      615.7857    52                    539.5319   570964                    x8_18 N   9176   9174    141
Elapsed time = 385.81 sec. (690960.95 ticks, tree = 34.37 MB, solutions = 0)
   9209  8996      546.2982   133                    539.6522   572397                   x70_69 D   9209   9208     19
   9267  9054      578.2432   120                    539.6522   575987                    x9_79 U   9267   9266     77
   9377  9164      594.5342    98                    539.6522   577967                   x64_50 N   9377   9376    187
   9420  9207      558.7143    85                    539.8000   581058                   x41_20 U   9420   9418     21
   9447  9234      572.1750   121                    539.8000   584138                   x24_50 N   9447   9445     42
   9469  9256      577.2683    94                    539.8000   587248                   x69_78 D   9469   9467     58
   9494  9281      607.2500    85                    539.8000   590634                   x63_71 U   9494   9492     76
   9518  9305      612.8000    66                    539.8000   593605                    x14_1 D   9518   9516     95
   9533  9320      660.9911   113                    539.8000   596417                   x71_36 N   9533   9531    105
   9547  9334      667.3385   117                    539.8000   598789                   x61_33 U   9547   9546    116
Elapsed time = 408.25 sec. (730409.18 ticks, tree = 36.39 MB, solutions = 0)
   9588  9369      724.5000    42                    539.8000   600810                   x75_40 D   9588   9586    148
   9600  9375      559.9758   166                    540.0000   602697                    x24_5 D   9600   9599     12
   9640  9415      577.9091   132                    540.0000   605601                    x1_17 D   9640   9639     52
   9710  9485      594.7083    60                    540.0000   607361                   x25_78 N   9710   9709    122
   9802  9577      554.6250   211                    540.0000   610012                    x47_5 D   9802      4      3
   9820  9595      579.6667   103                    540.0000   613563                   x67_78 D   9820   9819     16
   9840  9615      589.8333    88                    540.0000   616446                   x36_79 D   9840   9839     28
   9871  9646      606.2759   164                    540.0000   619059                    x9_79 U   9871   9869     50
   9897  9672      610.0978    81                    540.0000   620384                   x70_17 D   9897   9896     71
   9920  9695      632.4000    52                    540.0000   622593                   x67_70 D   9920   9919     86
Elapsed time = 432.52 sec. (773584.32 ticks, tree = 37.78 MB, solutions = 0)
   9949  9724      641.4271   117                    540.0000   624998                   x22_48 U   9949   9947    108
   9979  9754      664.5000    32                    540.0000   626621                   x41_76 N   9979   9976    127
  10018  9793      556.3182   150                    540.0000   629028                    x1_74 D  10018  10017     26
  10053  9828      587.8462   118                    540.0000   632488                   x55_79 N  10053  10052     61
  10117  9892      632.1000   100                    540.0000   634822                   x73_56 U  10117  10116    125
  10171  9942      549.5000   175                    540.0625   637118                   x52_23 U  10171      9      7
  10199  9970      565.8303   111                    540.0625   640324                    x9_28 N  10199  10197     25
  10217  9988      584.4417    95                    540.0625   642812                    x1_17 N  10217  10215     37
  10250 10021      576.1944    58                    540.0625   645332                   x46_34 D  10250  10248     63
  10290 10061      582.2667    44                    540.0625   646916                   x60_36 U  10290  10289     92
Elapsed time = 454.97 sec. (812839.53 ticks, tree = 39.23 MB, solutions = 0)
  10326 10097      613.2000    31                    540.0625   648472                    x41_8 N  10326  10324    121
  10360 10131      588.5000    49                    540.0625   650010                   x50_51 D  10360  10358    148
  10409 10180      610.8000   159                    540.0765   651598                   x47_73 D  10409  10408     13
  10461 10232      644.2619   103                    540.0765   654818                   x79_28 N  10461  10460     65
  10515 10286      672.1667   119                    540.0765   657103                   x70_51 N  10515  10514    119
  10602 10371      542.5556   152                    540.1044   659400                    x74_5 D  10602   2560     10
  10617 10386      554.6875   162                    540.1044   663044                    x43_4 U  10617  10615     20
  10635 10404      564.5625   148                    540.1044   666270                    x5_74 U  10635  10632     31
  10657 10426      579.7227   135                    540.1044   669487                   x30_69 D  10657  10655     45
  10687 10456      600.6667    91                    540.1044   672403                   x36_27 N  10687  10685     63
Elapsed time = 477.44 sec. (851933.22 ticks, tree = 41.14 MB, solutions = 0)
  10718 10487      610.6923   123                    540.1044   674864                   x70_14 N  10718  10716     87
  10750 10519      621.9051   133                    540.1044   677131                    x64_1 D  10750  10749    114
  10770 10532    infeasible                          540.1044   679517                    x10_1 N  10770  10769    129
  10792 10554      559.0000   112                    540.1158   682761                    x3_60 U  10792  10790     21
  10813 10575      578.7500    53                    540.1158   685177                    x9_71 U  10813  10811     34
  10840 10602      594.2500    60                    540.1158   686804                   x36_79 D  10840  10838     50
  10873 10635      624.8261    63                    540.1158   688659                   x37_76 N  10873  10871     73
  10911 10673      606.5000    66                    540.1158   689949                   x23_19 D  10911  10910    103
  10952 10714      622.8667    66                    540.1158   691664                   x44_41 N  10952  10951    139
  10978 10740      635.5254   101                    540.1158   692866                    x6_79 D  10978  10977    157
Elapsed time = 498.76 sec. (890702.87 ticks, tree = 42.61 MB, solutions = 0)
  11002 10764      545.2321   174                    540.3021   694537                   x80_53 D  11002   4121      9
  11019 10781      595.8571   148                    540.3021   698445                    x49_2 N  11019  11017     21
  11041 10803      622.7222    96                    540.3021   701458                   x61_62 D  11041  11040     34
  11063 10825      637.9667    92                    540.3021   703927                    x2_62 N  11063  11062     49
  11093 10855      652.5065    79                    540.3021   706002                   x40_57 N  11093  11092     73
  11119 10881      679.4444    49                    540.3021   708387                   x64_68 D  11119  11117     93
  11147 10903      554.6163   138                    540.4583   710896                   x60_59 D  11147  11146     19
  11193 10949      585.0000    73                    540.4583   714289                    x3_60 U  11193  11192     65
  11200 10956      590.5957   123                    540.4583   714805                   x78_28 D  11200  11199     72
  11225 10981      654.6404   131                    540.4583   717888                   x50_24 N  11225  11224     97
Elapsed time = 521.52 sec. (931593.22 ticks, tree = 44.11 MB, solutions = 0)
  11283 11037    infeasible                          540.4583   720086                   x50_73 N  11283  11282    155
  11303 11055      558.7205   128                    540.5000   723277                    x6_23 D  11303  11301     17
  11318 11070      573.0000    70                    540.5000   725999                    x5_74 N  11318  11315     26
  11336 11088      575.7778    47                    540.5000   728587                     x9_6 U  11336  11333     37
  11360 11112      581.7778    72                    540.5000   731378                   x55_79 U  11360  11359     55
  11395 11147      598.9130    66                    540.5000   733555                    x36_9 N  11395  11393     81
  11422 11174      594.6410    39                    540.5000   735242                   x30_46 N  11422  11421    104
  11451 11203      626.0577    49                    540.5000   736787                   x71_14 N  11451  11449    128
  11495 11247      636.0000    43                    540.5000   738088                    x36_8 N  11495  11493    168
  11502 11252      669.7500    40                    540.5000   739136                    x65_9 N  11502  11501    173
Elapsed time = 543.62 sec. (971240.40 ticks, tree = 45.57 MB, solutions = 0)
  11515 11259      585.3942   201                    540.5000   741723                   x24_73 D  11515  11514     12
  11535 11279      611.3947   137                    540.5000   744683                    x17_1 D  11535  11534     32
  11563 11307      640.4074    88                    540.5000   747074                   x14_71 N  11563  11562     60
  11599 11339    infeasible                          540.5000   749831                   x67_51 N  11599  11598     95
  11620 11358      558.0000    57                    540.5333   752981                   x36_43 U  11620  11618     22
  11640 11378      577.4079   118                    540.5333   755826                   x20_12 U  11640  11638     36
  11660 11398      585.0000    83                    540.5333   758718                   x71_14 D  11660  11658     50
  11690 11428      590.3874    91                    540.5333   761774                   x22_19 D  11690  11689     73
  11729 11467      604.6667    78                    540.5333   764486                   x71_46 N  11729  11726    105
  11757 11495      653.2364   101                    540.5333   767781                   x69_48 N  11757  11755    128
Elapsed time = 566.84 sec. (1011748.11 ticks, tree = 47.27 MB, solutions = 0)
  11779 11517      608.1905    64                    540.5333   770159                   x34_19 N  11779  11777    145
  11822 11560      610.8214    57                    540.5333   771627                   x31_58 N  11822  11820    183
  11882 11620      634.5000    49                    540.5333   773599                   x28_48 N  11882  11880    236
  11928 11666      620.3000    62                    540.5333   774903                   x79_65 D  11928  11927    279
  11947 11679    infeasible                          540.5333   777107                   x16_63 N  11947  11945    292
  11980 11712      582.0349   176                    540.5510   780376                   x59_37 U  11980  11979     44
  12023 11755      598.6991   141                    540.5510   782731                   x55_79 D  12023  12022     87
  12108 11840      647.2500    66                    540.5510   785207                   x20_28 N  12108  12107    172
  12161 11889      552.3333   108                    540.6222   787339                   x51_47 U  12161  12158     13
  12180 11908      566.5000    66                    540.6222   790838                   x36_58 U  12180  12178     25
Elapsed time = 589.85 sec. (1052890.34 ticks, tree = 49.03 MB, solutions = 0)
  12202 11930      574.8333    96                    540.6222   794091                   x20_78 N  12202  12201     41
  12230 11958      596.1250   101                    540.6222   796977                   x50_71 U  12230  12228     60
  12264 11992      606.8333    68                    540.6222   799492                    x5_30 D  12264  12263     85
  12303 12031      637.4000    68                    540.6222   801144                   x71_20 U  12303  12301    114
  12350 12078      722.5000    56                    540.6222   803203                   x70_25 N  12350  12348    148
  12380 12102      575.4211   191                    540.6667   805834                    x47_5 D  12380  12379     30
  12400 12122      592.6019   178                    540.6667   807514                    x5_15 D  12400  12399     50
  12456 12178      620.0000   136                    540.6667   810919                   x30_67 N  12456  12455    106
  12551 12273      644.7500   122                    540.6667   813224                   x35_39 D  12551  12550    201
  12614 12334      551.0926   159                    540.6705   815916                    x3_60 U  12614  12612     20
Elapsed time = 614.07 sec. (1094869.61 ticks, tree = 50.87 MB, solutions = 0)
  12633 12353      560.0714   120                    540.6705   819123                   x22_48 U  12633  12631     32
  12650 12370      581.5962   134                    540.6705   822311                   x37_58 D  12650  12648     41
  12669 12389      596.0476   116                    540.6705   825250                   x14_78 U  12669  12668     54
  12690 12410      626.1351   118                    540.6705   827845                   x24_71 N  12690  12688     68
  12720 12440      642.6250   100                    540.6705   830322                   x28_55 N  12720  12719     91
  12767 12487      698.2000    72                    540.6705   832058                    x70_2 N  12767  12765    132
  12794 12508      546.8542   156                    540.8036   834505                   x47_61 U  12794  12791     19
  12811 12525      559.7500   122                    540.8036   837570                    x43_4 U  12811  12809     30
  12840 12554      578.8222   107                    540.8036   840124                   x70_69 U  12840  12838     46
  12866 12580      603.6923   119                    540.8036   842869                   x50_24 N  12866  12864     64
Elapsed time = 636.00 sec. (1134196.53 ticks, tree = 51.93 MB, solutions = 0)
  12884 12598      644.1667   114                    540.8036   845589                   x37_50 N  12884  12882     74
  12902 12616      691.5489   154                    540.8036   848283                   x74_33 N  12902  12899     85
  12921 12631      545.2000   130                    540.8778   850085                   x16_63 U  12921  12920     11
  12940 12650      559.0000   151                    540.8778   853270                   x50_54 N  12940  12939     25
  12952 12662      565.8333   144                    540.8778   856591                   x59_60 N  12952  12950     32
  12970 12680      582.0000    61                    540.8778   859521                   x70_14 D  12970  12968     44
  12986 12696      590.0000    91                    540.8778   862360                   x78_54 D  12986  12984     56
  13005 12715      603.9429   119                    540.8778   865083                    x9_55 N  13005  13003     67
  13019 12729      622.7532   139                    540.8778   867972                   x47_61 U  13019  13018     77
  13049 12755      610.7237   181                    541.0000   870017                   x61_33 D  13049  13048     14
Elapsed time = 658.46 sec. (1174926.88 ticks, tree = 52.88 MB, solutions = 0)
  13080 12786      630.8125   170                    541.0000   872829                   x50_24 U  13080  13079     45
  13139 12845      664.0256   138                    541.0000   875770                   x20_71 N  13139  13138    104
  13253 12959      723.0000    88                    541.0000   878053                   x12_20 U  13253  13252    218
  13278 12978      544.3282   133                    541.0833   880351                   x51_47 U  13278  13276     12
  13292 12992      559.2500    58                    541.0833   883980                   x71_41 U  13292  13289     21
  13310 13010      561.4000   112                    541.0833   887293                   x55_60 U  13310  13308     32
  13336 13036      571.3333    94                    541.0833   890094                   x25_67 N  13336  13334     51
  13356 13056      618.8000    85                    541.0833   893628                   x37_50 N  13356  13354     64
  13384 13084      616.9167    68                    541.0833   896274                    x5_67 N  13384  13382     85
  13410 13108      628.7000   109                    541.0833   898625                    x5_62 D  13410  13408    106
Elapsed time = 682.25 sec. (1215850.82 ticks, tree = 54.60 MB, solutions = 0)
  13433 13127      547.8824   154                    541.1603   900565                   x71_51 U  13433   6122     12
  13460 13154      566.2500   125                    541.1603   904076                    x5_20 D  13460  13459     39
  13486 13180      581.7778   115                    541.1603   907449                   x14_78 U  13486  13485     65
  13523 13217      624.3333    96                    541.1603   910923                   x20_50 N  13523  13522    102
  13564 13254      559.4375   122                    541.1641   913451                   x47_61 D  13564  13563     18
  13579 13269      593.5781   157                    541.1641   916494                   x16_67 D  13579  13578     28
  13597 13287      606.0000   119                    541.1641   919303                   x37_71 D  13597  13595     40
  13617 13307      624.0000   102                    541.1641   922571                   x59_79 U  13617  13615     51
  13650 13340      635.6939   124                    541.1641   924945                   x29_35 D  13650  13649     74
  13672 13362      670.0278   114                    541.1641   927653                   x48_52 N  13672  13669     88
Elapsed time = 704.39 sec. (1255423.52 ticks, tree = 56.47 MB, solutions = 0)
  13704 13394      667.8333    66                    541.1641   929303                   x41_28 U  13704  13701    113
  13749 13439      688.0889    87                    541.1641   931036                    x2_39 N  13749  13748    149
  13774 13464      728.6500   101                    541.1641   932864                   x69_70 N  13774  13773    170
  13805 13488      559.0000   140                    541.2165   935620                   x73_56 U  13805  13804     35
  13855 13538      586.6250   127                    541.2165   938735                   x55_36 N  13855  13854     85
  13910 13593      621.0000   104                    541.2165   941805                   x76_28 D  13910  13909    140
  14000 13683      655.2500    94                    541.2165   943394                   x13_60 D  14000  13999    230
  14058 13739    infeasible                          541.2165   944251                   x29_33 N  14058  14057    288
  14073 13752      563.3767   186                    541.2500   947404                    x1_24 D  14073  14071     23
  14083 13762      589.8814   199                    541.2500   950481                   x24_20 N  14083  14080     28
Elapsed time = 728.56 sec. (1296441.74 ticks, tree = 58.26 MB, solutions = 0)
  14100 13779      595.0000   123                    541.2500   953670                   x50_54 U  14100  14097     37
  14119 13798      615.8333    86                    541.2500   956664                   x48_20 N  14119  14117     48
  14136 13813      641.5735   163                    541.2500   959427                   x36_43 N  14136  14133     59
  14157 13832      639.5734   114                    541.2500   961192                   x59_37 N  14157  14155     72
  14184 13859      717.1667    87                    541.2500   963336                   x51_74 N  14184  14182     93
  14218 13887      554.3083   152                    541.3529   966201                    x24_5 D  14218  14217     35
  14261 13930      578.5000   114                    541.3529   969272                   x62_47 D  14261  14260     78
  14320 13989      607.6810   145                    541.3529   972302                   x29_62 D  14320  14319    137
  14400 14069      634.9754    96                    541.3529   974237                   x20_23 D  14400  14399    217
  14469 14138      682.7500    79                    541.3529   975910                   x63_35 D  14469  14468    286
Elapsed time = 752.64 sec. (1336636.74 ticks, tree = 60.33 MB, solutions = 0)
  14518 14187      707.8000    65                    541.3529   977240                   x79_23 N  14518  14517    335
  14569 14238      719.2754    60                    541.3529   977736                   x26_12 N  14569  14568    386
  14600 14269      753.0000    39                    541.3529   978215                   x40_23 D  14600  14599    417
  14610 14279      580.5000    90                    541.3800   981514                   x20_22 N  14610  14608     13
  14626 14295      602.5714   125                    541.3800   984305                   x59_37 U  14626  14624     22
  14648 14317      618.5000   120                    541.3800   986375                    x74_5 D  14648  14646     34
  14670 14337      665.0000    67                    541.3800   988736                    x55_9 U  14670  14668     49
  14691 14354      553.0000   107                    541.3913   991005                   x71_54 U  14691  14689     16
  14711 14374      565.1250    74                    541.3913   993317                    x3_60 U  14711  14709     29
  14739 14402      581.1071    67                    541.3913   994897                    x17_1 D  14739  14738     46
Elapsed time = 775.30 sec. (1376240.80 ticks, tree = 61.53 MB, solutions = 0)
  14764 14427      585.5000    16                    541.3913   996807                    x75_9 D  14764  14762     65
  14790 14453      606.6429    40                    541.3913   997741                   x12_28 U  14790  14788     84
  14800 14463      606.2619    73                    541.3913   998297                   x30_67 D  14800  14798     93
  14825 14488      618.1667    73                    541.3913   999910                   x36_43 D  14825  14823    110
  14850 14513      625.9000    46                    541.3913  1001254                   x65_76 N  14850  14849    130
  14888 14551      630.1762    57                    541.3913  1001732                   x50_63 N  14888  14887    166
  14920 14583      635.6111    31                    541.3913  1002513                   x16_48 N  14920  14919    195
  14945 14608      641.2500    24                    541.3913  1003027                    x30_5 D  14945  14943    219
  14977 14640      654.1000    36                    541.3913  1003470                   x19_43 D  14977  14976    247
  14991 14654      731.4286    45                    541.3913  1004115                    x72_8 N  14991  14989    257
Elapsed time = 796.77 sec. (1419325.01 ticks, tree = 62.70 MB, solutions = 0)
  15008 14667      566.0208   149                    541.4000  1006103                    x22_1 U  15008  15006     19
  15027 14686      558.3500   108                    541.4000  1008730                   x20_24 D  15027  15025     31
  15048 14707      585.2065   121                    541.4000  1010989                   x24_71 N  15048  15047     45
  15062 14721      593.2045   116                    541.4000  1012439                   x14_25 D  15062  15060     52
  15094 14753      643.6875   129                    541.4000  1014309                   x20_67 N  15094  15092     77
  15105 14760      657.2917   108                    541.4000  1015715                   x25_67 N  15105  15103     83
  15121 14772      569.4559   167                    541.4315  1018782                   x47_15 D  15121  15120     22
  15153 14804      592.9657   196                    541.4315  1021489                   x51_15 D  15153  15152     54
  15183 14834      614.0000    50                    541.4315  1024328                   x78_71 D  15183  15182     84
  15253 14904      640.1747   124                    541.4315  1026968                    x9_55 D  15253  15252    154
Elapsed time = 820.44 sec. (1459258.31 ticks, tree = 64.08 MB, solutions = 0)
  15333 14984      687.3636    72                    541.4315  1028785                    x5_61 N  15333  15332    234
  15364 15007      547.3000   132                    541.4545  1030732                   x51_47 U  15364   6364     12
  15381 15024      556.0000    66                    541.4545  1033849                    x43_4 U  15381  15379     22
  15397 15040      565.9167   115                    541.4545  1037015                   x74_26 D  15397  15396     33
  15415 15058      579.6071   123                    541.4545  1039767                   x37_71 N  15415  15414     44
  15425 15068      602.8333    93                    541.4545  1041821                   x24_63 N  15425  15423     50
  15458 15101      627.5000    42                    541.4545  1043218                    x9_55 N  15458  15456     72
  15482 15117      548.7500   116                    541.4860  1044192                   x80_53 U  15482  15481     12
  15516 15151      569.3471   119                    541.4860  1046808                    x74_1 U  15516  15515     46
  15562 15197      607.5600    90                    541.4860  1049744                   x78_71 N  15562  15561     92
Elapsed time = 843.77 sec. (1498803.37 ticks, tree = 65.67 MB, solutions = 0)
  15600 15235      619.3000    96                    541.4860  1050524                    x16_5 D  15600  15599    130
  15655 15288      726.3333    56                    541.4860  1052361                   x54_61 U  15655  15653    184
  15670 15297      555.6742   164                    541.5000  1054304                   x25_63 U  15670  15669     14
  15691 15318      563.3601   185                    541.5000  1056733                   x22_23 D  15691  15690     28
  15709 15336      576.8205   177                    541.5000  1059275                   x70_69 D  15709  15707     39
  15727 15354      593.4000    83                    541.5000  1061157                   x63_25 N  15727  15725     52
  15752 15379      609.6667    80                    541.5000  1063149                   x24_54 N  15752  15750     70
  15767 15390    infeasible                          541.5000  1065459                   x47_63 N  15767  15766     79
  15789 15410      561.0000   129                    541.5330  1068299                    x43_4 U  15789  15788     33
  15822 15443      575.2045   125                    541.5330  1070489                   x22_48 N  15822  15821     66
Elapsed time = 867.76 sec. (1539254.63 ticks, tree = 66.84 MB, solutions = 0)
  15875 15496      603.1273    97                    541.5330  1072796                   x12_43 D  15875  15874    119
  15940 15561      621.1000    65                    541.5330  1073903                   x42_60 D  15940  15939    184
  16034 15655      629.3500    64                    541.5330  1074901                   x40_28 D  16034  16033    278
  16112 15733      631.2366    72                    541.5330  1075542                   x40_59 D  16112  16111    356
  16157 15778      632.1818    65                    541.5330  1076008                    x9_31 N  16157  16156    401
  16200 15821      635.0000    58                    541.5330  1076659                   x41_52 D  16200  16199    444
  16224 15845      558.6053   132                    541.5490  1079433                   x30_70 D  16224  16221     29
  16245 15866      566.4286   106                    541.5490  1081865                   x71_14 D  16245  16243     41
  16266 15887      578.8889    91                    541.5490  1084125                    x17_5 N  16266  16263     52
  16287 15908      592.0000    56                    541.5490  1086246                    x69_5 D  16287  16285     67
Elapsed time = 890.49 sec. (1578561.87 ticks, tree = 69.07 MB, solutions = 0)
  16307 15928      600.8000    82                    541.5490  1088582                     x4_3 D  16307  16305     81
  16330 15951      603.8947    95                    541.5490  1090561                   x40_75 D  16330  16329     97
  16357 15978      612.2500    44                    541.5490  1092113                   x76_34 N  16357  16354    115
  16380 16001      610.7135    65                    541.5490  1093153                   x46_34 N  16380  16379    133
  16400 16021      665.5556    63                    541.5490  1094786                    x9_78 N  16400  16398    150
  16429 16050      561.7250   146                    541.5739  1097815                   x22_48 U  16429  16428     34
  16475 16096      596.2857   117                    541.5739  1100577                    x1_14 D  16475  16474     80
  16546 16167      637.1250    59                    541.5739  1103218                    x3_55 D  16546  16545    151
  16600 16221      670.3333    46                    541.5739  1104703                     x6_8 D  16600  16599    205
  16615 16236      558.3333    85                    541.5833  1107773                   x59_60 D  16615  16614     21
Elapsed time = 912.59 sec. (1617940.93 ticks, tree = 70.65 MB, solutions = 0)
  16637 16258      569.5000    40                    541.5833  1110213                   x76_28 D  16637  16636     36
  16651 16272      601.4000    70                    541.5833  1111590                     x9_3 N  16651  16649     44
  16673 16294      585.4444    63                    541.5833  1113329                    x0_21 U  16673  16671     60
  16690 16311      586.1600    67                    541.5833  1114898                   x44_40 D  16690  16689     72
  16735 16356      600.2500    37                    541.5833  1116719                   x12_46 N  16735  16733    108
  16779 16400      629.1667    29                    541.5833  1118471                   x40_21 N  16779  16777    147
  16800 16421      593.4615    68                    541.5833  1119122                   x19_21 D  16800  16798    166
  16814 16435      556.5000   160                    541.5909  1122036                   x40_57 D  16814  16813     19
  16830 16451      563.0000   150                    541.5909  1124888                   x69_54 D  16830  16827     28
  16850 16471      571.5000    22                    541.5909  1127014                   x45_73 U  16850  16847     40
Elapsed time = 934.70 sec. (1659760.46 ticks, tree = 72.47 MB, solutions = 0)
  16870 16491      579.0000    46                    541.5909  1129211                     x4_3 D  16870  16868     52
  16885 16506      593.3333    16                    541.5909  1131440                   x28_79 U  16885  16882     60
  16899 16520      590.5714    52                    541.5909  1133353                   x20_28 D  16899  16897     69
  16930 16551      598.6667    59                    541.5909  1134685                    x65_7 N  16930  16928     89
  16965 16586      614.1538    75                    541.5909  1136210                    x7_66 N  16965  16963    114
  17001 16622      612.0000    10                    541.5909  1137324                   x38_19 U  17001  16999    145
  17016 16637      554.0000    57                    541.6548  1140422                    x3_60 D  17016  17015     18
  17030 16651      562.1538   102                    541.6548  1143366                   x55_36 D  17030  17029     28
  17043 16664      567.7143    91                    541.6548  1145267                   x36_28 D  17043  17042     35
  17059 16680      572.6250    53                    541.6548  1147176                   x59_37 U  17059  17057     45
Elapsed time = 957.04 sec. (1700176.61 ticks, tree = 73.48 MB, solutions = 0)
  17079 16700      589.3408    73                    541.6548  1149092                   x41_44 N  17079  17077     59
  17100 16721      581.3333    43                    541.6548  1150579                   x28_20 D  17100  17099     76
  17118 16737      584.5385    56                    541.6548  1152471                   x65_44 D  17118  17116     88
  17132 16751      624.5000    61                    541.6548  1155553                   x70_38 N  17132  17130     98
  17159 16778      587.5432    83                    541.6548  1157554                   x28_17 D  17159  17158    122
  17170 16789      588.7304    77                    541.6548  1158804                   x50_78 D  17170  17169    131
  17200 16819      595.1667    41                    541.6548  1160320                   x12_38 N  17200  17199    157
  17230 16849      569.7500   123                    541.6603  1162955                   x40_57 D  17230  17229     42
  17274 16893      611.3750   101                    541.6603  1165568                   x78_67 N  17274  17273     86
  17335 16954      698.4583   107                    541.6603  1167657                   x20_16 N  17335  17334    147
Elapsed time = 980.18 sec. (1742320.02 ticks, tree = 75.05 MB, solutions = 0)
  17372 16985      543.8750   141                    541.6667  1168469                   x80_53 U  17372  17371      9
  17394 17007      556.0000   131                    541.6667  1171165                    x1_74 D  17394  17392     25
  17405 17018      589.3333    85                    541.6667  1173359                   x70_69 N  17405  17403     30
  17417 17030      601.6667    72                    541.6667  1175640                   x59_37 N  17417  17415     37
  17434 17047      610.6667    51                    541.6667  1176829                   x23_22 D  17434  17432     47
  17454 17067      631.0000    10                    541.6667  1177715                   x36_46 U  17454  17453     60
  17466 17079      656.5000    22                    541.6667  1178182                   x46_75 D  17466  17464     67
  17486 17099      669.7500    29                    541.6667  1178906                   x57_26 N  17486  17483     80
  17505 17118      679.4615    47                    541.6667  1179574                   x34_26 N  17505  17504     94
  17521 17134      692.2857    44                    541.6667  1180409                   x54_24 U  17521  17519    106
Elapsed time = 1002.68 sec. (1781819.43 ticks, tree = 75.94 MB, solutions = 0)
  17540 17153      688.1563    53                    541.6667  1180977                   x67_25 D  17540  17538    122
  17555 17168      742.2500    34                    541.6667  1181787                   x48_58 N  17555  17552    131
  17583 17196      705.8750    40                    541.6667  1182080                   x60_40 D  17583  17582    158
  17604 17211      552.8333   113                    541.6923  1183823                    x1_24 D  17604  17603     19
  17632 17239      574.0833    90                    541.6923  1186527                   x59_37 U  17632  17631     47
  17665 17272      595.0607   164                    541.6923  1188866                   x50_14 D  17665  17664     80
  17703 17310      605.5000    71                    541.6923  1190337                   x28_71 D  17703  17702    118
  17741 17348      614.6000    71                    541.6923  1191660                   x40_34 N  17741  17740    156
  17790 17397      624.1304    46                    541.6923  1193029                   x36_71 D  17790  17789    205
  17810 17417      552.7222   166                    541.7099  1195562                   x15_49 U  17810  17809     20
Elapsed time = 1024.46 sec. (1821988.01 ticks, tree = 77.36 MB, solutions = 0)
  17824 17431      576.6154   136                    541.7099  1198648                    x5_61 U  17824  17822     29
  17840 17447      575.0000   117                    541.7099  1201377                   x71_69 D  17840  17838     41
  17858 17465      586.7083    96                    541.7099  1204134                   x70_30 N  17858  17855     54
  17871 17478      602.6042   114                    541.7099  1206110                    x24_5 U  17871  17869     62
  17888 17495      628.4138   127                    541.7099  1208159                   x21_23 N  17888  17886     76
  17900 17507      654.9444    82                    541.7099  1210228                   x79_50 U  17900  17897     83
  17923 17528    infeasible                          541.7099  1212612                   x54_20 N  17923  17921    101
  17964 17565      559.3548   152                    541.7194  1214767                   x22_23 D  17964  17963     28
  18000 17601      578.9974   134                    541.7194  1216796                   x30_20 N  18000  17999     64
  18042 17643      611.6154   132                    541.7194  1219456                   x36_12 N  18042  18041    106
Elapsed time = 1053.40 sec. (1872753.50 ticks, tree = 78.95 MB, solutions = 0)
  18102 17703      636.0000    24                    541.7194  1221009                   x79_74 N  18102  18101    166
  18153 17754      741.0000    52                    541.7194  1222183                    x2_64 D  18153  18152    217
  18165 17760      582.2500    99                    541.7500  1224550                    x5_47 U  18165  18163     14
  18182 17777      597.2857   147                    541.7500  1227010                   x30_63 D  18182  18180     23
  18208 17803      610.6563   135                    541.7500  1229304                   x22_23 U  18208  18206     38
  18232 17827      627.0833   120                    541.7500  1231213                   x16_67 N  18232  18231     54
  18257 17852      635.5000    22                    541.7500  1232765                    x22_7 U  18257  18256     70
  18279 17874      642.6667    40                    541.7500  1233846                   x40_44 N  18279  18276     83
  18315 17910      651.6667    38                    541.7500  1234901                   x19_75 N  18315  18314    113
  18333 17928      668.0000    47                    541.7500  1235558                   x37_79 D  18333  18330    126
Elapsed time = 1075.84 sec. (1912316.39 ticks, tree = 80.39 MB, solutions = 0)
  18360 17955      678.3333    41                    541.7500  1236016                    x6_76 N  18360  18359    150
  18380 17975      731.2222    44                    541.7500  1236375                   x65_26 N  18380  18378    164
  18401 17992      552.7500   108                    541.9333  1237869                   x78_20 D  18401  18400     30
  18462 18053      587.2298   112                    541.9333  1240812                     x4_3 D  18462  18461     91
  18517 18108      639.0000    95                    541.9333  1243081                   x22_48 U  18517  18516    146
  18605 18196      549.5000    89                    541.9471  1244994                   x74_47 U  18605  18603     16
  18614 18205      560.5000   124                    541.9471  1248029                    x17_1 U  18614  18611     21
  18631 18222      575.3333    89                    541.9471  1250403                   x50_24 D  18631  18630     32
  18654 18245      592.2500    90                    541.9471  1252850                    x51_1 D  18654  18653     48
  18675 18266      625.2500    68                    541.9471  1254752                   x59_37 N  18675  18672     61
Elapsed time = 1098.35 sec. (1952217.78 ticks, tree = 83.73 MB, solutions = 0)
  18709 18300      636.5000    51                    541.9471  1256444                   x37_43 D  18709  18708     84
  18726 18317      657.1250    67                    541.9471  1257924                   x40_57 N  18726  18724     95
  18751 18342      721.1667    71                    541.9471  1258996                    x2_64 N  18751  18749    113
  18759 18344      563.8618   221                    541.9600  1261369                   x53_80 D  18759  18758     14
  18774 18359      587.3333   120                    541.9600  1264529                    x1_34 U  18774  18771     22
  18782 18367      591.4167   118                    541.9600  1267072                    x1_50 D  18782  18781     27
  18794 18379      602.0476   104                    541.9600  1269527                   x20_24 N  18794  18793     35
  18800 18385      605.4000    88                    541.9600  1271251                   x54_24 N  18800  18798     38
  18820 18405      633.6000    41                    541.9600  1273622                   x41_20 D  18820  18819     49
  18851 18436      642.3333    25                    541.9600  1274611                    x18_7 D  18851  18850     75
Elapsed time = 1126.28 sec. (2002199.66 ticks, tree = 84.60 MB, solutions = 0)
  18883 18468      644.6250    46                    541.9600  1275657                    x9_75 N  18883  18882    103
  18914 18499      656.6667    39                    541.9600  1276821                   x20_46 N  18914  18912    129
  18956 18541      649.7500    52                    541.9600  1277796                   x36_17 N  18956  18955    168
  19002 18587      551.9167   162                    542.0000  1278831                   x22_61 U  19002   8405     13
  19014 18599      573.2500    95                    542.0000  1281588                    x74_1 U  19014  19012     20
  19030 18613      588.3333    91                    542.0000  1283669                    x1_54 N  19030  19029     31
  19045 18628      598.4286   107                    542.0000  1285674                   x14_78 D  19045  19043     40
  19059 18642      662.6000    75                    542.0000  1287993                   x50_25 N  19059  19058     49
  19073 18654      699.8763    98                    542.0000  1290426                   x59_63 N  19073  19071     58
  19083 18662    infeasible                          542.0000  1292674                    x49_5 N  19083  19081     64
Elapsed time = 1151.68 sec. (2044565.70 ticks, tree = 86.01 MB, solutions = 0)
  19111 18686      557.3617   146                    542.0000  1294740                   x24_47 D  19111  19110     37
  19148 18723      572.5008   137                    542.0000  1296805                   x24_54 N  19148  19147     74
  19200 18775      602.9375   125                    542.0000  1298952                   x23_22 D  19200  19199    126
  19250 18825      666.0145    88                    542.0000  1300774                   x52_66 U  19250  19249    176
  19323 18898      672.2388    90                    542.0000  1301616                   x38_34 D  19323  19322    249
  19393 18968      679.6500    63                    542.0000  1302222                   x46_40 N  19393  19392    319
  19420 18995      551.9000    96                    542.0000  1304353                   x78_20 D  19420  19419     26
  19439 19014      575.7500    72                    542.0000  1306956                   x59_79 D  19439  19438     39
  19450 19025      593.7500    75                    542.0000  1309385                   x63_20 U  19450  19448     45
  19470 19045      611.5000   110                    542.0000  1311605                   x22_48 D  19470  19468     57
Elapsed time = 1174.26 sec. (2084071.11 ticks, tree = 87.83 MB, solutions = 0)
  19491 19066      619.0455   130                    542.0000  1313377                   x61_49 D  19491  19489     71
  19516 19091      625.0833   111                    542.0000  1315302                   x78_14 U  19516  19514     89
  19543 19118      664.1083   107                    542.0000  1316779                   x71_54 N  19543  19541    112
  19576 19151      672.0000   105                    542.0000  1318255                     x4_3 U  19576  19575    138
  19608 19183      546.8864   164                    542.0926  1319898                   x33_15 U  19608  19607     14
  19632 19207      564.8448   120                    542.0926  1322297                   x51_73 U  19632  19631     38
  19690 19265      602.0000    82                    542.0926  1324744                    x34_5 D  19690  19689     96
  19778 19353      646.9778   113                    542.0926  1327021                   x57_26 N  19778  19777    184
  19810 19385      551.2121   123                    542.1358  1328956                   x71_54 D  19810  19809     20
  19822 19397      563.6959   144                    542.1358  1332275                   x30_70 U  19822  19819     26
Elapsed time = 1198.48 sec. (2124736.99 ticks, tree = 91.12 MB, solutions = 0)
  19838 19413      571.2917   102                    542.1358  1334648                   x37_54 N  19838  19836     36
  19853 19428      575.6875    84                    542.1358  1336954                   x54_17 N  19853  19851     45
  19864 19439      598.0000    80                    542.1358  1339120                   x69_78 N  19864  19862     52
  19880 19455      607.4231   101                    542.1358  1340805                   x59_37 U  19880  19879     64
  19897 19472      623.7031    97                    542.1358  1342701                   x14_70 N  19897  19896     75
  19915 19490      654.5467    94                    542.1358  1344972                   x50_25 N  19915  19913     84
  19943 19518      675.4626   130                    542.1358  1346353                   x22_48 D  19943  19941    106
  19963 19534    infeasible                          542.1358  1348114                    x5_39 N  19963  19961    123
  19990 19561      558.8000    90                    542.1667  1350467                    x54_5 D  19990  19989     40
  20033 19604      587.9041   123                    542.1667  1352623                    x24_1 N  20033  20032     83
Elapsed time = 1223.77 sec. (2166012.15 ticks, tree = 92.21 MB, solutions = 0)
  20100 19671      631.6667   102                    542.1667  1354807                   x62_64 D  20100  20099    150
  20150 19721      696.0000    62                    542.1667  1356366                   x78_43 N  20150  20149    200
  20206 19777      547.5750   138                    542.1667  1358251                    x52_7 U  20206  20204     12
  20226 19797      563.0000    77                    542.1667  1360197                   x22_23 D  20226  20224     23
  20241 19812      575.1818   120                    542.1667  1362400                   x54_20 D  20241  20240     32
  20262 19833      600.2636   121                    542.1667  1364676                   x70_30 N  20262  20260     48
  20277 19846      619.4500    98                    542.1667  1367017                    x78_5 U  20277  20274     59
  20303 19872      637.4839    82                    542.1667  1368354                   x28_20 D  20303  20302     77
  20328 19897      643.1842    61                    542.1667  1369052                   x26_57 D  20328  20327     94
  20351 19918      658.1250    47                    542.1667  1369833                   x34_38 N  20351  20348    112
Elapsed time = 1247.15 sec. (2205373.78 ticks, tree = 94.86 MB, solutions = 0)
  20374 19937    infeasible                          542.1667  1370622                    x55_9 N  20374  20373    130
  20400 19961      569.8333   104                    542.1667  1372664                   x37_79 D  20400  20399     39
  20452 20013      609.4000    94                    542.1667  1374817                     x4_3 U  20452  20451     91
  20526 20087      640.6154   110                    542.1667  1376873                   x41_28 D  20526  20525    165
  20605 20166      557.6667   137                    542.2500  1379193                    x5_47 U  20605  20603     17
  20620 20181      559.4821   116                    542.2500  1381523                    x74_1 N  20620  20618     26
  20639 20200      573.6667   108                    542.2500  1384034                    x5_74 U  20639  20637     38
  20647 20208      571.7571   138                    542.2500  1386389                    x1_74 D  20647  20646     43
  20661 20222      577.8889   121                    542.2500  1388824                   x69_14 U  20661  20659     52
  20676 20237      603.5000    89                    542.2500  1391063                   x59_37 U  20676  20673     60
Elapsed time = 1273.58 sec. (2250696.02 ticks, tree = 96.57 MB, solutions = 0)
  20690 20249      617.1019   105                    542.2500  1392699                   x63_25 D  20690  20688     69
  20700 20259      624.1667    95                    542.2500  1394837                   x74_47 D  20700  20699     76
  20721 20280      652.2500    86                    542.2500  1396785                   x58_60 N  20721  20720     92
  20736 20295      656.2027    74                    542.2500  1397750                   x57_26 N  20736  20734    100
  20760 20319      666.7273    56                    542.2500  1398793                   x41_28 N  20760  20758    116
  20784 20343      715.0000    18                    542.2500  1399386                   x20_23 N  20784  20782    134
  20800 20357      747.6667    31                    542.2500  1399883                   x44_28 N  20800  20797    146
  20810 20367      564.5556   179                    542.3333  1402605                    x24_5 N  20810  20807     17
  20823 20380      573.4063   128                    542.3333  1405066                   x47_61 D  20823  20822     27
  20828 20385      582.5862   140                    542.3333  1406746                   x60_59 D  20828  20826     31
Elapsed time = 1296.73 sec. (2291197.07 ticks, tree = 97.36 MB, solutions = 0)
  20841 20398      596.4857   137                    542.3333  1408685                   x36_59 U  20841  20839     39
  20852 20409      627.1538   143                    542.3333  1410675                    x3_36 D  20852  20851     46
  20869 20426      645.0000    20                    542.3333  1411698                   x28_79 N  20869  20867     56
  20885 20442      682.5000    59                    542.3333  1412527                   x10_35 N  20885  20882     66
  20901 20458      705.3182    87                    542.3333  1413373                   x39_68 N  20901  20900     77
  20920 20477      726.5882   104                    542.3333  1414807                   x45_61 D  20920  20918     90
  20937 20490      579.4583   171                    542.3687  1416669                    x5_47 D  20937  20935     14
  20950 20503      608.8750    77                    542.3687  1419097                   x17_71 U  20950  20947     21
  20966 20519      629.0000    48                    542.3687  1421311                   x71_30 U  20966  20964     30
  20975 20528      633.2143    64                    542.3687  1422103                   x73_62 N  20975  20972     35
Elapsed time = 1322.53 sec. (2331885.57 ticks, tree = 98.65 MB, solutions = 0)
  20986 20539      643.8000    79                    542.3687  1423014                   x41_28 N  20986  20984     43
  21000 20553      649.1429    35                    542.3687  1423674                   x55_76 N  21000  20999     52
  21010 20563      671.3333    50                    542.3687  1424488                   x75_12 N  21010  21008     57
  21032 20585      680.4286    44                    542.3687  1425175                   x40_38 N  21032  21031     73
  21050 20601      689.2909    41                    542.3687  1425509                   x17_50 D  21050  21049     87
  21070 20621      698.4545    46                    542.3687  1426045                   x78_67 N  21070  21069    104
  21086 20637      739.5556    35                    542.3687  1426782                   x58_40 U  21086  21084    116
  21101 20652      722.9242    44                    542.3687  1427331                   x71_24 N  21101  21099    128
  21118 20667      744.4000    38                    542.3687  1428028                   x18_38 U  21118  21116    140
  21138 20683      814.8000    53                    542.3687  1428796                   x71_20 N  21138  21137    155
Elapsed time = 1343.40 sec. (2372140.41 ticks, tree = 99.50 MB, solutions = 0)
  21172 20711    infeasible                          542.3687  1429200                   x61_33 U  21172  21171    182
  21198 20723      567.9993   235                    542.3927  1430826                    x47_5 N  21198    430     13
  21201 20726      574.6197   228                    542.3927  1431440                   x74_33 N  21201  21200     16
  21220 20745      597.1818   173                    542.3927  1433783                   x71_54 D  21220  21219     35
  21247 20772      624.5682   138                    542.3927  1435610                   x37_64 D  21247  21246     62
  21290 20815      648.7500    68                    542.3927  1436790                   x67_79 D  21290  21289    105
  21338 20863      707.5500   107                    542.3927  1438452                   x28_41 D  21338  21337    153
  21393 20918      726.3333    72                    542.3927  1439254                    x9_41 N  21393  21392    208
  21411 20936      554.4667   110                    542.4167  1441837                   x37_79 U  21411  21408     12
  21426 20951      563.9458   119                    542.4167  1444389                    x4_60 U  21426  21424     21
Elapsed time = 1367.00 sec. (2413337.20 ticks, tree = 101.00 MB, solutions = 0)
  21437 20962      579.2500   111                    542.4167  1447304                   x79_71 U  21437  21435     28
  21450 20975      573.8750   111                    542.4167  1449602                    x9_60 D  21450  21448     36
  21462 20987      581.3333    87                    542.4167  1451344                   x70_30 U  21462  21460     44
  21476 21001      594.1235   129                    542.4167  1453317                   x24_34 D  21476  21475     52
  21488 21013      611.4545    64                    542.4167  1455440                   x30_16 U  21488  21487     59
  21499 21024      622.2000    83                    542.4167  1456743                   x63_25 N  21499  21498     66
  21504 21029      633.0000    71                    542.4167  1458834                   x28_30 N  21504  21501     68
  21528 21053      647.0000    57                    542.4167  1459954                   x12_59 N  21528  21525     85
  21559 21084      648.3846    74                    542.4167  1460887                   x48_34 N  21559  21556    109
  21570 21095      670.5000    44                    542.4167  1462890                   x46_54 N  21570  21568    116
Elapsed time = 1392.12 sec. (2454766.82 ticks, tree = 102.33 MB, solutions = 0)
  21584 21109      656.3529    82                    542.4167  1463798                   x26_34 D  21584  21582    125
  21600 21125      657.7727    66                    542.4167  1464977                   x41_54 D  21600  21599    137
  21614 21139      556.3929   146                    542.4688  1467126                    x5_74 D  21614  21613     21
  21633 21158      568.7778   146                    542.4688  1469534                    x1_74 D  21633  21632     40
  21655 21180      586.0769   127                    542.4688  1471811                   x50_14 D  21655  21654     62
  21683 21208      607.2911   145                    542.4688  1474093                   x79_59 D  21683  21682     90
  21716 21241      643.0714   133                    542.4688  1476485                    x3_36 D  21716  21715    123
  21749 21274      664.1000   107                    542.4688  1478086                    x6_12 D  21749  21748    156
  21790 21315      684.6667    68                    542.4688  1479022                   x34_19 D  21790  21789    197
  21816 21341      560.3182   148                    542.5000  1480989                    x28_9 U  21816  21814     19
Elapsed time = 1415.97 sec. (2494043.16 ticks, tree = 103.70 MB, solutions = 0)
  21831 21356      570.1444   129                    542.5000  1483061                   x59_60 D  21831  21830     27
  21851 21376      584.7500    84                    542.5000  1485439                    x5_50 U  21851  21848     40
  21863 21388      590.6795   108                    542.5000  1487840                    x1_50 N  21863  21862     47
  21874 21399      608.1667   103                    542.5000  1489902                   x69_14 D  21874  21872     53
  21882 21407      616.0822   119                    542.5000  1491566                   x16_63 U  21882  21881     59
  21895 21420      662.5154   131                    542.5000  1493850                   x20_71 N  21895  21893     68
  21912 21437      658.7000    98                    542.5000  1495127                   x78_22 U  21912  21910     79
  21939 21464      659.4125   116                    542.5000  1495847                   x79_28 N  21939  21938     97
  21970 21491    infeasible                          542.5000  1496782                   x64_74 N  21970  21968    118
  21980 21497      574.5308   219                    542.5000  1498671                   x74_33 D  21980  21979     13
Elapsed time = 1440.92 sec. (2535414.66 ticks, tree = 104.59 MB, solutions = 0)
  22008 21525      592.6667   167                    542.5000  1500901                    x1_24 D  22008  22007     41
  22033 21550      615.2222   151                    542.5000  1502994                   x54_69 N  22033  22032     66
  22081 21598      653.7273   123                    542.5000  1504953                   x20_59 N  22081  22080    114
  22107 21620      554.8750   127                    542.5039  1506986                   x30_14 U  22107  22105     17
  22116 21629      554.8750   119                    542.5039  1509193                    x1_50 U  22116  22113     22
  22130 21643      557.5000   104                    542.5039  1511334                   x24_50 U  22130  22127     30
  22141 21654      578.2500   108                    542.5039  1513427                    x5_71 N  22141  22139     36
  22154 21667      568.1667   102                    542.5039  1515568                   x14_71 U  22154  22151     44
  22169 21682      576.0208   119                    542.5039  1517735                   x59_37 D  22169  22166     53
  22188 21701      589.5408   117                    542.5039  1519791                   x59_58 D  22188  22186     67
Elapsed time = 1465.42 sec. (2574709.27 ticks, tree = 106.00 MB, solutions = 0)
  22206 21719      596.7435   107                    542.5039  1521466                   x59_12 D  22206  22205     79
  22220 21733      637.0000    44                    542.5039  1524180                   x46_69 N  22220  22218     87
  22235 21748      650.8485    50                    542.5039  1526068                   x37_76 N  22235  22233     97
  22247 21760      646.4543   130                    542.5039  1527584                    x5_10 N  22247  22246    108
  22276 21783      549.0882   139                    542.5294  1529451                   x71_20 D  22276  22275     13
  22294 21801      564.3095   169                    542.5294  1532164                   x69_70 U  22294  22293     31
  22323 21830      583.3924   137                    542.5294  1534477                   x59_37 U  22323  22322     60
  22358 21865      617.0426   110                    542.5294  1536964                   x78_14 D  22358  22357     95
  22400 21907      645.6667   120                    542.5294  1538719                   x55_79 U  22400  22399    137
  22483 21990      683.4167    79                    542.5294  1539990                   x57_26 U  22483  22482    220
Elapsed time = 1491.79 sec. (2620286.10 ticks, tree = 107.65 MB, solutions = 0)
  22601 22108      714.8182    89                    542.5294  1540811                   x76_60 D  22601  22600    338
  22616 22123      592.1875   144                    542.5524  1543025                    x5_20 D  22616  22615     19
  22631 22138      609.8500   140                    542.5524  1545512                   x50_74 U  22631  22628     29
  22641 22148      608.5714   150                    542.5524  1547672                   x50_24 D  22641  22640     36
  22657 22164      619.9821   139                    542.5524  1549918                   x37_59 N  22657  22655     46
  22667 22174      635.3454   151                    542.5524  1552157                    x1_74 D  22667  22665     51
  22673 22180      676.8333   139                    542.5524  1554202                   x61_50 N  22673  22672     55
  22681 22188      702.1667   101                    542.5524  1555593                   x63_25 N  22681  22679     60
  22693 22200      719.1818   114                    542.5524  1556955                   x14_78 N  22693  22692     68
  22709 22216      757.3333   100                    542.5524  1558440                   x37_17 N  22709  22707     78
Elapsed time = 1517.49 sec. (2660801.38 ticks, tree = 108.95 MB, solutions = 0)
  22722 22229      776.0000    83                    542.5524  1559574                   x25_59 N  22722  22720     88
  22738 22241      551.5000   160                    542.5529  1561574                    x5_47 U  22738  22735     19
  22742 22245      563.7800   142                    542.5529  1563640                    x1_34 N  22742  22739     21
  22754 22257      558.5000    82                    542.5529  1565800                   x40_57 D  22754  22752     28
  22770 22273      570.5000   133                    542.5529  1567676                    x4_60 D  22770  22768     37
  22781 22284      588.4500   118                    542.5529  1570141                    x12_6 U  22781  22779     43
  22790 22293      603.3357   119                    542.5529  1572401                   x37_71 D  22790  22788     48
  22800 22303      606.5714   108                    542.5529  1573656                   x37_76 D  22800  22799     55
  22813 22316      618.5782   120                    542.5529  1575197                   x78_54 N  22813  22811     62
  22832 22335      626.9062    71                    542.5529  1576793                   x52_66 N  22832  22830     75
Elapsed time = 1543.70 sec. (2705880.54 ticks, tree = 109.63 MB, solutions = 0)
  22846 22349      629.2000    93                    542.5529  1577836                    x65_6 N  22846  22845     85
  22866 22369      640.6250    73                    542.5529  1579107                   x12_55 N  22866  22864    100
  22886 22389      640.5128    63                    542.5529  1580085                   x20_17 N  22886  22884    115
  22906 22409      647.2857    41                    542.5529  1580993                    x43_3 U  22906  22905    129
  22921 22424      652.8462    43                    542.5529  1581441                   x37_26 D  22921  22919    140
  22947 22450      662.4000    70                    542.5529  1582407                   x67_25 U  22947  22946    161
  22970 22473      666.5000    54                    542.5529  1583254                    x9_26 N  22970  22969    182
  22995 22498      683.8750    25                    542.5529  1583731                    x6_31 N  22995  22993    200
  23006 22509      556.1711   179                    542.5739  1585167                   x33_15 U  23006  23004     16
  23021 22522      579.8281   187                    542.5739  1587449                   x22_47 U  23021  23019     27
Elapsed time = 1566.43 sec. (2746293.54 ticks, tree = 110.71 MB, solutions = 0)
  23032 22533      593.6461   210                    542.5739  1589751                    x5_20 U  23032  23029     34
  23041 22542      588.0600   175                    542.5739  1591840                    x28_9 D  23041  23039     39
  23057 22558      600.2000   155                    542.5739  1593982                   x59_37 D  23057  23054     48
  23069 22570      676.8192   175                    542.5739  1597149                   x51_14 U  23069  23067     55
  23084 22585      633.0667   132                    542.5739  1598198                   x78_14 U  23084  23083     64
  23098 22599      640.2786   129                    542.5739  1599461                   x50_54 U  23098  23096     73
  23120 22621      713.5000   118                    542.5739  1601247                    x51_5 U  23120  23118     88
  23140 22641      681.7436   150                    542.5739  1602843                   x59_54 N  23140  23138    103
  23157 22658      675.6667   105                    542.5739  1604530                    x6_23 N  23157  23155    115
  23180 22681      687.0000    67                    542.5739  1605762                   x66_23 U  23180  23178    131
Elapsed time = 1591.91 sec. (2787756.59 ticks, tree = 111.90 MB, solutions = 0)
  23193 22694      714.5000   103                    542.5739  1607211                    x59_5 N  23193  23190    139
  23213 22714      555.1429   136                    542.5789  1609164                   x50_24 U  23213  23212     26
  23231 22732      572.1200   144                    542.5789  1611597                   x14_70 D  23231  23230     44
  23260 22761      591.6707   121                    542.5789  1613977                   x63_25 U  23260  23259     73
  23290 22791      619.0000    79                    542.5789  1616202                   x78_74 D  23290  23289    103
  23330 22831      645.3222   128                    542.5789  1618287                   x28_71 N  23330  23329    143
  23358 22855      547.7083   129                    542.5833  1619946                    x5_20 U  23358  13785     16
  23369 22866      553.3438   123                    542.5833  1622233                   x50_24 N  23369  23367     23
  23379 22876      574.0000   103                    542.5833  1624797                   x24_74 N  23379  23378     30
  23393 22890      588.3180   113                    542.5833  1626319                   x71_24 N  23393  23391     39
Elapsed time = 1616.83 sec. (2827985.47 ticks, tree = 113.94 MB, solutions = 0)
  23411 22908      602.7500    62                    542.5833  1627601                   x78_71 N  23411  23409     50
  23427 22924      618.4444    61                    542.5833  1629266                   x67_16 N  23427  23426     60
  23440 22937      648.6250    84                    542.5833  1630278                   x54_17 N  23440  23439     69
  23454 22949      646.8333    69                    542.5833  1631265                   x78_67 U  23454  23453     80
  23470 22959      547.1304   132                    542.5833  1632858                   x61_33 U  23470  23469     19
  23504 22993      578.7679   112                    542.5833  1635098                   x70_14 D  23504  23503     53
  23547 23036      604.3000    90                    542.5833  1637478                    x9_59 N  23547  23546     96
  23600 23085    infeasible                          542.5833  1638837                   x20_69 U  23600  23598    148
  23611 23096      560.2500   103                    542.5833  1641234                   x50_74 U  23611  23609     21
  23627 23112      560.5300   120                    542.5833  1643370                   x74_26 N  23627  23625     32
Elapsed time = 1641.98 sec. (2868563.56 ticks, tree = 115.24 MB, solutions = 0)
  23634 23119      593.0000    90                    542.5833  1645164                   x59_79 N  23634  23632     36
  23641 23126      615.5833   111                    542.5833  1647171                   x14_51 N  23641  23639     40
  23656 23141      642.2500    64                    542.5833  1648773                    x43_4 U  23656  23654     50
  23667 23152      700.5000    58                    542.5833  1649951                   x69_79 N  23667  23664     56
  23682 23165      673.0000    68                    542.5833  1651290                   x67_16 U  23682  23681     68
  23702 23185      703.2000   105                    542.5833  1652857                   x71_67 N  23702  23700     81
  23716 23199      713.5000    97                    542.5833  1654189                   x37_58 N  23716  23713     92
  23742 23225      703.0000    91                    542.5833  1655369                   x51_47 U  23742  23740    113
  23749 23228      556.6286   200                    542.5938  1656907                   x56_81 U  23749    431     14
  23766 23245      576.4091   153                    542.5938  1659079                    x28_9 D  23766  23765     31
Elapsed time = 1666.68 sec. (2908335.62 ticks, tree = 116.87 MB, solutions = 0)
  23792 23271      594.5000   122                    542.5938  1661566                   x48_22 D  23792  23791     57
  23820 23299      614.1502   154                    542.5938  1663629                    x5_62 D  23820  23819     85
  23870 23349      632.0417   107                    542.5938  1665096                    x43_4 U  23870  23869    135
  23937 23416      662.1667    86                    542.5938  1666608                   x41_76 D  23937  23936    202
  23982 23459      692.0159    80                    542.5938  1668179                   x67_14 U  23982  23980    246
  23999 23468      569.6667   124                    542.5952  1670192                   x14_45 U  23999  23997     18
  24000 23469      571.3333   129                    542.5952  1670383                   x62_61 N  24000  23999     19
  24013 23482      581.5833   113                    542.5952  1672332                   x60_59 N  24013  24011     27
  24027 23496      597.0667    90                    542.5952  1674823                   x71_69 U  24027  24025     35
  24048 23517      607.3542    79                    542.5952  1676576                    x64_2 D  24048  24046     50
Elapsed time = 1694.96 sec. (2953120.22 ticks, tree = 118.48 MB, solutions = 0)
  24064 23533      617.0417    89                    542.5952  1677849                   x66_23 N  24064  24062     60
  24079 23548      637.9545    71                    542.5952  1679735                   x79_28 N  24079  24077     70
  24097 23566      651.1000    68                    542.5952  1681108                    x29_2 D  24097  24096     84
  24113 23582      705.1204    91                    542.5952  1682731                    x51_1 N  24113  24110     97
  24126 23595      672.0000    40                    542.5952  1684070                    x21_8 N  24126  24125    105
  24142 23611      716.2500    60                    542.5952  1685862                    x26_5 N  24142  24140    116
  24146 23615      714.3571    61                    542.5952  1687038                   x23_28 N  24146  24143    118
  24165 23634      711.0000    36                    542.5952  1688014                   x23_19 N  24165  24162    133
  24180 23649      717.0833    43                    542.5952  1689160                   x76_41 N  24180  24177    142
  24191 23660      731.0000    42                    542.5952  1690411                    x58_9 N  24191  24189    150
Elapsed time = 1720.95 sec. (2994649.97 ticks, tree = 119.61 MB, solutions = 0)
  24208 23677      737.5521    77                    542.5952  1691446                    x1_71 N  24208  24207    161
  24227 23696      746.9065    70                    542.5952  1692171                   x54_71 N  24227  24225    175
  24240 23709      784.4167    97                    542.5952  1693058                   x62_35 N  24240  24238    184
  24260 23727      783.6667    54                    542.5952  1693707                   x23_57 N  24260  24258    200
  24271 23734      555.0000   103                    542.6538  1695769                    x74_5 U  24271  24270     24
  24294 23757      568.0000    24                    542.6538  1697905                   x23_22 D  24294  24293     47
  24320 23783      577.6000    31                    542.6538  1698666                   x76_41 D  24320  24319     73
  24380 23843      579.5000    16                    542.6538  1699561                   x23_59 U  24380  24379    133
  24420 23883      582.5278    57                    542.6538  1700398                   x65_76 D  24420  24419    173
  24450 23913      596.2000    55                    542.6538  1701210                    x76_8 N  24450  24449    203
Elapsed time = 1743.15 sec. (3034921.87 ticks, tree = 121.14 MB, solutions = 0)
  24483 23946      614.8000    35                    542.6538  1702143                   x40_48 N  24483  24482    236
  24506 23969      631.8571    54                    542.6538  1702622                   x38_75 N  24506  24505    259
* 24512 16089      integral     0      633.0000      542.6538  1702695   14.27%
  24537 16113      555.0000   187      633.0000      542.6667  1704540   14.27%           x5_47 D  24537  24536     37
  24556 16132      571.8437   123      633.0000      542.6667  1706408   14.27%          x78_79 D  24556  24555     56
  24593 16169      591.3000   141      633.0000      542.6667  1708341   14.27%          x71_17 D  24593  24592     93
  24617 16193      608.1703   161      633.0000      542.6667  1709501   14.27%          x51_45 D  24617  24616    117
  24642 16218      619.4400   126      633.0000      542.6667  1710332   14.27%          x70_30 U  24642  24641    142
  24666 16239        cutoff            633.0000      542.6667  1711419   14.27%          x79_28 D  24666  24665    166
  24677 16248      556.5000   118      633.0000      542.6667  1713525   14.27%           x5_74 D  24677  24676     19
  24685 16256      562.6704   121      633.0000      542.6667  1715812   14.27%          x59_79 U  24685  24682     23
Elapsed time = 1765.58 sec. (3074449.03 ticks, tree = 82.56 MB, solutions = 1)
  24698 16269      583.5000    75      633.0000      542.6667  1718224   14.27%          x36_12 N  24698  24696     31
  24709 16280      592.4286    73      633.0000      542.6667  1719631   14.27%          x12_37 N  24709  24707     37
  24719 16290      593.0714    66      633.0000      542.6667  1720818   14.27%          x79_41 N  24719  24717     44
  24730 16299      599.8571    70      633.0000      542.6667  1721983   14.27%          x28_65 N  24730  24729     53
  24741 16310      608.4085    77      633.0000      542.6667  1723333   14.27%          x79_48 N  24741  24739     61
  24752 16321      611.0000    62      633.0000      542.6667  1724411   14.27%          x23_17 N  24752  24751     68
  24758 16327      611.8095    70      633.0000      542.6667  1725808   14.27%          x65_76 N  24758  24756     71
  24770 16339      615.2222    25      633.0000      542.6667  1726812   14.27%           x3_36 N  24770  24768     80
  24777 16346      629.1250    52      633.0000      542.6667  1727651   14.27%           x28_6 D  24777  24776     85
  24795 16356      549.0000   114      633.0000      542.6974  1728728   14.27%          x50_24 U  24795  24794     21
Elapsed time = 1788.14 sec. (3115293.78 ticks, tree = 83.17 MB, solutions = 1)
  24800 16361      554.2143   112      633.0000      542.6974  1729320   14.27%          x59_37 U  24800  24799     26
  24832 16393      577.3846   116      633.0000      542.6974  1731354   14.27%          x20_41 D  24832  24831     58
  24855 16416      605.7655   124      633.0000      542.6974  1733009   14.27%          x78_14 N  24855  24854     81
  24879 16440      628.0000     8      633.0000      542.6974  1733960   14.27%          x23_48 D  24879  24878    105
  24891 16449      547.9167   104      633.0000      542.7692  1735167   14.25%          x71_51 U  24891   3398      9
  24900 16458      556.1724   149      633.0000      542.7692  1737628   14.25%           x74_5 U  24900  24899     18
  24926 16484      569.8750   121      633.0000      542.7692  1740157   14.25%          x14_71 N  24926  24925     44
  24955 16513      584.9776   144      633.0000      542.7692  1741983   14.25%           x5_45 D  24955  24954     73
  24969 16525      601.7500    86      633.0000      542.7692  1744252   14.25%          x25_22 N  24969  24967     86
  24992 16544      550.9043   140      633.0000      542.8721  1746022   14.24%          x51_24 D  24992  24991     26
Elapsed time = 1814.48 sec. (3160332.26 ticks, tree = 84.60 MB, solutions = 1)
  25022 16574      564.1250   114      633.0000      542.8721  1747631   14.24%          x25_67 U  25022  25021     56
  25046 16598      598.2632   143      633.0000      542.8721  1749776   14.24%           x14_2 N  25046  25045     80
  25069 16621      616.0000   113      633.0000      542.8721  1751063   14.24%          x79_59 D  25069  25068    103
  25093 16641      552.2333   131      633.0000      542.8750  1752508   14.24%          x24_54 U  25093  25092     24
  25120 16668      582.9444   120      633.0000      542.8750  1754627   14.24%          x14_74 D  25120  25119     51
  25154 16702      595.4167   127      633.0000      542.8750  1755858   14.24%           x12_6 D  25154  25153     85
  25176 16720        cutoff            633.0000      542.8750  1757116   14.24%          x25_71 D  25176  25175    106
  25190 16732      554.0217   136      633.0000      542.9032  1759187   14.23%          x60_59 U  25190  25187     16
  25200 16742      555.6054   144      633.0000      542.9032  1761189   14.23%          x37_79 D  25200  25198     22
  25210 16752      570.5000   117      633.0000      542.9032  1763871   14.23%           x17_1 U  25210  25207     27
Elapsed time = 1838.42 sec. (3201174.92 ticks, tree = 86.73 MB, solutions = 1)
  25215 16757      596.5000    76      633.0000      542.9032  1766738   14.23%           x5_59 N  25215  25213     30
  25222 16764      596.4333   114      633.0000      542.9032  1769052   14.23%          x79_54 U  25222  25220     35
  25230 16772      588.6818   142      633.0000      542.9032  1771910   14.23%          x78_79 N  25230  25228     40
  25244 16786      588.4583   140      633.0000      542.9032  1773719   14.23%          x14_78 N  25244  25243     50
  25251 16793      594.1111   126      633.0000      542.9032  1775596   14.23%          x30_16 D  25251  25248     53
  25265 16807      612.6250   105      633.0000      542.9032  1777028   14.23%          x59_37 U  25265  25264     64
  25278 16814      546.7500   126      633.0000      542.9162  1778409   14.23%           x5_22 D  25278  25277     11
  25298 16834      561.7333   148      633.0000      542.9162  1780381   14.23%          x60_59 D  25298  25297     31
  25328 16864      576.4585   166      633.0000      542.9162  1782328   14.23%          x54_69 N  25328  25327     61
  25353 16889      600.5263   122      633.0000      542.9162  1783821   14.23%           x3_59 U  25353  25352     86
Elapsed time = 1862.94 sec. (3242415.32 ticks, tree = 87.56 MB, solutions = 1)
  25378 16914      615.2485   132      633.0000      542.9162  1784576   14.23%          x60_36 N  25378  25377    111
  25400 16936      631.7113   137      633.0000      542.9162  1785666   14.23%           x5_64 D  25400  25399    133
  25416 16948      557.2000   123      633.0000      542.9167  1787804   14.23%          x37_59 D  25416  25415     24
  25436 16968      568.4375   128      633.0000      542.9167  1790023   14.23%           x5_50 D  25436  25435     44
  25454 16986      584.5000   102      633.0000      542.9167  1792032   14.23%           x5_48 N  25454  25453     62
  25470 17002      601.2000    94      633.0000      542.9167  1793955   14.23%          x50_16 D  25470  25469     78
  25489 17021      617.5714   105      633.0000      542.9167  1795725   14.23%          x71_50 D  25489  25488     97
  25511 17039        cutoff            633.0000      542.9167  1797121   14.23%          x70_50 U  25511  25509    118
  25531 17059      556.7500    75      633.0000      542.9500  1798970   14.23%          x59_37 U  25531  25530     29
  25560 17088      587.0500   114      633.0000      542.9500  1800712   14.23%          x47_61 U  25560  25559     58
Elapsed time = 1885.32 sec. (3281949.44 ticks, tree = 89.65 MB, solutions = 1)
  25585 17113      607.6735   138      633.0000      542.9500  1801967   14.23%          x49_51 D  25585  25584     83
  25603 17127        cutoff            633.0000      542.9500  1802910   14.23%          x37_54 U  25603  25601    100
  25619 17143      561.9091   173      633.0000      542.9608  1805285   14.22%          x61_49 D  25619  25618     25
  25650 17174      576.6111   140      633.0000      542.9608  1807275   14.22%          x20_49 D  25650  25649     56
  25672 17196      591.9877   132      633.0000      542.9608  1809104   14.22%          x79_50 D  25672  25671     78
  25700 17224      604.9500    62      633.0000      542.9608  1810200   14.22%           x2_61 D  25700  25699    106
  25727 17251      616.5000    52      633.0000      542.9608  1811389   14.22%          x20_75 N  25727  25726    133
  25739 17259      550.1563   145      633.0000      543.0000  1813618   14.22%          x71_54 U  25739  25736     12
  25747 17267      555.0403   123      633.0000      543.0000  1815726   14.22%           x52_7 D  25747  25746     17
  25754 17274      559.9444    79      633.0000      543.0000  1817669   14.22%           x3_60 U  25754  25752     20
Elapsed time = 1907.93 sec. (3321857.93 ticks, tree = 91.37 MB, solutions = 1)
  25767 17287      567.8333    79      633.0000      543.0000  1819656   14.22%           x24_1 N  25767  25765     27
  25775 17295      582.5062   113      633.0000      543.0000  1821742   14.22%           x17_1 U  25775  25773     31
  25787 17307      588.7500    79      633.0000      543.0000  1823743   14.22%          x71_50 N  25787  25785     38
  25800 17320      602.5000    70      633.0000      543.0000  1825148   14.22%          x59_37 N  25800  25797     45
  25816 17336      612.7000    92      633.0000      543.0000  1826181   14.22%          x63_25 N  25816  25815     56
  25841 17357      628.5486    82      633.0000      543.0000  1827137   14.22%          x12_76 N  25841  25839     74
  25858 17366      547.5714    85      633.0000      543.0000  1828434   14.22%          x71_30 D  25858  25857     11
  25872 17380      561.2241   141      633.0000      543.0000  1830762   14.22%           x9_71 D  25872  25871     25
  25891 17399      568.0000   123      633.0000      543.0000  1832635   14.22%           x1_54 N  25891  25890     44
  25910 17418      582.0333   120      633.0000      543.0000  1834976   14.22%          x22_48 U  25910  25909     63
Elapsed time = 1930.22 sec. (3362896.49 ticks, tree = 92.25 MB, solutions = 1)
  25935 17443      594.7917   103      633.0000      543.0000  1836376   14.22%           x9_12 D  25935  25934     88
  25968 17476      604.5000    81      633.0000      543.0000  1837403   14.22%          x34_19 D  25968  25967    121
  25989 17497      612.9762    81      633.0000      543.0000  1838516   14.22%          x26_74 U  25989  25988    142
  26011 17519      617.0588    86      633.0000      543.0000  1839223   14.22%          x79_20 D  26011  26010    164
  26050 17558      624.8571    71      633.0000      543.0000  1839922   14.22%          x20_59 D  26050  26049    203
  26087 17591      545.5253   177      633.0000      543.0000  1840912   14.22%          x61_33 U  26087  26086     19
  26114 17618      563.7692   138      633.0000      543.0000  1843043   14.22%          x50_24 U  26114  26113     46
  26150 17654      582.5000   104      633.0000      543.0000  1845208   14.22%          x58_60 D  26150  26149     82
  26176 17680      598.9000   107      633.0000      543.0000  1847066   14.22%          x12_20 D  26176  26175    108
  26199 17703      610.5000   105      633.0000      543.0000  1848215   14.22%           x7_66 N  26199  26198    131
Elapsed time = 1950.62 sec. (3401781.32 ticks, tree = 93.98 MB, solutions = 1)
  26238 17742      620.6667    76      633.0000      543.0000  1849024   14.22%          x65_28 N  26238  26237    170
  26264 17768      627.2500    80      633.0000      543.0000  1849627   14.22%           x60_9 D  26264  26263    196
  26288 17786      550.7042   151      633.0000      543.0000  1851351   14.22%           x5_74 D  26288  26287     22
  26307 17805      564.8265   140      633.0000      543.0000  1853603   14.22%           x1_74 D  26307  26306     41
  26333 17831      571.8725   129      633.0000      543.0000  1855524   14.22%          x20_12 D  26333  26332     67
  26355 17853      590.2500   107      633.0000      543.0000  1857691   14.22%           x5_61 N  26355  26354     89
  26378 17876      608.1383   133      633.0000      543.0000  1858528   14.22%           x5_39 D  26378  26377    112
  26400 17894      550.1667   152      633.0000      543.0000  1859698   14.22%          x15_49 U  26400  26399     11
  26426 17920      567.6023   163      633.0000      543.0000  1862037   14.22%          x59_60 D  26426  26425     37
  26460 17954      579.8182   164      633.0000      543.0000  1863958   14.22%           x47_5 D  26460  26459     71
Elapsed time = 1973.04 sec. (3441247.19 ticks, tree = 96.39 MB, solutions = 1)
  26482 17976      589.6389   162      633.0000      543.0000  1865787   14.22%           x1_50 U  26482  26481     93
  26509 18003      597.3750   134      633.0000      543.0000  1866958   14.22%          x22_48 U  26509  26508    120
  26531 18025      615.4444    93      633.0000      543.0000  1868377   14.22%          x71_36 D  26531  26530    142
  26557 18046        cutoff            633.0000      543.0000  1869218   14.22%          x35_39 D  26557  26556    167
  26569 18058      553.5000    64      633.0000      543.0177  1871229   14.22%           x74_1 U  26569  26567     18
  26576 18065      569.2500    83      633.0000      543.0177  1873778   14.22%          x78_28 N  26576  26573     22
  26589 18078      572.0000    84      633.0000      543.0177  1875970   14.22%           x74_5 D  26589  26586     30
  26600 18089      591.0000    89      633.0000      543.0177  1877792   14.22%          x20_50 U  26600  26597     36
  26612 18101      601.5000    71      633.0000      543.0177  1880257   14.22%          x17_54 N  26612  26610     43
  26627 18116      607.0000    70      633.0000      543.0177  1882191   14.22%          x25_67 D  26627  26624     53
Elapsed time = 1996.45 sec. (3481820.19 ticks, tree = 97.39 MB, solutions = 1)
  26638 18125        cutoff            633.0000      543.0177  1883953   14.22%          x46_54 N  26638  26636     59
  26656 18135      561.8657   169      633.0000      543.0556  1885768   14.21%          x56_15 U  26656    432     15
  26675 18154      572.7956   163      633.0000      543.0556  1887955   14.21%          x16_30 U  26675  26674     34
  26700 18179      586.3650   173      633.0000      543.0556  1889919   14.21%          x24_49 D  26700  26699     59
  26729 18208      604.5000   125      633.0000      543.0556  1891148   14.21%          x50_54 D  26729  26728     88
  26750 18229      610.6538   117      633.0000      543.0556  1892003   14.21%          x41_20 D  26750  26749    109
  26770 18249      623.0000    26      633.0000      543.0556  1893417   14.21%           x23_7 D  26770  26769    129
* 26771 16028      integral     0      623.0000      543.0556  1893423   12.83%
  26794 16050      560.0833   129      623.0000      543.0714  1895311   12.83%          x37_59 D  26794  26793     32
  26800 16056      562.4444   144      623.0000      543.0714  1895756   12.83%           x1_24 D  26800  26799     38
  26832 16088      574.6071   146      623.0000      543.0714  1897645   12.83%           x74_5 U  26832  26831     70
Elapsed time = 2020.12 sec. (3524714.93 ticks, tree = 89.33 MB, solutions = 2)
  26857 16113      586.9354   152      623.0000      543.0714  1899349   12.83%          x79_59 N  26857  26856     95
  26870 16126      599.5000    35      623.0000      543.0714  1900223   12.83%          x44_74 D  26870  26869    108
  26895 16151      605.0000    74      623.0000      543.0714  1900976   12.83%          x37_23 N  26895  26894    133
* 26910 13326      integral     0      610.0000      543.0714  1901337   10.97%
  26913 13328      559.5741   158      610.0000      543.0833  1902590   10.97%           x7_52 D  26913  26912     10
  26924 13339      570.1857   149      610.0000      543.0833  1904602   10.97%           x5_50 D  26924  26923     21
  26936 13351      588.3878   145      610.0000      543.0833  1906446   10.97%           x5_33 D  26936  26935     33
  26958 13373      593.6494   146      610.0000      543.0833  1907557   10.97%          x20_12 N  26958  26957     55
  26975 13388        cutoff            610.0000      543.0833  1909142   10.97%           x5_45 D  26975  26974     72
  26994 13405      553.6000    97      610.0000      543.0833  1910786   10.97%          x59_60 D  26994  26993     27
  27010 13421      571.9800   115      610.0000      543.0833  1912797   10.97%           x5_71 D  27010  27009     43
Elapsed time = 2042.32 sec. (3564806.99 ticks, tree = 75.05 MB, solutions = 3)
  27029 13440      593.6429   135      610.0000      543.0833  1914822   10.97%          x71_74 N  27029  27028     62
  27054 13461      548.4951   197      610.0000      543.1500  1915780   10.96%          x10_29 U  27054     13     10
  27070 13477      567.0000    77      610.0000      543.1500  1917932   10.96%          x30_16 U  27070  27069     21
  27082 13489      575.8333    72      610.0000      543.1500  1919680   10.96%          x78_51 D  27082  27080     29
  27093 13500      581.2609    93      610.0000      543.1500  1921425   10.96%          x50_70 D  27093  27092     35
  27105 13512      592.7857    89      610.0000      543.1500  1923063   10.96%          x54_71 N  27105  27104     44
  27114 13521      602.3214    83      610.0000      543.1500  1924618   10.96%          x14_78 N  27114  27113     49
  27129 13528      549.7857   153      610.0000      543.1538  1926446   10.96%          x59_60 D  27129  27128     15
  27147 13546      562.2398   201      610.0000      543.1538  1928745   10.96%          x25_67 U  27147  27146     33
  27180 13579      569.4167   120      610.0000      543.1538  1930236   10.96%           x79_1 D  27180  27179     66
Elapsed time = 2065.79 sec. (3605109.57 ticks, tree = 76.61 MB, solutions = 3)
  27193 13592      589.3750   102      610.0000      543.1538  1932151   10.96%          x59_37 U  27193  27192     79
  27200 13595      551.0106   122      610.0000      543.1667  1933626   10.96%          x50_74 D  27200  27199     18
  27224 13619      564.5000   107      610.0000      543.1667  1935553   10.96%          x71_14 D  27224  27223     42
  27241 13636      584.0000   105      610.0000      543.1667  1937163   10.96%          x70_69 D  27241  27240     59
  27256 13647      547.3750   142      610.0000      543.1739  1938905   10.96%          x15_49 U  27256  27255     14
  27282 13673      579.7500   147      610.0000      543.1739  1941217   10.96%          x61_47 N  27282  27281     40
  27298 13689      594.9900   179      610.0000      543.1739  1943281   10.96%          x61_10 D  27298  27297     56
  27320 13707      549.8214   126      610.0000      543.1829  1944638   10.95%          x24_54 D  27320  27319     21
  27342 13729      578.6471   119      610.0000      543.1829  1946832   10.95%          x50_54 N  27342  27341     43
  27362 13749      598.1622   151      610.0000      543.1829  1948401   10.95%          x30_14 N  27362  27361     63
Elapsed time = 2090.70 sec. (3648789.98 ticks, tree = 77.65 MB, solutions = 3)
  27386 13773      608.9622   121      610.0000      543.1829  1949543   10.95%          x78_30 D  27386  27385     87
  27400 13784      560.6786   133      610.0000      543.2000  1952275   10.95%          x71_16 N  27400  27398     17
  27410 13794      568.2500   122      610.0000      543.2000  1954309   10.95%          x14_71 N  27410  27408     23
  27420 13804      579.7500    67      610.0000      543.2000  1956108   10.95%           x1_34 D  27420  27419     29
  27433 13815        cutoff            610.0000      543.2000  1958052   10.95%          x70_17 U  27433  27430     35
  27447 13823      549.3750   160      610.0000      543.2381  1960251   10.94%          x73_56 U  27447  27446     14
  27471 13847      564.0323   169      610.0000      543.2381  1962093   10.94%          x67_51 D  27471  27470     38
  27485 13861      583.5250   189      610.0000      543.2381  1964053   10.94%          x10_39 D  27485  27484     52
  27508 13884      591.2794   147      610.0000      543.2381  1965214   10.94%          x78_79 D  27508  27507     75
  27526 13902      603.2292   158      610.0000      543.2381  1966401   10.94%           x4_60 D  27526  27525     93
Elapsed time = 2113.87 sec. (3689172.61 ticks, tree = 78.89 MB, solutions = 3)
  27549 13919      547.5794   164      610.0000      543.2500  1967482   10.94%           x5_20 D  27549  27548     17
  27570 13940      562.6154   101      610.0000      543.2500  1969443   10.94%           x3_59 D  27570  27569     38
  27583 13953      580.6000    97      610.0000      543.2500  1971206   10.94%           x55_9 D  27583  27582     51
  27600 13970      587.2500    79      610.0000      543.2500  1972554   10.94%           x9_41 D  27600  27599     68
  27620 13990      592.4667    55      610.0000      543.2500  1973848   10.94%           x21_7 D  27620  27619     88
  27649 14019      596.2500    69      610.0000      543.2500  1974462   10.94%          x28_20 D  27649  27648    117
  27686 14056      603.7442    75      610.0000      543.2500  1975578   10.94%          x28_38 D  27686  27685    154
  27717 14087      607.7692    64      610.0000      543.2500  1976276   10.94%          x40_44 D  27717  27716    185
  27737 14103      558.5667   107      610.0000      543.2500  1977932   10.94%          x71_74 D  27737  27736     28
  27757 14123      579.8942   124      610.0000      543.2500  1979417   10.94%          x69_70 U  27757  27756     48
Elapsed time = 2133.30 sec. (3729171.17 ticks, tree = 80.25 MB, solutions = 3)
  27776 14142      598.7021   105      610.0000      543.2500  1980479   10.94%          x24_47 D  27776  27775     67
  27793 14155      553.5000   107      610.0000      543.2500  1982661   10.94%          x14_51 D  27793  27792     25
  27808 14170      567.3318   128      610.0000      543.2500  1984610   10.94%          x70_54 D  27808  27807     40
  27827 14189      576.4091   107      610.0000      543.2500  1986112   10.94%          x50_24 D  27827  27826     59
  27846 14208      587.7935   139      610.0000      543.2500  1987594   10.94%          x54_71 N  27846  27845     78
  27870 14232      600.5714    94      610.0000      543.2500  1988759   10.94%           x9_71 D  27870  27869    102
  27890 14248      564.0000   113      610.0000      543.2500  1990605   10.94%           x5_22 U  27890  27888     11
  27909 14267      583.5000   107      610.0000      543.2500  1992208   10.94%           x74_1 D  27909  27908     23
  27920 14278      604.0000    87      610.0000      543.2500  1993678   10.94%           x24_5 N  27920  27918     29
  28009 14359      580.8300   130      610.0000      543.2500  2000170   10.94%          x55_79 D  28009  28008     86
Elapsed time = 2162.91 sec. (3781206.81 ticks, tree = 81.70 MB, solutions = 3)
  28114 14464      603.8400    71      610.0000      543.2500  2003330   10.94%          x40_28 N  28114  28113    191
  28208 14554      584.5870   154      610.0000      543.2500  2009292   10.94%          x25_63 U  28208  28207     80
  28278 14620      567.5000   151      610.0000      543.2500  2013925   10.94%           x1_24 D  28278  28277     35
  28345 14681      564.0000   181      610.0000      543.2561  2020839   10.94%          x73_56 U  28345  28344     37
  28403 14739      594.9394   112      610.0000      543.2561  2026634   10.94%          x20_12 D  28403  28402     95
  28469 14799      572.0000   146      610.0000      543.2778  2031406   10.94%          x24_74 N  28469  28467     26
  28537 14861      572.0588   138      610.0000      543.2917  2038253   10.94%          x47_61 U  28537  28536     55
  28634 14954      577.5833   101      610.0000      543.3500  2045002   10.93%           x12_6 D  28634  28633     74
  28714 15030      576.3214   125      610.0000      543.3750  2051760   10.92%           x43_4 U  28714  28713     56
  28800 15112      566.2500   146      610.0000      543.3750  2056604   10.92%          x59_60 D  28800  28799     29
Elapsed time = 2248.98 sec. (3938312.10 ticks, tree = 86.33 MB, solutions = 3)
  28877 15185      547.0556   126      610.0000      543.3750  2061374   10.92%          x67_14 U  28877  28876     12
  28910 15218      581.3333    69      610.0000      543.3750  2069357   10.92%          x69_70 D  28910  28908     32
  28962 15262      567.5625   122      610.0000      543.3796  2076400   10.92%          x78_54 D  28962  28961     37
  29049 15349      601.5088    77      610.0000      543.3796  2080623   10.92%          x79_20 D  29049  29048    124
  29124 15420      582.4500   148      610.0000      543.4167  2088078   10.92%           x71_1 D  29124  29123     85
  29200 15492      566.6667   111      610.0000      543.4167  2093181   10.92%           x43_4 U  29200  29199     58
  29281 15569      576.5333   131      610.0000      543.4408  2098923   10.91%           x71_1 D  29281  29280     56
  29359 15643      565.1242   191      610.0000      543.4487  2103695   10.91%           x1_34 U  29359  29357     14
  29400 15684      587.6250   127      610.0000      543.4487  2110616   10.91%          x14_70 N  29400  29397     38
  29451 15717      547.1875   137      610.0000      543.4500  2115932   10.91%          x71_20 D  29451  29450     15
Elapsed time = 2337.50 sec. (4095798.46 ticks, tree = 90.66 MB, solutions = 3)
  29550 15816      596.9286   108      610.0000      543.4500  2122302   10.91%          x55_59 D  29550  29549    114
* 29600+15584                          609.0000      543.4500            10.76%
  29622 15608      576.0625   149      609.0000      543.4500  2127079   10.76%          x14_10 D  29622  29621     50
  29704 15690      607.8889   117      609.0000      543.4500  2132612   10.76%          x35_29 D  29704  29703    132
  29768 15750      595.0469   154      609.0000      543.4712  2138507   10.76%          x45_35 N  29768  29767     77
  29845 15821      581.1429   151      609.0000      543.4828  2144426   10.76%           x1_54 N  29845  29844     63
  29923 15895      551.7500    91      609.0000      543.4848  2149854   10.76%          x60_59 D  29923  29922     16
  29968 15940      585.8636    72      609.0000      543.4848  2157156   10.76%          x79_37 N  29968  29967     42
  30036 16002      604.3750    21      609.0000      543.4848  2160250   10.76%          x28_34 D  30036  30034     91
  30116 16078      571.1481    95      609.0000      543.5000  2166658   10.76%           x65_7 D  30116  30115     85
  30210 16172      595.8226    80      609.0000      543.5000  2170512   10.76%          x44_40 D  30210  30209    179
Elapsed time = 2422.27 sec. (4250279.22 ticks, tree = 94.02 MB, solutions = 4)
  30305 16263      579.1786   131      609.0000      543.5000  2175656   10.76%          x36_59 D  30305  30304     63
  30398 16356      604.3636    59      609.0000      543.5000  2180431   10.76%          x41_20 N  30398  30397    156
  30492 16446      577.8750    99      609.0000      543.5000  2185645   10.76%           x9_36 D  30492  30491     93
  30584 16538      603.6500    66      609.0000      543.5000  2188166   10.76%          x66_23 D  30584  30583    185
  30673 16623      575.0704   132      609.0000      543.5000  2194229   10.76%          x69_24 D  30673  30672     62
  30728 16674      574.9444   149      609.0000      543.5000  2200487   10.76%          x20_61 U  30728  30725     15
  30777 16715      559.1667   122      609.0000      543.5000  2208593   10.76%          x67_79 D  30777  30776     36
  30841 16773      549.6389   153      609.0000      543.5000  2213772   10.76%          x14_51 D  30841  30840     22
  30964 16896      582.1456   105      609.0000      543.5000  2218943   10.76%          x79_50 D  30964  30963    145
  31078 17008        cutoff            609.0000      543.5000  2220614   10.76%           x58_6 U  31078  31077    259
Elapsed time = 2502.26 sec. (4404106.26 ticks, tree = 143.12 MB, solutions = 4)
  31156 17083      591.7467   117      609.0000      543.5000  2227445   10.76%           x24_1 D  31156  31155     84
  31200 17123      562.6250   143      609.0000      543.5000  2231352   10.76%          x71_20 D  31200  31199     18
  31277 17200      598.7666   163      609.0000      543.5000  2236923   10.76%          x29_35 N  31277  31276     95
  31331 17248      573.5000    50      609.0000      543.5000  2243232   10.76%          x12_55 N  31331  31329     31
  31390 17299      563.1250   122      609.0000      543.5000  2249226   10.76%           x48_1 D  31390  31389     34
  31466 17371      557.0625   104      609.0000      543.5000  2255223   10.76%           x52_7 U  31466  31465     31
  31540 17441      546.7500    88      609.0000      543.5000  2260569   10.76%           x1_74 U  31540   2409     15
  31610 17511      603.1667   107      609.0000      543.5000  2266531   10.76%           x3_36 N  31610  31609     85
  31684 17581      583.6286   121      609.0000      543.5000  2272587   10.76%           x60_9 D  31684  31683     75
  31736 17627      574.9375   123      609.0000      543.5000  2279265   10.76%          x37_79 N  31736  31734     30
Elapsed time = 2590.27 sec. (4560972.22 ticks, tree = 148.20 MB, solutions = 4)
  31776 17661      555.6250   110      609.0000      543.5152  2286745   10.75%          x16_30 D  31776  31775     31
  31860 17745      595.1429    68      609.0000      543.5152  2291879   10.75%          x50_63 D  31860  31859    115
  31938 17819      574.6912   147      609.0000      543.5385  2296635   10.75%           x10_5 D  31938  31937     48
  32010 17891      599.1904   155      609.0000      543.5385  2300522   10.75%          x62_14 D  32010  32009    120
  32097 17975      584.6500   131      609.0000      543.5714  2307889   10.74%          x71_14 D  32097  32096     85
  32176 18050      591.2206   122      609.0000      543.5726  2314131   10.74%          x14_78 N  32176  32175     75
  32240 18110      578.1000   123      609.0000      543.5833  2320523   10.74%           x17_1 D  32240  32239     24
  32290 18150      555.0000   134      609.0000      543.6250  2326252   10.73%          x60_59 D  32290  32289     17
  32361 18221      581.1059   159      609.0000      543.6250  2332122   10.73%          x71_24 N  32361  32360     88
  32425 18277      562.3750   149      609.0000      543.6250  2337463   10.73%          x37_59 D  32425  32424     50
Elapsed time = 2678.60 sec. (4716194.05 ticks, tree = 159.88 MB, solutions = 4)
  32502 18354      597.8529   100      609.0000      543.6250  2342942   10.73%          x71_20 N  32502  32501    127
  32589 18437      579.5000    85      609.0000      543.6389  2349125   10.73%          x78_71 U  32589  32588     79
  32675 18519      568.7250   114      609.0000      543.6585  2354482   10.73%          x24_74 D  32675  32674     45
  32750 18594      606.5862   104      609.0000      543.6585  2359736   10.73%          x12_58 D  32750  32749    120
  32799 18639      586.2033   138      609.0000      543.6689  2366215   10.73%           x48_5 N  32799  32797     42
  32871 18697      571.0000    90      609.0000      543.6842  2371659   10.73%          x25_71 D  32871  32870     57
  32940 18762        cutoff            609.0000      543.6842  2376418   10.73%          x37_58 U  32940  32938    125
  33010 18826      555.8750   125      609.0000      543.7411  2382641   10.72%           x52_7 D  33010  33009     26
  33083 18899      585.7264   118      609.0000      543.7411  2386771   10.72%           x43_4 U  33083  33082     99
  33150 18962      566.0000   125      609.0000      543.7500  2391782   10.71%           x28_9 D  33150  33149     39
Elapsed time = 2767.83 sec. (4870830.13 ticks, tree = 164.18 MB, solutions = 4)
  33204 19016      575.2647   126      609.0000      543.7500  2394567   10.71%          x36_79 U  33204  33203     93
  33300 19112      604.9091    73      609.0000      543.7500  2398265   10.71%          x20_58 D  33300  33299    189
  33367 19170      550.2500   129      609.0000      543.7500  2404627   10.71%          x14_51 D  33367  33366     22
  33450 19253      580.9000   104      609.0000      543.7500  2410191   10.71%           x74_1 N  33450  33449    105
  33530 19333      603.0000    78      609.0000      543.7500  2413131   10.71%          x17_74 N  33530  33529    185
  33637 19430      563.0714   185      609.0000      543.7526  2419141   10.71%           x47_5 U  33637    228      4
  33701 19490      561.1000   104      609.0000      543.7528  2424677   10.71%          x51_14 D  33701  33700     38
  33782 19567      559.5000    52      609.0000      543.7903  2430663   10.71%          x37_59 U  33782  33779     27
  33840 19625      578.2857    17      609.0000      543.7903  2433987   10.71%          x76_19 D  33840  33839     68
  33896 19679      588.2353    75      609.0000      543.7903  2435906   10.71%          x78_16 N  33896  33895    114
Elapsed time = 2850.55 sec. (5025695.07 ticks, tree = 168.71 MB, solutions = 4)
  33972 19739      605.1667    39      609.0000      543.7903  2438737   10.71%          x32_13 D  33972  33971    174
  34047 19801      576.3000   117      609.0000      543.8333  2442930   10.70%          x78_20 N  34047  34046     62
  34135 19885      557.4239   129      609.0000      543.8561  2448108   10.70%          x71_30 D  34135  34134     18
  34200 19950      590.9000   104      609.0000      543.8561  2454140   10.70%           x17_1 D  34200  34199     83
  34270 20015      567.0000   129      609.0000      543.8750  2460063   10.69%           x5_74 D  34270  34269     34
  34332 20077      597.0928   135      609.0000      543.8750  2466210   10.69%           x26_1 D  34332  34331     96
  34400 20140      567.1111   119      609.0000      543.8750  2471523   10.69%          x48_22 D  34400  34399     69
  34484 20224      592.8230   123      609.0000      543.8750  2476380   10.69%          x20_19 D  34484  34483    153
  34594 20330      564.1667    98      609.0000      543.8929  2480234   10.69%           x26_1 D  34594  34593     25
  34646 20378        cutoff            609.0000      543.8929  2486225   10.69%           x1_78 U  34646  34644     58
Elapsed time = 2932.54 sec. (5181821.29 ticks, tree = 173.15 MB, solutions = 4)
  34735 20464      590.9231   137      609.0000      543.9231  2491756   10.69%          x71_24 D  34735  34734     98
  34822 20547      566.4417   133      609.0000      543.9583  2495383   10.68%          x14_74 D  34822  34821     42
  34887 20605      556.0000    79      609.0000      543.9722  2501909   10.68%          x50_74 D  34887  34886     21
  34971 20689      594.7500    84      609.0000      543.9722  2506722   10.68%          x36_79 D  34971  34970    105
  35060 20774      560.2947   153      609.0000      544.0000  2512685   10.67%           x37_1 D  35060  35059     42
  35128 20838      559.8750   144      609.0000      544.0000  2519029   10.67%          x51_14 U  35128   9204     15
  35162 20867      560.0963   155      609.0000      544.0000  2526173   10.67%          x74_47 D  35162  35161     17
  35226 20931      574.9195   137      609.0000      544.0000  2530660   10.67%          x59_79 D  35226  35225     81
  35290 20991      564.1667   131      609.0000      544.0000  2537344   10.67%          x79_59 D  35290  35289     50
  35366 21067      591.0000    86      609.0000      544.0000  2542200   10.67%          x19_48 D  35366  35365    126
Elapsed time = 3020.60 sec. (5335504.99 ticks, tree = 178.15 MB, solutions = 4)
  35454 21149        cutoff            609.0000      544.0000  2545365   10.67%          x46_38 U  35454  35452    212
  35540 21235      579.1673   114      609.0000      544.0000  2552637   10.67%          x79_54 D  35540  35539     95
  35621 21312      545.5000   102      609.0000      544.0000  2557442   10.67%           x74_5 U  35621   5015     18
  35719 21410      580.0000    68      609.0000      544.0000  2563157   10.67%           x9_55 D  35719  35718    116
  35812 21499        cutoff            609.0000      544.0000  2566741   10.67%          x41_23 U  35812  35810    208
  35865 21546      555.5000   136      609.0000      544.0000  2573498   10.67%           x7_52 D  35865  35864     32
  35955 21632      565.2500   153      609.0000      544.0000  2578883   10.67%          x50_54 U  35955  35954     25
  36020 21697      599.8750   129      609.0000      544.0000  2581457   10.67%          x14_78 U  36020  36019     90
  36097 21769      604.7500    93      609.0000      544.0192  2586588   10.67%           x78_1 D  36097  36096     82
  36155 21822      581.6250   127      609.0000      544.0278  2592287   10.67%          x78_14 N  36155  36154     64
Elapsed time = 3103.95 sec. (5489875.41 ticks, tree = 182.97 MB, solutions = 4)
  36200 21863      576.6250   109      609.0000      544.0714  2599127   10.66%          x59_37 D  36200  36197     33
  36267 21920      556.8372   136      609.0000      544.0833  2604730   10.66%          x60_59 D  36267  36266     21
  36359 22006      558.2500   117      609.0000      544.0837  2609908   10.66%          x51_14 U  36359  27783     16
  36425 22072      582.1292   145      609.0000      544.0837  2615424   10.66%          x71_20 D  36425  36424     82
  36528 22175      603.3333    49      609.0000      544.0837  2618855   10.66%          x28_43 N  36528  36527    185
  36638 22281      589.5385    89      609.0000      544.1204  2624719   10.65%          x12_28 D  36638  36637    106
  36741 22383      607.9701    94      609.0000      544.1204  2627563   10.65%          x40_26 D  36741  36740    209
  36801 22441      563.4000    70      609.0000      544.1591  2631744   10.65%          x59_37 U  36801  36800     72
  36890 22530      588.3333    63      609.0000      544.1591  2635856   10.65%          x28_23 D  36890  36889    161
  36978 22616      605.7500    49      609.0000      544.1591  2638020   10.65%          x12_27 N  36978  36977    248
Elapsed time = 3182.85 sec. (5644116.30 ticks, tree = 188.06 MB, solutions = 4)
  37007 22641      567.6250   164      609.0000      544.1667  2646746   10.65%          x33_15 D  37007  37005     28
  37050 22678      564.7286   104      609.0000      544.1667  2654227   10.65%           x4_60 D  37050  37049     30
  37134 22762      587.5000    87      609.0000      544.1667  2658920   10.65%          x28_19 D  37134  37133    114
  37236 22856      551.0851   153      609.0000      544.1852  2662177   10.64%           x7_52 D  37236  37235     26
  37330 22950      598.4091    72      609.0000      544.1852  2666955   10.64%           x22_7 D  37330  37329    120
  37418 23034      567.6076   176      609.0000      544.1944  2673691   10.64%          x51_73 D  37418  37417     65
  37506 23122      592.6250    65      609.0000      544.1944  2678780   10.64%           x7_40 D  37506  37505    153
  37600 23212      560.2000   167      609.0000      544.2000  2682403   10.64%          x74_33 D  37600  37599     28
  37676 23288      592.6915   187      609.0000      544.2000  2688069   10.64%          x20_12 N  37676  37675    104
  37771 23377      547.1441   153      609.0000      544.2000  2691194   10.64%          x59_60 U  37771  17004     13
Elapsed time = 3266.19 sec. (5801753.41 ticks, tree = 193.90 MB, solutions = 4)
  37792 23398      586.6757   146      609.0000      544.2000  2699889   10.64%          x67_79 N  37792  37789     24
  37860 23460      562.2692   115      609.0000      544.2083  2707157   10.64%           x4_36 D  37860  37859     62
  37936 23536      586.2000    83      609.0000      544.2083  2712528   10.64%          x75_12 D  37936  37935    138
  38000 23600      599.6000    63      609.0000      544.2083  2715473   10.64%          x46_57 N  38000  37999    202
  38088 23684      562.3571   118      609.0000      544.2083  2721014   10.64%          x59_79 D  38088  38087     66
  38172 23768      581.1786    81      609.0000      544.2083  2726105   10.64%          x34_38 D  38172  38171    150
  38262 23858      600.4667    80      609.0000      544.2083  2728727   10.64%           x41_9 N  38262  38261    240
  38342 23933      585.7000    92      609.0000      544.2188  2734065   10.64%          x37_79 D  38342  38341     76
  38439 24026      552.7500   122      609.0000      544.2222  2737243   10.64%          x59_37 U  38439  38438     26
  38529 24116      605.1250   102      609.0000      544.2222  2742622   10.64%           x65_6 D  38529  38528    116
Elapsed time = 3348.21 sec. (5957530.62 ticks, tree = 199.28 MB, solutions = 4)
  38575 24154        cutoff            609.0000      544.2222  2749219   10.64%           x5_71 U  38575  38572     35
  38680 24251      583.8223   173      609.0000      544.2333  2754640   10.63%           x5_15 D  38680  38679     99
  38782 24349      565.5000   117      609.0000      544.2345  2759788   10.63%          x30_63 U  38782  38781     62
  38853 24420      599.0870    86      609.0000      544.2345  2765442   10.63%          x20_28 D  38853  38852    133
  38953 24516      577.4752   112      609.0000      544.2500  2771382   10.63%          x30_78 D  38953  38952     78
  39029 24586      560.8182   137      609.0000      544.2500  2777349   10.63%          x61_49 D  39029  39028     41
  39127 24684      603.0648   130      609.0000      544.2500  2782391   10.63%          x28_17 D  39127  39126    139
  39176 24725      587.0000    82      609.0000      544.2857  2788478   10.63%          x50_24 U  39176  39174     40
  39228 24769      574.2500   126      609.0000      544.3000  2792870   10.62%          x54_20 D  39228  39227     49
  39298 24835      553.4583   109      609.0000      544.3056  2798366   10.62%          x70_30 U  39298  39297     26
Elapsed time = 3434.23 sec. (6111564.77 ticks, tree = 204.88 MB, solutions = 4)
  39393 24930      582.9250   113      609.0000      544.3056  2803981   10.62%          x28_76 D  39393  39392    121
  39485 25018      546.4385   165      609.0000      544.3125  2807296   10.62%           x5_47 D  39485  39484     18
  39582 25115      588.0000   128      609.0000      544.3125  2813070   10.62%           x5_74 N  39582  39581    115
  39677 25205      565.9000   120      609.0000      544.3556  2818238   10.61%           x1_24 N  39677  39676     54
  39760 25288      601.3542   107      609.0000      544.3556  2822856   10.61%           x9_58 D  39760  39759    137
  39814 25329      551.0575   199      609.0000      544.3571  2829254   10.61%          x71_20 U  39814  30411     13
  39912 25423      549.1821   189      609.0000      544.3611  2834718   10.61%          x80_53 D  39912   2208     11
  39988 25499      586.2019   192      609.0000      544.3611  2842141   10.61%           x43_4 U  39988  39987     87
  40048 25554      551.4167   210      609.0000      544.3721  2846502   10.61%           x52_7 D  40048  40047     26
  40143 25649      598.1818   148      609.0000      544.3721  2852111   10.61%          x25_20 D  40143  40142    121
Elapsed time = 3521.73 sec. (6265991.51 ticks, tree = 211.39 MB, solutions = 4)
  40211 25713      574.5603   119      609.0000      544.3750  2856515   10.61%          x50_51 D  40211  40210     47
  40275 25771      585.0000    98      609.0000      544.3750  2861952   10.61%           x5_22 N  40275  40274     17
  40345 25831      570.6739   139      609.0000      544.3913  2868291   10.61%          x79_59 N  40345  40344     55
  40421 25907      595.1810   122      609.0000      544.3913  2871490   10.61%           x57_5 D  40421  40420    131
  40488 25970      589.2143   112      609.0000      544.4000  2877857   10.61%           x9_36 D  40488  40487     60
  40564 26041      574.2500   147      609.0000      544.4009  2883748   10.61%          x59_71 D  40564  40563     43
  40639 26114        cutoff            609.0000      544.4009  2889140   10.61%           x59_9 D  40639  40638    118
  40728 26199      578.4667   127      609.0000      544.4222  2895423   10.60%           x5_33 D  40728  40727     98
  40782 26249      559.8421   132      609.0000      544.4400  2902010   10.60%          x50_24 U  40782  40780     25
  40814 26279        cutoff            609.0000      544.4400  2909018   10.60%          x70_69 U  40814  40812     43
Elapsed time = 3609.73 sec. (6420746.68 ticks, tree = 215.47 MB, solutions = 4)
  40898 26357      586.1988   180      609.0000      544.4444  2915227   10.60%           x1_67 D  40898  40897     91
  41007 26461      568.8125   148      609.0000      544.4523  2919888   10.60%          x51_73 D  41007  41006     61
  41102 26552      559.5366   150      609.0000      544.4595  2924966   10.60%          x50_47 D  41102  41101     51
  41171 26617      552.5000   147      609.0000      544.4828  2930406   10.59%          x52_23 U  41171   4529     15
  41248 26694      578.0526    84      609.0000      544.4828  2936626   10.59%          x36_28 N  41248  41247     92
  41320 26763      554.2143   118      609.0000      544.4925  2941226   10.59%          x71_20 D  41320  41319     16
  41364 26797      565.3636   142      609.0000      544.4993  2948432   10.59%           x71_1 D  41364  41363     29
  41444 26877      592.3600   126      609.0000      544.4993  2953102   10.59%          x28_41 D  41444  41443    109
  41540 26969      577.1000   130      609.0000      544.5000  2959009   10.59%          x71_10 D  41540  41539     69
  41616 27045      596.4888   172      609.0000      544.5000  2963167   10.59%          x50_64 N  41616  41615    145
Elapsed time = 3698.29 sec. (6574268.73 ticks, tree = 221.09 MB, solutions = 4)
  41710 27135      569.7874   139      609.0000      544.5000  2969268   10.59%          x71_63 D  41710  41709     62
  41784 27203        cutoff            609.0000      544.5000  2974666   10.59%          x28_79 U  41784  41782    134
  41880 27299      577.0000    78      609.0000      544.5000  2980429   10.59%            x4_3 U  41880  41879    107
  41977 27392      553.8000   157      609.0000      544.5000  2984954   10.59%           x5_20 U  41977  41975     10
  42037 27440      572.6250   109      609.0000      544.5000  2991098   10.59%          x74_59 D  42037  42036     53
  42110 27509      561.0000    86      609.0000      544.5000  2995866   10.59%           x43_4 U  42110  42109     34
  42171 27570      593.0236   120      609.0000      544.5000  3001119   10.59%          x28_41 D  42171  42170     95
  42254 27649      553.9687   159      609.0000      544.5000  3004477   10.59%          x51_24 D  42254  42253     14
  42358 27749      550.0333   152      609.0000      544.5011  3010547   10.59%          x20_41 D  42358  42357     21
  42400 27791      581.9028   118      609.0000      544.5011  3016653   10.59%          x24_50 D  42400  42399     63
Elapsed time = 3781.38 sec. (6731035.22 ticks, tree = 230.78 MB, solutions = 4)
  42450 27838      558.0833    97      609.0000      544.5021  3023299   10.59%          x70_30 N  42450  42448     24
  42499 27887      594.9565    85      609.0000      544.5021  3029069   10.59%           x65_6 N  42499  42498     53
  42578 27952      561.7947   181      609.0000      544.5365  3034350   10.59%          x71_45 D  42578  42577     44
  42652 28026      593.8333   127      609.0000      544.5365  3039549   10.59%          x14_63 N  42652  42651    118
  42738 28106      569.3148   160      609.0000      544.5870  3045571   10.58%          x14_47 D  42738  42737     66
  42810 28178      591.9625    88      609.0000      544.5870  3049272   10.58%          x74_59 N  42810  42809    138
  42899 28262      550.8684   139      609.0000      544.5952  3053075   10.58%          x37_59 D  42899  42898     25
  42995 28358      577.2105    66      609.0000      544.5952  3058090   10.58%          x28_20 D  42995  42994    121
  43093 28456      600.2824    68      609.0000      544.5952  3061292   10.58%          x20_38 N  43093  43092    219
  43160 28519      574.5217   145      609.0000      544.6000  3066387   10.57%          x37_59 D  43160  43159     48
Elapsed time = 3864.27 sec. (6884951.08 ticks, tree = 235.53 MB, solutions = 4)
  43218 28573      568.3333    93      609.0000      544.6154  3071957   10.57%          x14_71 U  43218  43215     23
  43287 28636      558.7065   138      609.0000      544.6154  3078282   10.57%          x30_16 U  43287  43286     45
  43360 28705      545.3125   100      609.0000      544.6250  3083719   10.57%           x1_24 D  43360   3743     13
  43450 28795      582.5333   106      609.0000      544.6250  3090551   10.57%          x14_71 D  43450  43449    103
  43520 28861      580.9286    95      609.0000      544.6364  3097034   10.57%          x14_69 D  43520  43519     59
  43600 28937      570.1481   147      609.0000      544.6552  3101323   10.57%          x59_37 U  43600  43599     28
  43669 29002      561.0000    83      609.0000      544.6667  3107106   10.56%          x51_24 U  43669   9206     17
  43714 29047      585.5000    62      609.0000      544.6667  3113170   10.56%          x37_54 U  43714  43711     46
  43780 29095      555.0400   131      609.0000      544.6923  3117873   10.56%           x24_5 D  43780  43779     41
  43850 29165      595.5455    87      609.0000      544.6923  3123617   10.56%           x17_5 D  43850  43849    111
Elapsed time = 3954.86 sec. (7042908.82 ticks, tree = 239.72 MB, solutions = 4)
  43945 29256      575.4635   118      609.0000      544.7031  3129306   10.56%          x79_59 D  43945  43944     58
  44023 29334      606.6294   146      609.0000      544.7031  3133467   10.56%           x62_5 D  44023  44022    136
  44105 29412      578.9108   125      609.0000      544.7203  3139096   10.55%          x71_67 D  44105  44104     95
  44192 29499      597.9563   102      609.0000      544.7203  3143330   10.55%          x28_57 N  44192  44191    182
  44306 29609      588.2857   114      609.0000      544.7310  3148200   10.55%          x78_51 U  44306  44305     77
  44380 29679      575.1250   109      609.0000      544.7321  3154654   10.55%          x71_30 U  44380  44377     27
  44426 29725      600.1429    80      609.0000      544.7321  3161477   10.55%          x28_55 U  44426  44424     57
  44490 29781      554.2468   151      609.0000      544.7383  3167126   10.55%          x37_71 D  44490  44489     34
  44579 29870      574.5455   115      609.0000      544.7383  3173143   10.55%          x50_24 N  44579  44578    123
  44659 29946      557.9167   109      609.0000      544.7419  3177850   10.55%          x51_24 D  44659  44658     29
Elapsed time = 4041.11 sec. (7197752.54 ticks, tree = 244.84 MB, solutions = 4)
  44730 30013      549.0210   149      609.0000      544.7500  3183406   10.55%           x7_52 U  44730  11951     16
  44804 30087      580.1042    96      609.0000      544.7500  3187757   10.55%          x71_36 D  44804  44803     90
  44897 30180      598.5000    48      609.0000      544.7500  3191404   10.55%          x55_59 U  44897  44896    183
  44982 30260      553.1000   122      609.0000      544.7500  3194149   10.55%          x60_59 D  44982  44981     23
  45066 30344      585.6667    86      609.0000      544.7500  3199092   10.55%           x28_9 D  45066  45065    107
  45129 30403      578.5000    96      609.0000      544.7500  3205437   10.55%          x48_52 U  45129  45127     22
  45170 30438      555.3600   139      609.0000      544.7500  3211779   10.55%          x16_63 U  45170  45169     16
* 45200+28301                          605.0000      544.7500             9.96%
  45213 28316      569.8636   119      605.0000      544.7500  3213774    9.96%          x79_59 D  45213  45212     59
  45290 28389      553.3611   130      605.0000      544.7500  3217974    9.96%           x1_47 D  45290  45289     28
  45379 28474      546.3393   161      605.0000      544.7711  3223353    9.96%          x51_14 D  45379  45378      9
Elapsed time = 4125.19 sec. (7352414.69 ticks, tree = 237.49 MB, solutions = 5)
  45437 28532      568.5978   126      605.0000      544.7711  3229468    9.96%          x55_60 D  45437  45436     67
  45497 28586      559.0625   131      605.0000      544.7727  3236250    9.95%           x74_1 D  45497  45496     28
  45575 28661      551.0000   122      605.0000      544.7727  3241569    9.95%          x24_47 U  45575   9207     18
  45640 28722      562.5210   157      605.0000      544.7770  3248498    9.95%          x71_24 D  45640  45639     37
  45706 28784      559.9643   164      605.0000      544.7785  3252727    9.95%           x24_5 N  45706  45705     18
  45774 28852      593.8333   120      605.0000      544.7785  3258085    9.95%          x37_71 N  45774  45773     86
  45860 28934      579.1090   142      605.0000      544.7788  3263331    9.95%          x54_71 D  45860  45859     71
  45947 29018      564.0343   136      605.0000      544.7823  3268764    9.95%          x67_79 D  45947  45946     57
  46008 29079      578.3333    63      605.0000      544.7823  3271942    9.95%          x17_74 D  46008  46007    118
  46114 29185      589.0554    77      605.0000      544.7823  3275334    9.95%          x28_26 N  46114  46113    224
Elapsed time = 4212.65 sec. (7506889.85 ticks, tree = 242.18 MB, solutions = 5)
  46214 29285      602.7222    75      605.0000      544.7823  3277897    9.95%          x28_20 N  46214  46213    324
  46268 29335      576.8333    51      605.0000      544.7857  3284617    9.95%          x12_20 U  46268  46266     49
  46328 29392      598.5000    44      605.0000      544.7857  3289351    9.95%           x36_6 D  46328  46326     89
  46396 29452      581.6515   103      605.0000      544.7875  3294038    9.95%          x69_70 U  46396  46395     55
  46453 29505      557.3810   143      605.0000      544.7941  3298306    9.95%           x1_34 U  46453  38734     15
  46548 29600      598.4828   113      605.0000      544.7941  3302649    9.95%           x4_36 D  46548  46547    110
  46635 29683      592.5000   126      605.0000      544.8000  3307790    9.95%          x69_50 D  46635  46634     93
  46725 29768      578.9062   113      605.0000      544.8000  3313413    9.95%          x50_54 D  46725  46724     94
  46798 29837      552.9000   129      605.0000      544.8000  3318468    9.95%          x59_51 D  46798  46797     23
  46835 29874      570.5000    84      605.0000      544.8000  3324748    9.95%           x5_74 D  46835  46834     45
Elapsed time = 4297.70 sec. (7661901.88 ticks, tree = 247.73 MB, solutions = 5)
  46870 29905        cutoff            605.0000      544.8000  3331085    9.95%          x69_14 U  46870  46867     66
  46945 29966      579.5000    89      605.0000      544.8077  3335808    9.95%          x30_70 U  46945  46944     69
  47045 30062      549.3500   137      605.0000      544.8125  3339411    9.95%           x1_34 D  47045  47044     18
  47129 30146      579.5000    49      605.0000      544.8125  3344610    9.95%          x76_28 D  47129  47128    102
  47215 30232      593.8182    57      605.0000      544.8125  3347808    9.95%          x28_65 D  47215  47214    188
  47318 30329      564.8846   116      605.0000      544.8278  3352334    9.95%          x50_74 D  47318  47317     47
  47411 30418      549.2514   139      605.0000      544.8333  3356392    9.94%           x74_5 D  47411   4409     15
  47482 30489      585.0000   139      605.0000      544.8333  3362872    9.94%          x37_79 D  47482  47481     86
  47527 30530      560.3333   101      605.0000      544.8333  3370036    9.94%          x51_47 U  47527  47525     19
  47569 30572      584.5778   150      605.0000      544.8333  3377862    9.94%          x16_14 N  47569  47566     45
Elapsed time = 4385.21 sec. (7817191.64 ticks, tree = 252.70 MB, solutions = 5)
  47602 30597      553.3112   211      605.0000      544.8333  3381291    9.94%          x51_74 D  47602  47601     23
  47671 30666      590.5680   166      605.0000      544.8333  3386876    9.94%          x67_20 D  47671  47670     92
  47746 30738      573.5000   118      605.0000      544.8421  3392038    9.94%          x71_28 D  47746  47745     50
  47813 30805      596.9275   138      605.0000      544.8421  3397188    9.94%          x69_20 D  47813  47812    117
  47890 30878      575.7308    92      605.0000      544.8431  3403140    9.94%          x37_79 D  47890  47889     69
  47989 30973      565.9615   119      605.0000      544.8462  3408845    9.94%          x62_47 D  47989  47988     72
  48039 31019      569.1111   119      605.0000      544.8622  3414012    9.94%          x20_22 N  48039  48037     18
  48114 31088      555.7143   110      605.0000      544.8782  3419154    9.94%          x70_30 U  48114  48113     47
  48231 31205      573.4862   119      605.0000      544.8782  3424164    9.94%           x7_12 D  48231  48230    164
  48329 31303      596.0286    77      605.0000      544.8782  3428173    9.94%          x46_26 D  48329  48328    262
Elapsed time = 4472.29 sec. (7970718.39 ticks, tree = 258.50 MB, solutions = 5)
  48400 31370      571.5833   116      605.0000      544.8793  3431755    9.94%          x25_59 D  48400  48399     52
  48498 31468      587.5000    59      605.0000      544.8793  3435473    9.94%          x20_23 D  48498  48497    150
  48567 31533      565.8696   152      605.0000      544.8800  3441625    9.94%           x43_4 U  48567  48566     42
  48642 31608      596.5000    65      605.0000      544.8800  3446234    9.94%           x9_59 D  48642  48641    117
  48716 31678      585.2083   128      605.0000      544.8947  3451957    9.93%          x14_71 N  48716  48715     74
  48797 31759      602.6111    88      605.0000      544.8947  3455849    9.93%           x9_23 N  48797  48796    155
  48836 31794      594.5000   130      605.0000      544.9000  3463397    9.93%          x37_24 U  48836  48834     32
  48910 31865      586.6176   155      605.0000      544.9000  3469043    9.93%          x41_20 D  48910  48909     80
  48985 31936      561.0833   110      605.0000      544.9231  3474419    9.93%           x1_74 D  48985  48984     40
  49060 32007      555.2500   120      605.0000      544.9286  3479410    9.93%          x50_74 D  49060  49059     27
Elapsed time = 4561.63 sec. (8127569.40 ticks, tree = 265.85 MB, solutions = 5)
  49130 32077      582.2738   149      605.0000      544.9286  3484318    9.93%           x46_5 D  49130  49129     97
  49200 32147      598.3409    94      605.0000      544.9286  3487879    9.93%          x28_17 D  49200  49199    167
  49282 32225      559.6970   121      605.0000      544.9319  3493982    9.93%          x69_54 U  49282  49281     75
  49370 32313      574.0000    53      605.0000      544.9319  3499210    9.93%          x20_79 D  49370  49369    163
  49455 32394      560.9000   113      605.0000      544.9394  3504419    9.93%          x70_30 D  49455  49453     23
  49504 32435      554.4841   163      605.0000      544.9408  3511106    9.93%          x71_51 D  49504  49503     28
  49580 32511      599.1032   148      605.0000      544.9408  3516034    9.93%          x14_71 D  49580  49579    104
  49632 32559      575.2143   142      605.0000      544.9442  3520211    9.93%          x78_71 D  49632  49631     64
  49704 32629        cutoff            605.0000      544.9442  3524425    9.93%          x59_35 N  49704  49703    136
  49790 32711      585.2500   109      605.0000      544.9583  3530551    9.92%          x61_62 D  49790  49789     91
Elapsed time = 4651.90 sec. (8283927.15 ticks, tree = 270.54 MB, solutions = 5)
  49875 32793      567.6389   147      605.0000      544.9583  3536290    9.92%           x74_1 D  49875  49874     48
  49950 32866      601.0870   134      605.0000      544.9583  3541074    9.92%          x79_78 N  49950  49949    122
  49988 32886      574.5000   160      605.0000      545.0000  3548636    9.92%          x53_15 U  49988  32115     15
  50070 32964      555.1820   200      605.0000      545.0000  3554031    9.92%          x24_71 D  50070  50069     43
  50158 33052      586.0703   132      605.0000      545.0000  3558527    9.92%          x30_37 N  50158  50157    131
  50256 33146      578.7857   104      605.0000      545.0000  3562839    9.92%          x50_74 D  50256  50255     95
  50339 33225      575.0598   110      605.0000      545.0000  3567172    9.92%          x69_50 D  50339  50338     69
  50407 33293      584.2500    59      605.0000      545.0000  3569429    9.92%          x12_76 D  50407  50406    137
  50502 33388      599.1429    50      605.0000      545.0000  3571492    9.92%          x46_58 N  50502  50501    232
  50547 33428      580.0000    82      605.0000      545.0000  3576303    9.92%           x24_5 U  50547  50545     29
Elapsed time = 4737.81 sec. (8438530.06 ticks, tree = 277.04 MB, solutions = 5)
  50605 33474      581.2500   112      605.0000      545.0233  3582357    9.91%          x20_50 N  50605  50604     57
  50686 33551      563.0769   114      605.0000      545.0476  3587099    9.91%          x24_50 D  50686  50685     35
  50742 33602        cutoff            605.0000      545.0476  3592283    9.91%          x24_22 U  50742  50740     90
  50807 33667      572.9512   125      605.0000      545.0562  3597583    9.91%          x59_37 U  50807  50806     81
  50901 33761      591.2132   109      605.0000      545.0562  3601262    9.91%          x28_38 N  50901  50900    175
  50997 33853      562.4151   138      605.0000      545.0587  3606452    9.91%          x37_30 D  50997  50996     66
  51103 33959      576.8289   114      605.0000      545.0587  3610956    9.91%           x1_24 U  51103  51102    172
  51200 34050      563.4444   169      605.0000      545.0667  3615372    9.91%          x22_61 D  51200  51199     19
  51249 34093      571.0556   101      605.0000      545.0769  3622162    9.90%          x20_12 D  51249  51248     49
  51338 34182      587.0625    68      605.0000      545.0769  3625964    9.90%          x46_76 D  51338  51337    138
Elapsed time = 4825.51 sec. (8593923.42 ticks, tree = 282.08 MB, solutions = 5)
  51434 34275      564.5455   124      605.0000      545.0769  3630919    9.90%          x30_16 U  51434  51433     42
  51485 34322      603.3571    86      605.0000      545.0769  3637602    9.90%          x69_14 N  51485  51484     91
  51586 34419      571.6932   158      605.0000      545.1071  3643298    9.90%          x55_71 D  51586  51585    106
  51640 34473      602.5833   134      605.0000      545.1071  3648230    9.90%          x50_33 D  51640  51639    160
  51722 34551      579.3333    67      605.0000      545.1111  3653600    9.90%            x4_3 D  51722  51721     92
  51810 34635      565.0943   148      605.0000      545.1140  3658290    9.90%           x1_34 U  51810  51808     20
  51863 34676        cutoff            605.0000      545.1140  3664117    9.90%           x69_5 U  51863  51861     54
  51940 34733      565.9000   131      605.0000      545.1171  3668941    9.90%          x14_70 D  51940  51939     58
  52000 34789      549.6250   153      605.0000      545.1216  3674117    9.90%           x5_20 D  52000  51999     13
  52098 34887      581.4899   194      605.0000      545.1216  3679896    9.90%           x5_48 D  52098  52097    111
Elapsed time = 4914.64 sec. (8752824.48 ticks, tree = 286.80 MB, solutions = 5)
  52183 34972      595.6596    80      605.0000      545.1216  3684231    9.90%          x55_59 U  52183  52182    196
  52268 35053      599.5833   110      605.0000      545.1270  3688281    9.90%          x71_14 D  52268  52267     75
  52358 35139      573.0714   119      605.0000      545.1400  3694053    9.89%          x60_58 D  52358  52357     89
  52431 35212      595.5517    81      605.0000      545.1400  3697880    9.89%          x12_58 D  52431  52430    162
  52475 35252      576.1667    70      605.0000      545.1473  3704088    9.89%          x25_67 N  52475  52472     30
  52537 35304      562.1831   166      605.0000      545.1493  3709663    9.89%           x71_1 D  52537  52536     44
  52615 35382      596.2353   117      605.0000      545.1493  3714272    9.89%          x16_63 U  52615  52614    122
  52691 35450      573.3333    56      605.0000      545.1667  3719858    9.89%          x40_75 D  52691  52690     78
  52781 35540      593.8968    85      605.0000      545.1667  3723635    9.89%          x20_79 D  52781  52780    168
  52865 35620      576.3077   125      605.0000      545.1667  3728434    9.89%          x22_40 D  52865  52864     62
Elapsed time = 5000.11 sec. (8906530.01 ticks, tree = 312.12 MB, solutions = 5)
  52956 35707      548.3333   160      605.0000      545.1875  3732302    9.89%          x16_63 D  52956  12920     11
  53029 35780      585.4500   108      605.0000      545.1875  3738880    9.89%           x14_1 D  53029  53028     84
  53075 35822      583.2500    87      605.0000      545.2000  3745515    9.88%          x69_78 U  53075  53073     39
  53115 35854      601.9091    72      605.0000      545.2000  3751752    9.88%          x28_20 D  53115  53114     66
  53188 35917      576.2692   136      605.0000      545.2182  3756369    9.88%           x17_1 D  53188  53187     61
  53257 35986      603.1667    62      605.0000      545.2182  3760720    9.88%          x55_79 D  53257  53256    130
  53368 36093      595.0597   151      605.0000      545.2222  3765494    9.88%          x10_39 D  53368  53367    125
  53470 36191      569.5489   160      605.0000      545.2262  3770134    9.88%           x5_51 D  53470  53469    109
  53566 36287      586.8725    78      605.0000      545.2262  3772950    9.88%          x65_40 D  53566  53565    205
  53654 36372      552.3654   141      605.0000      545.2308  3775896    9.88%          x48_22 D  53654  53653     17
Elapsed time = 5085.16 sec. (9060915.50 ticks, tree = 342.32 MB, solutions = 5)
  53720 36438      590.6667    71      605.0000      545.2308  3782645    9.88%          x25_59 D  53720  53719     83
  53764 36476      572.9487   155      605.0000      545.2414  3789762    9.88%           x17_1 D  53764  53763     38
  53830 36538      567.3405   185      605.0000      545.2462  3796333    9.88%          x16_14 D  53830  53829     66
  53932 36636      556.9744   127      605.0000      545.2500  3801247    9.88%          x14_70 D  53932  53931     61
  54002 36706      585.9608    99      605.0000      545.2500  3806622    9.88%          x14_20 D  54002  54001    131
  54084 36788      597.0000    50      605.0000      545.2500  3809342    9.88%          x76_57 D  54084  54083    213
  54166 36866      561.8750    88      605.0000      545.2500  3815125    9.88%          x14_70 D  54166  54165     73
  54234 36928      547.6667   143      605.0000      545.2500  3819846    9.88%          x71_51 D  54234  54233     23
  54331 37025      575.1875    62      605.0000      545.2500  3825778    9.88%          x22_48 U  54331  54330    120
  54407 37101      587.6667    70      605.0000      545.2500  3829138    9.88%          x76_19 N  54407  54406    196
Elapsed time = 5174.28 sec. (9214904.64 ticks, tree = 348.23 MB, solutions = 5)
  54464 37153      548.0000    98      605.0000      545.2500  3831920    9.88%           x5_47 N  54464  30623     13
  54505 37194      587.7143    45      605.0000      545.2500  3837085    9.88%          x31_42 N  54505  54504     39
  54558 37243      575.6667   124      605.0000      545.2500  3841589    9.88%          x70_30 U  54558  54557     55
  54642 37323      569.1667    99      605.0000      545.2534  3846866    9.88%          x14_71 U  54642  54641     58
  54730 37407      570.9167   118      605.0000      545.2632  3851465    9.87%          x50_71 D  54730  54729     72
  54801 37473      560.0745   139      605.0000      545.2632  3857327    9.87%          x51_24 U  54801  17374     12
  54871 37543      583.2000    91      605.0000      545.2632  3862565    9.87%           x65_6 D  54871  54870     82
  54943 37611      550.2500   126      605.0000      545.2692  3868029    9.87%          x22_47 U  54943  54941     13
  54961 37629      585.0208   142      605.0000      545.2692  3876047    9.87%          x67_51 N  54961  54959     24
  55017 37671      560.6846   166      605.0000      545.2703  3882122    9.87%           x9_71 D  55017  55016     37
Elapsed time = 5264.22 sec. (9374364.00 ticks, tree = 354.44 MB, solutions = 5)
  55095 37745      557.1667   133      605.0000      545.2763  3887150    9.87%          x74_26 D  55095  55094     30
  55190 37840      575.3796   140      605.0000      545.2763  3892034    9.87%           x1_70 D  55190  55189    125
  55279 37929      594.8704    53      605.0000      545.2763  3894742    9.87%           x28_6 N  55279  55278    214
  55383 38029      565.0000   104      605.0000      545.2821  3900003    9.87%           x7_66 D  55383  55382     94
  55438 38084      581.5795    55      605.0000      545.2821  3903583    9.87%          x34_75 D  55438  55437    149
  55500 38146      600.8451    59      605.0000      545.2821  3907095    9.87%           x46_7 D  55500  55499    211
  55579 38221      583.6056   154      605.0000      545.2870  3912277    9.87%          x25_59 D  55579  55578     80
  55618 38256      587.4557   142      605.0000      545.2898  3917160    9.87%           x5_20 N  55618  55616     16
* 55660+ 7862                          562.0000      545.2974             2.97%
* 55667  7202      integral     0      561.0000      545.2974  3920748    2.80%          x12_20 D  55667  55666     59
* 55680+ 5334                          558.0000      545.3289             2.27%
  55714  5364        cutoff            558.0000      545.3320  3925207    2.27%           x1_34 U  55714  38594     14
Elapsed time = 5347.15 sec. (9525897.59 ticks, tree = 47.35 MB, solutions = 8)
  55775  5409        cutoff            558.0000      545.4348  3930013    2.25%          x50_74 U  55775  55773     33
  55830  5456      554.1651   122      558.0000      545.4505  3934215    2.25%          x14_70 N  55830  55829     49
  55883  5493      553.0000   117      558.0000      545.4698  3938928    2.25%          x60_59 N  55883  55881     16
  55940  5524      548.0735   162      558.0000      545.5000  3942273    2.24%          x71_70 N  55940  55939     23
  55997  5559      553.7619   183      558.0000      545.5000  3947030    2.24%           x5_20 N  55997  50038     12
  56035  5583      555.6000    96      558.0000      545.5096  3952037    2.24%          x61_33 N  56035  56032     17
  56095  5626      555.7037   140      558.0000      545.5395  3956297    2.23%          x71_55 N  56095  56094     24
  56160  5663      556.5000    68      558.0000      545.5625  3962395    2.23%          x78_71 D  56160  56159     30
  56230  5710      546.1000   126      558.0000      545.5833  3967762    2.23%          x51_14 D  56230  56229     18
  56300  5752      548.3750   154      558.0000      545.5964  3973425    2.22%          x80_81 N  56300  56299     16
Elapsed time = 5412.36 sec. (9681868.05 ticks, tree = 51.04 MB, solutions = 8)
  56350  5791      548.9000   138      558.0000      545.6071  3978278    2.22%           x1_34 D  56350  56349     17
  56403  5826      555.1500   144      558.0000      545.6250  3984727    2.22%           x5_22 D  56403  56402     21
  56460  5855      555.3214   126      558.0000      545.6429  3992022    2.21%           x5_22 D  56460  56458     23
  56529  5900      553.6250   117      558.0000      545.6623  3998850    2.21%          x67_51 U  56529  56526     13
  56600  5955      549.9375   174      558.0000      545.6810  4003420    2.21%          x71_51 D  56600  56599     29
  56680  6010      552.2273   127      558.0000      545.7041  4008992    2.20%           x1_74 D  56680  56679     28
  56738  6046        cutoff            558.0000      545.7273  4014465    2.20%           x7_52 D  56738  56737     23
* 56790+ 5426                          557.0000      545.7500             2.02%
* 56793  4707      integral     0      556.0000      545.7500  4017873    1.84%
  56814  4723      552.6250   142      556.0000      545.7500  4020196    1.84%           x5_47 U  56814  56812     13
  56860  4750      553.4531   166      556.0000      545.7564  4026964    1.84%          x60_59 D  56860  56859     19
  56926  4792      554.5000   112      556.0000      545.7699  4032823    1.84%          x60_59 U  56926  56924     22
Elapsed time = 5483.69 sec. (9837998.06 ticks, tree = 41.08 MB, solutions = 10)
  56973  4811      554.6575   197      556.0000      545.8077  4038923    1.83%          x74_47 N  56973  56972     18
  57043  4854      552.6212   137      556.0000      545.8300  4044347    1.83%          x74_47 U  57043  19405     16
  57101  4879      551.4524   191      556.0000      545.8333  4050971    1.83%          x15_53 D  57101  57100     11
  57165  4899      553.2879   164      556.0000      545.9349  4057500    1.81%          x71_20 U  57165  29166     25
  57245  4954      550.6111   137      556.0000      545.9565  4064085    1.81%          x60_59 D  57245  57244     21
  57290  4974        cutoff            556.0000      545.9865  4070120    1.80%          x69_24 D  57290  57289     19
  57334  4998      554.7105   143      556.0000      546.0000  4076197    1.80%          x67_14 N  57334  57333     14
  57378  5015      553.9091   149      556.0000      546.0000  4082332    1.80%          x71_30 N  57378  57377     26
  57426  5052      549.6429   145      556.0000      546.0000  4087088    1.80%          x50_20 N  57426  57425     35
  57480  5089      551.8830   177      556.0000      546.0163  4091834    1.80%          x61_49 D  57480  57479     23
Elapsed time = 5554.04 sec. (9993995.81 ticks, tree = 43.50 MB, solutions = 10)
  57539  5135      550.6161   164      556.0000      546.0500  4096810    1.79%          x60_59 N  57539  57538     15
  57598  5167      554.5000    93      556.0000      546.0850  4101780    1.78%          x78_20 N  57598  28497     16
  57654  5198      553.1667   128      556.0000      546.1212  4106689    1.78%          x51_14 N  57654  57653     19
  57703  5219      552.6250   131      556.0000      546.1435  4113213    1.77%          x60_59 N  57703  57702     22
  57747  5243      552.2000   119      556.0000      546.1514  4120358    1.77%          x59_60 N  57747  57745     22
  57797  5274      554.7143   176      556.0000      546.1667  4125413    1.77%           x5_47 N  57797  57795     21
  57846  5282        cutoff            556.0000      546.2027  4130322    1.76%          x53_15 U  57846  50040     14
  57909  5325        cutoff            556.0000      546.2262  4135618    1.76%           x74_5 D  57909  57907     29
  57953  5338      552.7500    96      556.0000      546.2708  4142095    1.75%           x7_52 N  57953  57952     20
  58004  5361      550.8462   135      556.0000      546.2857  4147599    1.75%           x5_47 N  58004  58003     17
Elapsed time = 5622.29 sec. (10148464.81 ticks, tree = 46.08 MB, solutions = 10)
  58061  5406      553.6875   154      556.0000      546.2895  4151405    1.75%          x71_20 N  58061  58060     16
  58108  5427      552.5833   159      556.0000      546.3287  4157491    1.74%           x5_20 N  58108  58107     28
  58163  5458      550.5000   112      556.0000      546.3500  4163179    1.74%           x5_20 N  58163  56165     13
  58223  5494      555.0000    94      556.0000      546.3750  4170369    1.73%           x43_4 U  58223  58222     27
  58268  5500      550.4000   174      556.0000      546.4286  4178084    1.72%           x5_20 D  58268  58267     15
  58333  5531      550.0500   187      556.0000      546.4614  4184438    1.72%           x7_52 D  58333  58332     26
  58407  5582      553.3092   213      556.0000      546.5000  4190665    1.71%           x5_20 U  58407  29060     22
  58458  5601      554.5000   107      556.0000      546.5078  4198107    1.71%          x71_70 N  58458  58456     24
  58516  5618      547.9565   108      556.0000      546.5385  4205159    1.70%          x67_51 D  58516  58515     17
  58592  5667        cutoff            556.0000      546.5611  4210475    1.70%           x52_7 D  58592  58591     19
Elapsed time = 5693.98 sec. (10302809.90 ticks, tree = 49.94 MB, solutions = 10)
  58652  5697      549.1500   127      556.0000      546.5833  4217669    1.69%           x7_52 D  58652  58651     17
  58717  5734      553.4148   165      556.0000      546.5924  4224596    1.69%           x50_5 D  58717  58716     32
  58786  5772        cutoff            556.0000      546.6154  4231288    1.69%          x59_60 D  58786  58785     29
  58841  5806      549.6786   155      556.0000      546.6250  4237355    1.69%          x67_51 N  58841  50177     17
  58903  5844      553.5600   141      556.0000      546.6375  4244978    1.68%           x43_4 U  58903  58902     22
  58967  5880      552.0000    54      556.0000      546.6568  4252471    1.68%           x43_4 U  58967  58966     25
  59026  5905      554.0714   116      556.0000      546.6667  4259490    1.68%          x20_22 D  59026  59024     19
  59096  5949        cutoff            556.0000      546.7000  4265953    1.67%          x20_22 U  59096  10006     15
  59151  5972      552.5000   125      556.0000      546.7273  4273522    1.67%           x43_4 U  59151  59150     21
  59211  5997      552.5000   154      556.0000      546.7500  4280842    1.66%          x20_22 N  59211  59210     14
Elapsed time = 5769.21 sec. (10457895.85 ticks, tree = 52.91 MB, solutions = 10)
  59264  6024      551.9737   145      556.0000      546.7564  4287816    1.66%          x48_22 U  59264  59262     16
  59333  6055        cutoff            556.0000      546.8102  4295277    1.65%           x5_47 U  59333  59332     16
  59410  6102      551.8000   120      556.0000      546.8313  4301956    1.65%          x50_24 U  59410  59407     20
  59484  6138        cutoff            556.0000      546.8333  4309249    1.65%           x74_1 U  59484  59481     28
  59553  6177        cutoff            556.0000      546.8542  4315266    1.64%          x54_70 U  59553  59551     43
  59625  6226      551.6429   153      556.0000      546.8594  4322122    1.64%          x24_47 D  59625  59624     26
  59680  6241      552.2182   137      556.0000      546.8750  4329355    1.64%          x36_59 D  59680  59679     30
  59747  6274      553.4231   111      556.0000      546.8906  4336916    1.64%           x1_24 D  59747  59746     29
  59815  6302      554.1667    99      556.0000      546.9245  4344305    1.63%           x52_7 U  59815  59813     23
  59869  6317      553.9167   154      556.0000      546.9559  4351062    1.63%           x5_47 U  59869  59867     22
Elapsed time = 5843.63 sec. (10613454.88 ticks, tree = 56.84 MB, solutions = 10)
  59911  6325      553.2500    75      556.0000      546.9818  4358506    1.62%          x24_34 D  59911  59910     20
  59965  6347      554.2000   115      556.0000      547.0000  4364969    1.62%          x51_14 N  59965  59964     18
  60012  6376      552.6250   106      556.0000      547.0000  4371265    1.62%          x41_20 N  60012  60011     27
  60063  6403      553.4474    98      556.0000      547.0000  4376973    1.62%          x50_74 N  60063  60061     26
* 60096  4500      integral     0      554.0000      547.0036  4378665    1.26%          x12_20 U  60096  60094     46
  60148  4514      547.6000   112      554.0000      547.0648  4384695    1.25%          x48_22 N  60148   3746     14
  60207  4544      551.3221   150      554.0000      547.0833  4390003    1.25%          x69_24 N  60207  60206     20
  60264  4558      551.4901   123      554.0000      547.1481  4396235    1.24%          x48_22 N  60264  60262     14
  60312  4568      551.7193   149      554.0000      547.1667  4402705    1.23%          x51_24 N  60312  60311     20
  60383  4613      548.9329   121      554.0000      547.1836  4406656    1.23%          x69_70 N  60383  60382     21
Elapsed time = 5907.74 sec. (10759869.58 ticks, tree = 40.91 MB, solutions = 11)
  60436  4636        cutoff            554.0000      547.2000  4412112    1.23%          x28_17 U  60436  26565     17
  60499  4673      550.9167   114      554.0000      547.2262  4417908    1.22%          x36_59 N  60499  60498     21
  60554  4689        cutoff            554.0000      547.2500  4423861    1.22%           x5_20 U  60554  58813     15
  60604  4701      550.0469   142      554.0000      547.2514  4430350    1.22%          x51_47 N  60604  56586     16
  60664  4721      551.0000    85      554.0000      547.3000  4436049    1.21%          x60_59 N  60664  60663     20
  60710  4734      552.6500   116      554.0000      547.3125  4442072    1.21%          x71_20 N  60710  60708     22
  60767  4750      547.7826   167      554.0000      547.3333  4447848    1.20%          x73_56 N  60767  25181     13
  60820  4780      553.0000   120      554.0000      547.3333  4452864    1.20%          x54_17 N  60820  60819     19
  60875  4800      552.9244   149      554.0000      547.3623  4458961    1.20%          x24_47 N  60875  60874     29
  60930  4803      552.0714   117      554.0000      547.4000  4464883    1.19%          x51_14 N  60930  60929     21
Elapsed time = 5976.78 sec. (10914750.85 ticks, tree = 42.29 MB, solutions = 11)
  60985  4825      552.5000    50      554.0000      547.4167  4470843    1.19%          x37_71 N  60985  60983     30
  61039  4842        cutoff            554.0000      547.4523  4477034    1.18%          x48_22 U  61039  61037     15
  61095  4856        cutoff            554.0000      547.4940  4482925    1.17%          x71_30 U  61095  43757     19
  61144  4867        cutoff            554.0000      547.5000  4489357    1.17%           x9_71 U  61144  54231     21
  61201  4872      549.3750   117      554.0000      547.5417  4495873    1.17%          x60_59 N  61201  19971     22
  61259  4893        cutoff            554.0000      547.5588  4501244    1.16%          x14_51 D  61259  61258     27
  61305  4896      551.4643   121      554.0000      547.5856  4508100    1.16%           x3_60 N  61305   2413     19
  61361  4899      549.6027   123      554.0000      547.6250  4514645    1.15%          x36_59 N  61361  61360     21
  61410  4914        cutoff            554.0000      547.6400  4521433    1.15%          x71_51 U  61410  59069     21
  61465  4924      551.4482   191      554.0000      547.6667  4527295    1.14%          x60_59 N  61465  61464     23
Elapsed time = 6048.75 sec. (11070283.50 ticks, tree = 43.08 MB, solutions = 11)
  61525  4942        cutoff            554.0000      547.6739  4532932    1.14%          x70_17 D  61525  61524     21
  61577  4950        cutoff            554.0000      547.7130  4539324    1.13%          x37_71 U  61577  61575     23
  61632  4967      550.7500   151      554.0000      547.7450  4544573    1.13%           x5_22 N  61632  61631     14
  61685  4976      550.8627   148      554.0000      547.7500  4550384    1.13%          x71_54 N  61685  61684     18
  61748  5006      552.7500    92      554.0000      547.7727  4555231    1.12%          x70_69 N  61748  61746     23
  61797  5001        cutoff            554.0000      547.8125  4562219    1.12%           x43_4 U  61797  61796     15
  61852  5011      550.5000   182      554.0000      547.8333  4567994    1.11%           x7_52 N  61852  61851     19
  61906  5020      551.0278   138      554.0000      547.8571  4574337    1.11%          x67_51 N  61906  60337     19
  61961  5024        cutoff            554.0000      547.8889  4580186    1.10%           x52_7 U  61961  61959     25
  62017  5042      552.9268   151      554.0000      547.9231  4586681    1.10%           x1_34 N  62017  62016     22
Elapsed time = 6116.44 sec. (11223993.92 ticks, tree = 44.30 MB, solutions = 11)
  62066  5037      550.6429   111      554.0000      547.9635  4593070    1.09%          x78_51 N  62066  62064     17
  62124  5040        cutoff            554.0000      548.0000  4599340    1.08%          x70_69 U  62124  62122     24
  62171  5051      552.5185   136      554.0000      548.0000  4606893    1.08%          x59_60 N  62171  38895     21
  62230  5058      552.0938   146      554.0000      548.0000  4612957    1.08%           x24_5 N  62230   3262     13
  62281  5057        cutoff            554.0000      548.0182  4619143    1.08%          x24_34 U  62281  35035     18
  62346  5083        cutoff            554.0000      548.0395  4624528    1.08%          x37_59 U  62346  62344     19
  62389  5072        cutoff            554.0000      548.0818  4632011    1.07%          x71_30 U  62389  54235     25
  62451  5081      551.9000   172      554.0000      548.1250  4637906    1.06%          x15_53 N  62451  62450     23
  62506  5092      551.6912   164      554.0000      548.1429  4644059    1.06%          x51_47 N  62506  37368     16
  62561  5103      552.3333    95      554.0000      548.1667  4650318    1.05%          x24_34 N  62561  62560     22
Elapsed time = 6187.71 sec. (11378202.84 ticks, tree = 44.80 MB, solutions = 11)
  62618  5102      552.0000   110      554.0000      548.1964  4656596    1.05%           x43_4 N  62618  62617     19
  62670  5105      552.3725   113      554.0000      548.2222  4662819    1.04%          x70_69 N  62670  62669     20
  62725  5108      552.4000   136      554.0000      548.2483  4669247    1.04%           x5_47 N  62725  37231     22
  62784  5111      551.0000    90      554.0000      548.2500  4676801    1.04%           x5_74 U  62784  58426     27
  62842  5117      552.0000    84      554.0000      548.2778  4683488    1.03%          x67_37 N  62842  62841     19
  62891  5110      550.2500   160      554.0000      548.3168  4690961    1.03%          x60_59 N  62891  61530     21
  62956  5122      550.3785   179      554.0000      548.3333  4696988    1.02%          x61_47 N  62956  29063     25
  63014  5142      551.8750   119      554.0000      548.3519  4703959    1.02%           x5_20 D  63014  63013     21
  63087  5155      551.0981   130      554.0000      548.3843  4710556    1.01%          x71_14 D  63087  63086     26
  63155  5162      551.4500   132      554.0000      548.4286  4717769    1.01%          x70_69 D  63155  63154     22
Elapsed time = 6263.00 sec. (11533084.07 ticks, tree = 45.28 MB, solutions = 11)
  63236  5186        cutoff            554.0000      548.4561  4724131    1.00%          x36_59 U  63236  63234     22
  63290  5189      551.8571   115      554.0000      548.5000  4731895    0.99%          x20_12 D  63290  63289     20
  63350  5206      549.7500    98      554.0000      548.5000  4737946    0.99%          x60_59 N  63350  61294     14
  63400  5207      552.5000    68      554.0000      548.5000  4744956    0.99%           x5_74 N  63400  63399     22
  63456  5205      552.2500    75      554.0000      548.5091  4750934    0.99%          x50_54 N  63456  63455     24
  63504  5197      551.8750   140      554.0000      548.5500  4757600    0.98%          x60_59 N  63504  63503     19
  63569  5204        cutoff            554.0000      548.5726  4762759    0.98%           x1_34 U  63569  33129     19
  63626  5219      551.1667   105      554.0000      548.6000  4768462    0.97%           x52_7 N  63626  59085     18
  63683  5226        cutoff            554.0000      548.6250  4775018    0.97%          x78_20 U  63683  29454     19
  63736  5216      551.1250   122      554.0000      548.6587  4782187    0.96%          x78_51 N  63736  26985     19
Elapsed time = 6334.05 sec. (11687101.52 ticks, tree = 46.11 MB, solutions = 11)
  63799  5221      552.6071   102      554.0000      548.6870  4788008    0.96%          x71_67 N  63799  63798     34
  63858  5228        cutoff            554.0000      548.7115  4793799    0.95%           x74_1 U  63858  63856     24
  63909  5226        cutoff            554.0000      548.7449  4800959    0.95%           x17_5 U  63909  37822     25
  63967  5237        cutoff            554.0000      548.7500  4806878    0.95%           x9_12 U  63967    822     20
  64018  5236      551.8636   112      554.0000      548.7658  4814105    0.94%          x74_47 N  64018  64017     23
  64075  5231        cutoff            554.0000      548.8000  4820490    0.94%          x63_25 D  64075  64072     32
  64132  5235      552.9091   133      554.0000      548.8333  4826412    0.93%           x5_20 N  64132  64131     17
  64194  5241      552.8367   128      554.0000      548.8464  4832276    0.93%          x71_28 N  64194  64193     29
  64250  5227      551.8807   158      554.0000      548.8784  4839476    0.92%          x20_12 N  64250  64249     25
  64309  5229        cutoff            554.0000      548.9167  4845940    0.92%           x7_52 U  64309  58113     17
Elapsed time = 6404.94 sec. (11841526.29 ticks, tree = 46.64 MB, solutions = 11)
  64363  5218      551.1250   107      554.0000      548.9500  4852132    0.91%          x60_59 N  64363  62089     25
  64423  5228      552.3429    77      554.0000      548.9630  4857026    0.91%           x17_5 N  64423  64422     34
  64482  5229      552.0000   118      554.0000      549.0000  4863302    0.90%           x1_24 N  64482  64481     23
  64533  5225      552.0000   108      554.0000      549.0000  4869992    0.90%          x24_74 N  64533  64532     28
  64587  5221      552.9167   138      554.0000      549.0000  4876396    0.90%           x5_22 N  64587  64586     19
  64637  5206        cutoff            554.0000      549.0135  4883428    0.90%          x79_78 U  64637  58526     27
  64693  5200      551.6375   144      554.0000      549.0455  4889848    0.89%          x59_60 N  64693  58898     18
  64759  5197      552.7727    77      554.0000      549.0714  4894908    0.89%           x52_7 N  64759  64758     25
  64817  5195        cutoff            554.0000      549.0904  4900836    0.89%          x22_61 U  64817  22276     14
  64874  5192        cutoff            554.0000      549.1250  4907092    0.88%           x1_24 U  64874  64872     29
Elapsed time = 6474.99 sec. (11995737.19 ticks, tree = 46.46 MB, solutions = 11)
  64936  5190        cutoff            554.0000      549.1605  4912368    0.87%          x14_69 U  64936  42355     19
  64992  5178      549.9167   135      554.0000      549.1839  4918890    0.87%          x67_25 N  64992   3749     17
  65046  5162        cutoff            554.0000      549.2134  4925820    0.86%          x71_51 U  65046  35458     14
  65108  5162        cutoff            554.0000      549.2353  4931755    0.86%          x51_24 U  65108  60964     20
  65172  5162      551.3621   165      554.0000      549.2500  4937004    0.86%           x5_20 N  65172  65171     14
  65229  5152        cutoff            554.0000      549.2604  4942369    0.86%           x5_74 U  65229  65227     19
  65292  5141        cutoff            554.0000      549.2821  4948161    0.85%          x74_47 U  65292  63374     23
  65350  5134        cutoff            554.0000      549.3083  4954543    0.85%          x20_12 U  65350  65348     28
  65411  5134        cutoff            554.0000      549.3269  4960202    0.84%           x74_5 U  65411  65410     20
  65467  5120        cutoff            554.0000      549.3378  4966970    0.84%          x37_71 D  65467  65466     25
Elapsed time = 6543.23 sec. (12150134.49 ticks, tree = 45.98 MB, solutions = 11)
  65524  5113        cutoff            554.0000      549.3679  4973618    0.84%          x67_51 U  65524  60714     16
  65585  5100        cutoff            554.0000      549.4000  4979961    0.83%          x51_47 U  65585  62791     13
  65647  5094      551.3333   118      554.0000      549.4205  4985521    0.83%          x36_59 N  65647  65646     23
  65716  5084        cutoff            554.0000      549.4583  4990572    0.82%          x67_14 D  65716  65715     27
  65772  5071        cutoff            554.0000      549.4868  4997020    0.81%          x50_74 U  65772    826     23
  65832  5062        cutoff            554.0000      549.5000  5003667    0.81%          x37_71 D  65832  65831     26
  65894  5046        cutoff            554.0000      549.5000  5009305    0.81%          x60_59 U  65894  61257     26
  65952  5036      551.5263   126      554.0000      549.5281  5015701    0.81%          x36_59 N  65952  61899     19
  66013  5023        cutoff            554.0000      549.5625  5022067    0.80%          x63_16 U  66013  66011     26
  66076  5012        cutoff            554.0000      549.5923  5027889    0.80%           x5_20 U  66076  60568     13
Elapsed time = 6612.96 sec. (12304840.45 ticks, tree = 45.24 MB, solutions = 11)
  66143  5004      550.7500    96      554.0000      549.6212  5033440    0.79%          x79_59 N  66143  60891     20
  66207  4980        cutoff            554.0000      549.6585  5039262    0.78%          x24_71 U  66207  55722     22
  66270  4973      550.9000    97      554.0000      549.6667  5045371    0.78%          x67_14 U  66270  63677     23
  66344  4964      552.4444   116      554.0000      549.6946  5051644    0.78%           x43_4 D  66344  63557     29
  66403  4947        cutoff            554.0000      549.7143  5057390    0.77%          x70_69 U  66403  61112     27
  66482  4939        cutoff            554.0000      549.7500  5063403    0.77%          x59_37 U  66482  66481     24
  66545  4934        cutoff            554.0000      549.7667  5069511    0.76%           x12_6 U  66545  14208     26
  66607  4930      551.7059   121      554.0000      549.7931  5074599    0.76%           x43_4 N  66607  61709     20
  66670  4923      551.3125   112      554.0000      549.8226  5080436    0.75%          x37_59 N  66670  66669     23
  66730  4907      551.1875   159      554.0000      549.8393  5086337    0.75%           x74_5 N  66730  31769     25
Elapsed time = 6682.15 sec. (12458835.34 ticks, tree = 44.94 MB, solutions = 11)
* 66789   217      integral     0      551.0000      549.8626  5090973    0.21%
  66802   204        cutoff            551.0000      549.8750  5091069    0.20%          x71_24 U  66802  55950     34
  66912    94        cutoff            551.0000      549.9792  5091663    0.19%           x43_4 D  66912  55817     37

Clique cuts applied:  1
Zero-half cuts applied:  5
Gomory fractional cuts applied:  1
User cuts applied:  43532

Root node processing (before b&c):
  Real time             =    0.75 sec. (1764.27 ticks)
Sequential b&c:
  Real time             = 6700.31 sec. (12501003.79 ticks)
                          ------------
Total (root+branch&cut) = 6701.05 sec. (12502768.06 ticks)

