Version identifier: 22.1.0.0 | 2022-03-09 | 1a383f8ce
CPXPARAM_Preprocessing_Reduce                    1
CPXPARAM_Threads                                 1
CPXPARAM_Preprocessing_Reformulations            0
CPXPARAM_TimeLimit                               10800
CPXPARAM_MIP_Tolerances_AbsMIPGap                0.999
CPXPARAM_MIP_Limits_TreeMemory                   20000
Legacy callback                                  BbLUID
         Disabling repeat represolve because of lazy constraint/incumbent callback.
Tried aggregator 1 time.
MIP Presolve eliminated 63767 rows and 0 columns.
MIP Presolve modified 2448 coefficients.
Reduced MIP has 2850 rows, 13556 columns, and 87133 nonzeros.
Reduced MIP has 13556 binaries, 0 generals, 0 SOSs, and 0 indicators.
Presolve time = 0.08 sec. (142.65 ticks)
Probing time = 0.00 sec. (5.15 ticks)
Clique table members: 2850.
MIP emphasis: balance optimality and feasibility.
MIP search method: traditional branch-and-cut.
Parallel mode: none, using 1 thread.
Root relaxation solution time = 0.01 sec. (16.59 ticks)

        Nodes                                         Cuts/
   Node  Left     Objective  IInf  Best Integer    Best Bound    ItCnt     Gap         Variable B NodeID Parent  Depth

      0     0      697.0000   135                    609.0000      408         
      0     0      716.3750    91                   Cuts: 122      524         
      0     0      722.2083   296                   Cuts: 117      631         
      0     0      722.5000   209                    Cuts: 24      650         
      0     0      723.6500   313                    Cuts: 16      670         
      0     0      723.8333   245                    Cuts: 24      686         
      0     0      723.9583   297                     Cuts: 8      693         
      0     0      725.2481   354                     Cuts: 6      724         
      0     0      725.4981   336                    User: 17      725         
      0     0      725.8773   316                    User: 13      736         
      0     0      731.4773   240                    User: 22      754         
      0     0      731.7273   287                     Cuts: 7      763         
      0     0      731.7273   288                    Cuts: 12      781         
      0     0      731.8125   309                    User: 11      796         
      0     0      731.8125   289                    User: 11      810         
      0     0      731.9375   310                    User: 12      829         
      0     0      732.0255   320                    User: 12      834         
      0     0      732.3125   284                    User: 15      851         
      0     0      733.3125   307                     User: 3      858         
      0     0      733.3125   271                     User: 4      863         
      0     0      733.8125   267                     User: 4      869         
      0     0      733.8125   279                     User: 6      878         
      0     0      734.4375   235                    User: 18      919         
      0     0      734.7375   277                     User: 7      937         
      0     0      736.7054   330                    User: 24      977         
      0     0      736.7679   321                    User: 11      981         
      0     0      736.7679   310                    User: 14      987         
      0     0      736.7679   275                     User: 6      990         
      0     0      736.9250   216                    User: 25     1008         
      0     0      737.3893   334                    User: 11     1036         
      0     0      737.4821   322                    User: 31     1053         
      0     0      737.5000   269                    User: 12     1056         
      0     0      737.7917   335                    User: 12     1086         
      0     0      738.2583   309                    User: 11     1118         
      0     0      738.6667   323                    User: 13     1153         
      0     0      738.9280   320                    User: 11     1174         
      0     0      738.9280   328                     User: 7     1179         
      0     0      738.9636   292                     User: 5     1197         
      0     0      739.1702   367                     User: 8     1227         
      0     0      739.1702   341                     User: 7     1230         
      0     0      739.1797   341                     User: 2     1239         
      0     0      739.1797   346                     User: 9     1243         
      0     0      739.2064   346                     User: 5     1260         
      0     2      739.3068   316                    739.5114     1260                                 0             0
Elapsed time = 2.76 sec. (5876.47 ticks, tree = 0.01 MB, solutions = 0)
      1     3      740.0828   356                    740.1214     1365                  x156_62 N      1      0      1
      2     4      742.4167   327                    740.1214     1949                  x156_62 N      2      0      1
      3     5      743.6667   263                    740.1214     2031                  x165_45 N      3      2      2
      4     6      743.7500   291                    740.1214     2117                  x165_45 N      4      2      2
      5     7      745.2917   252                    740.1214     2199                   x88_49 U      5      4      3
      6     8      746.7500   269                    740.1214     2390                 x154_112 N      6      5      4
      7     9      746.0833   310                    740.1214     2489                 x154_112 N      7      5      4
      8    10      747.1341   321                    740.1214     2527                    x96_8 D      8      6      5
      9    11      753.7917   255                    740.1214     2767                    x96_8 N      9      6      5
     11    13      749.9722   336                    740.1214     3079                 x110_120 N     11      8      6
Elapsed time = 5.45 sec. (11488.14 ticks, tree = 0.09 MB, solutions = 0)
     15    17      753.2667   371                    740.1214     3494                    x7_64 N     15     13      8
     22    24      759.8345   330                    740.1214     4165                 x120_110 N     22     20     12
     33    35      767.2083   320                    740.1214     5583                  x157_95 N     33     32     19
     45    45      771.7000   294                    740.1214     6247                   x28_39 N     45     43     25
     56    56      777.0000   170                    740.1214     6741                 x126_105 N     56     53     32
     69    69      786.0714   215                    740.1214     7466                   x52_33 N     69     67     40
     72    72      787.3611   148                    740.1214     7707                  x78_105 N     72     71     42
     79    79      794.1250   139                    740.1214     8383                    x74_6 N     79     77     46
     83    83      800.8500   138                    740.1214     8627                  x192_88 N     83     81     49
     98    98      797.0833   110                    740.1214     8962                   x46_16 N     98     96     62
Elapsed time = 13.91 sec. (22016.13 ticks, tree = 1.34 MB, solutions = 0)
    112   112      804.4141   174                    740.1214     9479                 x192_180 N    112    111     74
    126   126      805.5000   132                    740.1214     9874                 x142_152 N    126    125     84
    139   139      809.0000    73                    740.1214    10209                   x55_41 N    139    137     93
    160   160      809.2500    51                    740.1214    10466                   x91_56 N    160    159    109
    180   180      810.0000    84                    740.1214    10645                  x157_41 N    180    179    126
    200   200      810.6667    77                    740.1214    10833                  x197_33 N    200    199    145
    218   218      810.8889    80                    740.1214    11140                   x58_16 D    218    217    161
    234   234      811.0201    99                    740.1214    11273                  x58_155 D    234    233    177
    253   253      816.6667    93                    740.1214    11765                    x46_3 N    253    251    195
    267   267      812.4968    90                    740.1214    12294                  x11_179 D    267    266    208
Elapsed time = 24.38 sec. (33184.36 ticks, tree = 7.81 MB, solutions = 0)
    278   278      813.1704   100                    740.1214    12868                   x8_181 N    278    277    218
    281   281      820.1667    63                    740.1214    13410                  x105_95 N    281    279    220
    300   300      816.1667    38                    740.1214    13826                  x45_134 D    300    298    236
    314   314      825.0952   186                    740.1214    14492                 x127_180 N    314    312    248
    325   325      850.9167    59                    740.1214    14907                   x3_197 N    325    323    256
    349   349      816.5897    75                    740.1214    15041                   x11_59 D    349    348    280
    365   365      816.9442    99                    740.1214    15168                 x157_197 D    365    364    296
    381   381      818.3137    93                    740.1214    15349                   x37_22 N    381    380    312
    390   388      821.1857    97                    740.1214    16067                  x170_24 D    390    389    320
    400   398      826.3810    59                    740.1214    16573                  x126_55 D    400    399    330
Elapsed time = 33.96 sec. (43960.83 ticks, tree = 11.89 MB, solutions = 0)
    404   400    infeasible                          740.1214    17697                  x75_113 N    404    402    332
    415   411      863.6667    60                    740.1214    18700                  x126_87 D    415    413    341
    423   417    infeasible                          740.1214    19869                  x46_103 U    423    420    346
    433   427      885.0000    62                    740.1214    20995                    x52_2 U    433    431    353
    443   435      893.4020   168                    740.1214    21965                  x192_18 N    443    442    361
    450   442      899.5000    78                    740.1214    22837                   x71_29 D    450    448    366
    453   443      916.0000    80                    740.1214    24170                 x180_127 D    453    451    368
    457   445    infeasible                          740.1214    25056                  x181_18 U    457    454    370
    464   446      744.1667   294                    740.9375    25701                    x95_8 N    464    463      4
    470   452      748.9502   333                    740.9375    26254                   x41_96 N    470    468      7
Elapsed time = 41.40 sec. (54699.05 ticks, tree = 15.10 MB, solutions = 0)
    480   462      757.0045   325                    740.9375    26743                  x62_170 U    480    479     13
    492   474      761.0889   263                    740.9375    27192                 x179_165 N    492    491     22
    501   483      764.5986   345                    740.9375    27714                   x71_29 N    501    498     28
    505   487      770.9531   348                    740.9375    28291                 x156_165 N    505    502     30
    516   498      772.2268   333                    740.9375    28800                   x58_88 N    516    513     36
    524   506      779.2667   322                    740.9375    29447                  x41_107 N    524    523     41
    532   514      780.4167   261                    740.9375    29809                 x172_133 U    532    530     46
    544   526      797.0000   225                    740.9375    30224                 x188_168 N    544    542     55
    557   539      787.6667   198                    740.9375    30544                   x54_21 N    557    554     64
    564   546      788.6667   148                    740.9375    30744                  x118_39 N    564    562     69
Elapsed time = 52.42 sec. (65138.86 ticks, tree = 20.43 MB, solutions = 0)
    578   560      791.3571   129                    740.9375    31149                  x199_39 U    578    576     80
    587   569      793.7071   152                    740.9375    31530                  x104_66 N    587    585     87
    590   572      794.9571   172                    740.9375    31925                 x104_118 N    590    587     88
    600   582      798.2857   172                    740.9375    32330                  x131_66 N    600    599     95
    607   589      805.8571   173                    740.9375    33048                  x104_39 N    607    605     99
    616   598      801.5833   140                    740.9375    33221                  x133_75 N    616    615    107
    624   606      804.0333   159                    740.9375    33598                  x66_124 N    624    623    112
    635   617      806.6071   138                    740.9375    33825                 x138_116 N    635    634    122
    643   625      809.6833   165                    740.9375    34136                  x186_66 N    643    641    127
    648   630      814.1667   165                    740.9375    34487                   x53_39 D    648    646    131
Elapsed time = 61.63 sec. (75690.94 ticks, tree = 25.85 MB, solutions = 0)
    656   638      815.1667   162                    740.9375    34647                 x171_129 D    656    655    137
    664   646      816.1288   175                    740.9375    35244                 x147_129 N    664    663    143
    673   655      816.7417   192                    740.9375    35441                  x186_44 D    673    671    151
    684   666      820.7417   171                    740.9375    35851                 x188_101 N    684    682    160
    694   676      827.1750   239                    740.9375    36315                 x179_162 N    694    692    167
    708   690      822.4167   124                    740.9375    36605                  x99_130 N    708    707    178
    719   701      829.9091   143                    740.9375    36865                  x168_22 N    719    717    185
    727   707      825.2500   112                    740.9375    37041                  x146_99 D    727    725    191
    732   712      831.3284   175                    740.9375    37227                 x105_157 N    732    730    194
    744   724      826.8056   128                    740.9375    37546                  x96_157 N    744    742    205
Elapsed time = 70.59 sec. (85977.34 ticks, tree = 31.12 MB, solutions = 0)
    756   736      827.0547   223                    740.9375    37700                  x181_87 D    756    755    217
    771   751      827.2405   174                    740.9375    38083                  x87_197 D    771    770    231
    788   768      831.8929   118                    740.9375    38424                   x55_58 N    788    786    245
    801   781      836.5833   112                    740.9375    38863                   x73_46 N    801    799    255
    824   804      833.1582   146                    740.9375    39163                   x8_162 N    824    823    277
    843   823      833.6409   156                    740.9375    39751                  x103_59 D    843    842    294
    861   841      840.4559   160                    740.9375    40038                  x134_87 D    861    860    311
    878   858      841.9500   127                    740.9375    40280                  x72_192 U    878    876    325
    885   865      862.1310   137                    740.9375    40855                  x182_46 N    885    883    330
    894   874      851.0833   127                    740.9375    41012                 x105_169 N    894    892    338
Elapsed time = 79.22 sec. (96251.26 ticks, tree = 32.07 MB, solutions = 0)
    901   881      857.2500   114                    740.9375    41518                  x11_168 N    901    899    343
    915   895      847.0471   201                    740.9375    41893                  x150_46 N    915    914    356
    918   898      847.5357   198                    740.9375    42336                   x63_46 N    918    917    358
    922   902      847.9706   177                    740.9375    42430                 x185_163 N    922    921    362
    934   908      744.9722   397                    743.2381    43177                 x110_120 U    934      1      2
    941   915      746.1250   193                    743.7917    43832                  x171_50 U    941    939      6
    955   929      751.1667   169                    743.7917    44566                 x118_199 U    955    953     15
    968   942      754.5833   164                    743.7917    44972                  x10_111 U    968    966     22
    979   953      759.3333   130                    743.7917    45165                  x124_31 N    979    977     29
   1020   994      759.1667   261                    744.1440    47389                 x165_170 U   1020   1018     14
Elapsed time = 89.93 sec. (109737.12 ticks, tree = 34.12 MB, solutions = 0)
   1070  1044      777.2917   247                    744.1440    49356                  x157_88 N   1070   1069     51
   1111  1085      783.0000    74                    744.1440    51886                  x170_24 D   1111   1109     83
   1137  1111      797.2500   128                    744.1440    53204                  x63_181 N   1137   1135    104
   1182  1156      791.7333    97                    744.1440    54461                 x133_192 N   1182   1181    139
   1224  1194      762.0152   335                    744.1667    56089                  x45_134 U   1224   1223     26
   1287  1257      795.6786   156                    744.1667    57841                  x112_22 N   1287   1286     89
   1365  1335      819.1000   118                    744.1667    59315                  x168_58 N   1365   1364    167
   1405  1371      756.5985   374                    744.1667    61304                  x45_165 N   1405   1403     15
   1444  1410      769.9500   244                    744.1667    63057                   x28_14 N   1444   1442     39
   1485  1451      787.6667   230                    744.1667    64974                  x88_179 N   1485   1483     65
Elapsed time = 128.79 sec. (149299.85 ticks, tree = 50.07 MB, solutions = 0)
   1524  1490      796.0000   200                    744.1667    66285                  x44_171 D   1524   1523     92
   1552  1518      801.2778   246                    744.1667    67714                 x138_116 D   1552   1550    112
   1579  1545      809.1750   167                    744.1667    69089                   x53_54 U   1579   1577    132
   1600  1566      811.4167   189                    744.1667    69885                    x33_3 D   1600   1598    146
   1670  1636      770.6852   238                    744.1750    72379                   x46_37 N   1670   1669     73
   1735  1701      780.0833    55                    744.1750    74186                  x75_192 D   1735   1734    138
   1784  1750      793.5000    80                    744.1750    75855                  x143_97 N   1784   1783    187
   1823  1789      754.5133   370                    745.0833    79238                  x88_179 N   1823   1821     18
   1865  1831      768.0000   190                    745.0833    81486                   x41_58 N   1865   1862     42
   1889  1855      773.0000    61                    745.0833    83159                 x172_133 N   1889   1888     58
Elapsed time = 165.50 sec. (188086.37 ticks, tree = 59.23 MB, solutions = 0)
   1928  1894      788.2750   146                    745.0833    84563                  x156_73 N   1928   1926     89
   1960  1926      795.5000    82                    745.0833    86070                 x188_107 D   1960   1959    113
   2002  1968      747.5000   360                    745.2500    88229                 x156_165 D   2002    934      3
   2079  2045      769.5000    67                    745.2500    90458                 x168_112 U   2079   2078     80
   2125  2091      786.5714    71                    745.2500    92242                   x73_45 N   2125   2124    126
   2156  2122      807.5000    44                    745.2500    93619                 x103_156 N   2156   2155    157
   2204  2170      749.2778   352                    745.6250    95264                  x100_28 D   2204   2203      5
   2229  2195      765.0217   323                    745.6250    98722                 x101_154 D   2229   2227     20
   2254  2220      780.0521   300                    745.6250   101470                  x165_62 N   2254   2252     35
   2300  2266      788.0000   122                    745.6250   102991                   x3_133 N   2300   2299     68
Elapsed time = 200.23 sec. (226861.49 ticks, tree = 74.06 MB, solutions = 0)
   2351  2317      801.7500    78                    745.6250   104666                 x103_181 N   2351   2349    108
   2411  2375      753.7917   372                    745.7917   106281                    x7_64 D   2411   2410     15
   2487  2451      778.1422   328                    745.7917   109214                  x157_49 D   2487   2486     91
   2555  2515      749.0500   205                    746.0000   111410                  x100_28 D   2555   2554      6
   2586  2546      778.3571   181                    746.0000   114004                 x112_179 N   2586   2583     24
   2626  2586      783.8333    63                    746.0000   115668                  x133_75 D   2626   2624     49
   2660  2620      790.4667   121                    746.0000   117043                   x12_21 N   2660   2659     72
   2687  2647      793.2222   105                    746.0000   118274                    x5_64 N   2687   2685     92
   2703  2663      805.1333    88                    746.0000   120033                  x28_178 U   2703   2701    103
   2721  2681      812.1228   126                    746.0000   120558                 x100_145 N   2721   2719    119
Elapsed time = 236.48 sec. (266051.35 ticks, tree = 90.64 MB, solutions = 0)
   2752  2712      805.8693   157                    746.0000   121230                   x46_11 N   2752   2749    145
   2787  2747      815.0333    86                    746.0000   122596                  x28_100 U   2787   2786    174
   2800  2760      811.6333   147                    746.0000   122986                  x130_48 D   2800   2798    183
   2832  2792      763.9500   137                    746.1250   125082                 x199_118 U   2832   2831     23
   2853  2813      776.3385   290                    746.1250   126798                   x12_93 N   2853   2852     37
   2890  2850      796.7500   126                    746.1250   128389                 x154_179 U   2890   2888     65
   2923  2883      797.8750   122                    746.1250   130305                    x8_96 N   2923   2921     89
   2970  2930      817.4519   111                    746.1250   131121                 x193_121 U   2970   2969    129
   3006  2962      766.5287   384                    746.2500   133655                 x179_156 D   3006   3004     16
   3037  2993      778.3958   291                    746.2500   136055                  x41_107 D   3037   3035     36
Elapsed time = 268.43 sec. (306388.68 ticks, tree = 110.99 MB, solutions = 0)
   3081  3037      795.1500   178                    746.2500   138369                 x154_112 N   3081   3078     69
   3102  3058      806.6667   143                    746.2500   140439                  x172_58 N   3102   3100     83
   3134  3090      831.1611   185                    746.2500   141878                  x168_22 N   3134   3132    108
   3173  3129      823.5463   113                    746.2500   143787                  x72_192 D   3173   3171    138
   3197  3149      872.5833    84                    746.2500   145167                    x46_3 N   3197   3195    158
   3235  3187      770.1372   255                    746.2500   146653                 x154_162 N   3235   3234     40
   3285  3235      800.5000   129                    746.2500   148343                 x191_193 D   3285   3283     89
   3312  3254      752.8750   199                    746.2500   150570                   x16_11 U   3312   3311     14
   3346  3288      764.9500   207                    746.2500   152832                 x154_101 N   3346   3343     36
   3385  3327      777.0000    66                    746.2500   154565                  x91_174 D   3385   3383     63
Elapsed time = 301.39 sec. (346118.65 ticks, tree = 125.15 MB, solutions = 0)
   3420  3362      780.3514   111                    746.2500   155321                  x162_22 N   3420   3419     92
   3458  3400      787.0000    41                    746.2500   156135                 x189_181 N   3458   3457    125
   3502  3444      791.0000    40                    746.2500   156944                    x52_2 U   3502   3501    164
   3540  3482      796.1707    55                    746.2500   158327                    x22_8 D   3540   3539    198
   3575  3517      798.0800    48                    746.2500   159256                   x57_19 U   3575   3574    232
   3597  3539      798.7188    69                    746.2500   160157                   x95_37 D   3597   3595    252
   3672  3614      779.7714   140                    746.5833   161697                   x21_54 D   3672   3671     75
   3730  3672      788.2500    98                    746.5833   162728                   x49_41 U   3730   3729    133
   3788  3730      799.9750    70                    746.5833   163568                  x169_78 U   3788   3787    191
   3832  3774      763.8901   185                    746.6667   165244                  x59_162 N   3832   3831     25
Elapsed time = 334.51 sec. (385256.99 ticks, tree = 156.23 MB, solutions = 0)
   3876  3818      789.8286   186                    746.6667   166417                   x154_8 N   3876   3874     57
   3916  3858      789.1111   145                    746.6667   167215                  x103_37 D   3916   3915     86
   3943  3885      797.6869   287                    746.6667   168085                 x199_100 D   3943   3941    102
   3961  3903      818.2421   176                    746.6667   169178                   x66_99 N   3961   3959    113
   3978  3918      815.8511   186                    746.6667   169998                  x175_71 N   3978   3976    124
   3998  3938      836.0214   169                    746.6667   170588                  x199_48 N   3998   3996    139
   4017  3957      761.4722   203                    746.6667   171925                  x189_30 U   4017   4016     23
   4070  4010      783.7917   304                    746.6667   174718                  x181_45 N   4070   4069     76
   4120  4060      796.6224   285                    746.6667   176519                  x103_37 D   4120   4119    126
   4150  4090      808.1833   151                    746.6667   177453                  x28_178 N   4150   4149    156
Elapsed time = 367.44 sec. (425588.43 ticks, tree = 176.74 MB, solutions = 0)
   4189  4125      748.3875   291                    746.7292   179341                  x28_100 D   4189   4188      9
   4216  4152      765.9167   197                    746.7292   181885                 x192_152 N   4216   4213     25
   4240  4176      780.5714   168                    746.7292   183216                  x96_157 N   4240   4239     42
   4266  4202      785.5000   156                    746.7292   184788                   x3_112 N   4266   4263     60
   4280  4216      788.2500   145                    746.7292   186102                  x78_169 N   4280   4277     69
   4309  4245      797.7167   202                    746.7292   187367                  x72_192 N   4309   4308     91
   4346  4282      796.9875   117                    746.7292   188549                  x129_14 N   4346   4344    119
   4383  4319      800.4306   148                    746.7292   189444                  x152_57 N   4383   4381    148
   4402  4338      748.3917   259                    746.8385   190035                 x110_120 D   4402    936      4
   4449  4385      768.7500   121                    746.8385   192697                   x24_59 D   4449   4448     51
Elapsed time = 398.91 sec. (464734.29 ticks, tree = 191.74 MB, solutions = 0)
   4507  4443      793.5100   195                    746.8385   194791                   x73_33 N   4507   4506    109
   4572  4508      801.0673    92                    746.8385   195756                  x55_181 N   4572   4571    174
   4616  4552      759.3675   331                    746.8594   197346                  x45_134 N   4616   4615     13
   4644  4580      788.3769   291                    746.8594   199559                 x179_165 N   4644   4641     29
   4665  4601      786.1500   271                    746.8594   202100                  x172_41 N   4665   4662     41
   4683  4619      795.7750   276                    746.8594   204637                   x96_41 D   4683   4682     53
   4706  4642      805.2500   242                    746.8594   206565                  x118_39 N   4706   4703     68
   4740  4676      811.2917   183                    746.8594   207966                  x28_199 N   4740   4739     94
   4775  4711      817.6111   183                    746.8594   209175                  x133_75 N   4775   4773    119
   4800  4736      825.4444   147                    746.8594   210314                   x33_45 D   4800   4799    134
Elapsed time = 437.28 sec. (507428.94 ticks, tree = 208.65 MB, solutions = 0)
   4824  4760      759.4335   369                    747.0417   212821                 x188_179 D   4824   4823     20
   4846  4782      771.0360   343                    747.0417   215251                   x93_54 U   4846   4844     36
   4860  4796      783.5833   224                    747.0417   217785                 x107_188 D   4860   4859     44
   4884  4820      790.5083   363                    747.0417   219765                    x5_64 U   4884   4882     60
   4910  4846      801.7375   327                    747.0417   221755                    x74_6 N   4910   4909     78
   4940  4876      811.9111   133                    747.0417   223987                    x3_73 U   4940   4937     98
   4959  4893      821.1111   112                    747.0417   226176                 x182_169 D   4959   4957    112
   4983  4917      824.0417   122                    747.0417   227693                  x97_142 N   4983   4982    131
   4990  4924      827.9583   137                    747.0417   229237                  x143_97 D   4990   4987    134
   5010  4944      752.2536   267                    747.0417   230380                 x100_146 U   5010   5007     14
Elapsed time = 468.45 sec. (546769.48 ticks, tree = 220.54 MB, solutions = 0)
   5030  4964      769.2625   361                    747.0417   232464                 x156_179 N   5030   5028     26
   5054  4988      774.7152   359                    747.0417   235183                  x58_156 N   5054   5053     42
   5073  5007      789.5179   306                    747.0417   238091                  x41_107 N   5073   5071     52
   5090  5024      788.8152   308                    747.0417   240348                  x88_179 U   5090   5088     62
   5110  5044      789.4422   303                    747.0417   242146                 x188_162 N   5110   5108     74
   5132  5066      798.0917   268                    747.0417   244300                 x179_101 N   5132   5129     89
   5154  5088      806.0682   288                    747.0417   245799                    x8_22 N   5154   5152    104
   5178  5112      821.0310   296                    747.0417   247827                  x46_101 N   5178   5176    121
   5203  5137      752.7917   277                    747.1250   249335                 x156_165 N   5203   5202      7
   5237  5171      773.7615   303                    747.1250   252208                  x143_97 N   5237   5236     41
Elapsed time = 502.15 sec. (587329.10 ticks, tree = 240.18 MB, solutions = 0)
   5295  5229      817.5083   392                    747.1250   254727                 x193_163 N   5295   5294     99
   5335  5267      883.9667   268                    747.1250   255923                 x197_157 D   5335   5334    138
   5343  5273    infeasible                          747.1250   257866                 x172_188 N   5343   5342    146
   5364  5292      760.3148   197                    747.1458   260253                 x179_156 U   5364   5363     18
   5389  5317      772.0701   218                    747.1458   262567                 x103_181 N   5389   5388     35
   5403  5331      778.3034   135                    747.1458   264059                  x87_189 N   5403   5401     43
   5440  5368      780.6111   112                    747.1458   265084                 x179_112 D   5440   5438     72
   5455  5383      788.1111   116                    747.1458   265921                  x111_10 U   5455   5454     82
   5484  5412      795.9722    70                    747.1458   266716                    x1_25 D   5484   5483    107
   5514  5442      799.0000   133                    747.1458   267556                  x116_31 D   5514   5513    134
Elapsed time = 532.87 sec. (626788.77 ticks, tree = 253.58 MB, solutions = 0)
   5531  5457      800.9821   113                    747.1458   269060                  x55_135 N   5531   5529    147
   5552  5478      803.8173   118                    747.1458   269955                   x74_58 N   5552   5551    164
   5577  5501      816.6250   110                    747.1458   270596                  x155_73 N   5577   5575    184
   5603  5527      756.3509   377                    747.1474   271349                 x156_165 U   5603   5602     11
   5628  5552      773.8750   188                    747.1474   274523                   x16_11 U   5628   5627     36
   5674  5598      782.2873   251                    747.1474   277137                 x188_101 U   5674   5673     82
   5716  5640      813.1560   320                    747.1474   278450                    x41_6 N   5716   5715    124
   5747  5667      769.0000   125                    747.2500   280936                  x53_129 D   5747   5745     24
   5776  5696      772.7778    81                    747.2500   281855                  x87_135 U   5776   5775     45
   5811  5731      777.4375    84                    747.2500   283004                   x73_58 U   5811   5809     72
Elapsed time = 563.29 sec. (666048.82 ticks, tree = 281.98 MB, solutions = 0)
   5850  5770      781.1250    76                    747.2500   283866                 x103_155 N   5850   5849    104
   5869  5789      791.7016    68                    747.2500   285140                  x87_168 D   5869   5868    122
   5896  5814      799.3333    37                    747.2500   286609                  x62_170 U   5896   5895    145
   5922  5840      802.1667    32                    747.2500   287362                  x143_97 U   5922   5920    166
   5953  5871      817.6667    32                    747.2500   288231                   x78_41 N   5953   5951    192
   5965  5883      810.1125   204                    747.2500   289799                  x28_118 U   5965   5963    201
   5986  5904      807.6389   136                    747.2500   290627                   x19_71 D   5986   5985    220
   6000  5916      828.5000    68                    747.2500   293746                   x49_41 N   6000   5999    232
   6028  5944      770.7943   343                    747.3125   296004                    x7_64 D   6028   6027     30
   6096  6008      751.5417   272                    747.5000   298253                  x100_28 D   6096    473     10
Elapsed time = 594.34 sec. (706022.07 ticks, tree = 298.31 MB, solutions = 0)
   6110  6022      767.6583   276                    747.5000   300934                  x157_95 U   6110   6109     19
   6129  6041      777.5333   256                    747.5000   303178                  x189_46 U   6129   6127     29
   6152  6064      783.8750   147                    747.5000   304737                 x188_179 N   6152   6151     43
   6172  6084      796.6250   151                    747.5000   306475                  x30_189 N   6172   6171     58
   6193  6105      802.4924   245                    747.5000   307670                   x58_88 N   6193   6191     70
   6207  6119      806.8853   220                    747.5000   309300                 x112_154 U   6207   6205     79
   6229  6141      812.5667   155                    747.5000   310533                   x73_49 N   6229   6227     94
   6240  6150      811.8394   164                    747.5000   311683                   x46_87 N   6240   6238    101
   6249  6159      832.6576   188                    747.5000   313007                   x8_112 N   6249   6247    107
   6258  6168      813.2161   225                    747.5000   314251                   x46_73 D   6258   6256    113
Elapsed time = 625.01 sec. (746438.44 ticks, tree = 307.20 MB, solutions = 0)
   6274  6184      825.8167   159                    747.5000   315738                   x74_58 N   6274   6272    126
   6299  6209      816.3125   127                    747.5000   317355                  x146_99 U   6299   6298    148
   6317  6227      820.9554   131                    747.5000   317803                     x7_5 N   6317   6316    161
   6334  6244      825.8125   131                    747.5000   318803                  x93_158 N   6334   6332    173
   6351  6261      833.1458   128                    747.5000   319617                   x12_28 D   6351   6349    184
   6378  6286    infeasible                          747.5000   320557                   x172_3 N   6378   6376    204
   6401  6309      843.9028   117                    747.5000   321686                  x30_188 D   6401   6400    224
   6427  6335      766.9286   177                    747.5000   324362                   x96_24 D   6427   6426     32
   6480  6388      778.8333   136                    747.5000   326542                  x105_96 D   6480   6479     85
   6514  6422      789.9444   125                    747.5000   327580                   x142_6 N   6514   6513    119
Elapsed time = 653.45 sec. (786274.43 ticks, tree = 335.70 MB, solutions = 0)
   6582  6490      800.5380   128                    747.5000   328575                 x162_107 N   6582   6581    187
   6620  6528      761.1137   326                    747.5500   330271                    x95_8 D   6620   6618     16
   6645  6553      776.5000   134                    747.5500   331520                  x53_129 U   6645   6643     31
   6680  6588      789.2500   207                    747.5500   332513                   x33_46 U   6680   6678     53
   6702  6610      799.6250   199                    747.5500   334017                   x23_79 N   6702   6700     67
   6724  6632      806.4861   216                    747.5500   334965                  x58_192 N   6724   6721     79
   6738  6646      805.1444   242                    747.5500   336081                    x3_73 N   6738   6735     88
   6749  6657      807.7278   304                    747.5500   337276                   x75_73 N   6749   6747     95
   6770  6678      811.9236   269                    747.5500   338152                    x49_6 D   6770   6769    111
   6808  6716      755.0795   407                    747.5937   339207                  x165_62 D   6808   6806     10
Elapsed time = 688.69 sec. (826915.90 ticks, tree = 368.09 MB, solutions = 0)
   6832  6740      771.3007   325                    747.5937   341090                    x7_64 U   6832   6830     23
   6848  6756      774.3409   321                    747.5937   343013                  x52_181 N   6848   6846     32
   6877  6785      781.1640   275                    747.5937   344232                  x199_39 U   6877   6875     51
   6893  6801      790.2057   203                    747.5937   345618                  x192_75 N   6893   6891     60
   6911  6819      791.8810   218                    747.5937   346842                    x3_73 N   6911   6909     71
   6926  6832      796.4250   241                    747.5937   347355                  x111_10 N   6926   6924     79
   6948  6854      802.1333   234                    747.5937   348003                 x118_199 U   6948   6947     95
   6965  6871      805.2219   241                    747.5937   348426                   x46_87 N   6965   6963    107
   6976  6882      808.3266   252                    747.5937   348703                 x171_111 N   6976   6975    115
   6992  6898      811.4250   218                    747.5937   349029                   x12_54 N   6992   6991    130
Elapsed time = 720.49 sec. (867553.23 ticks, tree = 382.92 MB, solutions = 0)
   7017  6923      755.2865   387                    747.6667   350335                 x105_157 D   7017   7015     17
   7042  6948      766.5833   192                    747.6667   351760                  x100_39 U   7042   7040     34
   7066  6972      777.0000   118                    747.6667   353681                    x6_41 U   7066   7064     48
   7087  6993      778.0000    48                    747.6667   354715                  x133_58 D   7087   7085     63
   7105  7011      786.2500    34                    747.6667   356435                  x181_46 N   7105   7103     75
   7129  7035      786.3333    41                    747.6667   357133                   x87_46 N   7129   7127     93
   7164  7070      789.7949   120                    747.6667   358086                  x30_189 N   7164   7163    125
   7200  7104      790.6667    42                    747.6667   358815                 x134_133 N   7200   7199    157
   7260  7164      767.9088   186                    747.6667   360115                   x58_41 U   7260   7259     66
   7320  7224      775.3750    60                    747.6667   360989                  x72_192 U   7320   7319    126
Elapsed time = 754.28 sec. (908094.27 ticks, tree = 432.02 MB, solutions = 0)
   7374  7278      779.8125    79                    747.6667   361597                  x105_95 U   7374   7373    180
   7406  7310      761.5417   323                    747.6667   362384                 x179_165 U   7406   7404     10
   7425  7329      778.6429   356                    747.6667   364088                   x62_98 N   7425   7423     21
   7444  7348      786.0000   173                    747.6667   365961                 x172_133 N   7444   7442     34
   7457  7361      790.5773   198                    747.6667   367047                   x33_46 N   7457   7456     43
   7471  7373      792.0000   109                    747.6667   368158                   x73_58 N   7471   7470     54
   7490  7392      794.7308   258                    747.6667   369643                   x46_33 D   7490   7488     67
   7508  7410      799.5000   129                    747.6667   371135                   x33_55 N   7508   7506     79
   7530  7432      802.0000    94                    747.6667   372865                    x8_75 N   7530   7528     97
   7547  7449      815.0556    84                    747.6667   375172                   x8_162 N   7547   7545    110
Elapsed time = 787.51 sec. (949186.66 ticks, tree = 463.71 MB, solutions = 0)
   7563  7463      802.0417    88                    747.6667   376207                   x8_197 N   7563   7561    122
   7579  7479      804.2500    62                    747.6667   376874                   x75_87 D   7579   7577    135
   7600  7500      807.5000    60                    747.6667   377699                  x30_155 D   7600   7598    154
   7626  7526      767.3515   383                    747.7500   379718                 x112_156 D   7626   7625     31
   7667  7567      785.3067   383                    747.7500   382248                  x179_59 D   7667   7666     72
   7702  7602      800.9231   166                    747.7500   384455                 x157_179 N   7702   7701    107
   7755  7655      812.9841   168                    747.7500   385788                  x72_192 N   7755   7754    160
   7802  7702      750.8750   252                    747.8155   386715                  x100_28 U   7802   2003      5
   7828  7728      766.8455   348                    747.8155   388090                   x88_41 N   7828   7826     22
   7855  7755      782.2500   188                    747.8155   388928                 x101_154 N   7855   7853     39
Elapsed time = 822.29 sec. (991806.06 ticks, tree = 512.77 MB, solutions = 0)
   7873  7773      793.3250   325                    747.8155   390361                  x172_58 D   7873   7872     51
   7908  7808      819.4444    90                    747.8155   391593                  x197_22 N   7908   7906     76
   7937  7837      807.8611    99                    747.8155   393677                  x87_197 U   7937   7935    100
   7970  7870      815.1111    89                    747.8155   395369                 x168_112 N   7970   7968    127
   7999  7899      830.6875    87                    747.8155   397178                  x197_45 N   7999   7997    152
   8010  7908      754.9715   362                    748.1036   399413                  x45_134 U   8010   8009     14
   8051  7949      769.8833   338                    748.1036   401542                   x71_29 U   8051   8050     55
   8104  8002      781.6000   135                    748.1036   403114                    x3_33 N   8104   8103    108
   8154  8052      793.9683   109                    748.1036   404393                    x3_73 D   8154   8153    158
   8210  8108      754.6005   377                    748.1667   405490                  x135_16 N   8210   8209     13
Elapsed time = 855.13 sec. (1032163.65 ticks, tree = 567.99 MB, solutions = 0)
   8239  8137      767.4375   273                    748.1667   406607                   x16_11 U   8239   8238     30
   8280  8178      780.0833   193                    748.1667   407580                 x172_156 U   8280   8279     60
   8305  8203      797.0833   174                    748.1667   409624                    x49_8 N   8305   8303     78
   8325  8223      792.3235   205                    748.1667   410177                  x132_74 D   8325   8323     92
   8348  8246      795.4048   154                    748.1667   411263                 x147_158 D   8348   8346    107
   8373  8271      804.7778   257                    748.1667   412707                   x37_46 N   8373   8371    124
   8394  8292      812.3333   177                    748.1667   413787                  x46_181 N   8394   8392    139
   8410  8308      757.8936   344                    748.1667   415789                   x28_39 D   8410   8409     16
   8470  8368      773.0042   324                    748.1667   417891                    x41_6 D   8470   8469     76
   8540  8438      792.1111   105                    748.1667   419378                  x169_95 N   8540   8539    146
Elapsed time = 889.63 sec. (1072147.29 ticks, tree = 618.46 MB, solutions = 0)
   8574  8472      802.8758   124                    748.1667   420375                  x182_41 N   8574   8573    180
   8621  8519      758.2714   158                    748.1667   421569                 x179_156 U   8621   8620     18
   8656  8554      769.6515   244                    748.1667   422563                 x198_184 U   8656   8654     43
   8676  8574      775.1144   252                    748.1667   423575                  x124_31 U   8676   8675     57
   8695  8593      782.1111   112                    748.1667   425084                    x59_8 U   8695   8693     67
   8707  8605      786.3611    87                    748.1667   426751                   x33_87 N   8707   8704     75
   8730  8628      789.6111    76                    748.1667   427693                  x30_133 N   8730   8728     96
   8738  8636      792.0551   193                    748.1667   429390                  x157_49 N   8738   8736    101
   8762  8660      792.5111   137                    748.1667   430530                  x59_162 D   8762   8761    122
   8789  8685      793.0534   108                    748.1667   431255                 x192_180 N   8789   8787    146
Elapsed time = 920.65 sec. (1111898.09 ticks, tree = 660.87 MB, solutions = 0)
   8812  8708      756.5286   221                    748.2500   432100                  x30_155 U   8812   8810     15
   8846  8742      769.6458   246                    748.2500   433242                  x11_112 U   8846   8844     39
   8866  8762      768.5833   125                    748.2500   434328                   x30_11 N   8866   8864     52
   8885  8781      774.9689   282                    748.2500   435440                 x161_110 U   8885   8883     62
   8906  8802      776.7222   101                    748.2500   437256                    x73_3 U   8906   8904     78
   8925  8821      780.1667    67                    748.2500   438794                  x87_135 D   8925   8923     93
   8955  8851      784.5000    60                    748.2500   439644                   x93_54 D   8955   8953    117
   8978  8874      790.5000    54                    748.2500   440146                   x54_92 N   8978   8976    136
   8997  8893      785.4737   102                    748.2500   440413                  x178_44 D   8997   8996    153
   9016  8912      761.1667   140                    748.2500   443674                  x11_101 N   9016   9014     16
Elapsed time = 953.12 sec. (1153962.90 ticks, tree = 693.99 MB, solutions = 0)
   9038  8934      771.6667   127                    748.2500   444609                    x8_59 D   9038   9037     30
   9056  8952      793.3333   137                    748.2500   446032                 x163_191 N   9056   9054     43
   9071  8967      817.6282   297                    748.2500   447543                  x96_107 N   9071   9069     54
   9090  8986      830.2083   273                    748.2500   449088                  x45_107 N   9090   9088     67
   9107  9003      834.6667   128                    748.2500   450925                 x107_154 U   9107   9105     77
   9130  9026      832.6875   167                    748.2500   451832                  x98_185 D   9130   9129     98
   9146  9042      865.0000   103                    748.2500   452079                 x170_107 N   9146   9144    110
   9167  9063      867.5000    86                    748.2500   452824                  x143_97 U   9167   9165    127
   9176  9072      869.5000   123                    748.2500   453454                   x43_65 D   9176   9174    132
   9191  9087      874.8333   128                    748.2500   454339                  x78_169 U   9191   9190    142
Elapsed time = 984.70 sec. (1194067.09 ticks, tree = 715.57 MB, solutions = 0)
   9205  9101      751.6039   408                    748.2857   455247                  x100_28 D   9205   9204      9
   9236  9132      766.9583   342                    748.2857   456940                  x112_24 N   9236   9235     40
   9280  9176      785.1458   209                    748.2857   459232                  x72_192 U   9280   9279     84
   9315  9211      797.1056   259                    748.2857   460567                  x96_157 N   9315   9314    119
   9362  9258      805.7656   162                    748.2857   461615                 x165_197 D   9362   9361    166
   9393  9289      809.1937   169                    748.2857   462296                  x138_26 D   9393   9392    197
   9416  9312      762.8333   395                    748.2917   463864                  x11_112 U   9416   9414     18
   9433  9329      772.8333   107                    748.2917   465881                  x129_50 N   9433   9431     27
   9469  9365      797.4286   125                    748.2917   466552                  x59_101 N   9469   9467     56
   9485  9375      806.2000   147                    748.2917   467738                  x22_172 D   9485   9483     68
Elapsed time = 1017.89 sec. (1233833.51 ticks, tree = 731.88 MB, solutions = 0)
   9505  9393    infeasible                          748.2917   469546                  x45_107 N   9505   9503     81
   9523  9411      882.0000   111                    748.2917   469837                  x189_46 D   9523   9522     94
   9546  9430      749.9306   275                    748.3333   470760                  x62_170 U   9546   9545      7
   9600  9484      768.8419   326                    748.3333   472080                  x95_162 D   9600   9599     61
   9625  9507      788.6667   230                    748.3333   473602                  x107_59 D   9625   9624     85
   9635  9513      753.4325   248                    748.3333   475667                   x16_11 U   9635   9632     15
   9656  9534      761.9020   345                    748.3333   477125                 x172_165 N   9656   9654     27
   9681  9559      773.2778   262                    748.3333   478514                   x12_54 D   9681   9678     43
   9698  9576      790.0972   196                    748.3333   479814                  x107_59 N   9698   9696     54
   9712  9590      794.5493   311                    748.3333   481823                 x188_179 N   9712   9711     67
Elapsed time = 1050.63 sec. (1275207.00 ticks, tree = 750.29 MB, solutions = 0)
   9730  9606      814.5162   330                    748.3333   483778                 x197_179 D   9730   9729     80
   9763  9639      839.1528   277                    748.3333   485286                   x88_58 N   9763   9762    105
   9789  9657      752.2083   257                    748.4333   486679                  x165_62 U   9789   9788     11
   9827  9695      765.2606   257                    748.4333   488874                  x188_22 D   9827   9826     49
   9862  9730      791.4697   242                    748.4333   491646                    x8_22 D   9862   9861     84
   9878  9744    infeasible                          748.4333   494217                 x185_163 N   9878   9877    100
   9897  9761      860.3333   208                    748.4333   495721                  x95_107 N   9897   9896    117
   9939  9801      877.5000   177                    748.4333   497300                   x39_28 U   9939   9938    158
  10012  9874      896.4722   202                    748.4333   498531                  x193_51 N  10012  10011    231
  10041  9902      946.8333   167                    748.4333   498920                 x163_177 N  10041  10040    260
Elapsed time = 1084.08 sec. (1316531.91 ticks, tree = 800.76 MB, solutions = 0)
  10065  9922      968.0333   182                    748.4333   499096                   x5_146 N  10065  10064    282
  10117  9974      991.1000   165                    748.4333   499851                 x175_150 N  10117  10116    334
  10147 10000      754.9583   291                    748.4750   500785                  x162_22 D  10147  10145     13
  10175 10028      767.6667   349                    748.4750   501399                    x24_8 N  10175  10173     31
  10192 10045      781.9333   258                    748.4750   502123                   x112_8 U  10192  10189     40
  10220 10073      796.3333   106                    748.4750   502933                 x120_110 U  10220  10218     56
  10246 10099      802.3810   130                    748.4750   503521                 x198_184 U  10246  10243     72
  10268 10121      808.5500   174                    748.4750   504110                    x5_66 N  10268  10266     86
  10293 10146      812.5500   111                    748.4750   504523                   x7_145 D  10293  10292    104
  10319 10172      817.5000    81                    748.4750   505035                   x4_161 D  10319  10317    126
Elapsed time = 1117.80 sec. (1355913.17 ticks, tree = 851.26 MB, solutions = 0)
  10342 10195      820.5000    56                    748.4750   505839                  x87_168 U  10342  10340    146
  10361 10214      828.9785   207                    748.4750   506648                  x75_168 N  10361  10358    163
  10387 10240      827.7917   147                    748.4750   507335                  x175_71 U  10387  10384    183
  10400 10253      826.1023   168                    748.4750   507742                  x96_152 D  10400  10399    195
  10424 10277      764.0625   277                    748.5000   509522                  x107_22 D  10424  10423     32
  10476 10329      787.4722   233                    748.5000   511696                   x8_162 N  10476  10475     84
  10536 10389      801.5000   178                    748.5000   513282                  x129_31 D  10536  10535    144
  10575 10424    infeasible                          748.5000   514971                  x156_22 N  10575  10574    182
  10600 10447      760.6667   166                    748.5000   516782                 x179_156 N  10600  10598     21
  10627 10474      771.4000   185                    748.5000   518113                 x112_154 D  10627  10625     42
Elapsed time = 1149.44 sec. (1396482.21 ticks, tree = 867.67 MB, solutions = 0)
  10643 10490      788.5357   314                    748.5000   520126                    x8_59 N  10643  10641     53
  10689 10533      864.4000   182                    748.5000   521741                   x30_46 U  10689  10686     93
  10712 10550      760.1875   312                    748.5156   523040                   x88_49 U  10712  10710      9
  10727 10565      768.6500   301                    748.5156   524941                 x154_112 U  10727  10725     19
  10742 10580      778.2500   344                    748.5156   526903                   x162_8 U  10742  10740     28
  10769 10607      790.8599   314                    748.5156   528691                   x8_179 U  10769  10768     51
  10780 10618      810.6250   310                    748.5156   531639                    x8_24 N  10780  10778     59
  10790 10628      840.6051   329                    748.5156   533089                  x170_24 D  10790  10788     66
  10807 10643      889.3462   343                    748.5156   534131                  x24_185 N  10807  10805     80
  10830 10660      763.0729   359                    748.5417   536355                 x154_112 N  10830  10828     23
Elapsed time = 1182.31 sec. (1437794.13 ticks, tree = 895.78 MB, solutions = 0)
  10847 10677      773.3509   356                    748.5417   538315                  x155_30 U  10847  10844     32
  10860 10690      779.3375   348                    748.5417   539964                   x188_8 U  10860  10858     39
  10876 10706      790.3333   277                    748.5417   542359                  x22_154 N  10876  10875     49
  10893 10723      794.4333   316                    748.5417   543576                  x179_59 U  10893  10891     62
  10905 10735      797.4583   321                    748.5417   544747                  x58_156 U  10905  10903     70
  10918 10748      807.8490   380                    748.5417   546718                  x52_181 U  10918  10915     78
  10935 10765      820.0389   312                    748.5417   548508                  x172_58 N  10935  10932     89
  10967 10797      812.8775   288                    748.5417   549818                  x63_181 D  10967  10965    111
  10981 10811      816.8464   328                    748.5417   550919                  x132_74 D  10981  10980    120
  11007 10837      830.4846   311                    748.5417   551949                    x2_33 N  11007  11005    140
Elapsed time = 1217.91 sec. (1479436.34 ticks, tree = 922.38 MB, solutions = 0)
  11029 10859      830.8544   313                    748.5417   552841                  x199_39 D  11029  11026    154
  11037 10867      835.2517   319                    748.5417   553957                  x186_39 N  11037  11034    158
  11046 10876      844.7818   289                    748.5417   555055                  x26_126 U  11046  11044    164
  11060 10890      854.3634   302                    748.5417   555878                   x59_55 N  11060  11057    172
  11081 10909      853.8194   302                    748.5417   557281                  x170_22 D  11081  11079    188
  11100 10928      858.2676   309                    748.5417   558055                 x136_185 D  11100  11098    203
  11116 10939      752.3394   380                    748.5500   559628                 x170_163 D  11116  11115     12
  11145 10968      764.3846   411                    748.5500   561731                 x179_101 D  11145  11144     41
  11186 11009      774.7703   402                    748.5500   563772                 x185_163 U  11186  11185     82
  11203 11026      791.1886   315                    748.5500   565028                   x157_8 N  11203  11202     99
Elapsed time = 1250.96 sec. (1519622.19 ticks, tree = 949.37 MB, solutions = 0)
  11227 11050      813.3333   282                    748.5500   567169                 x157_162 D  11227  11226    123
  11257 11080      821.0212   280                    748.5500   569026                  x192_41 D  11257  11256    153
  11304 11127      843.6042   264                    748.5500   570980                  x96_179 N  11304  11303    200
  11363 11186      854.0000   235                    748.5500   572542                   x11_46 U  11363  11362    259
  11409 11232      752.8056   268                    748.5694   574075                 x154_179 D  11409  11408     14
  11426 11249      762.6921   339                    748.5694   575997                   x88_41 D  11426  11425     24
  11437 11260      765.6768   378                    748.5694   577322                  x188_24 D  11437  11436     30
  11457 11280      774.0119   351                    748.5694   578647                 x152_172 U  11457  11456     43
  11470 11293      791.0952   249                    748.5694   581739                   x88_22 N  11470  11468     52
  11485 11308      810.8254   374                    748.5694   583391                  x24_112 N  11485  11483     63
Elapsed time = 1286.44 sec. (1560866.63 ticks, tree = 968.33 MB, solutions = 0)
  11500 11323      845.0104   199                    748.5694   584822                  x100_39 N  11500  11498     73
  11528 11351      844.6111    80                    748.5694   585997                  x189_30 D  11528  11526     91
  11563 11386      845.6429    57                    748.5694   586318                  x195_67 D  11563  11562    122
  11588 11411      846.3333    21                    748.5694   586429                   x25_20 D  11588  11586    143
  11600 11423      861.0000     0                    748.5694   586532                    x0_35 U  11600  11599    153
  11622 11445      761.5972   332                    748.5897   589263                 x154_101 N  11622  11621     26
  11649 11472      776.0000   342                    748.5897   591462                 x107_179 D  11649  11648     53
  11668 11491      789.6173   329                    748.5897   594248                  x59_162 D  11668  11667     72
  11718 11541      809.7656   326                    748.5897   596258                  x93_178 U  11718  11717    122
  11769 11592      820.7143   173                    748.5897   597380                   x12_92 D  11769  11768    173
Elapsed time = 1323.52 sec. (1608723.81 ticks, tree = 975.96 MB, solutions = 0)
  11806 11629      752.2917   118                    748.6250   598416                   x88_41 U  11806  11804     11
  11835 11658      768.5667   100                    748.6250   599294                  x59_101 D  11835  11833     29
  11860 11683      774.4444   107                    748.6250   600572                  x60_114 U  11860  11859     46
  11875 11698      786.9409   195                    748.6250   601931                   x49_88 N  11875  11874     56
  11886 11709      795.7183   150                    748.6250   603025                   x58_88 U  11886  11884     62
  11895 11718      795.4444   120                    748.6250   604108                  x96_132 D  11895  11893     68
  11907 11730      802.8889   107                    748.6250   605399                   x30_37 N  11907  11905     77
  11927 11750      797.8833   170                    748.6250   606453                  x169_18 U  11927  11926     93
  11946 11769      803.3333    75                    748.6250   607784                   x6_169 D  11946  11944    105
  11979 11802      809.7917    87                    748.6250   608290                  x58_142 N  11979  11978    134
Elapsed time = 1354.32 sec. (1648875.87 ticks, tree = 1000.11 MB, solutions = 0)
  11997 11820      811.6667    85                    748.6250   608724                   x55_18 D  11997  11996    150
  12035 11858      765.2887   346                    748.6250   609591                  x158_12 U  12035  12034     45
  12098 11921      778.9526   185                    748.6250   610545                  x171_50 U  12098  12097    108
  12160 11983      791.7524   140                    748.6250   611390                 x104_124 D  12160  12159    170
  12206 12029      754.0313   324                    748.7396   612836                   x49_41 U  12206  12204     15
  12224 12047      767.4833   199                    748.7396   614524                  x11_135 N  12224  12222     26
  12241 12064      782.4286   218                    748.7396   615827                   x22_59 N  12241  12238     36
  12263 12086      809.7411   257                    748.7396   616981                 x156_188 N  12263  12261     51
  12282 12099      755.5129   296                    748.7500   618276                   x88_49 D  12282    476     11
  12299 12116      768.4056   288                    748.7500   620558                  x88_179 D  12299  12298     28
Elapsed time = 1387.18 sec. (1688715.17 ticks, tree = 1024.69 MB, solutions = 0)
  12318 12135      780.0783   289                    748.7500   622929                  x179_59 D  12318  12317     47
  12346 12163      793.4437   261                    748.7500   625152                   x8_188 D  12346  12345     75
  12367 12184      803.2665   267                    748.7500   628352                 x172_133 N  12367  12366     96
  12400 12217      814.5618   264                    748.7500   630095                  x54_158 D  12400  12399    129
  12430 12247      829.6739   334                    748.7500   631329                  x170_24 N  12430  12429    159
  12464 12278    infeasible                          748.7500   633196                 x188_103 N  12464  12463    193
  12472 12286      763.8699   313                    748.7778   635331                 x156_179 N  12472  12471     16
  12481 12295      766.8056   268                    748.7778   636747                   x8_179 N  12481  12478     20
  12500 12314      775.5006   342                    748.7778   638504                  x104_10 U  12500  12497     32
  12510 12324      780.2243   322                    748.7778   639955                   x41_95 U  12510  12508     37
Elapsed time = 1420.91 sec. (1732168.29 ticks, tree = 1060.89 MB, solutions = 0)
  12523 12337      789.0686   240                    748.7778   641751                  x19_187 N  12523  12520     44
  12545 12359      797.7500   215                    748.7778   642967                   x12_54 U  12545  12542     58
  12558 12372      802.1667   168                    748.7778   643914                 x152_192 U  12558  12556     65
  12573 12387      804.0556   242                    748.7778   644768                  x75_156 N  12573  12570     74
  12593 12407      810.7000   233                    748.7778   645816                  x97_192 N  12593  12591     87
  12608 12422      809.5000   170                    748.7778   646679                   x75_73 D  12608  12606     97
  12628 12442      815.4000   214                    748.7778   647706                   x50_14 N  12628  12626    110
  12653 12467      816.6000   189                    748.7778   648437                   x19_57 N  12653  12651    127
  12671 12483    infeasible                          748.7778   649057                   x130_7 N  12671  12669    139
  12684 12496      826.2542   161                    748.7778   649922                    x41_3 N  12684  12682    149
Elapsed time = 1456.67 sec. (1776187.81 ticks, tree = 1073.32 MB, solutions = 0)
  12706 12518      823.3333   102                    748.7778   650824                  x97_142 U  12706  12704    166
  12719 12531      830.0000    83                    748.7778   651709                  x182_97 U  12719  12716    175
  12746 12558      832.3333   112                    748.7778   652783                 x142_152 D  12746  12744    200
  12762 12574      835.7500   121                    748.7778   653408                   x138_5 N  12762  12761    212
  12771 12583      844.3333   110                    748.7778   654008                    x31_7 U  12771  12769    219
  12780 12592      844.7738   114                    748.7778   654552                 x100_124 D  12780  12779    225
  12798 12608      850.1643   135                    748.7778   655795                  x152_88 N  12798  12797    241
  12814 12624      756.4978   351                    748.7917   657767                 x101_154 N  12814  12813     15
  12834 12644      770.3056   291                    748.7917   659359                 x112_154 D  12834  12832     28
  12852 12662      785.4167   369                    748.7917   660816                  x22_154 N  12852  12850     40
Elapsed time = 1487.90 sec. (1816204.45 ticks, tree = 1086.52 MB, solutions = 0)
  12864 12674      802.3137   390                    748.7917   663282                  x96_107 N  12864  12862     50
  12884 12694      786.1167   327                    748.7917   664827                 x152_172 D  12884  12882     65
  12898 12708      794.0000   293                    748.7917   666793                  x181_24 D  12898  12897     75
  12911 12719    infeasible                          748.7917   667889                 x172_188 N  12911  12908     84
  12925 12729      755.9833   306                    748.7917   668899                    x8_59 U  12925  12924     14
  12942 12746      766.0357   325                    748.7917   669977                  x96_107 D  12942  12940     24
  12957 12761      779.7500   279                    748.7917   671855                 x107_162 N  12957  12955     33
  12973 12777      812.6408   335                    748.7917   674300                  x59_162 N  12973  12971     46
  12978 12780      804.9500   336                    748.7917   675643                 x185_163 N  12978  12977     50
  12983 12781    infeasible                          748.7917   678446                 x121_107 N  12983  12981     53
Elapsed time = 1523.17 sec. (1860034.95 ticks, tree = 1102.56 MB, solutions = 0)
  13038 12836      770.5675   355                    748.8088   679557                 x162_172 D  13038  13037     61
  13094 12892      784.6667   123                    748.8088   680550                 x145_129 D  13094  13093    117
  13140 12938      792.8077   134                    748.8088   681542                  x60_114 U  13140  13139    163
  13184 12982      796.4732   192                    748.8088   682277                  x17_176 D  13184  13183    207
  13204 13002      797.5314   227                    748.8088   682526                  x36_124 D  13204  13203    227
  13230 13028      802.7826   188                    748.8088   682925                  x159_79 D  13230  13229    253
  13269 13067      810.5374   121                    748.8088   683431                  x132_33 N  13269  13268    292
  13325 13123      812.4231   110                    748.8088   684075                 x126_105 U  13325  13324    348
  13357 13155      816.8000   104                    748.8088   684721                   x132_3 N  13357  13356    380
  13376 13174      832.0231   144                    748.8088   685207                   x168_8 N  13376  13375    399
Elapsed time = 1556.16 sec. (1899905.21 ticks, tree = 1106.01 MB, solutions = 0)
  13395 13193      836.8500   149                    748.8088   685371                  x92_109 D  13395  13394    418
  13410 13208      754.6369   348                    748.8444   686652                  x88_179 D  13410  13408     16
  13430 13228      765.8063   340                    748.8444   688354                 x152_172 N  13430  13428     28
  13448 13246      770.9620   429                    748.8444   689700                  x24_112 D  13448  13446     42
  13460 13258      852.6615   428                    748.8444   691411                  x170_24 N  13460  13458     49
  13483 13277      945.0979   408                    748.8444   692172                  x24_200 U  13483  13481     66
  13503 13293      756.7167   305                    748.8750   693335                 x188_101 D  13503  13502     22
  13538 13328      772.8243   383                    748.8750   695119                 x156_101 N  13538  13537     57
  13560 13350      796.9167   240                    748.8750   696714                    x8_41 N  13560  13559     79
  13582 13370      881.2389   353                    748.8750   698548                  x156_22 N  13582  13580    100
Elapsed time = 1590.14 sec. (1939969.85 ticks, tree = 1145.11 MB, solutions = 0)
  13597 13381      757.5333   181                    748.8750   699796                  x39_100 D  13597  13596     17
  13618 13402      766.5947   362                    748.8750   700769                  x11_112 U  13618  13616     31
  13650 13434      779.5000   164                    748.8750   701391                  x37_135 D  13650  13648     55
  13679 13463      785.1667   128                    748.8750   702007                  x97_142 U  13679  13678     75
  13702 13486      792.2679   153                    748.8750   702410                   x39_66 N  13702  13700     91
  13718 13502      792.1250   143                    748.8750   702653                   x66_64 N  13718  13716    104
  13735 13517    infeasible                          748.8750   703065                  x39_147 N  13735  13732    116
  13750 13532      796.0500   112                    748.8750   703877                   x133_3 N  13750  13748    126
  13766 13548      798.0500   120                    748.8750   704924                  x11_181 D  13766  13765    140
  13775 13557      807.7167   178                    748.8750   706854                    x2_33 N  13775  13772    146
Elapsed time = 1621.75 sec. (1981430.69 ticks, tree = 1180.02 MB, solutions = 0)
  13790 13572      803.0500   111                    748.8750   707225                  x199_28 N  13790  13789    158
  13812 13594      806.1795   264                    748.8750   707986                  x134_33 N  13812  13810    174
  13832 13614      806.7000   126                    748.8750   709277                  x143_97 N  13832  13831    191
  13850 13632      807.6398   153                    748.8750   709657                   x87_75 D  13850  13849    205
  13872 13654      825.5000   104                    748.8750   710622                  x134_87 N  13872  13870    223
  13890 13672      809.2108   160                    748.8750   710894                  x132_33 D  13890  13889    240
  13915 13695      810.4250   121                    748.8750   712037                  x73_113 D  13915  13914    261
  13948 13728      833.0000    91                    748.8750   713148                   x113_3 N  13948  13946    291
  13969 13749      813.0556   109                    748.8750   713594                  x199_53 D  13969  13967    308
  13982 13762      846.5000   100                    748.8750   714823                 x180_197 N  13982  13979    316
Elapsed time = 1649.52 sec. (2023570.11 ticks, tree = 1229.49 MB, solutions = 0)
  13990 13770      816.3000    92                    748.8750   716087                   x96_49 U  13990  13989    323
  14000 13780      816.8214   144                    748.8750   717031                 x182_197 D  14000  13999    332
  14021 13801      763.6677   379                    748.8750   719069                   x58_59 D  14021  14020     26
  14053 13833      776.7334   358                    748.8750   721225                  x145_39 N  14053  14052     58
  14084 13864      786.2447   325                    748.8750   722716                  x135_87 N  14084  14083     89
  14120 13900      795.1861   140                    748.8750   723700                  x22_188 D  14120  14119    125
  14175 13955      803.2667   101                    748.8750   724368                 x195_161 D  14175  14174    180
  14208 13988      761.7187   353                    748.9167   725115                  x62_165 U  14208  14207     11
  14219 13999      769.3889   387                    748.9167   726816                  x22_188 U  14219  14216     17
  14231 14011      777.5536   366                    748.9167   728256                  x45_134 N  14231  14230     26
Elapsed time = 1680.98 sec. (2063132.30 ticks, tree = 1280.36 MB, solutions = 0)
  14243 14023      785.0000   312                    748.9167   729807                  x49_157 N  14243  14241     32
  14259 14039      791.2222   295                    748.9167   731089                    x64_7 D  14259  14256     42
  14271 14051      799.9375   236                    748.9167   731824                  x143_74 N  14271  14269     49
  14278 14058      798.7313   273                    748.9167   732726                   x75_73 N  14278  14277     53
  14290 14070      800.6889   159                    748.9167   733611                  x133_75 N  14290  14289     62
  14309 14089      804.6071   114                    748.9167   734749                   x87_41 N  14309  14307     76
  14332 14112      810.6000    89                    748.9167   735623                  x32_143 N  14332  14329     93
  14358 14138      815.6222   120                    748.9167   736790                  x168_73 N  14358  14356    116
  14363 14143      818.3400   107                    748.9167   738406                   x11_46 N  14363  14361    119
  14386 14166      823.7000   127                    748.9167   738979                  x59_101 U  14386  14384    138
Elapsed time = 1713.02 sec. (2104847.62 ticks, tree = 1302.98 MB, solutions = 0)
  14400 14180      826.0500   124                    748.9167   739293                  x155_37 D  14400  14399    148
  14422 14202      765.6709   397                    748.9250   740687                 x155_189 D  14422  14421     31
  14460 14240      777.0625   363                    748.9250   741787                   x88_58 N  14460  14459     69
  14490 14270      787.1465   354                    748.9250   742952                   x39_28 U  14490  14489     99
  14516 14296      797.7083   325                    748.9250   743733                   x75_33 N  14516  14515    125
  14569 14349      809.0902   272                    748.9250   744781                  x11_181 D  14569  14568    178
  14607 14387      751.4583   286                    748.9458   745350                 x152_172 D  14607  14605     11
  14629 14409      761.5303   354                    748.9458   746259                   x71_29 U  14629  14627     23
  14646 14426      769.9722   343                    748.9458   747836                  x135_87 N  14646  14645     33
  14664 14444      775.8250   187                    748.9458   748758                  x14_129 D  14664  14662     45
Elapsed time = 1749.73 sec. (2144550.95 ticks, tree = 1369.78 MB, solutions = 0)
  14677 14457      780.0000   136                    748.9458   749779                   x11_46 N  14677  14676     52
  14693 14473      782.6667   122                    748.9458   750970                   x97_74 U  14693  14692     64
  14701 14481      787.2304   303                    748.9458   752411                   x46_33 N  14701  14699     69
  14715 14495      788.5826   211                    748.9458   753960                   x55_33 N  14715  14713     79
  14727 14507      788.2919   184                    748.9458   755372                   x46_37 N  14727  14726     89
  14738 14518      789.6111   106                    748.9458   756514                  x55_181 N  14738  14737     97
  14751 14531      790.8598   110                    748.9458   757333                   x35_85 D  14751  14749    107
  14778 14558      791.4000    90                    748.9458   758440                  x197_46 D  14778  14776    131
  14793 14573      792.0690   165                    748.9458   759866                   x49_33 N  14793  14791    144
  14800 14580      792.1921   156                    748.9458   760131                   x49_88 U  14800  14799    150
Elapsed time = 1783.35 sec. (2192540.47 ticks, tree = 1383.92 MB, solutions = 0)
  14818 14598      764.6876   418                    748.9750   761719                  x96_107 N  14818  14816     22
  14840 14620      768.6252   413                    748.9750   762594                  x135_16 D  14840  14838     37
  14859 14639      787.8333   168                    748.9750   764576                  x188_24 N  14859  14856     49
  14871 14651      789.9115   362                    748.9750   766256                  x22_112 D  14871  14869     58
  14875 14655      790.9740   360                    748.9750   768251                  x170_24 D  14875  14873     61
  14896 14668      754.9167   209                    749.0500   770044                 x155_189 U  14896  14894     11
  14920 14692      762.4424   252                    749.0500   771225                 x188_107 U  14920  14917     26
  14945 14717      766.6970   363                    749.0500   772429                  x59_162 D  14945  14944     47
  14960 14732      772.1667   223                    749.0500   773733                  x158_12 D  14960  14958     55
  14984 14756      776.8229   193                    749.0500   774726                  x157_95 D  14984  14982     70
Elapsed time = 1816.92 sec. (2233025.97 ticks, tree = 1418.92 MB, solutions = 0)
  15000 14772      780.7000   135                    749.0500   776104                 x147_158 U  15000  14999     81
  15015 14787      785.4444   118                    749.0500   777188                   x43_65 N  15015  15013     89
  15029 14801      792.1111   125                    749.0500   779034                  x197_46 U  15029  15026     99
  15047 14819      797.1111   100                    749.0500   779677                 x189_135 D  15047  15045    114
  15058 14830      802.8611   104                    749.0500   780107                  x30_189 N  15058  15056    122
  15073 14845      810.2361   108                    749.0500   781532                  x103_46 N  15073  15071    133
  15089 14861      804.1111    94                    749.0500   782480                  x133_49 N  15089  15087    145
  15104 14876      814.8384   126                    749.0500   783526                   x197_3 N  15104  15102    157
  15112 14884      818.4444    93                    749.0500   784243                  x142_46 N  15112  15110    163
  15140 14912      811.7778   108                    749.0500   784729                  x127_78 D  15140  15137    188
Elapsed time = 1845.72 sec. (2275360.07 ticks, tree = 1446.38 MB, solutions = 0)
  15160 14932      812.7778   121                    749.0500   785625                  x197_75 D  15160  15159    204
  15181 14953      815.3333   109                    749.0500   786158                  x61_161 N  15181  15180    220
  15204 14976      753.4167   216                    749.0600   786958                 x112_156 U  15204  15203      9
  15240 15012      765.7083   163                    749.0600   788279                  x75_179 D  15240  15239     45
  15264 15036      774.9841   179                    749.0600   789479                   x53_54 U  15264  15263     69
  15289 15061      782.1250   122                    749.0600   790394                  x186_66 N  15289  15288     94
  15336 15108      796.5208    81                    749.0600   791219                  x124_31 U  15336  15335    141
  15371 15143      805.0000    77                    749.0600   791755                 x162_101 N  15371  15370    176
  15402 15174      751.9352   415                    749.0600   792325                 x112_179 U  15402   1808      9
  15420 15192      764.8542   386                    749.0600   793764                  x155_30 N  15420  15418     22
Elapsed time = 1875.70 sec. (2315613.93 ticks, tree = 1515.09 MB, solutions = 0)
  15432 15204      771.3167   378                    749.0600   795640                 x152_172 N  15432  15431     30
  15457 15229      786.4717   359                    749.0600   796869                   x49_96 U  15457  15455     48
  15473 15245      788.1995   377                    749.0600   798060                     x7_5 D  15473  15471     58
  15490 15262      800.1333   333                    749.0600   799634                    x41_8 D  15490  15488     68
  15510 15282      810.6389   260                    749.0600   800417                    x74_6 D  15510  15509     83
  15530 15302      817.0000   173                    749.0600   801331                  x189_16 D  15530  15528     95
  15547 15319      817.1875   251                    749.0600   801972                   x157_8 D  15547  15545    105
  15565 15337      824.3929   273                    749.0600   802707                   x46_33 N  15565  15563    117
  15577 15349      837.3214   213                    749.0600   803460                 x129_104 N  15577  15575    124
  15591 15361      833.4762   248                    749.0600   804151                   x3_154 D  15591  15589    132
Elapsed time = 1908.81 sec. (2355527.00 ticks, tree = 1542.01 MB, solutions = 0)
  15600 15370      836.3206   260                    749.0600   804369                 x122_175 U  15600  15597    137
  15626 15396      761.9713   363                    749.0897   805937                 x192_152 D  15626  15625     33
  15663 15433      773.5417   239                    749.0897   807389                    x64_7 U  15663  15662     70
  15712 15482      782.9036   250                    749.0897   808586                 x103_155 N  15712  15711    119
  15743 15513      797.1381   146                    749.0897   809308                  x111_10 N  15743  15742    150
  15787 15557      806.1250    58                    749.0897   809579                  x91_184 D  15787  15786    194
  15810 15580      764.9375   283                    749.0897   810393                 x156_179 N  15810  15809     15
  15827 15597      771.6515   274                    749.0897   811344                  x59_162 N  15827  15826     27
  15838 15608      799.8655   367                    749.0897   812494                 x188_168 N  15838  15836     33
  15858 15628      801.7707   390                    749.0897   813744                   x88_41 N  15858  15856     46
Elapsed time = 1941.65 sec. (2397169.22 ticks, tree = 1606.87 MB, solutions = 0)
  15864 15634      825.4897   391                    749.0897   815434                  x101_24 N  15864  15861     49
  15875 15643    infeasible                          749.0897   817598                  x162_24 N  15875  15872     57
  15890 15656      865.6944   232                    749.0897   818769                 x172_133 N  15890  15889     66
  15909 15675      874.1250   216                    749.0897   819903                  x199_53 N  15909  15908     77
  15918 15682      885.9167   176                    749.0897   821119                    x64_7 D  15918  15916     82
  15926 15690      890.4167   182                    749.0897   821962                 x133_152 N  15926  15923     86
  15937 15701      894.2000   152                    749.0897   822871                   x11_87 N  15937  15934     93
  15950 15714      902.9000   132                    749.0897   823631                   x39_28 N  15950  15948    102
  15970 15734      908.3881   169                    749.0897   824631                  x132_74 U  15970  15967    115
  15986 15750      917.2970   256                    749.0897   825543                   x66_50 N  15986  15984    127
Elapsed time = 1975.25 sec. (2441062.39 ticks, tree = 1620.29 MB, solutions = 0)
  15995 15759      910.9643   185                    749.0897   826318                  x66_138 D  15995  15993    134
  16000 15764      911.5476   201                    749.0897   826714                  x100_50 D  16000  15998    138
  16016 15780      757.1534   185                    749.1078   828528                  x162_22 U  16016  16015     22
  16038 15802      764.6250   357                    749.1078   830407                 x172_165 U  16038  16037     44
  16061 15825      769.2702   243                    749.1078   831709                 x152_172 U  16061  16060     67
  16094 15858      774.1736   113                    749.1078   833279                 x112_162 D  16094  16093    100
  16150 15914      777.2500    79                    749.1078   834687                  x134_30 D  16150  16149    156
  16182 15946      780.8128   178                    749.1078   835715                  x197_33 D  16182  16181    188
  16213 15977      761.5000   107                    749.1310   837100                  x30_155 U  16213  16211     15
  16240 16004      768.2738   352                    749.1310   837994                 x188_179 U  16240  16238     35
Elapsed time = 2004.32 sec. (2482392.18 ticks, tree = 1639.23 MB, solutions = 0)
  16258 16022      777.7143   113                    749.1310   839212                  x11_112 D  16258  16256     48
  16275 16039      786.9336   243                    749.1310   840894                 x162_112 U  16275  16273     61
  16289 16053      793.0000   234                    749.1310   842481                   x58_88 N  16289  16287     70
  16299 16063      794.5000    71                    749.1310   843768                   x58_73 N  16299  16298     77
  16331 16095      799.2500    28                    749.1310   844204                  x68_184 N  16331  16329    104
  16352 16116      797.0000    32                    749.1310   844854                   x73_87 N  16352  16350    121
  16370 16134      797.6250    34                    749.1310   845294                   x168_6 D  16370  16369    137
  16397 16161      804.6739    52                    749.1310   846067                    x55_6 N  16397  16395    159
  16434 16198      762.5000   161                    749.1667   846981                  x112_59 D  16434  16433     40
  16479 16243      780.9000   174                    749.1667   848461                  x170_22 D  16479  16478     85
Elapsed time = 2037.57 sec. (2523712.78 ticks, tree = 1696.20 MB, solutions = 0)
  16505 16269      794.5000   105                    749.1667   849309                  x103_30 N  16505  16504    111
  16527 16291      803.9000   116                    749.1667   850281                   x11_16 U  16527  16526    133
  16551 16315      815.8194   102                    749.1667   851237                  x134_55 D  16551  16550    157
  16565 16325    infeasible                          749.1667   853511                 x155_107 N  16565  16563    170
  16575 16335      763.8750   229                    749.1667   855350                 x112_179 U  16575  16573     15
  16589 16349      775.5000   126                    749.1667   856933                 x152_172 U  16589  16587     25
  16600 16360      780.9617   231                    749.1667   857974                   x8_162 U  16600  16598     32
  16611 16371      784.6250   231                    749.1667   859158                  x179_59 D  16611  16609     39
  16626 16386      789.7143   155                    749.1667   860381                  x154_22 N  16626  16624     50
  16636 16396      790.7500   126                    749.1667   861557                  x30_189 U  16636  16635     57
Elapsed time = 2069.65 sec. (2565091.29 ticks, tree = 1733.69 MB, solutions = 0)
  16657 16417      799.3000   117                    749.1667   862709                  x30_197 N  16657  16654     70
  16670 16430      810.9000   129                    749.1667   864291                   x87_95 N  16670  16668     78
  16676 16436      815.5000   119                    749.1667   865423                  x181_30 U  16676  16674     81
  16688 16448      812.1667   114                    749.1667   866776                  x127_74 N  16688  16686     90
  16707 16467      813.5556   117                    749.1667   867411                  x87_168 U  16707  16705    103
  16720 16480      815.8611   115                    749.1667   868121                   x73_95 D  16720  16718    112
  16745 16505      827.2500    61                    749.1667   869270                  x96_152 N  16745  16743    133
  16764 16524      820.4000    90                    749.1667   869651                  x61_151 D  16764  16763    150
  16782 16542      828.5000    72                    749.1667   870053                   x88_73 N  16782  16780    165
  16797 16557      841.5714   107                    749.1667   870404                   x88_97 N  16797  16795    177
Elapsed time = 2101.50 sec. (2608691.18 ticks, tree = 1765.62 MB, solutions = 0)
  16800 16560      826.0000    69                    749.1667   870422                   x75_41 N  16800  16799    180
  16814 16574      767.2083   330                    749.1750   872243                  x155_30 N  16814  16812     17
  16829 16589      774.0000   150                    749.1750   873153                 x156_172 U  16829  16827     25
  16844 16604      786.6667   184                    749.1750   873681                  x33_189 N  16844  16842     35
  16857 16617      783.8750   165                    749.1750   874533                 x152_133 N  16857  16855     43
  16870 16630      789.5000   115                    749.1750   874922                 x103_155 U  16870  16867     51
  16889 16649      793.0000   130                    749.1750   875319                  x197_46 N  16889  16888     66
  16903 16663      795.9286   120                    749.1750   875826                  x87_168 N  16903  16902     75
  16918 16678      822.9167   109                    749.1750   876495                  x30_101 N  16918  16916     86
  16927 16687      802.7500   121                    749.1750   877307                   x78_41 N  16927  16925     92
Elapsed time = 2133.87 sec. (2653192.44 ticks, tree = 1783.46 MB, solutions = 0)
  16942 16700    infeasible                          749.1750   878039                  x112_62 N  16942  16940    104
  16953 16711      828.0909   137                    749.1750   878744                  x58_181 N  16953  16951    112
  16978 16734    infeasible                          749.1750   879494                  x172_62 U  16978  16977    134
  16986 16740      889.2273   137                    749.1750   880419                 x191_107 N  16986  16985    138
  17002 16752      757.4167   240                    749.1944   881760                  x135_16 D  17002  17000     16
  17013 16763      763.6694   389                    749.1944   883053                   x28_39 U  17013  17011     22
  17027 16777      771.4977   373                    749.1944   884287                 x188_162 U  17027  17025     30
  17037 16787      778.2202   286                    749.1944   885524                 x162_101 N  17037  17035     35
  17052 16802      788.2619   258                    749.1944   886827                   x49_59 D  17052  17050     46
  17070 16820      813.6786   246                    749.1944   887879                  x170_24 D  17070  17068     59
Elapsed time = 2164.85 sec. (2693626.88 ticks, tree = 1809.13 MB, solutions = 0)
  17084 16832      920.6786   275                    749.1944   889554                  x144_24 N  17084  17082     71
  17090 16838      937.9286   308                    749.1944   890874                 x191_193 D  17090  17089     75
  17101 16847      948.9286   243                    749.1944   892015                  x24_193 N  17101  17100     85
  17110 16854      964.0119   295                    749.1944   893407                   x96_41 U  17110  17108     91
  17124 16864    infeasible                          749.1944   895047                 x197_107 N  17124  17122    100
  17140 16880      761.0806   337                    749.2159   896720                  x45_134 D  17140  17139     24
  17168 16908      771.0833   359                    749.2159   898909                    x59_8 N  17168  17167     52
  17200 16940      778.5201   378                    749.2159   900107                 x121_107 D  17200  17199     84
  17227 16963      772.5139   405                    749.2348   902292                  x112_62 U  17227  17225     17
  17241 16977      765.9653   397                    749.2348   903466                  x155_30 U  17241  17239     27
Elapsed time = 2199.16 sec. (2738763.42 ticks, tree = 1836.73 MB, solutions = 0)
  17253 16989      775.6818   292                    749.2348   904343                  x11_135 N  17253  17251     34
  17262 16998      775.4717   330                    749.2348   905566                  x96_107 D  17262  17260     39
  17274 17010      788.5186   367                    749.2348   906899                 x107_179 N  17274  17272     46
  17293 17029      812.6223   360                    749.2348   907850                   x96_95 N  17293  17291     62
  17310 17046      819.0260   337                    749.2348   908544                 x118_199 N  17310  17309     72
  17321 17057      820.0678   246                    749.2348   909343                  x75_112 N  17321  17319     78
  17329 17065      843.5000   162                    749.2348   910636                 x101_172 N  17329  17327     84
  17340 17076      821.5000   133                    749.2348   911411                  x33_197 U  17340  17337     91
  17352 17088      824.6667   218                    749.2348   912393                 x152_172 N  17352  17350     98
  17362 17098      834.2333   176                    749.2348   913884                 x101_162 N  17362  17360    104
Elapsed time = 2231.66 sec. (2780294.58 ticks, tree = 1861.12 MB, solutions = 0)
  17378 17114      832.1333   195                    749.2348   914853                 x134_197 U  17378  17375    116
  17385 17121      835.6190   204                    749.2348   915608                  x179_75 N  17385  17383    120
  17398 17134      839.7333   206                    749.2348   916377                  x17_176 U  17398  17396    130
  17410 17146      842.9583   187                    749.2348   917048                    x3_33 N  17410  17408    138
  17420 17156      847.6111   103                    749.2348   917386                  x168_58 N  17420  17418    144
  17430 17166      849.7540   128                    749.2348   918363                    x46_3 N  17430  17428    152
  17442 17178      854.1944   120                    749.2348   919473                  x73_168 N  17442  17439    160
  17454 17190      875.9861   124                    749.2348   920108                  x59_181 N  17454  17451    168
  17466 17202      861.1111   120                    749.2348   920928                  x46_181 N  17466  17464    176
  17480 17216      858.7778   109                    749.2348   921590                  x73_197 D  17480  17478    187
Elapsed time = 2262.11 sec. (2821568.48 ticks, tree = 1879.19 MB, solutions = 0)
  17495 17231      863.7929   150                    749.2348   922692                  x143_97 N  17495  17494    199
  17504 17238    infeasible                          749.2348   923582                  x73_143 N  17504  17502    204
  17517 17251      876.6111   114                    749.2348   924420                 x172_197 N  17517  17516    214
  17539 17271      877.1111   110                    749.2348   924732                 x175_150 U  17539  17537    231
  17562 17294      878.1500   100                    749.2348   925110                  x61_140 D  17562  17560    249
  17586 17318      879.0625   128                    749.2348   925726                  x38_128 D  17586  17584    267
  17597 17329      888.7500   100                    749.2348   927074                   x6_155 D  17597  17595    276
  17601 17333      891.5000   132                    749.2348   927704                 x132_155 N  17601  17600    279
  17611 17343      764.0893   320                    749.2619   929779                 x107_165 D  17611  17610     17
  17634 17366      773.6786   373                    749.2619   931183                   x28_39 D  17634  17633     40
Elapsed time = 2288.79 sec. (2861779.81 ticks, tree = 1904.86 MB, solutions = 0)
  17678 17410      786.6340   378                    749.2619   932739                   x49_59 D  17678  17677     84
  17708 17440      796.4629   356                    749.2619   934998                  x49_157 U  17708  17707    114
  17730 17462      802.3727   359                    749.2619   936216                  x199_39 N  17730  17729    136
  17755 17487      808.7351   341                    749.2619   937545                   x3_154 D  17755  17754    161
  17779 17511      817.3389   286                    749.2619   939296                  x156_58 N  17779  17778    185
  17802 17534      753.0588   394                    749.2778   940843                  x62_170 D  17802  13402     11
  17812 17544      766.1328   386                    749.2778   942675                 x172_156 D  17812  17811     18
  17822 17554      768.1581   392                    749.2778   944008                   x52_33 D  17822  17820     24
  17831 17563      771.9405   361                    749.2778   945622                 x179_112 N  17831  17828     28
  17840 17572      772.3358   365                    749.2778   946766                  x24_170 D  17840  17837     33
Elapsed time = 2323.78 sec. (2902476.05 ticks, tree = 1943.51 MB, solutions = 0)
  17850 17582      784.2489   359                    749.2778   948077                  x49_157 U  17850  17847     38
  17865 17597      786.8333   198                    749.2778   949468                  x58_156 N  17865  17862     47
  17876 17608      789.9333   312                    749.2778   950742                   x33_46 N  17876  17875     56
  17884 17616      793.7500   329                    749.2778   951685                 x101_165 N  17884  17882     60
  17901 17633      796.3333   162                    749.2778   952612                    x74_6 U  17901  17899     74
  17912 17644      800.0000   259                    749.2778   953860                 x152_133 N  17912  17911     82
  17924 17656      803.2500   221                    749.2778   955181                   x63_52 N  17924  17923     90
  17930 17662      804.0764   285                    749.2778   956288                  x55_112 N  17930  17928     94
  17940 17672      805.5000   212                    749.2778   957278                  x111_10 U  17940  17938    101
  17948 17680      816.3806   253                    749.2778   958069                  x14_199 N  17948  17946    105
Elapsed time = 2357.19 sec. (2944048.75 ticks, tree = 1959.49 MB, solutions = 0)
  17960 17692      818.6571   211                    749.2778   958656                 x100_146 D  17960  17958    113
  17973 17705      824.1583   227                    749.2778   959368                   x43_65 D  17973  17971    120
  17988 17720      827.9055   270                    749.2778   960198                  x30_155 N  17988  17986    131
  17998 17730      826.6712   231                    749.2778   961017                   x73_58 U  17998  17997    138
  18015 17747      754.2679   327                    749.2778   961794                  x165_62 U  18015  18014     19
  18033 17765      766.5780   394                    749.2778   963337                 x101_156 D  18033  18032     37
  18077 17809      777.5945   388                    749.2778   964973                   x96_41 D  18077  18076     81
  18108 17840      788.2316   364                    749.2778   966494                   x12_54 D  18108  18107    112
  18128 17860      795.5499   345                    749.2778   967771                  x172_58 N  18128  18127    132
  18145 17877      802.6061   282                    749.2778   969501                  x169_18 N  18145  18144    149
Elapsed time = 2392.03 sec. (2984054.35 ticks, tree = 2000.52 MB, solutions = 0)
  18180 17912      808.6493   261                    749.2778   970258                  x168_41 N  18180  18179    184
  18205 17937      756.4712   326                    749.3651   971484                 x112_156 U  18205  18203      8
  18230 17962      763.7500   201                    749.3651   972270                 x112_154 D  18230  18229     26
  18246 17978      781.6250   317                    749.3651   973337                   x22_59 N  18246  18245     37
  18254 17984    infeasible                          749.3651   974500                  x24_112 N  18254  18253     41
  18276 18004      765.4592   400                    749.3723   975848                  x155_30 N  18276  18275     29
  18302 18030      780.0417   310                    749.3723   977671                  x22_179 N  18302  18301     55
  18328 18056      794.7063   359                    749.3723   979256                   x49_88 U  18328  18327     81
  18345 18073      804.9592   412                    749.3723   980952                   x59_58 D  18345  18344     98
  18362 18090      816.7752   376                    749.3723   982299                  x45_162 N  18362  18361    115
Elapsed time = 2427.31 sec. (3025014.96 ticks, tree = 2031.61 MB, solutions = 0)
  18375 18103      843.0146   336                    749.3723   984287                   x45_22 N  18375  18374    128
  18377 18101    infeasible                          749.3723   985608                  x188_45 N  18377  18375    129
  18387 18111      752.8016   397                    749.3750   986818                 x112_156 D  18387  18385     12
  18397 18121      762.6111   335                    749.3750   987909                  x45_134 D  18397  18394     18
  18402 18126      765.0952   228                    749.3750   988511                   x28_39 U  18402  18399     21
  18415 18139      775.3437   215                    749.3750   989652                   x33_46 D  18415  18413     30
  18425 18149      783.8667   187                    749.3750   990456                 x103_181 N  18425  18423     36
  18440 18164      786.4167   318                    749.3750   992006                   x5_146 D  18440  18437     45
  18456 18180      790.1460   220                    749.3750   992879                  x54_158 D  18456  18454     55
  18470 18194      798.0000   117                    749.3750   993686                 x104_118 N  18470  18468     63
Elapsed time = 2456.33 sec. (3065031.31 ticks, tree = 2045.03 MB, solutions = 0)
  18481 18205      801.9762   157                    749.3750   994477                  x133_75 D  18481  18479     71
  18499 18221    infeasible                          749.3750   995559                 x134_155 N  18499  18497     83
  18511 18233      822.0000   154                    749.3750   997008                 x181_135 N  18511  18509     91
  18518 18238      817.2857   150                    749.3750   998179                   x92_66 N  18518  18517     96
  18530 18250      819.0077   124                    749.3750   998593                  x92_199 N  18530  18529    105
  18543 18263      822.1878   298                    749.3750   999318                    x8_59 D  18543  18541    114
  18553 18273      822.2486   252                    749.3750  1000197                  x143_97 U  18553  18551    122
  18564 18284      835.6111   224                    749.3750  1001660                   x52_73 N  18564  18562    130
  18572 18292      824.7361   224                    749.3750  1002707                   x132_6 D  18572  18570    135
  18583 18303      829.0353   231                    749.3750  1003262                  x197_33 N  18583  18581    144
Elapsed time = 2489.95 sec. (3110760.33 ticks, tree = 2064.68 MB, solutions = 0)
Nodefile size = 16.90 MB (14.14 MB after compression)
  18596 18316      828.0470   249                    749.3750  1004100                  x73_152 D  18596  18594    154
  18607 18327      857.5861   229                    749.3750  1005950                   x73_80 N  18607  18605    162
  18620 18340      830.2304   217                    749.3750  1006312                  x138_66 D  18620  18619    172
  18630 18350      833.2265   147                    749.3750  1006561                 x147_124 N  18630  18628    179
  18638 18358      847.1690   251                    749.3750  1006982                  x147_28 N  18638  18636    185
  18648 18368      836.8034   192                    749.3750  1007703                  x134_55 N  18648  18647    193
  18665 18385      851.4669   204                    749.3750  1009568                    x46_3 N  18665  18663    207
  18670 18390      858.3419   154                    749.3750  1010193                  x22_101 N  18670  18667    210
  18686 18406      849.1295   227                    749.3750  1011109                   x87_73 N  18686  18684    224
  18690 18410      874.5401   266                    749.3750  1012863                  x132_73 N  18690  18688    226
Elapsed time = 2523.18 sec. (3157058.48 ticks, tree = 2078.22 MB, solutions = 0)
Nodefile size = 30.87 MB (25.25 MB after compression)
  18702 18422      861.5085   128                    749.3750  1013620                  x197_73 N  18702  18700    236
  18717 18437      852.5167   177                    749.3750  1013918                 x138_124 N  18717  18715    249
  18741 18461      856.3333    88                    749.3750  1014493                   x57_19 U  18741  18740    269
  18751 18471      874.2000    92                    749.3750  1015006                  x55_169 N  18751  18749    276
  18778 18498      869.0000    95                    749.3750  1015473                  x78_169 N  18778  18777    300
  18787 18507      901.5000   148                    749.3750  1016077                 x150_157 N  18787  18785    308
  18799 18517      874.8333   182                    749.3750  1016716                 x122_157 D  18799  18798    319
  18805 18521      754.4350   400                    749.3795  1017935                 x101_188 U  18805  18803     10
  18818 18534      757.7193   350                    749.3795  1018842                  x45_134 U  18818  18816     18
  18832 18548      771.6667   338                    749.3795  1019893                  x165_62 N  18832  18830     27
Elapsed time = 2551.13 sec. (3198511.10 ticks, tree = 2116.23 MB, solutions = 0)
Nodefile size = 68.31 MB (55.93 MB after compression)
  18840 18556      774.1935   377                    749.3795  1021278                  x172_41 U  18840  18837     32
  18853 18569      777.1742   393                    749.3795  1022089                  x39_130 D  18853  18851     40
  18862 18578      780.6742   372                    749.3795  1023285                  x155_30 N  18862  18860     46
  18876 18592      785.6667   328                    749.3795  1023989                 x104_186 U  18876  18874     56
  18886 18602      790.8333   255                    749.3795  1024779                    x2_33 D  18886  18884     61
  18902 18618      794.9487   239                    749.3795  1025811                   x69_23 U  18902  18900     72
  18921 18637      798.2404   250                    749.3795  1026536                  x133_75 N  18921  18919     83
  18932 18648      804.8750   229                    749.3795  1027705                 x192_152 N  18932  18930     89
  18950 18666      809.6071   224                    749.3795  1028839                  x157_78 D  18950  18949    103
  18959 18675      819.5079   199                    749.3795  1029851                   x46_73 N  18959  18957    108
Elapsed time = 2585.49 sec. (3239392.13 ticks, tree = 2137.14 MB, solutions = 0)
Nodefile size = 89.76 MB (73.07 MB after compression)
  18967 18683      821.6667   156                    749.3795  1030441                  x46_133 N  18967  18965    113
  18979 18695      825.4436   228                    749.3795  1031092                   x43_65 U  18979  18978    121
  18986 18702      833.9917   228                    749.3795  1031821                   x87_75 N  18986  18984    126
  18996 18712      838.9500   155                    749.3795  1032381                 x165_172 N  18996  18993    133
  19015 18731      762.5000   363                    749.4311  1033788                 x107_156 U  19015  19013     17
  19031 18747      773.2000   375                    749.4311  1035315                    x8_96 U  19031  19029     27
  19040 18756      781.4419   376                    749.4311  1036652                    x49_8 U  19040  19038     32
  19054 18770      793.8889   378                    749.4311  1037941                 x172_188 N  19054  19053     43
  19065 18781      799.8186   373                    749.4311  1039192                  x155_30 U  19065  19063     51
  19074 18790      807.5949   373                    749.4311  1040503                  x112_22 N  19074  19071     55
Elapsed time = 2621.08 sec. (3282772.99 ticks, tree = 2159.27 MB, solutions = 0)
Nodefile size = 111.76 MB (91.04 MB after compression)
  19084 18800      817.4373   366                    749.4311  1042104                 x188_162 N  19084  19081     61
  19095 18811      838.0214   387                    749.4311  1043395                  x49_162 N  19095  19093     69
  19105 18819      839.4881   365                    749.4311  1045202                  x52_181 U  19105  19102     77
  19118 18830    infeasible                          749.4311  1046834                  x162_58 N  19118  19115     85
  19144 18852      759.5189   396                    749.4829  1048230                  x162_24 D  19144  19143     31
  19174 18882      770.6941   375                    749.4829  1049880                    x8_22 D  19174  19173     61
  19195 18903      784.1302   383                    749.4829  1051622                   x13_24 D  19195  19194     82
  19200 18906      858.3750   414                    749.4829  1052458                  x191_24 U  19200  19198     86
  19209 18915      874.2063   379                    749.4829  1054616                  x172_41 D  19209  19208     95
  19221 18927      879.9444   278                    749.4829  1055824                   x28_39 D  19221  19220    107
Elapsed time = 2653.51 sec. (3326552.22 ticks, tree = 2187.20 MB, solutions = 0)
Nodefile size = 139.89 MB (114.21 MB after compression)
  19245 18951      889.0000   100                    749.4829  1056937                 x103_155 D  19245  19244    131
  19263 18969      896.6667   110                    749.4829  1057775                  x72_192 U  19263  19262    149
  19304 19010      912.6667   121                    749.4829  1059415                 x132_152 D  19304  19303    190
  19334 19040      919.2778   159                    749.4829  1060630                   x33_30 N  19334  19333    220
  19363 19069      928.0000    70                    749.4829  1061576                   x57_19 U  19363  19362    249
  19408 19114      757.9744   333                    749.5092  1063065                   x8_156 U  19408  19406     13
  19423 19129      758.4517   398                    749.5092  1064667                  x162_22 D  19423  19422     23
  19442 19148      771.5952   380                    749.5092  1066074                   x22_59 U  19442  19439     36
  19462 19168      782.9433   365                    749.5092  1067600                    x49_8 N  19462  19460     52
  19480 19186      780.0321   382                    749.5092  1068429                   x49_96 D  19480  19479     64
Elapsed time = 2687.83 sec. (3368162.83 ticks, tree = 2203.38 MB, solutions = 0)
Nodefile size = 156.12 MB (126.95 MB after compression)
  19495 19201      784.1741   287                    749.5092  1069164                 x118_199 D  19495  19492     72
  19513 19219      791.2575   217                    749.5092  1069965                  x129_50 U  19513  19510     82
  19530 19236      794.3452   209                    749.5092  1071081                   x23_79 U  19530  19528     92
  19543 19249      795.7500   191                    749.5092  1072190                  x129_54 D  19543  19542    101
  19559 19265      797.9308   216                    749.5092  1072876                  x31_111 N  19559  19557    110
  19575 19281      798.6472   182                    749.5092  1073519                   x11_87 U  19575  19574    121
  19583 19289      801.5472   154                    749.5092  1073859                  x111_10 N  19583  19581    125
  19595 19301      803.3227   163                    749.5092  1074608                    x7_66 N  19595  19593    132
  19603 19309      753.0500   250                    749.5323  1075856                  x62_170 U  19603  19602     11
  19638 19344      763.1000   364                    749.5323  1076970                 x152_172 U  19638  19637     46
Elapsed time = 2719.77 sec. (3407548.48 ticks, tree = 2220.93 MB, solutions = 0)
Nodefile size = 173.47 MB (141.08 MB after compression)
  19680 19386      774.8030   352                    749.5323  1078571                   x49_41 N  19680  19679     88
  19699 19401    infeasible                          749.5323  1082251                   x13_24 N  19699  19697    106
  19716 19418      757.1841   359                    749.5417  1083118                 x101_154 D  19716  19714     17
  19735 19437      767.0924   278                    749.5417  1083513                 x107_162 N  19735  19733     30
  19747 19449      784.2628   353                    749.5417  1084829                 x179_156 N  19747  19746     38
  19758 19460      822.2174   235                    749.5417  1086217                  x45_134 U  19758  19757     46
  19783 19485      832.0000   123                    749.5417  1086932                   x33_46 U  19783  19781     60
  19796 19498      837.5000   137                    749.5417  1088383                 x168_112 N  19796  19794     68
  19810 19512      842.1111    78                    749.5417  1089529                  x133_75 D  19810  19808     79
  19818 19520      842.2361   120                    749.5417  1089937                  x41_157 D  19818  19816     84
Elapsed time = 2756.23 sec. (3453093.62 ticks, tree = 2249.23 MB, solutions = 0)
Nodefile size = 201.81 MB (163.65 MB after compression)
  19836 19538      845.6111   109                    749.5417  1090672                  x157_95 D  19836  19834     97
  19849 19551      844.9111    93                    749.5417  1091140                   x46_41 D  19849  19847    107
  19860 19562      848.1111    87                    749.5417  1091606                 x105_169 U  19860  19858    114
  19880 19582      851.7111   114                    749.5417  1091979                 x132_152 N  19880  19879    130
  19908 19610      854.5000    62                    749.5417  1092277                  x128_43 D  19908  19906    155
  19939 19641      859.9167    74                    749.5417  1092728                   x134_3 D  19939  19938    181
  19947 19649      871.7500    64                    749.5417  1092892                   x95_78 N  19947  19945    187
  19978 19680      862.5000    89                    749.5417  1093301                  x55_197 D  19978  19977    216
  19996 19698      873.0000    64                    749.5417  1094124                   x80_87 D  19996  19994    233
  20018 19720      758.9960   336                    749.5417  1094884                  x95_157 D  20018  20017     24
Elapsed time = 2784.45 sec. (3492248.01 ticks, tree = 2309.93 MB, solutions = 0)
Nodefile size = 262.10 MB (211.87 MB after compression)
  20050 19752      767.2710   359                    749.5417  1096079                  x157_95 U  20050  20049     56
  20085 19787      776.1642   328                    749.5417  1097123                    x2_33 D  20085  20084     91
  20119 19821      783.4595   288                    749.5417  1098079                  x133_75 D  20119  20118    125
  20162 19864      796.4681   217                    749.5417  1099386                   x97_74 U  20162  20161    168
  20202 19904      753.7959   271                    749.5490  1101272                    x6_41 U  20202     12      8
  20214 19916      760.4288   414                    749.5490  1103149                  x155_30 N  20214  20212     15
  20229 19931      766.1727   357                    749.5490  1104451                  x30_189 D  20229  20227     26
  20244 19946      772.3454   391                    749.5490  1105945                  x103_30 N  20244  20241     36
  20253 19955      772.4896   304                    749.5490  1107148                     x7_5 N  20253  20251     41
  20261 19963      778.9933   274                    749.5490  1108150                  x138_66 U  20261  20258     46
Elapsed time = 2819.02 sec. (3533077.82 ticks, tree = 2341.03 MB, solutions = 0)
Nodefile size = 293.96 MB (237.20 MB after compression)
  20271 19973      783.6198   301                    749.5490  1108851                   x132_6 U  20271  20268     52
  20285 19987      786.5331   303                    749.5490  1109852                  x105_78 U  20285  20283     61
  20300 20002      791.1228   291                    749.5490  1111134                   x33_87 N  20300  20298     71
  20309 20011      791.4167   267                    749.5490  1111915                   x23_79 N  20309  20307     76
  20321 20021      799.1985   296                    749.5490  1112872                  x178_92 U  20321  20320     84
  20329 20027      801.4780   280                    749.5490  1113502                  x192_33 D  20329  20328     89
  20337 20035      802.6071   266                    749.5490  1114146                  x10_104 U  20337  20335     94
  20347 20045      804.8942   293                    749.5490  1115032                  x53_129 D  20347  20345    100
  20365 20063      809.4493   255                    749.5490  1115721                 x171_196 U  20365  20363    112
  20376 20072      811.5255   208                    749.5490  1116576                  x60_114 U  20376  20375    119
Elapsed time = 2851.76 sec. (3573902.23 ticks, tree = 2366.82 MB, solutions = 0)
Nodefile size = 319.37 MB (257.88 MB after compression)
  20387 20083      813.2143   212                    749.5490  1117678                  x123_36 N  20387  20385    126
  20399 20095      812.1149   248                    749.5490  1118556                    x97_6 N  20399  20397    135
  20410 20106      755.9667   356                    749.5536  1119067                 x112_179 D  20410  20409     13
  20445 20141      769.2500   316                    749.5536  1120721                   x8_179 D  20445  20444     48
  20482 20178      783.5205   374                    749.5536  1121951                   x8_112 D  20482  20481     85
  20532 20228      818.2000   347                    749.5536  1124140                 x188_103 N  20532  20531    135
  20540 20232      753.1141   423                    749.5893  1125434                 x179_165 U  20540  20538     10
  20560 20252      764.3386   423                    749.5893  1126591                  x179_59 U  20560  20558     24
  20574 20266      768.1462   428                    749.5893  1127879                 x112_162 D  20574  20573     34
  20595 20287      796.2405   416                    749.5893  1129209                 x107_162 N  20595  20593     50
Elapsed time = 2889.46 sec. (3616970.36 ticks, tree = 2388.58 MB, solutions = 0)
Nodefile size = 341.02 MB (275.44 MB after compression)
  20603 20295      814.5019   422                    749.5893  1130930                   x96_24 N  20603  20600     56
  20610 20300      804.9959   427                    749.5893  1132076                 x121_107 D  20610  20608     61
  20621 20307      755.3424   293                    749.5964  1133300                 x154_112 N  20621  20620     14
  20638 20324      763.6667   238                    749.5964  1134435                   x64_76 U  20638  20636     23
  20651 20337      769.5833   232                    749.5964  1135368                  x30_103 U  20651  20649     30
  20667 20353      773.9706   230                    749.5964  1136489                   x23_79 U  20667  20664     39
  20681 20367      776.4000   201                    749.5964  1137224                  x103_37 D  20681  20680     47
  20697 20383      780.8333   158                    749.5964  1137560                   x58_73 D  20697  20695     57
  20720 20406      786.6111   119                    749.5964  1138215                  x60_114 U  20720  20719     73
  20739 20425      787.5000   175                    749.5964  1138878                 x109_194 U  20739  20737     86
Elapsed time = 2922.82 sec. (3657588.93 ticks, tree = 2409.22 MB, solutions = 0)
Nodefile size = 361.69 MB (291.87 MB after compression)
  20749 20435      790.3000   152                    749.5964  1139864                 x194_190 U  20749  20747     93
  20763 20449      792.4222   167                    749.5964  1140103                  x33_197 N  20763  20761    102
  20781 20467      794.8519   159                    749.5964  1140534                  x197_33 N  20781  20779    115
  20798 20484      795.1111   163                    749.5964  1140848                   x11_16 U  20798  20796    129
  20823 20509      796.8722   158                    749.5964  1141369                   x4_161 D  20823  20821    151
  20843 20529      798.8333   160                    749.5964  1141940                    x2_37 D  20843  20841    167
  20858 20544      802.6111   190                    749.5964  1142572                   x88_58 N  20858  20857    180
  20868 20554      800.6765   154                    749.5964  1143120                   x90_81 D  20868  20866    186
  20878 20564      801.1250   124                    749.5964  1143524                   x37_33 N  20878  20877    195
  20902 20588      806.0000   128                    749.5964  1144044                  x85_128 N  20902  20900    214
Elapsed time = 2955.35 sec. (3698930.31 ticks, tree = 2430.10 MB, solutions = 0)
Nodefile size = 382.68 MB (308.87 MB after compression)
  20911 20597      806.7000   122                    749.5964  1144611                  x41_156 N  20911  20909    219
  20919 20605      807.2663   201                    749.5964  1145261                   x49_88 U  20919  20918    225
  20928 20614      807.7000   214                    749.5964  1145760                  x101_59 D  20928  20927    233
  20939 20625      837.7000   121                    749.5964  1146860                  x96_197 N  20939  20936    240
  20952 20638      810.7000   126                    749.5964  1147295                   x87_75 D  20952  20950    250
  20956 20642      824.6833   203                    749.5964  1147965                    x3_46 N  20956  20953    252
  20964 20650      827.8667   158                    749.5964  1148883                 x142_143 N  20964  20961    257
  20979 20665      828.8944   166                    749.5964  1149765                   x168_6 N  20979  20978    269
  20985 20671      829.6211   162                    749.5964  1150366                  x157_96 U  20985  20984    273
  20992 20678      851.8032   169                    749.5964  1151038                  x55_180 N  20992  20990    277
Elapsed time = 2984.10 sec. (3741341.12 ticks, tree = 2442.52 MB, solutions = 0)
Nodefile size = 394.59 MB (318.54 MB after compression)
  21007 20691      755.3690   423                    749.6000  1152396                  x62_170 D  21007  21005     13
  21016 20700      759.5227   326                    749.6000  1153634                   x28_39 D  21016  21014     18
  21028 20712      764.5614   215                    749.6000  1155944                  x100_39 U  21028  21025     25
  21046 20730      768.8333   157                    749.6000  1156405                  x122_29 D  21046  21044     36
  21064 20748      774.3750   154                    749.6000  1157218                  x64_186 N  21064  21061     47
  21079 20763      778.7500   173                    749.6000  1158109                  x178_92 N  21079  21077     56
  21092 20776      782.9583   166                    749.6000  1158478                  x31_111 N  21092  21091     64
  21108 20792      787.0000   113                    749.6000  1158983                 x124_199 N  21108  21106     73
  21121 20805      790.0111   152                    749.6000  1159557                  x50_171 N  21121  21120     83
  21141 20825      792.7500   110                    749.6000  1159942                 x171_129 U  21141  21139     96
Elapsed time = 3018.62 sec. (3783071.79 ticks, tree = 2472.23 MB, solutions = 0)
Nodefile size = 424.91 MB (342.79 MB after compression)
  21156 20840      796.2250   130                    749.6000  1160105                   x4_161 D  21156  21154    108
  21182 20866      803.0667   165                    749.6000  1160835                  x124_53 N  21182  21180    129
  21196 20880      804.2500   119                    749.6000  1161245                  x61_120 D  21196  21195    140
  21220 20904      761.5437   375                    749.6000  1162640                 x179_156 U  21220  21219     25
  21262 20946      783.3162   350                    749.6000  1164009                  x24_188 N  21262  21261     67
  21282 20964      905.6286   285                    749.6000  1164843                   x13_24 N  21282  21280     86
  21295 20977      929.5333   295                    749.6000  1165416                  x95_107 N  21295  21294     99
  21307 20985      755.1167   209                    749.6250  1166400                    x7_64 U  21307  21304     10
  21322 21000      763.0000   184                    749.6250  1167082                   x16_11 U  21322  21321     19
  21362 21040      789.7778   294                    749.6250  1170941                   x37_46 N  21362  21360     43
Elapsed time = 3064.11 sec. (3835455.20 ticks, tree = 2521.27 MB, solutions = 0)
Nodefile size = 473.40 MB (381.64 MB after compression)
  21418 21096      806.7833   211                    749.6250  1173603                 x171_196 N  21418  21415     75
  21476 21154      821.2540   254                    749.6250  1176011                  x87_112 N  21476  21473    116
  21517 21195      833.4077   259                    749.6250  1178673                  x17_176 N  21517  21515    144
  21560 21238      884.1944   256                    749.6250  1182414                  x24_112 N  21560  21558    173
  21644 21318      778.1392   361                    749.6330  1185599                  x193_24 D  21644  21643     86
  21692 21360      773.2769   391                    749.6389  1190085                  x165_62 U  21692  21691     27
  21752 21414      761.5964   355                    749.6667  1195184                  x24_162 D  21752  21751     50
  21817 21479      809.5750   346                    749.6667  1201480                   x16_11 U  21817  21816    115
  21912 21574      838.9127   180                    749.6667  1205801                  x156_41 N  21912  21911    210
  21973 21631      763.0581   320                    749.6667  1209104                  x11_112 U  21973  21971     30
Elapsed time = 3186.09 sec. (3994157.28 ticks, tree = 2675.52 MB, solutions = 0)
Nodefile size = 627.97 MB (507.64 MB after compression)
  22024 21682      781.0036   266                    749.6667  1213157                     x5_7 U  22024  22023     62
  22080 21738      796.7500   191                    749.6667  1216401                   x19_97 D  22080  22078     95
  22138 21796      809.1230   238                    749.6667  1219900                  x46_181 N  22138  22136    138
  22187 21845      816.8216   183                    749.6667  1221713                  x113_73 N  22187  22184    171
  22260 21918      821.4133   177                    749.6667  1223759                  x61_161 D  22260  22259    232
  22326 21984      829.6308   166                    749.6667  1225643                 x180_132 N  22326  22325    286
  22370 22026      836.6500   147                    749.6667  1227639                  x58_105 D  22370  22369    322
  22469 22123      787.6561   382                    749.6711  1231945                 x101_165 D  22469  22468     75
  22526 22173      754.4808   269                    749.6711  1235503                 x152_172 U  22526  22523     20
  22580 22227      772.0000   106                    749.6711  1239423                   x33_37 U  22580  22577     54
Elapsed time = 3308.80 sec. (4149513.89 ticks, tree = 2826.99 MB, solutions = 0)
Nodefile size = 779.41 MB (632.53 MB after compression)
  22638 22285      775.2500    56                    749.6711  1242247                   x58_55 N  22638  22637    101
  22675 22322      779.2000    56                    749.6711  1244987                    x58_3 U  22675  22672    130
  22713 22360      797.7000    67                    749.6711  1248162                   x133_3 N  22713  22710    159
  22749 22396      803.5000    65                    749.6711  1251124                  x88_133 N  22749  22747    186
  22776 22421      806.5333    93                    749.6711  1253512                  x52_133 N  22776  22774    207
  22808 22449      753.1429   266                    749.7000  1255685                 x112_101 D  22808  22806     15
  22861 22502      778.5595   213                    749.7000  1259244                  x22_101 D  22861  22859     53
  22909 22550      818.2333   228                    749.7000  1263528                  x96_162 U  22909  22907     87
  22938 22579      833.1833   191                    749.7000  1267150                  x45_162 N  22938  22936    107
  22982 22623      871.5500   202                    749.7000  1270508                  x135_22 N  22982  22979    137
Elapsed time = 3427.85 sec. (4305708.57 ticks, tree = 2920.39 MB, solutions = 0)
Nodefile size = 873.00 MB (709.42 MB after compression)
  23033 22674      769.5103   370                    749.7083  1273901                    x8_96 U  23033  23031     28
  23072 22711      787.0364   330                    749.7083  1278559                  x45_134 U  23072  23070     56
  23114 22747      757.7914   369                    749.7083  1283181                  x22_179 D  23114  23113     23
  23200 22833      781.0000    85                    749.7083  1285471                  x46_197 D  23200  23199    109
  23290 22923      802.2000   111                    749.7083  1287388                 x157_169 N  23290  23289    199
  23362 22991      805.3533   338                    749.7226  1290177                  x22_112 N  23362  23360     49
  23422 23043      769.6846   323                    749.7226  1293714                 x156_101 D  23422  23421     57
  23555 23176      836.2304   189                    749.7226  1298035                  x143_97 U  23555  23554    190
  23600 23221      844.3254   144                    749.7226  1299200                 x152_156 D  23600  23599    235
  23653 23268    infeasible                          749.7381  1303593                  x188_24 N  23653  23651     33
Elapsed time = 3563.78 sec. (4464921.95 ticks, tree = 3096.50 MB, solutions = 0)
Nodefile size = 1048.55 MB (856.12 MB after compression)
  23738 23349      769.4167   373                    749.7500  1308440                 x101_168 D  23738  23737     80
  23803 23409      757.9167   331                    749.7625  1313266                  x165_62 D  23803  23801      9
  23847 23453      779.0833   246                    749.7625  1317868                  x37_135 N  23847  23845     36
  23887 23493      790.5406   321                    749.7625  1321683                   x46_87 U  23887  23885     62
  23930 23536      801.1500    60                    749.7625  1324308                  x145_39 U  23930  23929     92
  23970 23576      808.8000    62                    749.7625  1328315                   x46_75 N  23970  23968    126
  24000 23606      825.2000    67                    749.7625  1332318                    x46_8 N  24000  23998    149
  24056 23662      816.4600    75                    749.7625  1334412                   x134_3 D  24056  24055    198
  24109 23715      833.7000    52                    749.7625  1337067                  x46_181 U  24109  24107    244
  24165 23769    infeasible                          749.7625  1346557                 x197_181 N  24165  24163    295
Elapsed time = 3693.54 sec. (4640403.20 ticks, tree = 3222.51 MB, solutions = 0)
Nodefile size = 1174.56 MB (960.18 MB after compression)
  24184 23786    infeasible                          749.7625  1352035                  x135_18 N  24184  24183    312
  24218 23816      766.6111   246                    749.7895  1357838                  x45_165 D  24218  24217     38
  24326 23924      792.8833   119                    749.7895  1360113                  x73_156 D  24326  24325    146
  24427 24025      797.7455   129                    749.7895  1361655                  x143_97 U  24427  24426    247
  24504 24102      805.9778    92                    749.7895  1363039                  x157_96 U  24504  24503    324
  24581 24179      820.8576   157                    749.7895  1364770                  x169_75 D  24581  24580    401
  24640 24238      773.2500   174                    749.8021  1367609                  x22_101 N  24640  24637     34
  24681 24270      756.6750   367                    749.8333  1370311                 x188_162 D  24681  24679     18
  24727 24316      788.3519   255                    749.8333  1372589                  x22_188 N  24727  24726     48
  24761 24350      826.8519   295                    749.8333  1374925                  x135_24 N  24761  24760     75
Elapsed time = 3813.52 sec. (4797692.49 ticks, tree = 3434.15 MB, solutions = 0)
Nodefile size = 1386.61 MB (1137.36 MB after compression)
  24794 24379    infeasible                          749.8333  1378851                  x185_13 N  24794  24793    102
  24840 24421      764.3750   151                    749.8375  1380046                 x189_135 U  24840  24839     27
  24886 24467      794.3333   261                    749.8375  1383755                   x52_33 N  24886  24884     54
  24923 24504      801.7500    88                    749.8375  1385909                    x3_73 N  24923  24922     78
  24975 24556      820.3000   107                    749.8375  1387470                 x135_112 D  24975  24973    108
  25023 24602      826.3731   164                    749.8375  1390415                  x75_192 D  25023  25022    148
  25072 24651      832.7500    56                    749.8375  1392678                  x173_83 N  25072  25070    186
  25117 24696      835.9000    74                    749.8375  1396012                   x192_3 D  25117  25116    222
  25159 24730      752.8514   361                    749.8424  1399287                 x101_188 D  25159  25158     12
  25265 24836      786.0739   393                    749.8424  1404490                    x59_8 N  25265  25264    118
Elapsed time = 3933.13 sec. (4953988.90 ticks, tree = 3565.46 MB, solutions = 0)
Nodefile size = 1517.57 MB (1243.24 MB after compression)
  25390 24961      833.4444   198                    749.8424  1409251                  x162_45 N  25390  25389    243
  25447 25016      766.8000   169                    749.8595  1413369                    x7_66 U  25447  25445     39
  25471 25040      774.0833   283                    749.8595  1417146                 x192_152 U  25471  25468     53
  25522 25091      790.1667   161                    749.8595  1420234                 x122_175 D  25522  25520     84
  25565 25134      801.3611   222                    749.8595  1422817                   x49_88 N  25565  25564    114
  25606 25175      752.2235   405                    749.8750  1425493                 x170_185 U  25606  25605     10
  25689 25254      754.6667   215                    749.8750  1431142                  x129_14 D  25689  25687     13
  25743 25308      786.6458   212                    749.8750  1435091                  x66_186 U  25743  25741     48
  25778 25343      798.7353   123                    749.8750  1438470                  x87_168 N  25778  25777     70
  25814 25379      827.5000    69                    749.8750  1440447                  x103_37 N  25814  25813     92
Elapsed time = 4058.61 sec. (5109975.12 ticks, tree = 3660.04 MB, solutions = 0)
Nodefile size = 1612.68 MB (1321.83 MB after compression)
  25885 25448      834.6667    40                    749.8750  1442039                 x168_197 N  25885  25883    149
  25927 25490      857.0000    52                    749.8750  1443938                   x37_75 U  25927  25925    183
  25973 25536      863.9000    92                    749.8750  1446895                 x182_155 D  25973  25972    223
  26000 25563      868.2187   154                    749.8750  1449402                    x6_26 D  26000  25999    245
  26078 25639      888.9342   397                    749.8750  1454133                  x95_107 N  26078  26077     82
  26140 25699      992.5233   371                    749.8750  1458935                  x188_37 N  26140  26138    143
  26212 25771      757.2159   287                    749.8893  1462661                  x135_16 U  26212  26210     18
  26252 25811      773.4318   229                    749.8893  1466330                  x135_87 N  26252  26249     41
  26290 25849      788.3991   281                    749.8893  1469487                   x41_73 D  26290  26288     65
  26333 25892      808.9952   261                    749.8893  1472272                  x33_197 N  26333  26331     90
Elapsed time = 4182.15 sec. (5269976.96 ticks, tree = 3783.34 MB, solutions = 0)
Nodefile size = 1735.42 MB (1422.81 MB after compression)
  26368 25927      840.6667   195                    749.8893  1474800                  x87_168 N  26368  26366    110
  26404 25961      752.2438   425                    749.8940  1476437                  x37_155 U  26404  26403     11
  26492 26049      800.0536   373                    749.8940  1481783                  x45_112 N  26492  26491     99
  26517 26070      768.8409   409                    749.9081  1486413                 x101_154 U  26517  26516     23
  26533 26086      777.1337   391                    749.9081  1490882                  x172_41 D  26533  26531     33
  26554 26105      788.9711   390                    749.9081  1495508                  x170_24 D  26554  26552     48
  26585 26132      884.5625   204                    749.9081  1499685                  x73_179 U  26585  26583     71
  26627 26174      903.9000   188                    749.9081  1502872                   x49_88 D  26627  26625     95
  26660 26207      918.8333   116                    749.9081  1504619                 x171_145 U  26660  26657    116
  26708 26255      936.2143    98                    749.9081  1505561                  x185_98 N  26708  26707    147
Elapsed time = 4304.79 sec. (5425176.31 ticks, tree = 3882.45 MB, solutions = 0)
Nodefile size = 1835.08 MB (1504.55 MB after compression)
  26760 26305      954.0833   109                    749.9081  1507353                   x75_58 N  26760  26758    186
  26802 26347      753.0500   283                    749.9167  1508497                 x179_156 U  26802   1607     11
  26835 26380      806.5040   394                    749.9167  1512707                   x154_8 N  26835  26833     34
  26869 26412    infeasible                          749.9167  1518945                 x121_154 N  26869  26867     64
  26904 26439      765.2167   231                    749.9167  1523748                 x107_162 N  26904  26902     26
  26957 26492      784.3000   145                    749.9167  1526723                  x75_112 N  26957  26955     64
  26996 26531      796.3026   256                    749.9167  1528684                 x186_118 N  26996  26994     90
  27029 26564      809.5000   111                    749.9167  1531525                  x44_158 D  27029  27027    109
  27061 26596      812.9444   105                    749.9167  1534126                  x199_53 D  27061  27059    131
  27097 26632      816.0000   158                    749.9167  1537512                   x46_11 N  27097  27096    161
Elapsed time = 4422.30 sec. (5586756.50 ticks, tree = 3956.51 MB, solutions = 0)
Nodefile size = 1909.17 MB (1564.60 MB after compression)
  27133 26668      821.4384   142                    749.9167  1540234                  x143_97 N  27133  27132    189
  27175 26710      860.5111   192                    749.9167  1542794                 x135_169 N  27175  27173    225
  27220 26755      758.1159   268                    749.9505  1546174                 x188_107 D  27220  27219     26
  27330 26865      785.3333   117                    749.9505  1550731                  x192_33 D  27330  27329    136
  27426 26961      765.3452   368                    749.9653  1553655                  x62_170 U  27426  27425     29
  27523 27054      771.8337   340                    749.9674  1557273                  x135_16 U  27523  27522     76
  27560 27085      760.2051   360                    749.9882  1561341                  x22_188 D  27560  27559     30
  27602 27127      805.0000   344                    749.9882  1564497                  x30_155 D  27602  27600     59
  27647 27172      819.8750   231                    749.9882  1567541                  x41_152 U  27647  27644     87
  27688 27213      833.0769   176                    749.9882  1570429                   x30_37 N  27688  27686    114
Elapsed time = 4547.70 sec. (5742309.15 ticks, tree = 4068.91 MB, solutions = 0)
Nodefile size = 2021.32 MB (1657.13 MB after compression)
  27727 27252      841.9750   185                    749.9882  1572094                    x64_7 U  27727  27726    140
  27760 27285      859.4611   238                    749.9882  1574906                    x33_3 N  27760  27758    164
  27822 27347      866.4825   199                    749.9882  1576195                 x175_150 N  27822  27820    214
  27863 27388      879.8444   200                    749.9882  1578080                    x72_3 N  27863  27861    246
  27898 27423      880.9236   208                    749.9882  1581027                  x172_75 U  27898  27896    271
  27942 27467      882.4750   187                    749.9882  1582936                 x142_197 D  27942  27941    305
  27985 27508      897.7333   152                    749.9882  1585654                 x123_138 U  27985  27983    342
  28070 27593      768.3889   329                    750.0000  1589062                 x172_188 D  28070  28069     82
  28185 27708      814.0000   128                    750.0000  1593168                  x88_132 D  28185  28184    197
  28237 27760      770.6250   342                    750.0000  1596656                 x179_156 U  28237  28236     32
Elapsed time = 4666.96 sec. (5897131.48 ticks, tree = 4171.87 MB, solutions = 0)
Nodefile size = 2124.25 MB (1742.17 MB after compression)
  28262 27785      799.3750   300                    750.0000  1599775                  x162_58 N  28262  28260     47
  28306 27823      756.1095   350                    750.0197  1601959                  x62_170 U  28306  28305     13
  28450 27967      791.4683   136                    750.0197  1604624                   x41_96 D  28450  28449    157
  28548 28065      809.6702   150                    750.0197  1606778                 x197_168 N  28548  28547    255
  28618 28135      764.9399   352                    750.0278  1609579                  x39_100 D  28618  28616     24
  28650 28167      803.0000   181                    750.0278  1612268                 x154_112 U  28650  28647     44
  28678 28195      811.1875   127                    750.0278  1616033                   x49_96 N  28678  28676     62
  28718 28232      760.3603   365                    750.0417  1618628                  x107_59 D  28718  28717     11
  28746 28260      795.3333   323                    750.0417  1621945                  x162_24 N  28746  28745     31
  28767 28279      847.2204   340                    750.0417  1625637                  x170_24 D  28767  28766     48
Elapsed time = 4800.21 sec. (6054802.74 ticks, tree = 4368.21 MB, solutions = 0)
Nodefile size = 2320.53 MB (1907.12 MB after compression)
  28811 28321      929.4500   264                    750.0417  1627221                 x144_185 D  28811  28809     85
  28850 28360      947.1000   274                    750.0417  1630142                  x11_162 D  28850  28849    109
  28868 28378      959.2333   246                    750.0417  1632098                 x168_103 N  28868  28866    119
  28912 28416      757.6667   208                    750.0417  1634273                 x197_181 D  28912  28910     14
  28948 28452      900.6667   317                    750.0417  1637653                 x179_172 N  28948  28946     38
  28975 28474    infeasible                          750.0417  1641995                  x191_24 N  28975  28973     59
  29101 28600      788.7138   383                    750.0461  1646071                   x58_88 D  29101  29100    133
  29215 28714      833.4583   173                    750.0461  1649214                  x172_88 N  29215  29214    247
  29300 28795      754.4712   421                    750.0500  1651374                 x170_185 D  29300  29297      8
  29362 28857      784.1771   358                    750.0500  1653823                   x24_59 D  29362  29361     54
Elapsed time = 4943.66 sec. (6213098.17 ticks, tree = 4571.95 MB, solutions = 0)
Nodefile size = 2524.56 MB (2080.37 MB after compression)
  29411 28906      827.4333   259                    750.0500  1657994                  x62_162 N  29411  29410     86
  29429 28922      879.4333   252                    750.0500  1661602                  x157_88 D  29429  29427     98
  29470 28963      901.5000    99                    750.0500  1665070                   x30_46 N  29470  29468    123
  29514 29001      758.2167   377                    750.0781  1667685                 x101_162 D  29514  29513     21
  29657 29144      789.8333   189                    750.0781  1671499                  x157_96 U  29657  29656    164
  29802 29289      750.4306   403                    750.0833  1673932                  x62_170 U  29802   6807     11
  29829 29316      771.5446   393                    750.0833  1677127                 x112_101 D  29829  29827     27
  29858 29345      795.1102   394                    750.0833  1680658                 x188_179 N  29858  29856     49
  29925 29406      770.2887   345                    750.1000  1684653                  x41_156 U  29925  29924     68
  30007 29488      788.0714   195                    750.1000  1687573                 x122_175 D  30007  30006    150
Elapsed time = 5080.77 sec. (6368997.27 ticks, tree = 4699.10 MB, solutions = 0)
Nodefile size = 2651.79 MB (2184.06 MB after compression)
  30105 29586      805.0910   320                    750.1000  1688819                  x157_96 U  30105  30104    248
  30203 29684      760.7188   399                    750.1167  1691024                 x170_185 U  30203  30202     12
  30232 29713      776.2000   362                    750.1167  1694813                  x45_134 D  30232  30230     31
  30254 29735      794.6088   360                    750.1167  1697938                 x188_162 N  30254  30252     45
  30279 29760      812.9907   330                    750.1167  1700760                 x152_192 D  30279  30278     62
  30309 29788      820.6111   323                    750.1167  1703868                    x64_7 D  30309  30307     78
  30348 29827      834.8566   313                    750.1167  1706582                  x30_103 D  30348  30346    102
  30373 29852      851.3333   193                    750.1167  1708590                 x180_152 N  30373  30371    119
  30400 29879      856.8739   208                    750.1167  1709865                   x43_65 U  30400  30399    139
  30468 29947      794.0568   272                    750.1250  1714140                 x101_188 D  30468  30467     79
Elapsed time = 5213.65 sec. (6524912.34 ticks, tree = 4835.28 MB, solutions = 0)
Nodefile size = 2787.49 MB (2300.04 MB after compression)
  30517 29992    infeasible                          750.1250  1718864                   x13_24 N  30517  30515    127
  30566 30041      769.9717   373                    750.1250  1722397                 x162_101 N  30566  30565     46
  30588 30063      797.8750   371                    750.1250  1726851                  x24_188 D  30588  30587     62
  30651 30121      774.0000   190                    750.1250  1729077                  x11_112 D  30651  30649     42
  30674 30144      786.0833   121                    750.1250  1732589                  x189_37 N  30674  30671     55
  30714 30184      796.0714   118                    750.1250  1735567                  x74_132 D  30714  30713     83
  30739 30209      802.9048   114                    750.1250  1738922                  x10_104 N  30739  30736     98
  30762 30232      807.8690   221                    750.1250  1741645                  x29_122 D  30762  30760    112
  30796 30266      819.0714   102                    750.1250  1744466                  x133_87 D  30796  30794    135
  30830 30300      828.7695   229                    750.1250  1746182                 x100_146 U  30830  30829    160
Elapsed time = 5339.42 sec. (6682513.64 ticks, tree = 4934.29 MB, solutions = 0)
Nodefile size = 2886.83 MB (2382.69 MB after compression)
  30850 30320      846.0730   166                    750.1250  1748737                   x21_31 D  30850  30848    172
  30869 30339      858.2738   247                    750.1250  1750537                  x99_130 N  30869  30868    187
  30895 30365      868.9573   210                    750.1250  1753186                  x134_33 N  30895  30893    206
  30933 30403      868.4566   246                    750.1250  1755175                  x181_55 N  30933  30931    237
  30988 30456      885.9494   162                    750.1250  1757501                  x75_103 N  30988  30987    286
  31026 30494      768.7817   386                    750.1250  1760411                  x22_101 N  31026  31024     25
  31056 30524      794.9250   366                    750.1250  1763684                 x162_101 N  31056  31053     44
  31089 30553      892.3833   293                    750.1250  1765872                  x22_172 N  31089  31087     67
  31130 30594      911.5379   311                    750.1250  1767620                 x172_181 N  31130  31129     94
  31175 30635      756.3239   422                    750.1369  1770617                    x8_59 D  31175  31174     31
Elapsed time = 5460.28 sec. (6840216.83 ticks, tree = 5042.95 MB, solutions = 0)
Nodefile size = 2995.18 MB (2473.79 MB after compression)
  31243 30699      759.9167   201                    750.1389  1774860                 x188_179 U  31243  31241     20
  31278 30734      778.6667   209                    750.1389  1776957                 x179_162 N  31278  31276     44
  31310 30760      886.6944   238                    750.1389  1780258                  x136_24 N  31310  31308     69
  31360 30804      762.4672   368                    750.1458  1782652                   x28_39 D  31360  31359     34
  31466 30910      795.3000   168                    750.1458  1785136                 x147_158 U  31466  31465    140
  31570 31014      815.4904   148                    750.1458  1787011                   x74_58 D  31570  31569    244
  31713 31157      835.7000   148                    750.1458  1788361                   x18_58 N  31713  31712    387
  31778 31222      854.9000   131                    750.1458  1789731                   x78_30 N  31778  31777    452
  31832 31276      765.9020   247                    750.1580  1792777                 x188_107 N  31832  31831     31
  31862 31306      807.7829   357                    750.1580  1796219                  x135_16 U  31862  31861     53
Elapsed time = 5588.18 sec. (6995497.05 ticks, tree = 5232.31 MB, solutions = 0)
Nodefile size = 3185.05 MB (2635.03 MB after compression)
  31898 31342      828.3333   146                    750.1580  1798036                    x7_66 D  31898  31896     76
  31924 31368      848.2292   214                    750.1580  1799505                   x33_87 N  31924  31921     90
  31958 31402      854.0833   121                    750.1580  1800677                 x124_104 N  31958  31956    112
  31992 31434      869.1708   241                    750.1580  1802001                   x73_37 N  31992  31990    138
  32051 31493      771.1250   177                    750.1667  1803717                  x73_112 N  32051  32050     57
  32114 31556      793.3750    59                    750.1667  1804768                  x165_75 N  32114  32113    120
  32211 31653      760.0000   195                    750.1667  1806780                 x112_179 U  32211  32208     12
  32274 31716      781.0333   199                    750.1667  1808529                   x88_41 D  32274  32272     58
  32328 31770      811.4628   275                    750.1667  1810627                  x192_33 N  32328  32326     91
  32367 31809      811.5000   129                    750.1667  1812822                  x155_37 U  32367  32364    117
Elapsed time = 5717.42 sec. (7154360.29 ticks, tree = 5441.80 MB, solutions = 0)
Nodefile size = 3394.46 MB (2815.06 MB after compression)
  32388 31830      846.3839   206                    750.1667  1816196                 x134_101 N  32388  32386    130
  32490 31932      776.1503   344                    750.1786  1819342                  x185_24 D  32490  32489     96
  32607 32049      756.6862   412                    750.1936  1822015                    x8_59 D  32607  32605     12
  32641 32083      842.3000   359                    750.1936  1825048                  x95_107 N  32641  32639     36
  32669 32104      755.9436   374                    750.2070  1829112                  x165_45 U  32669  32667     13
  32714 32149      768.1944   281                    750.2070  1831386                 x152_192 D  32714  32712     42
  32763 32198      781.0000   147                    750.2070  1834583                   x69_23 U  32763  32761     71
  32793 32228      799.3333   195                    750.2070  1837333                  x45_165 N  32793  32790     89
  32828 32263      802.1111   204                    750.2070  1840598                   x75_73 N  32828  32827    116
  32856 32291      803.4683   204                    750.2070  1844688                    x63_3 D  32856  32854    137
Elapsed time = 5847.02 sec. (7312204.11 ticks, tree = 5621.97 MB, solutions = 0)
Nodefile size = 3574.63 MB (2967.41 MB after compression)
  32874 32307      824.4861   184                    750.2070  1848190                  x41_156 N  32874  32872    150
  32919 32352      828.1111   143                    750.2070  1850084                  x78_152 N  32919  32917    184
  32951 32384      832.6111   197                    750.2070  1852869                   x101_8 U  32951  32949    211
  32982 32413      835.2963   162                    750.2070  1855270                 x138_116 D  32982  32980    236
  33015 32446      759.0000   121                    750.2127  1857694                  x129_14 D  33015  33013     20
  33053 32484      801.9667   179                    750.2127  1860684                  x22_154 N  33053  33051     44
  33061 32486    infeasible                          750.2127  1865746                  x24_188 N  33061  33058     48
  33166 32591      785.6000    97                    750.2375  1869139                    x41_6 N  33166  33165    112
  33223 32648      797.2690   146                    750.2375  1871080                  x52_181 D  33223  33222    169
  33330 32755      802.6000    69                    750.2375  1873094                  x181_30 D  33330  33329    276
Elapsed time = 5965.88 sec. (7470247.88 ticks, tree = 5818.16 MB, solutions = 0)
Nodefile size = 3770.33 MB (3136.61 MB after compression)
  33410 32835      763.9389   332                    750.2375  1875361                 x154_179 D  33410  33409     17
  33442 32867      784.4128   403                    750.2375  1877493                    x8_96 N  33442  33440     36
  33479 32904      805.0437   258                    750.2375  1879944                  x11_135 N  33479  33477     60
  33504 32929      817.2917   211                    750.2375  1882891                 x172_179 N  33504  33502     75
  33531 32956      817.6667   156                    750.2375  1885371                   x58_87 N  33531  33530     93
  33559 32984      830.4804   191                    750.2375  1887981                  x93_178 U  33559  33557    111
  33588 33013      838.7000    91                    750.2375  1890086                   x45_62 U  33588  33586    129
  33646 33071      763.2216   400                    750.2457  1893397                  x156_59 D  33646  33645     57
  33746 33171      812.6332   386                    750.2457  1897222                    x6_88 N  33746  33745    157
  33824 33249      758.3440   229                    750.2513  1900516                  x156_58 U  33824  33822     26
Elapsed time = 6105.99 sec. (7629049.06 ticks, tree = 6005.68 MB, solutions = 0)
Nodefile size = 3957.89 MB (3297.64 MB after compression)
  33857 33282      773.3333   146                    750.2513  1903849                 x133_192 D  33857  33856     46
  33892 33317      782.3627   175                    750.2513  1906953                  x111_10 D  33892  33890     70
  33931 33356      788.8492   138                    750.2513  1909268                    x73_3 N  33931  33930     97
  33970 33395      801.2500   132                    750.2513  1912513                  x55_112 U  33970  33968    125
  33992 33417      808.2581   150                    750.2513  1914382                  x192_46 N  33992  33990    139
  34035 33460      759.1210   397                    750.2586  1916869                  x24_188 D  34035  34034     43
  34087 33510    infeasible                          750.2586  1920809                  x45_107 N  34087  34086     95
  34112 33533      781.5424   377                    750.2619  1924615                 x188_156 N  34112  34111     23
  34144 33565      826.7389   354                    750.2619  1928239                 x188_172 U  34144  34141     47
  34157 33576    infeasible                          750.2619  1932220                  x172_24 N  34157  34155     56
Elapsed time = 6232.21 sec. (7786472.46 ticks, tree = 6126.36 MB, solutions = 0)
Nodefile size = 4078.75 MB (3398.96 MB after compression)
  34180 33591      759.4869   405                    750.2619  1936161                 x156_179 D  34180  34179     24
  34294 33703      894.0906   395                    750.2619  1939897                 x162_107 N  34294  34293    137
  34348 33751      754.1726   350                    750.2653  1943378                   x45_33 U  34348  34346     13
  34384 33787      774.3333   175                    750.2653  1946361                 x165_133 N  34384  34382     35
  34402 33805      774.8333   199                    750.2653  1947736                   x88_41 D  34402  34400     47
  34434 33837      779.2865   311                    750.2653  1950729                  x103_45 U  34434  34433     67
  34465 33868      789.0354   298                    750.2653  1953599                  x87_168 D  34465  34464     89
  34507 33910      804.6250   292                    750.2653  1956900                   x73_46 N  34507  34505    119
  34547 33950      822.5714   185                    750.2653  1959896                  x75_165 N  34547  34545    143
  34579 33982      821.6250   187                    750.2653  1962211                  x168_46 U  34579  34576    164
Elapsed time = 6358.53 sec. (7943249.28 ticks, tree = 6278.70 MB, solutions = 0)
Nodefile size = 4231.47 MB (3527.60 MB after compression)
  34626 34025      755.3750   376                    750.2839  1965494                 x156_179 U  34626  34624     10
  34657 34056      773.6148   348                    750.2839  1969787                 x188_165 U  34657  34655     33
  34693 34092      796.4901   355                    750.2839  1972248                 x179_188 U  34693  34691     57
  34720 34117      895.8896   372                    750.2839  1974921                  x49_107 N  34720  34719     76
  34732 34123    infeasible                          750.2839  1978419                  x45_165 N  34732  34730     84
  34770 34159      956.9167   292                    750.2839  1981798                 x118_199 U  34770  34769    110
  34804 34183      753.5074   393                    750.3000  1984956                 x112_179 U  34804  34802     17
  34841 34220      778.1667   223                    750.3000  1987361                 x188_162 U  34841  34839     42
  34857 34232      753.4027   423                    750.3000  1991195                  x62_170 U  34857  34856     15
  34967 34342      797.1667   189                    750.3000  1994876                  x157_95 U  34967  34966    125
Elapsed time = 6496.73 sec. (8100637.30 ticks, tree = 6370.55 MB, solutions = 0)
Nodefile size = 4322.59 MB (3603.51 MB after compression)
  35092 34467      832.6111   200                    750.3000  1997481                  x103_45 U  35092  35091    250
  35186 34559      941.7111   160                    750.3000  1999920                  x51_193 D  35186  35185    343
  35323 34696      960.9619   152                    750.3000  2001282                  x98_141 U  35323  35322    480
  35355 34724     1054.0769   139                    750.3000  2001997                  x46_156 D  35355  35354    510
  35430 34795      765.6601   393                    750.3096  2004279                  x30_155 U  35430  35428     36
  35476 34841      798.2247   346                    750.3096  2006913                  x156_24 N  35476  35474     68
  35537 34898      772.9333   241                    750.3250  2009967                  x156_41 N  35537  35536     60
  35600 34961      793.8958   170                    750.3250  2010906                 x146_118 D  35600  35599    123
  35693 35054      834.6667   134                    750.3250  2012407                   x55_46 N  35693  35692    216
  35800 35161      838.5147   249                    750.3250  2013608                  x103_30 D  35800  35799    323
Elapsed time = 6632.03 sec. (8256149.17 ticks, tree = 6700.20 MB, solutions = 0)
Nodefile size = 4653.13 MB (3885.50 MB after compression)
  35833 35194      769.0145   208                    750.3333  2016854                  x189_16 U  35833  35831     34
  35856 35217      781.1667   163                    750.3333  2018669                  x33_165 N  35856  35854     47
  35895 35256      795.0000   160                    750.3333  2020019                  x87_168 N  35895  35894     71
  35914 35275      808.7500   164                    750.3333  2021325                    x41_6 N  35914  35913     83
  35946 35307      817.4583   131                    750.3333  2022371                 x199_118 D  35946  35944    104
  35974 35335      845.7500   154                    750.3333  2023707                   x46_75 N  35974  35972    122
  36000 35361      854.4858   216                    750.3333  2025007                  x22_188 D  36000  35999    141
  36090 35447    infeasible                          750.3333  2029430                 x107_112 N  36090  36088    101
  36130 35487      794.4187   291                    750.3482  2030944                  x22_188 N  36130  36129     36
  36166 35523      808.1583   308                    750.3482  2033445                  x45_134 D  36166  36164     56
Elapsed time = 6766.04 sec. (8420750.64 ticks, tree = 6832.34 MB, solutions = 0)
Nodefile size = 4784.84 MB (3998.27 MB after compression)
  36197 35554      814.5719   258                    750.3482  2036531                  x157_95 N  36197  36194     75
  36228 35585      820.3333   189                    750.3482  2039437                  x126_18 U  36228  36226     95
  36266 35623      831.4583   214                    750.3482  2040770                  x92_178 U  36266  36264    118
  36305 35662      859.3333   165                    750.3482  2043146                  x189_30 N  36305  36303    146
  36339 35694      864.0000   129                    750.3482  2045010                  x97_142 U  36339  36337    170
  36375 35728      887.1364   119                    750.3482  2047130                   x16_88 N  36375  36373    194
  36395 35740      922.7083   160                    750.3482  2048963                  x87_126 N  36395  36393    208
  36400 35739      753.6136   336                    750.3690  2049424                   x88_59 U  36400  18005     10
  36459 35798      816.5833   401                    750.3690  2053974                 x101_154 N  36459  36458     69
  36500 35835      763.9583   387                    750.3702  2057717                  x22_188 U  36500  36498     21
Elapsed time = 6885.69 sec. (8581703.56 ticks, tree = 6939.62 MB, solutions = 0)
Nodefile size = 4891.90 MB (4087.96 MB after compression)
  36532 35867      793.9583   362                    750.3702  2060920                    x8_96 N  36532  36530     43
  36558 35893      798.0774   393                    750.3702  2064533                 x152_172 N  36558  36557     63
  36580 35915      807.2576   324                    750.3702  2067905                  x129_50 U  36580  36577     76
  36606 35941      817.9583   330                    750.3702  2071028                 x133_152 U  36606  36604     91
  36635 35970      823.9643   272                    750.3702  2072978                   x23_79 U  36635  36633    109
  36676 36011      836.6494   271                    750.3702  2074798                  x124_14 U  36676  36674    135
  36700 36035      838.7987   249                    750.3702  2076763                 x129_124 D  36700  36698    150
  36727 36062      842.3711   258                    750.3702  2078539                  x176_86 N  36727  36726    169
  36752 36087      847.7876   262                    750.3702  2081118                   x58_73 N  36752  36751    187
  36783 36118      850.0420   257                    750.3702  2083439                   x26_36 N  36783  36781    211
Elapsed time = 7017.27 sec. (8739105.11 ticks, tree = 7026.86 MB, solutions = 0)
Nodefile size = 4979.55 MB (4161.18 MB after compression)
  36800 36135      850.3303   254                    750.3702  2084183                  x155_75 D  36800  36799    224
  36838 36173      788.7147   346                    750.4359  2087131                  x165_62 N  36838  36836     38
  36865 36194      764.0697   379                    750.4417  2091748                  x62_170 D  36865  36863     16
  36902 36231      767.7798   363                    750.4417  2093716                  x59_188 N  36902  36900     43
  36930 36259      778.3365   345                    750.4417  2097077                    x2_33 D  36930  36929     60
  36965 36294      789.3333   239                    750.4417  2099570                  x192_58 N  36965  36963     83
  37002 36331      805.0833   223                    750.4417  2101600                 x105_169 U  37002  37000    108
  37030 36359      813.8333    92                    750.4417  2103574                   x58_87 N  37030  37027    126
  37068 36397      821.7361   184                    750.4417  2106079                  x73_133 N  37068  37067    150
  37110 36439      830.1901   160                    750.4417  2107098                    x33_3 N  37110  37109    186
Elapsed time = 7147.52 sec. (8905710.51 ticks, tree = 7137.31 MB, solutions = 0)
Nodefile size = 5089.57 MB (4251.52 MB after compression)
  37174 36499      768.8711   370                    750.4421  2110421                  x170_22 D  37174  37173     51
  37239 36562      877.9535   340                    750.4421  2112678                 x191_141 D  37239  37238    115
  37341 36664      903.5000   110                    750.4421  2114258                   x49_88 N  37341  37340    217
  37411 36734      762.5868   378                    750.4444  2116396                 x188_179 N  37411  37410     16
  37448 36771      783.4292   357                    750.4444  2117852                 x152_172 U  37448  37447     38
  37497 36820      800.6437   282                    750.4444  2119864                  x41_152 N  37497  37496     69
  37530 36853      813.4167   194                    750.4444  2122446                  x41_157 D  37530  37528     88
  37570 36893      821.6250   184                    750.4444  2124054                  x158_12 D  37570  37568    116
  37601 36924      831.4214   126                    750.4444  2125212                  x124_14 U  37601  37599    137
  37714 37037      790.2500   119                    750.4552  2128118                   x37_33 N  37714  37713    125
Elapsed time = 7276.87 sec. (9060977.05 ticks, tree = 7365.70 MB, solutions = 0)
Nodefile size = 5317.70 MB (4445.46 MB after compression)
  37770 37093      805.3667   201                    750.4552  2129969                  x124_14 D  37770  37769    181
  37830 37153      794.3757   429                    750.4583  2132786                    x24_8 N  37830  37828     29
  37849 37172      802.3773   421                    750.4583  2136445                 x101_168 D  37849  37848     43
  37870 37193      813.8587   399                    750.4583  2140082                  x22_101 N  37870  37868     58
  37950 37269      783.1486   331                    750.4702  2143131                  x121_24 D  37950  37949     87
  38072 37391      834.8750   146                    750.4702  2145999                  x168_41 D  38072  38071    209
  38145 37460      751.7364   433                    750.4735  2148418                 x179_165 U  38145  13403     12
  38180 37495      783.4262   426                    750.4735  2150681                  x172_24 D  38180  38179     37
  38198 37507    infeasible                          750.4735  2153515                 x121_107 U  38198  38196     50
  38289 37598      789.1000   272                    750.4975  2156455                   x96_59 N  38289  38288     98
Elapsed time = 7420.94 sec. (9216785.40 ticks, tree = 7515.02 MB, solutions = 0)
Nodefile size = 5467.25 MB (4572.65 MB after compression)
  38396 37705      812.9532   315                    750.4975  2158651                    x49_6 D  38396  38395    205
  38517 37826      839.3611   119                    750.4975  2160219                  x18_179 N  38517  38516    326
  38606 37915      755.5417   262                    750.5016  2161869                 x112_179 D  38606  38604     11
  38644 37953      808.7667   330                    750.5016  2163373                   x24_59 N  38644  38643     35
  38683 37986      778.9615   390                    750.5208  2166237                    x24_8 U  38683  38680     14
  38713 38016      822.5625   346                    750.5208  2168290                  x22_101 N  38713  38711     32
  38733 38034      877.7778   344                    750.5208  2170608                  x107_45 N  38733  38731     47
  38771 38068      773.0714   369                    750.5348  2173906                  x45_134 D  38771  38768     30
  38795 38092      789.6000   122                    750.5348  2177401                  x46_189 U  38795  38793     44
  38825 38122      799.5000    61                    750.5348  2179954                   x73_46 U  38825  38823     65
Elapsed time = 7555.24 sec. (9372313.80 ticks, tree = 7771.81 MB, solutions = 0)
Nodefile size = 5723.86 MB (4796.20 MB after compression)
  38851 38148      794.3571    94                    750.5348  2181950                  x112_59 D  38851  38849     86
  38880 38177      801.6186   258                    750.5348  2184926                 x181_103 N  38880  38879    109
  38892 38189      831.5370   225                    750.5348  2190309                 x192_197 N  38892  38890    116
  38915 38212      824.7857   100                    750.5348  2193147                 x103_155 N  38915  38913    133
  38944 38241      840.7500    71                    750.5348  2196307                  x32_197 U  38944  38942    157
  38987 38284      807.5000    35                    750.5348  2198400                  x61_151 N  38987  38985    192
  39030 38325      811.2143    71                    750.5348  2199918                   x55_32 D  39030  39028    226
  39056 38347      753.8958   382                    750.5417  2201332                 x154_101 D  39056  39055     13
  39130 38421      794.1775   440                    750.5417  2206304                 x188_101 U  39130  39129     87
  39144 38431    infeasible                          750.5417  2212282                   x45_24 N  39144  39142    100
Elapsed time = 7681.74 sec. (9545202.70 ticks, tree = 7882.96 MB, solutions = 0)
Nodefile size = 5835.44 MB (4890.34 MB after compression)
  39191 38478      766.8000   192                    750.5417  2214871                 x168_112 U  39191  39188     41
  39223 38510      776.9583   129                    750.5417  2215726                    x6_41 D  39223  39221     62
  39250 38537      784.2083   122                    750.5417  2217641                  x52_133 D  39250  39249     82
  39290 38577      818.5000   135                    750.5417  2220044                  x62_170 D  39290  39287    110
  39352 38631      760.2000   140                    750.5476  2221765                   x88_41 D  39352  39351     36
  39458 38737      778.9627   167                    750.5476  2223353                   x49_88 U  39458  39457    142
  39566 38845      784.6566   104                    750.5476  2225911                   x46_11 U  39566  39565    250
  39607 38886      809.1111    88                    750.5476  2231215                 x168_182 N  39607  39606    291
  39619 38896    infeasible                          750.5476  2236728                   x75_41 N  39619  39618    303
  39658 38933      770.6879   361                    750.5595  2239180                  x11_112 N  39658  39656     31
Elapsed time = 7812.69 sec. (9710189.33 ticks, tree = 7975.42 MB, solutions = 0)
Nodefile size = 5927.75 MB (4965.47 MB after compression)
  39689 38964      784.0556   256                    750.5595  2241333                   x49_96 N  39689  39688     52
  39710 38985      810.4722   281                    750.5595  2243758                   x52_55 N  39710  39708     63
  39724 38999      811.5741   265                    750.5595  2245376                 x152_133 N  39724  39723     72
  39763 39038      835.9830   218                    750.5595  2247894                   x52_33 N  39763  39761     98
  39794 39069      834.8250   197                    750.5595  2249876                  x147_54 D  39794  39792    118
  39821 39096      852.1771   233                    750.5595  2251833                  x105_95 N  39821  39819    135
  39842 39117      867.3958   201                    750.5595  2254062                    x3_80 N  39842  39839    147
  39880 39155      882.5028   208                    750.5595  2255522                 x135_165 N  39880  39878    172
  39906 39181      865.6111   185                    750.5595  2257151                  x60_114 N  39906  39903    191
  39928 39201    infeasible                          750.5595  2258362                 x134_172 N  39928  39926    207
Elapsed time = 7937.66 sec. (9872732.37 ticks, tree = 8076.65 MB, solutions = 0)
Nodefile size = 6028.85 MB (5050.80 MB after compression)
  39964 39237      883.3968   220                    750.5595  2260276                  x107_22 U  39964  39962    235
  40009 39278      759.6019   406                    750.5667  2262249                 x101_154 U  40009  40008     30
  40105 39374      788.6944   236                    750.5667  2265528                 x152_172 N  40105  40104    126
  40212 39481      756.9167   213                    750.5833  2267813                 x162_107 N  40212  40210     17
  40262 39531      781.5392   143                    750.5833  2269960                 x189_135 D  40262  40260     53
  40286 39555      792.8333   114                    750.5833  2271581                    x73_3 U  40286  40284     67
  40311 39580      802.3552   243                    750.5833  2273315                    x5_66 U  40311  40309     82
  40344 39613      811.5833   231                    750.5833  2274997                   x39_28 N  40344  40343    105
  40384 39653      832.3896   195                    750.5833  2277042                 x134_133 N  40384  40382    134
  40400 39669      823.7714   216                    750.5833  2278357                   x96_95 U  40400  40398    145
Elapsed time = 8068.44 sec. (10035712.96 ticks, tree = 8289.16 MB, solutions = 0)
Nodefile size = 6241.19 MB (5231.76 MB after compression)
  40490 39759      781.2611   342                    750.5957  2282215                 x179_162 D  40490  40489     97
  40560 39829      807.4444   247                    750.5957  2285447                  x129_50 D  40560  40559    167
  40615 39884      761.4615   348                    750.6023  2288399                    x8_96 U  40615  40613     15
  40648 39917      797.3750   325                    750.6023  2290839                  x162_59 U  40648  40646     39
  40665 39930    infeasible                          750.6023  2293972                  x59_188 N  40665  40662     50
  40685 39946      759.5000   172                    750.6040  2297434                   x188_8 D  40685  40684     15
  40711 39972      788.4375   314                    750.6040  2299388                 x112_101 N  40711  40709     31
  40738 39999      837.5000   299                    750.6040  2301551                  x22_170 N  40738  40736     48
  40760 40019      879.2000   212                    750.6040  2302684                  x181_24 N  40760  40758     65
  40788 40045      888.1111   196                    750.6040  2303268                  x62_103 D  40788  40786     84
Elapsed time = 8207.08 sec. (10194112.85 ticks, tree = 8369.68 MB, solutions = 0)
Nodefile size = 6322.03 MB (5298.35 MB after compression)
  40810 40063      907.6818   210                    750.6040  2304202                  x37_181 N  40810  40808     98
  40841 40088      770.0938   315                    750.6111  2306363                   x41_58 U  40841  40839     23
  40864 40111      779.0000    76                    750.6111  2309732                 x152_172 U  40864  40862     37
  40878 40125      790.5882   233                    750.6111  2313614                 x189_181 N  40878  40877     46
  40901 40148      804.9355   239                    750.6111  2315071                  x105_96 N  40901  40898     60
  40931 40178      814.7500   317                    750.6111  2316692                   x96_78 N  40931  40929     79
  40962 40209      829.7167   328                    750.6111  2318631                    x3_46 U  40962  40960     99
  40997 40244      838.8556   266                    750.6111  2320733                    x7_39 N  40997  40995    121
  41025 40272      849.5238   190                    750.6111  2322116                   x75_73 N  41025  41023    140
  41057 40304      855.5595   169                    750.6111  2324200                   x19_90 N  41057  41055    162
Elapsed time = 8339.09 sec. (10353227.61 ticks, tree = 8473.13 MB, solutions = 0)
Nodefile size = 6425.30 MB (5383.52 MB after compression)
  41084 40331      858.2361   207                    750.6111  2326604                  x134_30 D  41084  41082    181
  41105 40352      911.2348   244                    750.6111  2329616                  x101_33 N  41105  41103    198
  41138 40385      883.5732   215                    750.6111  2332120                  x103_88 N  41138  41136    225
  41165 40412      891.6825   204                    750.6111  2334019                 x107_188 N  41165  41163    247
  41202 40449      754.1250   240                    750.6111  2335623                  x135_16 D  41202   2556      7
  41290 40537      787.1210   361                    750.6111  2338524                   x49_88 U  41290  41289     95
  41356 40603      805.0685   269                    750.6111  2340535                    x3_73 N  41356  41355    161
  41411 40658      758.2500   219                    750.6125  2342815                 x155_189 U  41411  41408     16
  41453 40700      769.7857   149                    750.6125  2344444                   x37_30 N  41453  41450     42
  41495 40742      781.7200   173                    750.6125  2346207                 x133_165 N  41495  41493     68
Elapsed time = 8475.81 sec. (10515879.56 ticks, tree = 8552.38 MB, solutions = 0)
Nodefile size = 6504.68 MB (5448.02 MB after compression)
  41530 40777      790.7200   211                    750.6125  2347313                  x189_30 N  41530  41528     95
  41550 40795      821.8942   245                    750.6125  2348739                 x155_179 N  41550  41549    108
  41565 40810      857.0200   197                    750.6125  2351633                   x59_55 N  41565  41563    117
  41600 40845      866.1250   187                    750.6125  2353970                  x107_22 U  41600  41598    144
  41674 40919      778.6333   322                    750.6250  2357625                 x152_172 N  41674  41673     81
  41764 41009      814.6000   273                    750.6250  2360768                    x41_6 U  41764  41763    171
  41825 41070      762.0510   342                    750.6250  2363139                   x37_30 U  41825  41823     23
  41860 41105      783.6267   302                    750.6250  2365055                  x157_78 U  41860  41858     44
  41888 41133      800.1111   281                    750.6250  2367569                 x142_143 U  41888  41886     60
  41922 41167      804.5556   233                    750.6250  2369388                   x69_23 D  41922  41920     82
Elapsed time = 8609.49 sec. (10674637.94 ticks, tree = 8741.10 MB, solutions = 0)
Nodefile size = 6693.28 MB (5609.90 MB after compression)
  41957 41202      812.0682   182                    750.6250  2370979                   x58_88 U  41957  41955    105
  41990 41235      823.8182   196                    750.6250  2372894                 x180_133 U  41990  41988    131
  42072 41317      777.3773   406                    750.6261  2376033                  x156_41 U  42072  42071     81
  42130 41375      792.1667   260                    750.6261  2378118                  x37_168 N  42130  42129    139
  42208 41453      755.9442   346                    750.6293  2380132                  x22_188 D  42208  42206     19
  42250 41495      776.0250   292                    750.6293  2382404                  x189_37 U  42250  42248     44
  42281 41526      788.9583   192                    750.6293  2384486                 x100_146 D  42281  42278     62
  42315 41560      802.8182    99                    750.6293  2386451                  x171_50 D  42315  42312     84
  42351 41596      811.3611   114                    750.6293  2388052                 x154_101 U  42351  42350    110
  42400 41645      818.5750   161                    750.6293  2390351                   x64_28 N  42400  42399    151
Elapsed time = 8748.93 sec. (10836122.93 ticks, tree = 8916.74 MB, solutions = 0)
Nodefile size = 6868.80 MB (5759.20 MB after compression)
  42491 41734      906.9328   369                    750.6311  2393091                  x24_163 U  42491  42490     98
  42605 41848      759.5360   305                    750.6333  2395991                   x154_8 N  42605  42603     11
  42642 41885      776.3333   147                    750.6333  2397897                  x197_46 U  42642  42640     33
  42684 41927      781.5400   168                    750.6333  2399446                 x186_118 D  42684  42682     59
  42718 41961      787.9896   191                    750.6333  2402001                 x103_181 N  42718  42716     79
  42738 41981      794.3333   179                    750.6333  2403681                   x46_58 D  42738  42736     91
  42771 42014      807.4881   108                    750.6333  2406092                   x168_3 N  42771  42769    115
  42798 42041      828.4881   115                    750.6333  2408546                 x135_197 N  42798  42796    135
  42830 42073      766.5500   295                    750.6667  2411721                    x96_8 N  42830  42827     27
  42859 42102      778.8333   166                    750.6667  2413864                  x54_129 D  42859  42857     44
Elapsed time = 8886.99 sec. (10992959.13 ticks, tree = 9132.46 MB, solutions = 0)
Nodefile size = 7084.52 MB (5943.58 MB after compression)
  42895 42138      783.8333    65                    750.6667  2415715                 x198_184 U  42895  42893     70
* 42961 42202      integral     0      794.0000      750.6667  2416202    5.46%
  42965 42205      790.9091    51      794.0000      750.6667  2416213    5.46%         x174_25 N  42965  42964    131
  42998 42225      791.3125    35      794.0000      750.6667  2416269    5.46%         x82_161 D  42998  42997    163
  43040 42266      767.0000   116      794.0000      750.6806  2417486    5.46%         x156_73 D  43040  43039     50
  43073 42299      774.5000   115      794.0000      750.6806  2419950    5.46%        x112_179 N  43073  43072     83
  43115 42341      777.9444    87      794.0000      750.6806  2421596    5.46%        x156_133 D  43115  43114    125
  43140 42366      783.2778   119      794.0000      750.6806  2423708    5.46%        x134_165 D  43140  43139    150
  43169 42395      789.6405   158      794.0000      750.6806  2426355    5.46%        x101_179 D  43169  43168    179
  43203 42429      755.5556   299      794.0000      750.6806  2427399    5.46%        x112_156 D  43203  43202      9
  43247 42473      769.5101   399      794.0000      750.6806  2429256    5.46%         x95_162 D  43247  43246     53
Elapsed time = 8990.37 sec. (11149309.20 ticks, tree = 9194.67 MB, solutions = 1)
Nodefile size = 7146.71 MB (5995.26 MB after compression)
  43282 42508      787.3000   251      794.0000      750.6806  2431389    5.46%         x41_162 D  43282  43281     88
  43324 42547      765.1000   172      794.0000      750.7167  2434290    5.45%         x165_33 D  43324  43323     34
  43345 42568      773.9764   334      794.0000      750.7167  2437565    5.45%        x197_181 D  43345  43344     55
  43371 42594      783.6667   170      794.0000      750.7167  2440388    5.45%         x135_87 D  43371  43370     81
  43407 42626      754.5500   403      794.0000      750.7174  2441937    5.45%        x112_156 D  43407  43406     13
  43451 42670      767.8489   397      794.0000      750.7174  2443965    5.45%         x179_22 D  43451  43450     57
  43489 42708      789.2275   336      794.0000      750.7174  2445944    5.45%        x155_189 D  43489  43488     95
  43519 42734      770.9952   296      794.0000      750.7250  2448445    5.45%         x45_134 D  43519  43517     26
  43542 42757      783.6250   296      794.0000      750.7250  2451133    5.45%        x134_155 D  43542  43540     41
  43562 42773        cutoff            794.0000      750.7250  2452533    5.45%        x192_152 D  43562  43561     54
Elapsed time = 9106.87 sec. (11305933.81 ticks, tree = 9211.73 MB, solutions = 1)
Nodefile size = 7163.33 MB (6007.47 MB after compression)
  43598 42807      764.9683   375      794.0000      750.7292  2455145    5.45%         x112_22 D  43598  43597     44
  43626 42835      771.4744   383      794.0000      750.7292  2456822    5.45%        x162_107 D  43626  43625     72
  43660 42865      756.1961   329      794.0000      750.7292  2459039    5.45%         x45_134 U  43660  43659     22
  43693 42898      768.8444   237      794.0000      750.7292  2461384    5.45%         x129_50 D  43693  43692     55
  43723 42928      779.0952   241      794.0000      750.7292  2463808    5.45%         x186_66 U  43723  43722     85
  43760 42959      758.7628   387      794.0000      750.7292  2466190    5.45%         x179_62 U  43760  43759     17
  43795 42994      771.4833   331      794.0000      750.7292  2469045    5.45%          x33_45 D  43795  43794     52
  43827 43026      783.2377   331      794.0000      750.7292  2471449    5.45%        x189_135 U  43827  43826     84
  43869 43065      753.7917   304      794.0000      750.7372  2473946    5.45%         x155_30 D  43869  43868     17
  43909 43105      767.4815   289      794.0000      750.7372  2476153    5.45%          x50_14 D  43909  43908     57
Elapsed time = 9232.10 sec. (11462115.94 ticks, tree = 9326.59 MB, solutions = 1)
Nodefile size = 7279.03 MB (6104.77 MB after compression)
  43947 43143      780.0548   272      794.0000      750.7372  2478406    5.45%        x172_165 N  43947  43946     95
  43991 43184        cutoff            794.0000      750.7372  2480196    5.45%        x147_158 U  43991  43990    139
  44014 43207      766.1000   230      794.0000      750.7396  2482810    5.45%        x172_156 U  44014  44011     28
  44050 43243      784.5476   308      794.0000      750.7396  2484221    5.45%        x189_197 N  44050  44049     50
  44083 43270      759.2071   401      794.0000      750.7411  2485897    5.45%         x58_156 D  44083  44082     23
  44117 43304      771.7899   326      794.0000      750.7411  2488039    5.45%         x58_112 D  44117  44116     57
  44148 43335      780.4762   245      794.0000      750.7411  2489724    5.45%          x75_58 N  44148  44147     88
  44175 43362      790.3111   112      794.0000      750.7411  2491229    5.45%        x133_180 N  44175  44174    115
  44205 43389      777.5507   337      794.0000      750.7500  2493345    5.45%         x41_156 D  44205  44204     29
  44254 43432      759.8760   363      794.0000      750.7567  2495099    5.45%        x170_107 D  44254  44253     46
Elapsed time = 9347.08 sec. (11618445.63 ticks, tree = 9461.41 MB, solutions = 1)
Nodefile size = 7413.45 MB (6218.01 MB after compression)
  44277 43453      783.0833   332      794.0000      750.7567  2498005    5.45%           x49_8 D  44277  44276     68
  44314 43487        cutoff            794.0000      750.7567  2499749    5.45%         x11_101 D  44314  44313    105
  44354 43525      763.7364   418      794.0000      750.7639  2502214    5.45%        x155_189 D  44354  44353     45
  44397 43568      773.9935   359      794.0000      750.7639  2504241    5.45%           x7_64 D  44397  44396     88
  44428 43599      786.9653   281      794.0000      750.7639  2506673    5.45%          x101_8 D  44428  44427    119
  44458 43623      765.7917   225      794.0000      750.7672  2509008    5.44%        x188_179 U  44458  44456     21
  44480 43641      754.1119   333      794.0000      750.7917  2511120    5.44%        x154_112 D  44480  44479     19
  44525 43686      781.0536   359      794.0000      750.7917  2513786    5.44%          x96_24 D  44525  44524     64
  44566 43723      759.4373   424      794.0000      750.7917  2515155    5.44%        x154_112 U  44566  44565     19
  44610 43767      777.5500   306      794.0000      750.7917  2516564    5.44%          x156_8 D  44610  44609     63
Elapsed time = 9467.41 sec. (11773826.00 ticks, tree = 9556.75 MB, solutions = 1)
Nodefile size = 7508.85 MB (6297.36 MB after compression)
  44649 43802      752.8750   204      794.0000      750.7974  2518921    5.44%        x101_162 D  44649  44648     14
  44712 43865      784.6250   200      794.0000      750.7974  2520665    5.44%         x172_24 D  44712  44711     77
  44775 43924      765.3500   360      794.0000      750.8056  2523240    5.44%         x59_162 D  44775  44774     66
  44803 43952      790.2917   327      794.0000      750.8056  2525292    5.44%          x8_162 D  44803  44802     94
  44821 43966      762.2623   382      794.0000      750.8154  2529052    5.44%        x156_179 U  44821  44818     17
  44841 43986      788.2917   231      794.0000      750.8154  2530618    5.44%        x162_112 D  44841  44840     30
  44886 44028      764.1358   264      794.0000      750.8155  2532157    5.44%          x172_8 D  44886  44885     50
  44921 44063      791.6667   140      794.0000      750.8155  2534274    5.44%         x155_30 U  44921  44920     85
  44955 44094      765.8750   406      794.0000      750.8167  2536876    5.44%         x156_59 D  44955  44954     41
  44990 44129      783.4444   340      794.0000      750.8167  2538815    5.44%        x185_107 D  44990  44989     76
Elapsed time = 9594.55 sec. (11929861.22 ticks, tree = 9728.32 MB, solutions = 1)
Nodefile size = 7680.55 MB (6442.63 MB after compression)
  45054 44189      758.7396   291      794.0000      750.8277  2540133    5.44%         x170_24 D  45054  45053     54
  45091 44222      754.3438   383      794.0000      750.8333  2542598    5.44%        x185_163 U  45091  45090     20
  45126 44257      769.3019   416      794.0000      750.8333  2544827    5.44%         x101_24 D  45126  45125     55
  45156 44287      782.3873   404      794.0000      750.8333  2547364    5.44%         x162_22 N  45156  45155     85
  45188 44315      763.3333   134      794.0000      750.8333  2550345    5.44%          x16_11 D  45188  45185     29
  45200 44327      766.3333   115      794.0000      750.8333  2552282    5.44%         x133_58 D  45200  45199     38
  45220 44347      774.3333   123      794.0000      750.8333  2554419    5.44%        x171_196 U  45220  45218     51
  45231 44358      777.8333   121      794.0000      750.8333  2556528    5.44%          x33_87 N  45231  45230     58
  45250 44377      792.8333   108      794.0000      750.8333  2558393    5.44%        x181_135 N  45250  45248     71
Starting limited solution polishing.
  45308 44429      759.0633   230      794.0000      750.8333  2559415    5.44%        x162_154 D  45308  45307     57
Elapsed time = 9727.28 sec. (12099706.96 ticks, tree = 9874.30 MB, solutions = 1)
Nodefile size = 7826.49 MB (6565.74 MB after compression)
  45337 44454      753.4444   290      794.0000      750.8365  2562359    5.44%         x179_62 D  45337  12004     15
  45383 44500      767.6667   168      794.0000      750.8365  2564632    5.44%        x197_181 D  45383  45382     61
  45423 44540      776.7778   229      794.0000      750.8365  2566327    5.44%         x179_41 D  45423  45422    101
  45465 44582      789.5897   221      794.0000      750.8365  2568092    5.44%          x55_58 D  45465  45464    143
  45501 44612      762.7292   346      794.0000      750.8571  2569845    5.43%           x59_8 U  45501  45500     34
  45530 44641      772.0091   355      794.0000      750.8571  2572142    5.43%         x156_58 D  45530  45529     63
  45564 44675      779.2500   318      794.0000      750.8571  2574477    5.43%        x186_118 D  45564  45563     97
  45600 44711      786.0909   329      794.0000      750.8571  2576082    5.43%        x152_156 D  45600  45599    133
  45640 44747      758.6953   401      794.0000      750.8611  2578190    5.43%        x162_165 D  45640  45639     21
  45689 44796      770.8364   383      794.0000      750.8611  2580456    5.43%        x107_188 D  45689  45688     70
Elapsed time = 9850.12 sec. (12259998.05 ticks, tree = 10050.47 MB, solutions = 1)
Nodefile size = 8002.81 MB (6713.33 MB after compression)
  45714 44817      757.4583   216      794.0000      750.8646  2582923    5.43%        x155_189 D  45714  45712     17
  45734 44837      770.2500    93      794.0000      750.8646  2585661    5.43%          x37_30 U  45734  45731     28
  45761 44862        cutoff            794.0000      750.8646  2587336    5.43%          x75_73 N  45761  45759     45
  45799 44886      760.0917   382      794.0000      750.8686  2588459    5.43%         x95_107 D  45799  45798     22
  45833 44920      777.5556   162      794.0000      750.8686  2589974    5.43%          x21_54 D  45833  45832     56
  45870 44957      790.8056   186      794.0000      750.8686  2591303    5.43%         x52_181 D  45870  45869     93
  45910 44994      763.9551   234      794.0000      750.8750  2593169    5.43%         x95_105 D  45910  45909     42
  45947 45031      778.7464   258      794.0000      750.8750  2595407    5.43%          x58_88 N  45947  45946     79
  45997 45077      759.1250   272      794.0000      750.8750  2596634    5.43%         x112_62 D  45997  45996     19
  46038 45118      767.1000   111      794.0000      750.8750  2597872    5.43%         x179_62 U  46038  46037     60
Elapsed time = 9963.80 sec. (12417512.68 ticks, tree = 10083.63 MB, solutions = 1)
Nodefile size = 8035.74 MB (6740.27 MB after compression)
  46065 45145      775.1667   189      794.0000      750.8750  2599572    5.43%         x45_133 D  46065  46064     87
  46105 45185      786.0000   108      794.0000      750.8750  2600478    5.43%          x46_33 N  46105  46104    127
  46163 45239      764.7614   364      794.0000      750.8755  2601894    5.43%        x101_154 U  46163  46162     33
  46200 45276      780.4250   258      794.0000      750.8755  2603892    5.43%         x22_112 D  46200  46199     70
  46229 45301      762.2885   257      794.0000      750.8817  2606367    5.43%         x172_41 U  46229  46227     25
  46255 45327      774.0381   249      794.0000      750.8817  2608578    5.43%         x100_39 U  46255  46252     39
  46279 45351      781.0236   342      794.0000      750.8817  2610911    5.43%        x152_172 N  46279  46277     55
  46296 45368      782.7708   174      794.0000      750.8817  2613484    5.43%          x88_75 N  46296  46294     65
  46333 45401      754.2917   242      794.0000      750.8917  2614961    5.43%        x112_154 U  46333  46332     15
  46373 45441      767.5417   226      794.0000      750.8917  2617006    5.43%           x22_8 D  46373  46372     55
Elapsed time = 10087.12 sec. (12577610.07 ticks, tree = 10214.41 MB, solutions = 1)
Nodefile size = 8166.79 MB (6851.22 MB after compression)
  46400 45468      773.3540   389      794.0000      750.8917  2618501    5.43%         x101_33 D  46400  46399     82
  46428 45496      782.8154   366      794.0000      750.8917  2621230    5.43%        x101_155 D  46428  46427    110
  46475 45539      755.0028   358      794.0000      750.9020  2623029    5.43%          x8_112 D  46475  46474     28
  46513 45573        cutoff            794.0000      750.9020  2626247    5.43%        x191_107 U  46513  46511     65
  46564 45624      770.0147   392      794.0000      750.9107  2627402    5.43%        x162_170 D  46564  46563     64
  46597 45657      782.6932   398      794.0000      750.9107  2629056    5.43%          x96_49 U  46597  46596     97
  46643 45703      788.6535   341      794.0000      750.9107  2630161    5.43%         x162_58 D  46643  46642    143
  46675 45731      763.0413   390      794.0000      750.9167  2632222    5.43%         x107_59 D  46675  46674     26
  46713 45769      775.5833   343      794.0000      750.9167  2634197    5.43%         x188_22 N  46713  46712     64
  46741 45794      762.7371   437      794.0000      750.9167  2636739    5.43%          x8_162 U  46741  46739     27
Elapsed time = 10214.52 sec. (12738855.83 ticks, tree = 10371.46 MB, solutions = 1)
Nodefile size = 8323.49 MB (6984.03 MB after compression)
  46765 45818      788.4481   385      794.0000      750.9167  2639538    5.43%         x45_134 D  46765  46762     43
  46787 45830      756.7500   299      794.0000      750.9167  2642224    5.43%        x156_179 D  46787  46786     17
  46817 45860      770.3333   267      794.0000      750.9167  2643933    5.43%          x41_58 D  46817  46816     47
  46860 45903      783.9167   220      794.0000      750.9167  2645891    5.43%         x30_155 D  46860  46859     90
  46898 45939      792.5810   344      794.0000      750.9167  2647819    5.43%         x172_58 U  46898  46896    127
  46930 45967      762.2648   356      794.0000      750.9250  2649762    5.43%          x33_46 D  46930  46929     39
  46963 46000      770.6944   220      794.0000      750.9250  2651930    5.43%          x49_88 N  46963  46962     72
  46990 46027      779.1111   248      794.0000      750.9250  2653448    5.43%         x199_39 U  46990  46989     99
  47024 46061      787.5139   222      794.0000      750.9250  2654341    5.43%         x111_10 U  47024  47023    133
  47070 46101      758.0569   396      794.0000      750.9370  2656002    5.42%        x162_179 D  47070  47069     27
Elapsed time = 10324.80 sec. (12894574.14 ticks, tree = 10398.71 MB, solutions = 1)
Nodefile size = 8350.92 MB (7005.37 MB after compression)
  47121 46152      769.4792   385      794.0000      750.9370  2657999    5.42%         x45_188 D  47121  47120     78
  47144 46171      762.5686   273      794.0000      750.9607  2661203    5.42%        x162_107 D  47144  47143     26
  47177 46204      775.8486   388      794.0000      750.9607  2663239    5.42%          x156_8 D  47177  47176     59
  47210 46237      786.2619   173      794.0000      750.9607  2665179    5.42%          x33_46 D  47210  47209     92
  47242 46265      757.8625   392      794.0000      750.9671  2667598    5.42%        x101_154 U  47242  47241     22
  47262 46285      772.8083   377      794.0000      750.9671  2670064    5.42%        x112_179 N  47262  47260     34
  47291 46312      789.8034   387      794.0000      750.9671  2672284    5.42%         x172_41 D  47291  47290     53
  47341 46358      766.3964   378      794.0000      750.9931  2673237    5.42%         x22_179 D  47341  47340     55
  47377 46394      782.6686   359      794.0000      750.9931  2675057    5.42%          x52_33 D  47377  47376     91
  47407 46424      792.0556   330      794.0000      750.9931  2677106    5.42%         x189_37 D  47407  47406    121
Elapsed time = 10447.33 sec. (13048601.81 ticks, tree = 10507.35 MB, solutions = 1)
Nodefile size = 8459.39 MB (7097.14 MB after compression)
  47467 46480      765.1667   384      794.0000      750.9946  2678848    5.42%         x45_165 D  47467  47466     65
  47500 46513      786.2963   205      794.0000      750.9946  2680563    5.42%          x45_33 D  47500  47499     98
  47546 46553      762.1726   355      794.0000      750.9964  2682428    5.42%         x162_22 U  47546  47545     40
  47576 46579        cutoff            794.0000      750.9964  2685069    5.42%           x8_24 U  47576  47574     69
  47605 46608      760.1376   405      794.0000      750.9985  2685860    5.42%          x24_59 D  47605  47604     41
  47658 46660      784.3125   364      794.0000      750.9985  2687117    5.42%         x96_188 D  47658  47657     94
  47690 46688      769.4531   343      794.0000      751.0056  2690103    5.41%         x52_181 U  47690  47688     19
  47710 46708      775.9459   388      794.0000      751.0056  2692593    5.41%          x45_33 D  47710  47709     31
  47735 46733      787.3202   289      794.0000      751.0056  2695224    5.41%          x49_58 N  47735  47733     46
  47752 46750      791.2708   342      794.0000      751.0056  2697923    5.41%         x73_112 N  47752  47749     56
Elapsed time = 10579.28 sec. (13210247.11 ticks, tree = 10585.06 MB, solutions = 1)
Nodefile size = 8536.67 MB (7161.12 MB after compression)
  47778 46770      762.5530   430      794.0000      751.0083  2700283    5.41%          x8_112 D  47778  47777     27
  47820 46812      771.4821   408      794.0000      751.0083  2701368    5.41%          x162_8 D  47820  47819     69
  47856 46848      783.0298   433      794.0000      751.0083  2703680    5.41%        x188_155 D  47856  47855    105
  47884 46871      761.7025   397      794.0000      751.0208  2706691    5.41%          x8_179 D  47884  47883     27
  47930 46917      774.0268   390      794.0000      751.0208  2708160    5.41%        x170_107 D  47930  47929     73
  47976 46959      763.6808   351      794.0000      751.0250  2710209    5.41%        x112_154 D  47976  47975     45
  48006 46989      785.6474   355      794.0000      751.0250  2711817    5.41%        x101_154 D  48006  48005     75
  48058 47037      767.0179   360      794.0000      751.0268  2713641    5.41%          x162_8 D  48058  48057     57
  48097 47076      777.8400   349      794.0000      751.0268  2715546    5.41%         x188_37 D  48097  48096     96
  48128 47103      754.6024   426      794.0000      751.0417  2717206    5.41%        x165_170 U  48128  48126     10
Elapsed time = 10705.10 sec. (13365120.81 ticks, tree = 10705.98 MB, solutions = 1)
Nodefile size = 8658.74 MB (7264.10 MB after compression)
  48153 47128      768.8333   164      794.0000      751.0417  2719417    5.41%          x37_30 U  48153  48150     24
  48188 47163      773.5000   120      794.0000      751.0417  2720817    5.41%         x87_133 N  48188  48187     48
  48212 47187      777.6071   153      794.0000      751.0417  2722006    5.41%        x168_112 N  48212  48210     65
  48243 47218      785.0000   100      794.0000      751.0417  2723506    5.41%         x168_46 D  48243  48242     89
  48269 47232      792.8333   114      794.0000      751.0417  2725729    5.41%         x103_45 D  48269  48268    107
  48329 47290      764.7546   331      794.0000      751.0417  2726927    5.41%        x185_107 D  48329  48328     68
  48364 47321      754.4000   194      794.0000      751.0577  2728609    5.41%          x101_8 D  48364  48363     14

Zero-half cuts applied:  11
Gomory fractional cuts applied:  2
User cuts applied:  70913

Root node processing (before b&c):
  Real time             =    2.78 sec. (5856.71 ticks)
Sequential b&c:
  Real time             = 10797.25 sec. (13482235.31 ticks)
                          ------------
Total (root+branch&cut) = 10800.03 sec. (13488092.02 ticks)
