Version identifier: 22.1.0.0 | 2022-03-09 | 1a383f8ce
CPXPARAM_Preprocessing_Reduce                    1
CPXPARAM_Threads                                 1
CPXPARAM_Preprocessing_Reformulations            0
CPXPARAM_TimeLimit                               10800
CPXPARAM_MIP_Tolerances_AbsMIPGap                0.999
CPXPARAM_MIP_Limits_TreeMemory                   20000
Legacy callback                                  BbLUID
         Disabling repeat represolve because of lazy constraint/incumbent callback.
1 of 1 MIP starts provided solutions.
MIP start 'm1' defined initial solution with objective 763.0000.
Tried aggregator 2 times.
MIP Presolve eliminated 514 rows and 1 columns.
MIP Presolve modified 55 coefficients.
Aggregator did 5 substitutions.
Reduced MIP has 149 rows, 1169 columns, and 2969 nonzeros.
Reduced MIP has 1169 binaries, 0 generals, 0 SOSs, and 0 indicators.
Presolve time = 0.00 sec. (1.82 ticks)
Probing time = 0.00 sec. (2.32 ticks)
Clique table members: 149.
MIP emphasis: balance optimality and feasibility.
MIP search method: traditional branch-and-cut.
Parallel mode: none, using 1 thread.
Root relaxation solution time = 0.00 sec. (1.22 ticks)

        Nodes                                         Cuts/
   Node  Left     Objective  IInf  Best Integer    Best Bound    ItCnt     Gap         Variable B NodeID Parent  Depth

*     0+    0                          763.0000       61.0000            92.01%
      0     0      446.0000    22      763.0000      436.0000      150   42.86%
      0     0      446.6667    24      763.0000       Cuts: 5      169   41.46%
      0     0      447.0000    39      763.0000      Cuts: 16      185   41.42%
      0     0      447.0000    35      763.0000      Cuts: 21      188   41.42%
      0     0      447.0000    18      763.0000      Cuts: 12      195   41.42%
      0     0      447.0000     8      763.0000       User: 1      199   41.42%
      0     0      447.0000    10      763.0000       Cuts: 4      208   41.42%
      0     0      447.0000    22      763.0000       User: 2      229   41.42%
      0     0      447.0000    12      763.0000       User: 1      241   41.42%
      0     0      447.0000    30      763.0000       User: 3      255   41.42%
      0     0      447.0000     8      763.0000       User: 1      259   41.42%
      0     0      447.0000    27      763.0000       User: 1      268   41.42%
      0     0      447.0000    12      763.0000       User: 6      271   41.42%
      0     0      447.0000    12      763.0000       User: 1      272   41.42%
      0     0      447.0000    26      763.0000       User: 1      274   41.42%
      0     0      447.0000    24      763.0000       User: 1      283   41.42%
      0     0      447.0000    24      763.0000       User: 1      291   41.42%
      0     0      447.0000    12      763.0000       User: 4      293   41.42%
      0     0      447.0000    22      763.0000       User: 1      296   41.42%
      0     0      447.0000    33      763.0000       User: 1      315   41.42%
      0     0      447.0000    20      763.0000      User: 10      320   41.42%
      0     0      447.0000    20      763.0000       User: 1      321   41.42%
      0     0      447.0000    20      763.0000       User: 4      323   41.42%
      0     0      447.0000    20      763.0000       User: 4      325   41.42%
      0     0      447.0000    31      763.0000       User: 6      329   41.42%
      0     0      447.0000    12      763.0000       User: 1      329   41.42%
      0     0      447.0000    20      763.0000       User: 1      334   41.42%
      0     0      447.0000    14      763.0000       User: 1      342   41.42%
      0     0      447.0000    22      763.0000      User: 12      347   41.42%
      0     0      447.0000    19      763.0000       User: 1      348   41.42%
      0     0      447.0000    14      763.0000       User: 1      360   41.42%
      0     0      447.0000    22      763.0000       User: 1      365   41.42%
      0     0      447.0000    28      763.0000       User: 1      380   41.42%
      0     0      447.0000    20      763.0000       User: 5      380   41.42%
      0     0      447.0000    40      763.0000       User: 1      394   41.42%
      0     0      447.0000    14      763.0000       User: 1      407   41.42%
      0     0      447.0000    12      763.0000       User: 1      430   41.42%
      0     0      447.0000    30      763.0000       User: 1      449   41.42%
      0     0      447.0000    36      763.0000       User: 1      461   41.42%
      0     0      447.0000    12      763.0000       User: 4      461   41.42%
      0     0      447.0000    25      763.0000       User: 1      470   41.42%
      0     0      447.0000    22      763.0000       User: 1      475   41.42%
      0     0      447.0000    12      763.0000      User: 11      475   41.42%
      0     0      447.0000    12      763.0000       User: 1      488   41.42%
      0     0      447.0000    24      763.0000       User: 1      492   41.42%
      0     0      447.0000    47      763.0000       User: 1      504   41.42%
      0     0      447.3333    40      763.0000       User: 2      521   41.37%
      0     0      447.3333    50      763.0000       User: 9      529   41.37%
      0     0      447.3333    35      763.0000       User: 5      533   41.37%
      0     0      447.3333    28      763.0000       User: 2      538   41.37%
      0     0      447.3333    32      763.0000       User: 1      549   41.37%
      0     0      447.3333    16      763.0000       User: 4      549   41.37%
      0     0      447.3333    41      763.0000       User: 2      574   41.37%
      0     0      447.3333    48      763.0000       User: 8      593   41.37%
      0     0      447.3333    38      763.0000       User: 5      593   41.37%
      0     0      447.3333    49      763.0000       User: 1      606   41.37%
      0     0      447.3333    33      763.0000       User: 5      606   41.37%
      0     0      447.3333    30      763.0000       User: 2      609   41.37%
      0     0      447.3333    30      763.0000       User: 1      616   41.37%
      0     0      447.3333    40      763.0000       User: 1      618   41.37%
      0     0      447.3333    38      763.0000       User: 1      631   41.37%
      0     0      447.3333    49      763.0000       User: 1      641   41.37%
      0     0      447.3333    47      763.0000       User: 8      650   41.37%
      0     0      447.3333    47      763.0000       User: 1      660   41.37%
      0     0      447.3333    40      763.0000       User: 1      670   41.37%
      0     0      447.3333    39      763.0000       User: 1      671   41.37%
      0     0      447.3333    43      763.0000       User: 1      682   41.37%
      0     0      447.3333    53      763.0000       User: 1      690   41.37%
      0     0      447.3333    30      763.0000       User: 1      692   41.37%
      0     0      447.3333    46      763.0000       User: 1      703   41.37%
      0     0      447.3333    45      763.0000       User: 1      725   41.37%
      0     0      447.3333    43      763.0000       User: 1      726   41.37%
      0     0      447.3333    52      763.0000       User: 1      727   41.37%
      0     2      447.3333    52      763.0000      447.5000      727   41.35%                        0             0
Elapsed time = 0.81 sec. (1325.71 ticks, tree = 0.01 MB, solutions = 1)
     20    22      453.0000    46      763.0000      448.0000     1317   41.28%          x50_39 N     20     19     15
     67    69      467.4286    71      763.0000      448.0000     1956   41.28%          x48_50 D     67     66     58
    127   121      452.6250    67      763.0000      448.2500     2500   41.25%          x40_39 D    127    126     35
    210   194      481.8000    40      763.0000      448.7500     3125   41.19%          x40_38 N    210    209     40
    275   251    infeasible            763.0000      449.0000     3955   41.15%          x40_50 N    275    273     49
    334   310      503.3333    57      763.0000      449.0000     4709   41.15%          x37_32 D    334    333     66
    384   354      483.6667    45      763.0000      449.0000     5598   41.15%          x45_48 N    384    383     37
    448   404      480.4444    64      763.0000      449.5000     6547   41.09%          x48_42 N    448    447     11
    507   455      457.5000    34      763.0000      449.7500     7495   41.06%          x38_37 D    507    506     20
    800   723      461.3333    65      763.0000      450.3333    10042   40.98%          x40_32 N    800    799      9
Elapsed time = 3.53 sec. (4607.62 ticks, tree = 1.71 MB, solutions = 1)
    980   893      472.2308    37      763.0000      450.5000    12417   40.96%          x29_13 D    980    979     48
   1103  1016      473.8182    36      763.0000      450.5000    12687   40.96%            x4_5 D   1103   1102    171
   1248  1151    infeasible            763.0000      450.6667    13820   40.93%          x40_38 N   1248   1246     50
   1410  1313      459.8727    40      763.0000      450.8000    14638   40.92%          x35_48 D   1410   1409    169
   1685  1564    infeasible            763.0000      451.0000    17206   40.89%          x37_32 N   1685   1684     53
   2006  1864      477.2857    35      763.0000      451.0000    19474   40.89%           x5_14 D   2006   2005    173
   2382  2230      483.0000    20      763.0000      451.3333    21044   40.85%          x30_10 D   2382   2381     21
   2486  2330      500.5000    27      763.0000      451.5000    22273   40.83%          x38_48 N   2486   2485     74
   2672  2493      456.2000    44      763.0000      452.0000    24645   40.76%          x49_51 U   2672     16     13
   3054  2860      487.8333    51      763.0000      452.3333    27477   40.72%          x48_45 N   3054   3053     32
Elapsed time = 10.39 sec. (14198.48 ticks, tree = 7.33 MB, solutions = 1)
   3276  3068      466.1724    43      763.0000      452.5000    29214   40.69%          x20_28 D   3276   3275    129
   3480  3266      465.0000    34      763.0000      452.5000    30033   40.69%          x18_13 D   3480   3479    104
   3670  3452      499.3333    27      763.0000      452.6000    30681   40.68%          x15_13 D   3670   3669     80
   3832  3606      469.5000    50      763.0000      452.7500    31447   40.66%          x47_46 N   3832   3831     20
   4091  3853      493.5000    42      763.0000      452.8333    32706   40.65%          x42_37 N   4091   4090     42
   4251  3997      553.0000    15      763.0000      452.9310    34347   40.64%          x17_29 U   4251   4250     73
   4400  4146      562.0000    28      763.0000      452.9310    34815   40.64%          x13_20 D   4400   4399    210
   4685  4421    infeasible            763.0000      453.0000    36243   40.63%          x35_21 N   4685   4684    242
   4805  4530      471.0000    26      763.0000      453.0000    37306   40.63%          x15_26 N   4805   4804     80
   4937  4654      554.0000    20      763.0000      453.0000    39120   40.63%          x36_37 U   4937   4936     76
Elapsed time = 17.04 sec. (24002.54 ticks, tree = 18.90 MB, solutions = 1)
   4978  4695      618.6667    19      763.0000      453.0000    39409   40.63%          x28_11 U   4978   4977    117
   5012  4727      712.3333    14      763.0000      453.0000    39547   40.63%          x20_21 D   5012   5010    150
   5070  4772      527.3750    39      763.0000      453.0000    40157   40.63%           x7_21 D   5070   5069     49
   5199  4873    infeasible            763.0000      453.2000    41527   40.60%          x43_41 N   5199   5197     49
   5295  4961      486.0000    24      763.0000      453.3333    42865   40.59%          x30_31 D   5295   5294     53
   5362  5028      516.1250    33      763.0000      453.3333    43236   40.59%          x35_13 N   5362   5361    120
   5481  5137      474.5500    45      763.0000      453.3333    44271   40.59%           x27_5 U   5481   5479     26
   5600  5256      482.0909    41      763.0000      453.3333    45131   40.59%          x14_19 D   5600   5599    138
   5699  5347    infeasible            763.0000      453.3333    45748   40.59%          x43_46 N   5699   5698    225
   5840  5472      526.7115    57      763.0000      453.5000    47520   40.56%           x5_26 D   5840   5839     70
Elapsed time = 22.90 sec. (33979.51 ticks, tree = 19.93 MB, solutions = 1)
   6034  5658      460.0167    81      763.0000      453.5000    48395   40.56%          x49_50 N   6034   6033     20
   6128  5742      487.6667    50      763.0000      453.5000    50163   40.56%          x43_42 D   6128   6127     42
   6272  5882      492.3636    40      763.0000      453.5000    51612   40.56%          x11_29 D   6272   6271    148
   6424  6031      485.4000    78      763.0000      453.5000    52751   40.56%          x37_39 D   6424   6423     70
   6640  6242      459.3333    49      763.0000      453.5000    54307   40.56%          x46_51 D   6640   6639     17
   6800  6400      565.0000    33      763.0000      453.5000    55620   40.56%          x16_30 D   6800   6799    176
   6962  6558      485.0000    21      763.0000      453.5000    57138   40.56%          x12_13 U   6962   6961     59
   7055  6651      487.1667    31      763.0000      453.5000    58314   40.56%          x30_19 D   7055   7054    140
   7110  6706      573.0000    12      763.0000      453.5000    58793   40.56%           x30_6 U   7110   7109    184
   7189  6769    infeasible            763.0000      453.7143    59915   40.54%          x40_38 N   7189   7187     38
Elapsed time = 28.60 sec. (43701.03 ticks, tree = 21.69 MB, solutions = 1)
   7248  6822      455.7619    73      763.0000      454.0000    61020   40.50%          x46_51 U   7248   1252     12
   7353  6919      491.1538    63      763.0000      454.0000    62429   40.50%          x34_48 N   7353   7352     37
   7503  7063      549.4194    47      763.0000      454.0000    63265   40.50%          x31_15 D   7503   7502    142
   7629  7183      459.8205    69      763.0000      454.0000    63841   40.50%          x50_40 D   7629   7628     29
   7725  7270      460.3333    11      763.0000      454.0000    64844   40.50%          x15_22 U   7725   7723     37
   7771  7316      477.4286    28      763.0000      454.0000    65340   40.50%          x16_26 U   7771   7769     75
   7847  7389      477.1742    77      763.0000      454.0000    66961   40.50%          x40_39 N   7847   7846     32
   7964  7494      537.2500    46      763.0000      454.0000    69172   40.50%          x41_48 N   7964   7963     45
   8052  7566      475.9038    62      763.0000      454.0000    70297   40.50%          x47_46 U   8052   8051     18
   8261  7760      460.3538    65      763.0000      454.0000    71254   40.50%          x44_39 U   8261    476     21
Elapsed time = 34.50 sec. (53544.20 ticks, tree = 57.23 MB, solutions = 1)
   8356  7841      500.7500    60      763.0000      454.0000    72775   40.50%          x41_50 U   8356   8354     28
   8419  7894      494.5000    39      763.0000      454.1538    73826   40.48%          x29_19 U   8419   8418     28
   8480  7955      515.2500    27      763.0000      454.1538    74174   40.48%          x35_22 D   8480   8479     89
   8530  8001      463.1538    66      763.0000      454.1538    74575   40.48%          x46_42 U   8530   8529     10
   8739  8204      473.8000    35      763.0000      454.1538    76179   40.48%          x28_17 D   8739   8738    178
   8809  8265      473.1538    61      763.0000      454.2500    76862   40.47%          x50_40 D   8809   8807     20
   8919  8367      457.3715    87      763.0000      454.3333    78108   40.45%          x38_50 D   8919   8918     53
   9149  8593      458.9136    87      763.0000      454.3333    79436   40.45%          x42_45 D   9149   9148     45
   9370  8811      471.9038    65      763.0000      454.5000    80772   40.43%          x40_50 D   9370   9369     34
   9490  8913      531.9038    68      763.0000      454.5000    81989   40.43%          x38_48 N   9490   9489     48
Elapsed time = 40.42 sec. (63186.91 ticks, tree = 60.75 MB, solutions = 1)
   9703  9118      456.6538    67      763.0000      454.5000    82880   40.43%          x38_32 U   9703   1734      6
   9802  9205      469.0000    56      763.0000      454.6667    84554   40.41%          x47_46 N   9802   1603      9
   9880  9279      472.0000    34      763.0000      454.6667    85474   40.41%           x8_17 D   9880   9879     51
   9926  9325      529.0000    33      763.0000      454.6667    86015   40.41%          x14_25 N   9926   9925     97
   9958  9357      565.3333    21      763.0000      454.6667    86185   40.41%            x5_8 D   9958   9957    129
   9987  9386      621.6667    17      763.0000      454.6667    86331   40.41%           x7_12 D   9987   9986    158
  10007  9402      694.0000     8      763.0000      454.6667    86397   40.41%          x28_29 U  10007  10006    176
  10057  9444      462.8205    60      763.0000      454.7273    87583   40.40%          x38_32 D  10057  10055     25
  10108  9492      479.2917    64      763.0000      454.8000    89448   40.39%          x33_37 U  10108  10107     25
  10192  9559    infeasible            763.0000      455.0000    90859   40.37%          x40_50 N  10192  10191     38
Elapsed time = 46.00 sec. (73083.47 ticks, tree = 61.74 MB, solutions = 1)
  10220  9581    infeasible            763.0000      455.0000    92347   40.37%          x49_43 N  10220  10218     25
  10298  9651      457.5687    91      763.0000      455.0000    93597   40.37%          x40_47 N  10298  10297     15
  10423  9768      519.5000    16      763.0000      455.0000    94913   40.37%          x16_14 D  10423  10422    104
  10547  9890    infeasible            763.0000      455.0000    95670   40.37%            x8_6 D  10547  10546    228
  10640  9977      471.4872    58      763.0000      455.0000    97204   40.37%          x44_40 D  10640  10639     28
  10671 10008      514.0000    50      763.0000      455.0000    98440   40.37%          x47_38 N  10671  10669     53
  10700 10031    infeasible            763.0000      455.0000    99467   40.37%          x48_41 N  10700  10698     74
  10800 10127      479.6667    32      763.0000      455.0000   100441   40.37%          x26_29 D  10800  10799     69
  10981 10305      481.0000    61      763.0000      455.0000   101359   40.37%          x43_45 D  10981  10980     23
  11090 10414      500.1176    26      763.0000      455.0000   101876   40.37%          x35_28 N  11090  11089    132
Elapsed time = 51.58 sec. (82980.82 ticks, tree = 63.08 MB, solutions = 1)
  11200 10516      475.3333    62      763.0000      455.0000   102518   40.37%          x40_50 D  11200  11199     53
  11285 10587      472.8400    76      763.0000      455.0500   103397   40.36%          x42_37 D  11285  11284     39
  11330 10628      548.6667    28      763.0000      455.0500   104087   40.36%           x7_13 D  11330  11329     82
  11366 10664      586.5000    18      763.0000      455.0500   104331   40.36%          x28_12 N  11366  11365    118
  11385 10683      622.6667    18      763.0000      455.0500   104473   40.36%           x5_27 N  11385  11384    137
  11419 10717      654.1111    20      763.0000      455.0500   104615   40.36%           x8_25 D  11419  11418    171
  11449 10747      684.0000     8      763.0000      455.0500   104728   40.36%          x25_26 U  11449  11448    201
  11470 10768      736.3333    15      763.0000      455.0500   104785   40.36%          x23_33 U  11470  11469    222
  11505 10800      510.8333    63      763.0000      455.0500   105349   40.36%          x38_50 D  11505  11504     44
  11696 10988      549.5714    21      763.0000      455.1667   106524   40.35%          x12_29 N  11696  11695    203
Elapsed time = 58.75 sec. (95631.54 ticks, tree = 100.41 MB, solutions = 1)
  11800 11087      530.3333    12      763.0000      455.1667   107470   40.35%          x22_12 D  11800  11798     48
  12191 11464      462.3333    26      763.0000      455.2143   110020   40.34%           x7_13 D  12191  12190    145
  12710 11971      478.8500    37      763.0000      455.3333   113020   40.32%          x16_29 D  12710  12709    186
  13023 12262      459.8205    64      763.0000      455.3333   115531   40.32%          x40_32 D  13023  13022     17
  13303 12512      458.0000    39      763.0000      455.4773   119348   40.30%          x20_33 U  13303  13302     23
  13634 12839      481.5000    39      763.0000      455.5000   120851   40.30%          x33_29 D  13634  13633    135
  13944 13128    infeasible            763.0000      455.5000   123140   40.30%          x42_43 N  13944  13943     36
  14353 13509      458.6923    40      763.0000      455.5909   126292   40.29%          x16_19 D  14353  14352    114
  14598 13746      494.0000    18      763.0000      455.6250   127914   40.29%          x32_36 U  14598  14596     96
  14927 14065      473.1163    73      763.0000      455.6538   130186   40.28%          x46_40 D  14927  14926     56
Elapsed time = 79.60 sec. (133969.66 ticks, tree = 139.81 MB, solutions = 1)
  15107 14230      490.1111    30      763.0000      455.9167   132827   40.25%          x21_28 D  15107  15106     77
  15320 14427      461.0000    24      763.0000      456.0000   134394   40.24%          x26_22 N  15320  15319     37
  15619 14720      469.1667    36      763.0000      456.0000   135957   40.24%          x21_17 D  15619  15618    108
  15800 14889      459.2899    42      763.0000      456.0000   137573   40.24%          x29_16 D  15800  15799     69
  16362 15443      500.1429    40      763.0000      456.0000   141046   40.24%          x14_25 U  16362  16361    170
  16687 15756      501.0000    22      763.0000      456.0000   144036   40.24%          x22_30 D  16687  16686    227
  17050 16098      491.1538    45      763.0000      456.0000   146977   40.24%          x34_44 N  17050  17048     25
  17173 16213    infeasible            763.0000      456.0000   148309   40.24%          x43_38 D  17173  17172     48
  17627 16661      477.3529    43      763.0000      456.0000   150827   40.24%          x12_28 N  17627  17626    210
  17802 16822      472.5000    24      763.0000      456.0000   154194   40.24%          x27_26 D  17802  17801     89
Elapsed time = 100.88 sec. (172528.95 ticks, tree = 241.49 MB, solutions = 1)
  17982 16995      471.4038    68      763.0000      456.0000   155289   40.24%          x35_46 D  17982  17981     43
  18166 17162      542.4167    55      763.0000      456.0000   159584   40.24%          x39_43 N  18166  18164     69
  18555 17539      460.0270    42      763.0000      456.0000   161716   40.24%          x31_13 D  18555  18554    133
  18902 17876      458.0526    29      763.0000      456.0000   163303   40.24%           x8_31 U  18902  11827     23
  19179 18143      477.3889    32      763.0000      456.0833   165061   40.22%          x29_14 U  19179  19177     76
  19400 18356      459.1481    48      763.0000      456.1250   166655   40.22%           x8_30 D  19400  19399    105
  19888 18835      477.5000    32      763.0000      456.1538   169604   40.22%          x27_31 D  19888  19887    127
  20100 19039      476.0000    29      763.0000      456.1538   170881   40.22%           x35_7 D  20100  20099     81
  20228 19167      517.5000    22      763.0000      456.1538   171689   40.22%          x14_13 N  20228  20226    186
  20430 19363      506.0000    30      763.0000      456.1538   173543   40.22%          x35_14 N  20430  20429    174
Elapsed time = 121.10 sec. (211197.92 ticks, tree = 271.05 MB, solutions = 1)
  20700 19601      458.2431    54      763.0000      456.1667   176033   40.21%          x31_32 D  20700  20699     23
  20960 19849    infeasible            763.0000      456.1667   177285   40.21%           x26_8 D  20960  20958    278
  21051 19940      536.0000    14      763.0000      456.1667   178561   40.21%          x26_21 D  21051  21050    101
  21137 20026      645.7500    14      763.0000      456.1667   178969   40.21%          x22_23 U  21137  21136    187
  21325 20208      500.0000    20      763.0000      456.1667   180407   40.21%           x7_29 D  21325  21324    191
  21442 20319      484.4008    59      763.0000      456.1667   181773   40.21%          x13_28 U  21442  21440     69
  21511 20382    infeasible            763.0000      456.1667   182306   40.21%          x31_23 U  21511  21508    125
  21687 20542      476.0000    83      763.0000      456.2500   186040   40.20%          x44_45 N  21687  21686     37
  21862 20711      493.7143    26      763.0000      456.2667   188519   40.20%           x16_8 U  21862  21860    145
  21967 20810      457.0000    40      763.0000      456.2692   189350   40.20%          x26_19 U  21967  13859     19
Elapsed time = 141.19 sec. (249974.33 ticks, tree = 274.32 MB, solutions = 1)
  22322 21154      492.0000    26      763.0000      456.3333   191254   40.19%          x16_22 N  22322  22320    271
  22540 21362    infeasible            763.0000      456.3333   192654   40.19%          x37_39 N  22540  22538     26
  22774 21580      491.4375    23      763.0000      456.3333   194423   40.19%          x29_21 D  22774  22773    173
  22983 21785      471.3519    46      763.0000      456.3333   195718   40.19%          x22_15 D  22983  22982    178
  23176 21964      536.5000    10      763.0000      456.3604   196882   40.19%          x29_22 U  23176  23174    166
  23430 22206    infeasible            763.0000      456.3958   198690   40.18%          x48_40 N  23430  23429     41
  23753 22517      460.5000    27      763.0000      456.4231   200906   40.18%          x35_28 D  23753  23752    138
  23950 22703      481.3333    32      763.0000      456.4872   203066   40.17%          x34_36 D  23950  23949     76
  24265 23015      483.1111    44      763.0000      456.4872   204514   40.17%          x23_27 D  24265  24264    136
  24400 23146      468.5714    81      763.0000      456.5000   205488   40.17%          x48_39 D  24400  24399     35
Elapsed time = 163.62 sec. (288564.54 ticks, tree = 377.72 MB, solutions = 1)
  24793 23526      459.0000    10      763.0000      456.5000   208004   40.17%          x29_21 U  24793  24791     35
  24850 23583      511.0000    23      763.0000      456.5000   208906   40.17%          x14_31 D  24850  24849     77
  24993 23708      466.3333    34      763.0000      456.5000   210599   40.17%          x36_16 N  24993  24992    110
  25209 23920      461.2500    44      763.0000      456.5000   211650   40.17%          x35_12 D  25209  25208     98
* 25400+24092                          729.0000      456.5000            37.38%
  25584 24274      459.0000    21      729.0000      456.5000   213707   37.38%          x24_10 D  25584  25581     35
  25651 24341      463.0000    32      729.0000      456.5000   215107   37.38%          x12_13 D  25651  25650     89
  25774 24464      591.1667    37      729.0000      456.5000   216430   37.38%          x43_39 U  25774  25772    193
  26030 24713    infeasible            729.0000      456.5000   218141   37.38%          x31_19 N  26030  26029    282
  26378 25057      479.6290    54      729.0000      456.5000   220133   37.38%          x26_27 D  26378  26377    147
  26594 25265      465.3333    39      729.0000      456.5000   221891   37.38%          x22_30 D  26594  26592     95
Elapsed time = 184.66 sec. (326996.82 ticks, tree = 382.99 MB, solutions = 2)
  26728 25399      511.5000    27      729.0000      456.5000   223859   37.38%          x23_17 D  26728  26727    210
  26897 25552      509.6667    41      729.0000      456.5000   225692   37.38%          x31_14 D  26897  26896    112
  27118 25761      484.7625    81      729.0000      456.5000   227700   37.38%          x38_39 U  27118  27116     34
  27223 25852    infeasible            729.0000      456.5000   229723   37.38%          x38_50 N  27223  27222     69
  27464 26087      466.3846    42      729.0000      456.5241   231309   37.38%           x18_8 D  27464  27463    102
  27744 26358      470.9583    34      729.0000      456.5263   233268   37.38%          x32_33 D  27744  27742     85
  27836 26450      549.1667    41      729.0000      456.5263   235331   37.38%          x48_44 U  27836  27834    159
  28080 26684      460.2500    87      729.0000      456.5448   237612   37.37%          x40_48 D  28080  28079     31
  28411 27007      470.4000    35      729.0000      456.5455   239708   37.37%          x14_25 U  28411  28410    157
  28557 27148      500.0000    28      729.0000      456.5500   241457   37.37%           x7_14 U  28557  28555     96
Elapsed time = 206.58 sec. (365450.10 ticks, tree = 388.14 MB, solutions = 2)
  28748 27335      494.3333    39      729.0000      456.5833   242939   37.37%           x6_30 D  28748  28747    188
  28862 27443    infeasible            729.0000      456.5909   244257   37.37%          x38_41 N  28862  28861     62
  29146 27719      467.2258    98      729.0000      456.6000   246211   37.37%          x46_49 D  29146  29145     65
  29314 27873      467.2500    33      729.0000      456.6250   247964   37.36%          x31_26 D  29314  29313    121
  29549 28089      536.4891    62      729.0000      456.6406   250563   37.36%          x33_36 D  29549  29548     60
  29626 28162      514.5000     8      729.0000      456.6538   251934   37.36%           x28_8 N  29626  29624     75
  29746 28272      459.2897    82      729.0000      456.6667   252929   37.36%          x38_44 D  29746  29745     48
  29970 28489      479.7000    67      729.0000      456.6667   254380   37.36%          x33_34 D  29970  29969     26
  30197 28712      493.6538    49      729.0000      456.7000   256293   37.35%          x49_48 U  30197  30195     25
  30305 28816      463.3158    32      729.0000      456.7000   258566   37.35%          x22_26 D  30305  30304     94
Elapsed time = 229.90 sec. (404139.12 ticks, tree = 392.90 MB, solutions = 2)
  30617 29115      460.0000    18      729.0000      456.7234   260202   37.35%           x7_13 U  30617   8892     27
  30820 29314      464.2857    19      729.0000      456.7308   261877   37.35%          x26_14 U  30820  30818     31
  30910 29403      521.5000    22      729.0000      456.7308   262827   37.35%          x34_32 D  30910  30908    108
  31018 29495      456.8571    76      729.0000      456.7500   265021   37.35%          x40_47 D  31018  20965     16
  31303 29777      482.9737    40      729.0000      456.7618   267026   37.34%          x14_25 N  31303  31302     73
  31353 29827      543.0000    14      729.0000      456.7618   267472   37.34%          x22_18 D  31353  31352    123
  31430 29900      494.3333    26      729.0000      456.7631   268364   37.34%          x17_29 U  31430  31428     76
  31532 30002      526.0000    10      729.0000      456.7631   269156   37.34%          x35_20 U  31532  31529    167
  31583 30053      551.5000    14      729.0000      456.7631   269661   37.34%          x10_28 N  31583  31582    207
  31672 30138      489.3538    90      729.0000      456.7806   270394   37.34%          x16_22 D  31672  31671     81
Elapsed time = 252.71 sec. (442777.64 ticks, tree = 442.86 MB, solutions = 2)
  31891 30349      495.8696    77      729.0000      456.8000   271892   37.34%          x41_44 N  31891  31890     65
  32161 30613      473.5000    22      729.0000      456.8000   273450   37.34%          x17_24 U  32161  32160    128
  32241 30691      521.0000     8      729.0000      456.8000   273820   37.34%          x22_30 U  32241  32239    207
  32438 30884      464.0833    42      729.0000      456.8181   274607   37.34%          x33_30 D  32438  32437    207
  32503 30934    infeasible            729.0000      456.8205   277318   37.34%          x45_47 N  32503  32500     63
  32810 31237      500.0893    63      729.0000      456.8400   279890   37.33%          x16_30 D  32810  32809    135
  33173 31589      478.5000    66      729.0000      456.8500   281873   37.33%          x40_32 U  33173   7250     15
  33270 31680      501.0000    31      729.0000      456.8667   284434   37.33%          x29_10 U  33270  33268     66
  33499 31905      462.0000    16      729.0000      456.8784   285802   37.33%          x25_15 U  33499  33498     40
  33726 32126      465.0940    95      729.0000      456.8810   287321   37.33%          x45_42 D  33726  33725     56
Elapsed time = 275.24 sec. (481592.76 ticks, tree = 570.88 MB, solutions = 2)
  33937 32331      490.0000    18      729.0000      456.8810   289570   37.33%          x17_23 N  33937  33936    181
  34208 32598      475.6667    23      729.0000      456.8889   291207   37.33%          x28_30 N  34208  34207    230
  34286 32666      460.6111    33      729.0000      456.9000   292936   37.33%          x13_22 D  34286  34285     46
  34634 33008      480.0000    16      729.0000      456.9043   294432   37.32%           x7_21 N  34634  34633    162
  34728 33098      481.1878    59      729.0000      456.9091   295339   37.32%          x15_26 D  34728  34727     52
  34798 33168      534.3333    13      729.0000      456.9091   295875   37.32%          x27_22 D  34798  34797    122
  34873 33243      651.0000    18      729.0000      456.9091   296283   37.32%          x28_29 U  34873  34872    197
  35100 33460      460.0833    21      729.0000      456.9167   297731   37.32%          x17_24 U  35100  35099     29
  35146 33506      486.3750    41      729.0000      456.9167   298622   37.32%          x28_32 D  35146  35144     63
  35200 33560      534.3333    42      729.0000      456.9167   298998   37.32%            x6_7 D  35200  35199    110
Elapsed time = 298.53 sec. (520633.21 ticks, tree = 576.76 MB, solutions = 2)
  35406 33756      469.0000    18      729.0000      456.9487   301139   37.32%          x18_26 U  35406  35405    157
  35641 33985      498.4000    30      729.0000      456.9750   303096   37.31%          x12_31 D  35641  35640    173
  35752 34092      466.5152    80      729.0000      456.9872   303967   37.31%          x24_31 D  35752  35751     60
  35982 34312      549.0000    50      729.0000      457.0000   305421   37.31%          x43_38 N  35982  35981     61
  36174 34498      467.6923    43      729.0000      457.0000   306644   37.31%          x35_12 D  36174  36173    214
  36374 34685      465.6667    62      729.0000      457.0000   308547   37.31%          x13_36 D  36374  36373    133
  36704 35010      477.9167    52      729.0000      457.0000   310266   37.31%          x35_17 D  36704  36703    240
  36751 35047      472.2500    27      729.0000      457.0000   311256   37.31%          x29_13 D  36751  36749     32
  36794 35090      507.8000    29      729.0000      457.0000   311787   37.31%          x34_44 N  36794  36792     62
  36827 35123      500.5556    28      729.0000      457.0000   312125   37.31%           x6_30 N  36827  36826     91
Elapsed time = 320.65 sec. (558933.79 ticks, tree = 581.78 MB, solutions = 2)
  36895 35191      570.0000    37      729.0000      457.0000   312510   37.31%          x25_26 D  36895  36894    149
  37042 35330      479.0000    29      729.0000      457.0000   313514   37.31%          x40_45 D  37042  37041    157
  37200 35478      464.3696    52      729.0000      457.0000   314568   37.31%          x31_22 D  37200  37199    107
  37469 35741      489.0000    18      729.0000      457.0000   316395   37.31%          x22_29 D  37469  37468    141
  37690 35957      509.8571    27      729.0000      457.0000   317647   37.31%          x18_12 D  37690  37689    188
  37850 36113      458.5767    79      729.0000      457.0000   319487   37.31%          x42_47 D  37850  37849    155
  37943 36206      493.0000    24      729.0000      457.0000   321144   37.31%          x22_11 N  37943  37942    235
  38094 36353      496.0000    16      729.0000      457.0000   322718   37.31%          x13_20 D  38094  38093    147
  38212 36465      468.1000    19      729.0000      457.0000   323500   37.31%          x30_31 U  38212  38211     41
  38370 36618      482.7500    32      729.0000      457.0000   324819   37.31%          x13_21 D  38370  38369    142
Elapsed time = 343.31 sec. (598758.72 ticks, tree = 586.51 MB, solutions = 2)
  38470 36718      584.0000    10      729.0000      457.0000   325067   37.31%          x35_20 D  38470  38469    242
  38706 36944      460.2143    37      729.0000      457.0000   326461   37.31%          x29_13 D  38706  38705     38
  38800 37038      466.0909    34      729.0000      457.0000   327410   37.31%          x15_26 D  38800  38799    123
  38864 37102      492.1148    35      729.0000      457.0000   328900   37.31%          x35_12 D  38864  38862    174
  39056 37288      477.0000    30      729.0000      457.0000   330117   37.31%          x10_27 D  39056  39055    155
  39197 37423      458.7823    94      729.0000      457.0000   330871   37.31%          x26_22 D  39197  14052     26
  39406 37626      520.0000    10      729.0000      457.0000   331943   37.31%           x9_30 U  39406  39404    232
  39610 37826      472.0000    18      729.0000      457.0000   332955   37.31%          x26_36 D  39610  39609    205
  39810 38017      496.2500    18      729.0000      457.0000   334062   37.31%          x26_22 U  39810  39808    197
  39846 38049      485.0633    58      729.0000      457.0000   334789   37.31%            x9_8 N  39846  39845     39
Elapsed time = 366.29 sec. (638127.17 ticks, tree = 591.39 MB, solutions = 2)
  39887 38090      531.5000    15      729.0000      457.0000   335206   37.31%          x16_25 U  39887  39885     71
  39976 38173      463.3158    40      729.0000      457.0000   335919   37.31%          x14_10 N  39976  39975     85
  40129 38326      484.7143    30      729.0000      457.0000   336717   37.31%          x29_22 N  40129  40128    238
  40310 38501      490.1667    30      729.0000      457.0000   337815   37.31%          x28_30 D  40310  40309    204
  40483 38666      479.0000    17      729.0000      457.0000   339404   37.31%          x24_30 D  40483  40482    148
  40660 38837      474.5714    75      729.0000      457.0000   340502   37.31%          x42_43 D  40660  40659     83
  40721 38894      477.0000     8      729.0000      457.0000   341631   37.31%          x15_26 U  40721  40719     59
  40763 38936      512.2000    19      729.0000      457.0000   342169   37.31%          x12_28 N  40763  40761     94
  40790 38963      574.3333    13      729.0000      457.0000   342363   37.31%            x6_7 N  40790  40788    116
  41007 39176      460.7826    43      729.0000      457.0000   343471   37.31%           x6_28 D  41007  41006    237
Elapsed time = 389.74 sec. (677011.33 ticks, tree = 595.32 MB, solutions = 2)
  41201 39363      527.0000     8      729.0000      457.0000   344597   37.31%          x35_29 U  41201  41199    215
  41436 39592    infeasible            729.0000      457.0000   345727   37.31%           x28_8 D  41436  41435    283
  41646 39800      501.0566    37      729.0000      457.0000   347042   37.31%          x15_19 N  41646  41645    226
  41706 39855      503.8889    49      729.0000      457.0000   347844   37.31%           x16_7 D  41706  41703     50
  41724 39873      517.5000    12      729.0000      457.0000   348050   37.31%          x19_28 U  41724  41722     62
  41771 39920      579.5000    10      729.0000      457.0000   348266   37.31%          x31_21 D  41771  41770    100
  41828 39971      490.7000    60      729.0000      457.0000   349207   37.31%          x22_27 N  41828  41827     58
  41890 40033      538.3333    12      729.0000      457.0000   349733   37.31%          x36_37 U  41890  41889    120
  41944 40087      587.7500    16      729.0000      457.0000   350008   37.31%          x23_10 N  41944  41943    174
  41970 40109      457.5417    38      729.0000      457.0000   350237   37.31%          x19_35 U  41970  41969     23
Elapsed time = 414.07 sec. (716713.65 ticks, tree = 598.64 MB, solutions = 2)
  42252 40381      460.1000    74      729.0000      457.0000   351761   37.31%           x8_13 D  42252  42251     54
  42486 40611      530.0000    20      729.0000      457.0000   352896   37.31%           x6_19 D  42486  42485    286
  42727 40844      460.0000    22      729.0000      457.0000   354034   37.31%          x18_26 U  42727  42725     15
  42782 40899      474.3333    15      729.0000      457.0000   354981   37.31%          x29_10 U  42782  42779     56
  42820 40937      505.0000    18      729.0000      457.0000   355614   37.31%          x17_16 D  42820  42819     89
  42871 40988      570.4000    34      729.0000      457.0000   356208   37.31%           x8_35 U  42871  42869    130
  42991 41104      466.1250    33      729.0000      457.0000   357066   37.31%           x16_7 N  42991  42990    115
  43100 41213      496.0714    34      729.0000      457.0000   357564   37.31%          x15_13 D  43100  43099    224
  43198 41307      473.2222    79      729.0000      457.0000   358507   37.31%           x19_9 U  43198  43197     59
  43365 41474      501.0000    20      729.0000      457.0000   359242   37.31%            x9_8 D  43365  43364    226
Elapsed time = 437.01 sec. (755682.69 ticks, tree = 603.64 MB, solutions = 2)
  43529 41634      478.4000    23      729.0000      457.0000   360132   37.31%          x15_19 D  43529  43528    197
  43596 41696      462.8923    81      729.0000      457.0000   360562   37.31%          x40_32 D  43596  43595     13
  43665 41761      471.0000    23      729.0000      457.0000   361700   37.31%          x22_20 N  43665  43663     22
  43710 41806      485.5000    10      729.0000      457.0000   362593   37.31%          x30_24 U  43710  43708     55
  43754 41850      522.7556    48      729.0000      457.0000   363269   37.31%          x37_39 U  43754  43751     88
  43790 41886      574.6000    39      729.0000      457.0000   363609   37.31%          x32_44 N  43790  43788    118
  43835 41929        cutoff            729.0000      457.0000   364070   37.31%          x43_42 N  43835  43833    150
  44000 42086      463.1111    49      729.0000      457.0000   365676   37.31%          x31_19 D  44000  43999    104
  44188 42269      468.6500    94      729.0000      457.0000   366522   37.31%          x40_46 D  44188  44187     26
  44301 42371      475.8857    70      729.0000      457.0000   368104   37.31%          x41_48 N  44301  44300     38
Elapsed time = 461.35 sec. (796021.53 ticks, tree = 607.08 MB, solutions = 2)
  44355 42425      520.7442    51      729.0000      457.0000   369389   37.31%          x15_23 U  44355  44353     78
  44384 42454      535.5000    16      729.0000      457.0000   369712   37.31%          x29_13 D  44384  44382    101
  44448 42516      543.4167    35      729.0000      457.0000   370164   37.31%          x22_11 N  44448  44447    160
  44548 42610    infeasible            729.0000      457.0000   370768   37.31%          x42_37 N  44548  44547     45
  44670 42719      460.6250    33      729.0000      457.0000   372522   37.31%          x14_26 D  44670  44669     50
  44886 42931      457.5000    38      729.0000      457.0000   373479   37.31%           x8_17 D  44886  44885     24
  44921 42966      466.8571    18      729.0000      457.0000   374731   37.31%          x21_24 D  44921  44919     47
  44999 43044      478.8571    20      729.0000      457.0000   375827   37.31%          x31_28 D  44999  44997    113
  45054 43093      513.1000    25      729.0000      457.0000   376416   37.31%          x30_20 N  45054  45052    158
  45200 43235      469.8000    18      729.0000      457.0000   377380   37.31%          x13_11 D  45200  45199    160
Elapsed time = 486.34 sec. (835249.20 ticks, tree = 610.53 MB, solutions = 2)
  45294 43321    infeasible            729.0000      457.0000   378423   37.31%          x40_38 N  45294  45292     57
  45501 43522    infeasible            729.0000      457.0000   379598   37.31%          x28_23 U  45501  45499    231
  45571 43586      464.5333    68      729.0000      457.0000   381896   37.31%          x48_39 D  45571  45569     24
  45600 43611      473.0833    36      729.0000      457.0000   383373   37.31%          x32_49 D  45600  45599     14
  45803 43812      508.0000     8      729.0000      457.0000   384051   37.31%          x35_20 U  45803  45801    216
  45929 43930      465.0000    37      729.0000      457.0000   385552   37.31%          x16_26 D  45929  45928    128
  46042 44043      490.6667    24      729.0000      457.0000   386063   37.31%           x6_19 D  46042  46041    241
  46090 44087      510.5000    42      729.0000      457.0000   386399   37.31%          x49_48 D  46090  46089     32
  46183 44168      468.1333    62      729.0000      457.0000   387671   37.31%          x30_31 D  46183  46182     65
  46425 44406      475.4091    65      729.0000      457.0000   388924   37.31%           x8_31 D  46425  46424     56
Elapsed time = 512.63 sec. (874852.14 ticks, tree = 615.30 MB, solutions = 2)
  46617 44598      505.0000    17      729.0000      457.0000   389803   37.31%          x26_21 N  46617  46616    248
  46770 44736      474.0000    38      729.0000      457.0000   391141   37.31%          x38_32 U  46770  46768     10
  46800 44766      505.2000    57      729.0000      457.0000   392719   37.31%          x42_49 D  46800  46799     32
  46980 44942      487.0000    21      729.0000      457.0000   394291   37.31%          x21_13 D  46980  46979    196
  47076 45026      471.0000    21      729.0000      457.0000   395598   37.31%          x31_32 U  47076  11841     37
  47232 45182      487.8000    23      729.0000      457.0000   396259   37.31%          x16_30 D  47232  47231    193
  47335 45281      533.0000    19      729.0000      457.0000   397256   37.31%           x7_10 D  47335  47334    100
  47363 45309      588.5000    14      729.0000      457.0000   397522   37.31%            x7_8 U  47363  47362    128
  47387 45333      630.5000    16      729.0000      457.0000   397643   37.31%            x4_5 N  47387  47386    152
  47415 45361      724.5000     8      729.0000      457.0000   397771   37.31%          x24_33 D  47415  47414    180
Elapsed time = 538.11 sec. (915085.28 ticks, tree = 619.23 MB, solutions = 2)
  47473 45410    infeasible            729.0000      457.0000   398584   37.31%          x38_50 N  47473  47472     60
  47650 45585      508.4167    40      729.0000      457.0000   399946   37.31%          x25_26 D  47650  47649    201
  47859 45791      473.0000    30      729.0000      457.0000   401304   37.31%          x27_23 D  47859  47858    183
  47963 45891      496.2000    45      729.0000      457.0000   402664   37.31%          x45_44 N  47963  47962     61
  48135 46060      472.2000    58      729.0000      457.0000   404446   37.31%          x33_36 N  48135  23198     43
  48260 46185      513.0000    28      729.0000      457.0000   405424   37.31%          x16_13 N  48260  48259    168
  48328 46249      459.5000    18      729.0000      457.0000   405902   37.31%           x8_10 N  48328  19550     25
  48369 46290      486.2222    35      729.0000      457.0000   407329   37.31%          x13_17 N  48369  48368     58
  48400 46315      469.4463    94      729.0000      457.0000   408237   37.31%          x40_45 D  48400  48399     48
  48622 46531      466.3171    46      729.0000      457.0000   409326   37.31%          x27_21 D  48622  48621    216
Elapsed time = 564.22 sec. (954946.20 ticks, tree = 624.10 MB, solutions = 2)
  48800 46705      476.8333    35      729.0000      457.0000   410921   37.31%          x20_23 D  48800  48799    166
  49003 46900      476.0000    25      729.0000      457.0000   411951   37.31%          x16_17 D  49003  49002    157
  49060 46957      517.0000    10      729.0000      457.0000   412211   37.31%           x6_23 D  49060  49059    214
  49127 47020      509.3333    35      729.0000      457.0000   413527   37.31%          x45_44 N  49127  49125     78
  49233 47122      474.2697    50      729.0000      457.0000   414382   37.31%           x28_8 N  49233  49232    126
  49430 47311      474.1848    91      729.0000      457.0110   415485   37.31%          x40_38 D  49430  49429     77
  49619 47496      469.4941    69      729.0000      457.0153   416159   37.31%          x40_44 D  49619  49618     43
  49812 47685      508.5000    14      729.0000      457.0417   417704   37.31%          x26_22 U  49812  49811    202
  49900 47769      494.0000    22      729.0000      457.0612   418462   37.30%          x29_10 N  49900  49898     30
  49939 47808      499.4318    41      729.0000      457.0612   418647   37.30%          x34_31 D  49939  49937     60
Elapsed time = 589.20 sec. (994788.17 ticks, tree = 629.48 MB, solutions = 2)
  50000 47869      500.4688    41      729.0000      457.0612   418987   37.30%          x10_17 D  50000  49999    115
  50080 47949      534.5000    18      729.0000      457.0612   419483   37.30%           x11_9 U  50080  50078    186
  50120 47983      482.1143    68      729.0000      457.0667   419933   37.30%          x48_45 D  50120  50119     43
  50261 48117      480.6364    28      729.0000      457.0667   421109   37.30%          x25_32 D  50261  50260    135
  50347 48195      458.4167    50      729.0000      457.0833   421640   37.30%          x17_30 D  50347  50346     27
  50385 48233      479.2500    24      729.0000      457.0833   422357   37.30%          x12_13 N  50385  50384     65
  50439 48287      524.5000    12      729.0000      457.0833   422929   37.30%           x5_22 D  50439  50438    119
  50487 48335      581.0000    10      729.0000      457.0833   423182   37.30%          x15_16 U  50487  50486    167
  50530 48374      464.9048    81      729.0000      457.0833   423482   37.30%          x40_47 U  50530   6066     11
  50597 48437      485.0000    18      729.0000      457.0833   425250   37.30%           x7_13 N  50597  50595     31
Elapsed time = 613.63 sec. (1034276.07 ticks, tree = 632.22 MB, solutions = 2)
  50651 48491      497.5000    14      729.0000      457.0833   425849   37.30%          x13_30 N  50651  50650     79
  50686 48526      523.4286    29      729.0000      457.0833   426132   37.30%          x36_32 N  50686  50685    109
  50720 48552      466.0000    56      729.0000      457.0833   426439   37.30%          x37_40 U  50720   5414     12
  50789 48618      472.2727    61      729.0000      457.1000   428482   37.30%          x20_33 D  50789  50788     37
  50918 48747      486.2500    48      729.0000      457.1000   429346   37.30%          x14_17 D  50918  50917    166
  50984 48811      524.3333    17      729.0000      457.1000   429795   37.30%          x23_26 D  50984  50983    231
  51148 48969      462.0000    48      729.0000      457.1000   430754   37.30%            x4_5 D  51148  51147    169
  51272 49088      459.3011    78      729.0000      457.1078   431312   37.30%          x40_47 U  51272  33993     16
  51444 49260      485.2192    48      729.0000      457.1078   432176   37.30%          x14_25 U  51444  51443    188
  51529 49334      582.0000    14      729.0000      457.1080   433295   37.30%          x19_22 N  51529  51527     70
Elapsed time = 638.04 sec. (1073221.10 ticks, tree = 636.23 MB, solutions = 2)
  51574 49379      590.7500    14      729.0000      457.1080   433888   37.30%          x24_30 D  51574  51573    106
  51600 49405      611.3333    20      729.0000      457.1080   434215   37.30%          x16_13 N  51600  51598    127
  51651 49454      624.6667    17      729.0000      457.1080   434775   37.30%          x16_27 N  51651  51650    170
  51688 49482      464.3510    74      729.0000      457.1250   435052   37.29%          x36_40 D  51688  51687     36
  51822 49598      457.4783    63      729.0000      457.1538   436125   37.29%          x18_33 D  51822  51821     19
  52023 49799      477.5000    32      729.0000      457.1538   437008   37.29%          x35_13 D  52023  52022    220
  52081 49852      545.2000    62      729.0000      457.1538   438057   37.29%          x49_41 N  52081  52080     27
  52225 49992      468.4000    41      729.0000      457.1538   439088   37.29%          x35_21 D  52225  52224    153
  52291 50058      525.0000     8      729.0000      457.1538   439942   37.29%          x27_29 D  52291  52290    219
  52385 50144      572.7813    49      729.0000      457.1538   440495   37.29%          x17_24 U  52385  52384     59
Elapsed time = 663.68 sec. (1111978.66 ticks, tree = 819.57 MB, solutions = 2)
  52551 50310      609.0000    25      729.0000      457.1538   441317   37.29%           x27_8 N  52551  52550    225
  52598 50345      465.0833    52      729.0000      457.1538   441811   37.29%          x32_42 U  52598   9116     13
  52667 50410      500.4000    67      729.0000      457.1538   442796   37.29%          x45_44 N  52667  52665     41
  52722 50454    infeasible            729.0000      457.1538   444262   37.29%          x40_47 U  52722  52720     56
  52813 50541      474.1573    55      729.0000      457.1667   445389   37.29%          x34_36 N  52813  52812     56
  52949 50677      494.6667    31      729.0000      457.1667   446048   37.29%            x6_7 D  52949  52948    192
  53033 50757      506.1563    29      729.0000      457.1667   446673   37.29%          x27_28 D  53033  53032     88
  53070 50790      464.0208    70      729.0000      457.1667   447254   37.29%           x16_7 N  53070  53069     39
  53102 50822      516.3571    37      729.0000      457.1667   447724   37.29%          x49_50 U  53102  53100     62
  53126 50846      572.7500    26      729.0000      457.1667   447993   37.29%          x35_29 N  53126  53125     79
Elapsed time = 690.88 sec. (1151040.06 ticks, tree = 1000.11 MB, solutions = 2)
  53140 50854      461.4938    69      729.0000      457.1667   448310   37.29%          x39_32 D  53140  53139     33
  53271 50985      497.5000     8      729.0000      457.1667   449041   37.29%          x23_26 N  53271  53270    164
  53287 50995      458.5000    34      729.0000      457.1667   449185   37.29%          x21_26 D  53287  53286     25
  53486 51194      494.0000     8      729.0000      457.1667   450416   37.29%           x35_7 D  53486  53485    224
  53583 51287      466.1538    44      729.0000      457.1667   451219   37.29%          x16_28 D  53583  53582     97
  53693 51395      503.3333    13      729.0000      457.1667   451700   37.29%          x25_20 D  53693  53692    206
  53787 51485      490.9167    41      729.0000      457.1667   452509   37.29%          x16_26 N  53787  53786     96
  53891 51584      461.0000    22      729.0000      457.1667   453059   37.29%           x8_23 D  53891  53890     39
  53954 51647      480.5000    16      729.0000      457.1667   454218   37.29%          x26_14 N  53954  53951     91
  54000 51693      482.7692    31      729.0000      457.1667   454490   37.29%          x22_28 D  54000  53999    131
Elapsed time = 716.87 sec. (1191014.82 ticks, tree = 1003.98 MB, solutions = 2)
  54073 51766      499.0000    24      729.0000      457.1667   455001   37.29%          x15_29 N  54073  54071    194
  54140 51828      481.0435    51      729.0000      457.1667   455830   37.29%           x16_7 N  54140  54139     50
  54249 51937      506.1429    30      729.0000      457.1667   456290   37.29%          x23_30 D  54249  54248    159
  54377 52059      469.0000    33      729.0000      457.1667   456978   37.29%          x21_28 N  54377  54376     78
  54513 52195      475.7500    35      729.0000      457.1667   457376   37.29%          x10_17 D  54513  54512    214
  54600 52278      469.5000    24      729.0000      457.1667   458033   37.29%           x8_31 D  54600  54599     96
  54679 52357      486.2000    19      729.0000      457.1667   458348   37.29%          x13_30 D  54679  54678    175
  54800 52474      466.5000    26      729.0000      457.1667   459217   37.29%          x23_25 D  54800  54799    121
  54930 52600      461.0000    26      729.0000      457.1667   460244   37.29%          x23_26 N  54930  54927     32
  54974 52644      520.6892    62      729.0000      457.1667   461863   37.29%          x48_39 N  54974  54972     64
Elapsed time = 742.34 sec. (1231694.14 ticks, tree = 1142.27 MB, solutions = 2)
  55021 52691      487.0000    24      729.0000      457.1667   463063   37.29%          x13_30 N  55021  55019    100
  55052 52722      519.0000     8      729.0000      457.1667   463492   37.29%          x29_33 U  55052  55049    121
  55072 52740    infeasible            729.0000      457.1667   463584   37.29%          x11_29 U  55072  55070    135
  55173 52835      481.0000    10      729.0000      457.1667   464663   37.29%          x21_31 D  55173  55172    112
  55286 52944    infeasible            729.0000      457.1667   465194   37.29%           x35_6 D  55286  55285    224
  55467 53120      458.0000    34      729.0000      457.1667   466696   37.29%          x20_33 D  55467  22824     20
  55647 53300      467.0000    38      729.0000      457.1667   468169   37.29%          x20_30 D  55647  55646    200
  55844 53494      469.2121    45      729.0000      457.1667   469464   37.29%          x28_13 N  55844  55843    180
  55920 53565      539.0000    12      729.0000      457.1667   469808   37.29%           x35_7 U  55920  55918    254
  55967 53608      486.5000    19      729.0000      457.1667   471214   37.29%          x17_31 U  55967  55964     48
Elapsed time = 767.23 sec. (1270614.20 ticks, tree = 1146.79 MB, solutions = 2)
  56000 53641      502.4000    34      729.0000      457.1667   471611   37.29%          x18_24 D  56000  55999     75
  56053 53694      526.0000     8      729.0000      457.1667   472189   37.29%          x36_30 D  56053  56052    120
  56088 53729      554.0000    18      729.0000      457.1667   472423   37.29%          x16_12 D  56088  56087    147
  56110 53751      596.2500    20      729.0000      457.1667   472634   37.29%          x17_14 D  56110  56109    165
  56204 53841      495.0000    14      729.0000      457.1667   473792   37.29%          x15_19 D  56204  56203     99
  56257 53894      525.3333    23      729.0000      457.1667   474334   37.29%          x14_22 D  56257  56256    152
  56305 53942      573.3000    30      729.0000      457.1667   474639   37.29%          x10_33 D  56305  56304    200
  56350 53987      630.2000    28      729.0000      457.1667   474837   37.29%          x26_17 N  56350  56349    245
  56400 54033      477.2500    70      729.0000      457.1667   475238   37.29%          x28_32 D  56400  56399     55
  56517 54150      493.2000    28      729.0000      457.1667   475651   37.29%           x28_7 D  56517  56516    172
Elapsed time = 795.75 sec. (1313906.97 ticks, tree = 1149.24 MB, solutions = 2)
  56640 54266      463.5000    28      729.0000      457.1667   476389   37.29%          x28_33 D  56640  56639    108
  56702 54328      484.2857    30      729.0000      457.1667   476958   37.29%          x36_16 U  56702  56701    170
  56788 54414      525.0000    12      729.0000      457.1667   477146   37.29%          x12_20 D  56788  56787    256
  56847 54469      477.0000    12      729.0000      457.1667   477547   37.29%           x7_21 D  56847  56846     62
  56975 54597      499.0000    16      729.0000      457.1667   478084   37.29%           x11_8 D  56975  56974    190
  57028 54643      493.4000    51      729.0000      457.1739   479012   37.29%          x33_35 N  57028  57026     58
  57137 54752      516.0000    10      729.0000      457.1739   479775   37.29%           x27_8 U  57137  57135    159
  57218 54829    infeasible            729.0000      457.1739   480317   37.29%          x34_35 U  57218  57217    233
  57294 54895      461.0833    33      729.0000      457.1818   481065   37.29%          x29_21 D  57294  57293     39
  57530 55129    infeasible            729.0000      457.1818   481947   37.29%          x43_42 D  57530  57529    275
Elapsed time = 821.08 sec. (1353162.64 ticks, tree = 1242.62 MB, solutions = 2)
  57600 55195      466.1818    55      729.0000      457.1818   482471   37.29%          x23_26 N  57600  57599     87
  57702 55297      492.0000    10      729.0000      457.1818   483012   37.29%          x12_26 D  57702  57701    189
  57767 55362      501.6154    31      729.0000      457.1818   483206   37.29%          x25_20 N  57767  57766    254
  57831 55420      463.0426    52      729.0000      457.1897   483695   37.29%          x32_33 D  57831  57830     67
  58030 55615      478.6667    50      729.0000      457.1981   484498   37.28%          x40_42 U  58030   8901     36
  58071 55652      470.0000    62      729.0000      457.2000   485271   37.28%          x31_32 N  58071  58070     25
  58214 55791      460.0939    70      729.0000      457.2000   486380   37.28%          x30_28 D  58214  58213     95
  58372 55949      486.0000    10      729.0000      457.2000   487555   37.28%           x16_7 D  58372  58371    253
  58478 56051      463.2591    76      729.0000      457.2000   488569   37.28%          x14_25 U  58478  58477    110
  58633 56198      458.3333    25      729.0000      457.2222   489315   37.28%          x28_35 D  58633  58632     31
Elapsed time = 848.10 sec. (1394521.14 ticks, tree = 1397.87 MB, solutions = 2)
  58802 56367      467.9286    43      729.0000      457.2222   490484   37.28%          x26_17 D  58802  58801    200
  58933 56492      464.2500    68      729.0000      457.2258   491302   37.28%          x40_42 U  58933  33995     18
  58963 56522      487.7500    29      729.0000      457.2258   492348   37.28%          x10_31 D  58963  58962     39
  59072 56630      530.0000    14      729.0000      457.2258   492676   37.28%           x8_12 U  59072  59071    140
  59100 56654      458.6310    84      729.0000      457.2308   493141   37.28%          x24_10 U  59100  59099     25
  59289 56840    infeasible            729.0000      457.2308   494512   37.28%           x35_7 U  59289  59288    214
  59439 56990      470.1250    39      729.0000      457.2308   495504   37.28%           x8_14 D  59439  59438    173
  59572 57114      459.0000    32      729.0000      457.2500   496457   37.28%          x15_26 D  59572  59571     69
  59642 57184      462.9423    78      729.0000      457.2500   496960   37.28%          x35_33 D  59642  59641    139
  59787 57321      461.6667    19      729.0000      457.2500   498153   37.28%           x8_17 U  59787  59785     30
Elapsed time = 873.47 sec. (1433266.75 ticks, tree = 1525.24 MB, solutions = 2)
  59815 57349      478.3333    17      729.0000      457.2500   498640   37.28%          x11_36 D  59815  59814     50
  59842 57374      524.0000    20      729.0000      457.2500   499058   37.28%          x17_29 D  59842  59841     68
  59899 57423      476.7500    56      729.0000      457.2500   500084   37.28%          x30_31 D  59899  59898     63
  59950 57468      461.5000    24      729.0000      457.2500   500674   37.28%          x28_33 D  59950  59949     42
  60000 57518      470.2397    94      729.0000      457.2500   501121   37.28%          x33_30 D  60000  59999     92
  60137 57651    infeasible            729.0000      457.2500   501743   37.28%          x35_12 U  60137  60135    228
  60266 57777      472.1528    86      729.0000      457.2500   503405   37.28%          x10_33 D  60266  60265    115
  60382 57893      486.2500    31      729.0000      457.2500   503889   37.28%          x16_15 D  60382  60381    231
  60422 57929      486.5333    61      729.0000      457.2500   505125   37.28%          x38_39 U  60422  60420     40
  60451 57958      520.0000    23      729.0000      457.2500   505999   37.28%          x12_10 U  60451  60448     62
Elapsed time = 900.23 sec. (1473015.27 ticks, tree = 1551.98 MB, solutions = 2)
  60482 57989      534.0000    26      729.0000      457.2500   506216   37.28%          x14_22 N  60482  60480     88
  60541 58048      546.6667    26      729.0000      457.2500   506458   37.28%           x6_13 D  60541  60540    141
  60563 58066    infeasible            729.0000      457.2500   506546   37.28%            x8_6 D  60563  60561    159
  60670 58169      474.0000    24      729.0000      457.2500   507413   37.28%          x31_13 N  60670  60669    137
  60752 58247      459.1667    25      729.0000      457.2526   507642   37.28%          x30_10 U  60752  41968     22
  60888 58383      462.9125    64      729.0000      457.2526   508333   37.28%            x4_5 D  60888  60887    158
  61000 58488      474.0000    16      729.0000      457.2667   509010   37.27%           x31_9 D  61000  60999     50
  61185 58669      459.6667    39      729.0000      457.2766   509814   37.27%          x20_27 D  61185  61184     24
  61354 58835      459.0000    20      729.0000      457.2857   511048   37.27%           x8_12 D  61354  61352     22
  61384 58865      473.5652    39      729.0000      457.2857   512031   37.27%          x21_26 N  61384  61382     42
Elapsed time = 926.39 sec. (1512417.41 ticks, tree = 1556.74 MB, solutions = 2)
  61432 58913      474.0000     8      729.0000      457.2857   513015   37.27%          x35_33 N  61432  61431     84
  61459 58940      499.0000    16      729.0000      457.2857   513422   37.27%          x12_13 N  61459  61457    105
  61473 58954      512.5000    18      729.0000      457.2857   513727   37.27%           x7_30 U  61473  61470    115
  61500 58981      519.7917    36      729.0000      457.2857   513924   37.27%          x10_28 N  61500  61499    138
  61548 59029      571.0000    12      729.0000      457.2857   514107   37.27%          x30_17 D  61548  61547    181
  61720 59195      469.6667    42      729.0000      457.2857   515073   37.27%          x20_31 D  61720  61719    197
  61859 59324      467.0000    30      729.0000      457.2857   516129   37.27%          x25_15 U  61859  61858     93
  62040 59501    infeasible            729.0000      457.2857   516642   37.27%           x9_17 D  62040  62039    273
  62220 59679      477.8750    29      729.0000      457.2857   517871   37.27%          x26_28 D  62220  62219    196
  62400 59855      461.1282    40      729.0000      457.2889   518648   37.27%          x11_24 D  62400  62399    116
Elapsed time = 952.62 sec. (1552677.56 ticks, tree = 1601.11 MB, solutions = 2)
  62564 60016      483.4167    44      729.0000      457.2889   519723   37.27%          x32_36 U  62564  62562     54
  62614 60066      475.2326    36      729.0000      457.2889   520144   37.27%          x12_21 N  62614  62612     96
  62690 60142      516.7208    60      729.0000      457.2889   520823   37.27%          x37_32 D  62690  62689    164
  62740 60188      460.1250    31      729.0000      457.2899   521365   37.27%           x7_30 D  62740  62739     36
  62944 60392      465.9000    32      729.0000      457.2899   522087   37.27%          x27_19 D  62944  62943    240
  63034 60479      498.3413    59      729.0000      457.2909   523015   37.27%          x16_26 D  63034  63033     71
  63207 60652      519.4706    39      729.0000      457.2909   523650   37.27%          x11_17 D  63207  63206    244
  63302 60744      471.0000    27      729.0000      457.2909   524458   37.27%          x40_47 N  63302  63301    105
  63411 60853      491.0000    16      729.0000      457.2909   524864   37.27%          x24_13 N  63411  63410    214
  63473 60913      520.6667    15      729.0000      457.2909   525069   37.27%          x15_30 U  63473  63471    275
Elapsed time = 978.03 sec. (1591782.17 ticks, tree = 1606.77 MB, solutions = 2)
  63554 60984      459.0000    24      729.0000      457.2909   526056   37.27%          x18_35 D  63554  63553     25
  63590 61020      471.3333    22      729.0000      457.2909   527356   37.27%          x18_27 D  63590  63589     52
  63654 61084      497.2308    26      729.0000      457.2909   527740   37.27%          x29_13 U  63654  63652    107
  63708 61133    infeasible            729.0000      457.2909   528031   37.27%           x20_8 N  63708  63706    154
  63810 61233      463.0000    24      729.0000      457.3000   528919   37.27%          x17_23 D  63810  63809    124
  63946 61364      489.1667    79      729.0000      457.3043   529767   37.27%          x41_50 D  63946  63945     26
  64119 61533      459.8095    34      729.0000      457.3077   530567   37.27%          x11_19 D  64119  64118    165
  64218 61628      526.0000     8      729.0000      457.3077   531024   37.27%           x7_28 D  64218  64217    262
  64330 61736      477.0526    30      729.0000      457.3077   532015   37.27%          x15_19 N  64330  64329    135
  64431 61837      517.5000    14      729.0000      457.3077   532465   37.27%          x17_28 D  64431  64430    236
Elapsed time = 1003.77 sec. (1630586.20 ticks, tree = 1726.22 MB, solutions = 2)
  64500 61901      465.2500    30      729.0000      457.3182   533058   37.27%          x15_26 D  64500  64499     40
  64540 61941      483.4663    81      729.0000      457.3182   534555   37.27%          x15_23 U  64540  64538     71
  64579 61980      504.0000    12      729.0000      457.3182   535756   37.27%           x6_30 N  64579  64577    101
  64599 61998      530.4000    17      729.0000      457.3182   536183   37.27%          x23_33 N  64599  64597    116
  64630 62025      461.2000    42      729.0000      457.3205   536739   37.27%           x29_8 D  64630  64629     37
  64833 62227      498.0000    16      729.0000      457.3205   537661   37.27%           x29_7 U  64833  64832    240
  64900 62288      502.3333    11      729.0000      457.3205   538458   37.27%          x29_21 D  64900  64899     64
  65058 62444      539.5000    18      729.0000      457.3205   539052   37.27%          x29_22 D  65058  65057    221
  65156 62536      473.5185    59      729.0000      457.3272   540119   37.27%          x28_27 D  65156  65155    107
  65200 62580      476.0000    24      729.0000      457.3272   540550   37.27%          x16_12 D  65200  65199    151
Elapsed time = 1029.95 sec. (1670249.97 ticks, tree = 1737.14 MB, solutions = 2)
  65357 62733      523.0000     8      729.0000      457.3272   541495   37.27%          x10_26 D  65357  65356    306
  65443 62809      482.4000    72      729.0000      457.3333   542744   37.27%          x43_45 U  65443  65441     52
  65497 62863      491.0000    24      729.0000      457.3333   543247   37.27%          x24_19 U  65497  65496    100
  65541 62907      496.0625    69      729.0000      457.3333   543863   37.27%          x24_13 D  65541  65540    137
  65582 62948      513.0000    10      729.0000      457.3333   544439   37.27%          x14_20 U  65582  65580    174
  65669 63031      463.0000    19      729.0000      457.3333   544990   37.27%          x12_13 D  65669  65668    106
  65783 63141      470.0882    74      729.0000      457.3333   545451   37.27%          x39_32 D  65783  65782     44
  65978 63336      488.5000    34      729.0000      457.3333   546264   37.27%          x22_30 D  65978  65977    239
  66145 63499      461.3333    31      729.0000      457.3333   547033   37.27%           x7_30 D  66145  66144    187
  66339 63690      462.5556    41      729.0000      457.3333   547983   37.27%          x19_30 D  66339  66338    167
Elapsed time = 1056.09 sec. (1709318.18 ticks, tree = 1743.28 MB, solutions = 2)
  66433 63778      459.0000    20      729.0000      457.3333   548405   37.27%           x15_8 U  66433  66431     33
  66475 63820      485.3407    77      729.0000      457.3333   549441   37.27%          x41_48 U  66475  66473     64
  66602 63941      470.4000    28      729.0000      457.3333   550568   37.27%          x10_17 D  66602  66601    125
  66754 64089      466.3333    36      729.0000      457.3333   551638   37.27%          x24_10 U  66754  66753    116
  66800 64135      482.0000    25      729.0000      457.3333   551966   37.27%          x20_36 D  66800  66799    162
  66901 64236      498.3000    41      729.0000      457.3333   552218   37.27%          x20_16 N  66901  66900    263
  66943 64274      459.4444    34      729.0000      457.3333   552443   37.27%          x18_23 N  66943  66942     50
  67040 64365      459.5882    86      729.0000      457.3333   553319   37.27%          x24_10 U  67040  67039     81
  67183 64508      483.8889    35      729.0000      457.3333   554235   37.27%           x30_7 N  67183  67182    224
  67243 64562      458.8275    93      729.0000      457.3333   554650   37.27%          x30_10 D  67243  67242     28
Elapsed time = 1082.31 sec. (1748870.03 ticks, tree = 1838.53 MB, solutions = 2)
  67300 64619      464.7000    29      729.0000      457.3333   555099   37.27%          x12_28 D  67300  67299     76
  67369 64688      509.0000     8      729.0000      457.3333   555637   37.27%          x12_17 U  67369  67367    135
  67420 64733      464.4444    62      729.0000      457.3333   556266   37.27%          x40_45 D  67420  67419     68
  67587 64899      498.8636    34      729.0000      457.3333   556845   37.27%          x29_15 D  67587  67586    235
  67638 64942      476.2143    81      729.0000      457.3333   558183   37.27%          x38_49 D  67638  67637     22
  67686 64976    infeasible            729.0000      457.3333   559278   37.27%          x32_44 N  67686  67684     39
  67720 65010      479.2000    68      729.0000      457.3333   560590   37.27%          x40_50 D  67720  67719     39
  67797 65077    infeasible            729.0000      457.3333   561595   37.27%          x38_40 N  67797  67796     41
  67859 65128      501.2000    73      729.0000      457.3333   563117   37.27%          x42_51 N  67859  67857     29
  67879 65142      466.2000    66      729.0000      457.3333   564307   37.27%          x48_49 U  67879    471     16
Elapsed time = 1111.22 sec. (1787906.42 ticks, tree = 1876.63 MB, solutions = 2)
  67950 65207      471.2619    83      729.0000      457.3333   566160   37.27%          x39_32 D  67950  67949     25
  68011 65260      462.1667    28      729.0000      457.3333   566720   37.27%          x24_30 N  68011  68010     44
  68210 65459      473.1250    35      729.0000      457.3333   567995   37.27%          x35_29 D  68210  68209    243
  68250 65493      472.2500    17      729.0000      457.3333   568959   37.27%          x19_22 N  68250  68248     39
  68272 65515      484.3750    31      729.0000      457.3333   569237   37.27%          x23_25 D  68272  68271     55
  68288 65531      489.0000     8      729.0000      457.3333   569666   37.27%          x14_28 D  68288  68286     67
  68316 65559      515.0000     8      729.0000      457.3333   569821   37.27%          x14_13 N  68316  68315     91
  68348 65591      524.2500    24      729.0000      457.3333   570099   37.27%          x29_28 D  68348  68347    115
  68386 65629      583.3333    11      729.0000      457.3333   570313   37.27%           x13_7 U  68386  68384    149
  68400 65638      460.6667    78      729.0000      457.3391   570509   37.26%          x49_50 D  68400  68399     45
Elapsed time = 1138.79 sec. (1829192.17 ticks, tree = 1923.70 MB, solutions = 2)
  68506 65744      489.2500    13      729.0000      457.3391   571255   37.26%           x7_13 D  68506  68505    151
  68550 65782      502.6667    50      729.0000      457.3415   571958   37.26%          x48_39 U  68550  11851     47
  68660 65886      472.1875    38      729.0000      457.3478   573341   37.26%          x16_28 N  68660  68659    121
  68792 66015      518.2791    48      729.0000      457.3500   574563   37.26%          x33_25 D  68792  68791     82
  68926 66148      559.0000     8      729.0000      457.3500   575081   37.26%           x6_28 U  68926  68925    216
  68954 66172      478.0000    13      729.0000      457.3600   575772   37.26%          x17_13 D  68954  68953     32
  68983 66201      488.5000    10      729.0000      457.3600   576185   37.26%          x33_36 U  68983  68981     52
  69013 66231      497.0000    16      729.0000      457.3600   576376   37.26%           x6_29 D  69013  69012     78
  69044 66262      521.5000     8      729.0000      457.3600   576536   37.26%          x12_28 U  69044  69042    103
  69059 66275    infeasible            729.0000      457.3600   576711   37.26%          x21_17 N  69059  69058    114
Elapsed time = 1164.40 sec. (1869172.38 ticks, tree = 1952.97 MB, solutions = 2)
  69156 66370      469.5000    22      729.0000      457.3636   577693   37.26%          x25_15 U  69156  69155    131
  69246 66456    infeasible            729.0000      457.3636   578081   37.26%          x31_23 U  69246  69244    220
  69353 66563      482.3855    32      729.0000      457.3636   578851   37.26%          x35_28 D  69353  69352    137
  69441 66647    infeasible            729.0000      457.3636   579195   37.26%           x23_6 N  69441  69440    224
  69567 66771      469.9375    61      729.0000      457.3646   580025   37.26%           x9_30 N  69567  69566    149
  69654 66858      475.8000    46      729.0000      457.3646   580540   37.26%          x29_28 N  69654  69653    236
  69756 66955      472.8286    48      729.0000      457.3667   581357   37.26%          x35_31 D  69756  69755    135
  69874 67066      473.2000    69      729.0000      457.3750   582080   37.26%          x50_47 N  69874  69873     22
  69904 67093      550.0000    55      729.0000      457.3750   583321   37.26%          x42_50 N  69904  69902     44
  70011 67196      470.3636    39      729.0000      457.3774   584407   37.26%          x29_28 D  70011  70010    133
Elapsed time = 1190.94 sec. (1908079.49 ticks, tree = 2049.39 MB, solutions = 2)
Nodefile size = 1.93 MB (1.60 MB after compression)
  70120 67304      496.0000    22      729.0000      457.3774   584942   37.26%           x35_7 U  70120  70119    242
  70200 67370      506.4667    56      729.0000      457.3846   586286   37.26%          x48_41 D  70200  70199     55
  70372 67536    infeasible            729.0000      457.3846   587083   37.26%           x26_8 U  70372  70370    225
  70416 67576      474.6667    30      729.0000      457.3971   588798   37.26%           x35_9 N  70416  70414     24
  70439 67599      490.4000    17      729.0000      457.3971   589929   37.26%           x8_13 N  70439  70438     41
  70466 67626      510.0000    12      729.0000      457.3971   590243   37.26%          x10_29 N  70466  70464     62
  70489 67649      528.5000    10      729.0000      457.3971   590608   37.26%          x24_14 N  70489  70488     78
  70508 67668      535.1111    25      729.0000      457.3971   590710   37.26%           x7_23 D  70508  70507     92
  70535 67693      587.2500    14      729.0000      457.3971   590857   37.26%          x15_11 U  70535  70533    113
  70616 67768      469.2222    41      729.0000      457.3971   591713   37.26%          x19_28 N  70616  70615     94
Elapsed time = 1217.27 sec. (1948184.18 ticks, tree = 2052.46 MB, solutions = 2)
Nodefile size = 4.68 MB (3.89 MB after compression)
  70764 67915      499.0000     8      729.0000      457.3971   592358   37.26%          x23_35 D  70764  70763    242
  70800 67951      504.0000    29      729.0000      457.3971   592511   37.26%          x13_26 D  70800  70799    278
  70846 67993      473.6711    81      729.0000      457.4000   592863   37.26%          x45_44 N  70846  70845     34
  70965 68108      470.1852    41      729.0000      457.4000   594098   37.26%          x11_26 D  70965  70964    147
  71070 68207      484.0000    25      729.0000      457.4038   594913   37.26%          x33_27 D  71070  71069     37
  71226 68358      458.2000    56      729.0000      457.4038   595781   37.26%          x44_49 U  71226   7161     12
  71252 68384      471.2500    39      729.0000      457.4038   597397   37.26%          x24_10 D  71252  71250     31
  71292 68424      488.3333    16      729.0000      457.4038   597967   37.26%          x32_39 U  71292  71289     63
  71316 68448      499.4118    37      729.0000      457.4038   598324   37.26%          x23_12 U  71316  71314     80
  71335 68467      525.1250    22      729.0000      457.4038   598479   37.26%          x29_16 U  71335  71333     94
Elapsed time = 1244.39 sec. (1987726.19 ticks, tree = 2085.32 MB, solutions = 2)
Nodefile size = 37.59 MB (31.51 MB after compression)
  71375 68507      557.2000    20      729.0000      457.4038   598696   37.26%          x35_31 D  71375  71374    131
  71419 68547      495.4800    56      729.0000      457.4118   599300   37.25%          x19_33 N  71419  71418     51
  71488 68616      540.0000    14      729.0000      457.4118   600535   37.25%          x30_31 U  71488  71487    120
  71521 68649      561.0000     8      729.0000      457.4118   600814   37.25%          x24_13 D  71521  71520    153
  71540 68668      575.7500    25      729.0000      457.4118   600959   37.25%           x7_29 N  71540  71539    172
  71566 68694      601.4079    41      729.0000      457.4118   601078   37.25%           x7_15 N  71566  71565    198
  71600 68728      615.0000     0      729.0000      457.4118   601189   37.25%          x28_13 D  71600  71599    232
  71629 68757      687.0000    12      729.0000      457.4118   601334   37.25%          x20_21 U  71629  71628    261
  71648 68770      467.0000    31      729.0000      457.4205   601997   37.25%          x32_39 U  71648  23199     44
  71826 68944    infeasible            729.0000      457.4205   602875   37.25%           x13_6 N  71826  71824    221
Elapsed time = 1273.00 sec. (2030891.35 ticks, tree = 2118.91 MB, solutions = 2)
Nodefile size = 71.54 MB (60.59 MB after compression)
  71940 69058      472.3448    45      729.0000      457.4265   603639   37.25%          x16_29 D  71940  71939    137
  72017 69135      507.5000    22      729.0000      457.4265   603946   37.25%           x7_12 N  72017  72016    214
  72105 69219      462.1536    87      729.0000      457.4412   604981   37.25%          x28_27 D  72105  72104     67
  72199 69308        cutoff            729.0000      457.4412   605794   37.25%          x40_38 N  72199  72197    160
  72220 69329      473.0769    19      729.0000      457.4444   606211   37.25%           x8_24 U  72220  72218     36
  72240 69349      478.2300    63      729.0000      457.4444   606465   37.25%          x18_12 D  72240  72239     51
  72266 69375      488.5833    42      729.0000      457.4444   606841   37.25%           x5_18 U  72266  72264     71
  72309 69418      490.8000    23      729.0000      457.4444   607329   37.25%          x29_32 N  72309  72307    108
  72330 69439      512.2000    19      729.0000      457.4444   607409   37.25%           x19_9 N  72330  72329    124
  72341 69450      544.5000     8      729.0000      457.4444   607461   37.25%           x36_6 D  72341  72339    131
Elapsed time = 1299.48 sec. (2070414.83 ticks, tree = 2121.92 MB, solutions = 2)
Nodefile size = 74.14 MB (62.85 MB after compression)
  72357 69464    infeasible            729.0000      457.4444   607506   37.25%          x11_28 D  72357  72356    144
  72500 69605      481.5682    39      729.0000      457.4583   608389   37.25%           x28_8 D  72500  72499    176
  72563 69660      464.2143    57      729.0000      457.4615   609431   37.25%            x4_5 D  72563  72562     52
  72740 69833      462.5556    76      729.0000      457.4692   610166   37.25%           x8_17 D  72740  72739     43
  72880 69973      470.4000    37      729.0000      457.4692   610680   37.25%          x11_15 D  72880  72879    183
  72972 70053    infeasible            729.0000      457.4792   611661   37.25%           x5_18 N  72972  72971     55
  73123 70204      474.9200    32      729.0000      457.4792   612527   37.25%          x16_24 D  73123  73122    205
  73212 70292      527.0000     8      729.0000      457.4792   612820   37.25%           x6_28 U  73212  73211    294
  73247 70323      473.0000    10      729.0000      457.4872   613614   37.24%          x28_12 N  73247  73246     41
  73264 70340      485.3529    37      729.0000      457.4872   613962   37.24%          x13_30 U  73264  73262     52
Elapsed time = 1325.64 sec. (2109932.33 ticks, tree = 2127.20 MB, solutions = 2)
Nodefile size = 79.93 MB (67.54 MB after compression)
  73288 70364      526.0000     8      729.0000      457.4872   614357   37.24%          x27_28 U  73288  73286     72
  73303 70379      498.0000    10      729.0000      457.4872   614467   37.24%          x23_33 U  73303  73301     84
  73314 70388      529.3333    25      729.0000      457.4872   614593   37.24%          x10_31 N  73314  73313     93
  73398 70457      503.0000    36      729.0000      457.4888   615426   37.24%          x20_33 D  73398  73397     49
  73577 70632      460.3690    80      729.0000      457.4944   616623   37.24%          x40_32 D  73577  73576     24
  73665 70716      543.5000    26      729.0000      457.4944   617664   37.24%          x26_32 D  73665  73664    110
  73780 70831      566.0000    27      729.0000      457.4944   618487   37.24%          x28_22 N  73780  73779    225
  73850 70898      460.3333    33      729.0000      457.5000   618891   37.24%          x20_33 D  73850  73849     22
  73968 71016      526.0000    19      729.0000      457.5000   620189   37.24%           x27_5 N  73968  73967    140
  74014 71062      544.0000    28      729.0000      457.5000   620412   37.24%          x16_13 D  74014  74013    186
Elapsed time = 1352.67 sec. (2148821.12 ticks, tree = 2131.31 MB, solutions = 2)
Nodefile size = 83.40 MB (70.39 MB after compression)
  74107 71151      463.6061    64      729.0000      457.5000   621038   37.24%          x34_35 D  74107  74106     33
  74143 71187      487.2500    36      729.0000      457.5000   622402   37.24%          x32_38 U  74143  74141     60
  74185 71229      505.1250    24      729.0000      457.5000   622841   37.24%          x31_28 U  74185  74183     95
  74239 71283      516.8000    21      729.0000      457.5000   623171   37.24%           x5_17 N  74239  74237    143
  74263 71305      541.3333    12      729.0000      457.5000   623228   37.24%          x26_36 D  74263  74262    165
  74317 71355      468.5000    24      729.0000      457.5000   623741   37.24%          x30_28 D  74317  74316     74
  74456 71494      482.8451    38      729.0000      457.5000   624335   37.24%          x22_30 D  74456  74455    213
  74584 71617      463.7500    34      729.0000      457.5000   625099   37.24%          x17_24 U  74584  74583     86
  74746 71775      467.0000    14      729.0000      457.5000   626268   37.24%          x21_33 N  74746  74745     98
  74778 71807      488.3333    33      729.0000      457.5000   626493   37.24%          x22_28 N  74778  74777    130
Elapsed time = 1380.02 sec. (2188108.22 ticks, tree = 2135.57 MB, solutions = 2)
Nodefile size = 88.51 MB (74.51 MB after compression)
  74800 71829      498.0000    22      729.0000      457.5000   626575   37.24%           x7_21 D  74800  74799    152
  74983 72008      464.5000    20      729.0000      457.5000   627497   37.24%          x11_23 D  74983  74982    119
  75121 72144      500.0000    38      729.0000      457.5000   628084   37.24%           x8_15 D  75121  75120    256
  75167 72186      466.0000    22      729.0000      457.5000   628607   37.24%           x8_26 U  75167  75165     63
  75217 72236      489.5000    58      729.0000      457.5000   629605   37.24%          x40_47 U  75217  75216    104
  75270 72289      500.1875    34      729.0000      457.5000   630150   37.24%          x12_28 D  75270  75269    150
  75291 72310      540.5000     8      729.0000      457.5000   630334   37.24%          x35_21 U  75291  75289    165
  75390 72403      469.8750    36      729.0000      457.5000   631335   37.24%          x16_19 D  75390  75389    137
  75475 72482    infeasible            729.0000      457.5000   631742   37.24%           x29_6 U  75475  75473    220
  75600 72607      468.0000    41      729.0000      457.5000   632937   37.24%          x31_26 D  75600  75599    157
Elapsed time = 1408.07 sec. (2229740.24 ticks, tree = 2139.92 MB, solutions = 2)
Nodefile size = 92.48 MB (77.54 MB after compression)
  75693 72697      462.4118    57      729.0000      457.5000   633781   37.24%          x34_35 D  75693  75692     64
  75833 72837      476.1667    27      729.0000      457.5000   634660   37.24%          x31_13 D  75833  75832    204
  75885 72887      505.0000    22      729.0000      457.5000   634870   37.24%          x13_15 D  75885  75884    255
  75982 72976      462.7265    88      729.0000      457.5000   635732   37.24%          x39_50 D  75982  75981     97
  76000 72994      470.5000    27      729.0000      457.5000   635979   37.24%          x11_22 D  76000  75999    115
  76109 73101      503.0000    14      729.0000      457.5000   636489   37.24%           x7_12 N  76109  76108    223
  76195 73185    infeasible            729.0000      457.5000   636783   37.24%           x8_14 D  76195  76194    309
  76217 73205      495.0182    36      729.0000      457.5000   637546   37.24%           x9_21 D  76217  76216     77
  76239 73227      509.5000    14      729.0000      457.5000   637850   37.24%          x26_29 D  76239  76238     93
  76266 73254      534.5000    10      729.0000      457.5000   638074   37.24%          x14_15 N  76266  76264    115
Elapsed time = 1434.32 sec. (2269282.23 ticks, tree = 2143.96 MB, solutions = 2)
Nodefile size = 96.11 MB (80.46 MB after compression)
  76400 73384      466.5000    41      729.0000      457.5000   638987   37.24%          x20_15 D  76400  76399    163
  76535 73514      465.0000    18      729.0000      457.5000   639856   37.24%          x17_24 U  76535  76534    122
  76648 73624      461.4755    76      729.0000      457.5000   640633   37.24%          x40_48 D  76648  76647     77
  76796 73766    infeasible            729.0000      457.5000   641216   37.24%          x30_22 U  76796  76794    223
  76877 73847      467.5000    28      729.0000      457.5000   642056   37.24%          x24_33 D  76877  76876    112
  76945 73915      482.0000    16      729.0000      457.5000   642552   37.24%          x14_25 U  76945  76944    180
  77037 74007      497.7500    20      729.0000      457.5000   642865   37.24%          x16_21 N  77037  77036    272
  77085 74051      489.2000    33      729.0000      457.5000   643581   37.24%          x33_28 U  77085  77083     60
  77108 74074      478.1795    40      729.0000      457.5000   644303   37.24%           x8_13 N  77108  77106     77
  77131 74097      496.0000     8      729.0000      457.5000   644503   37.24%          x13_23 U  77131  77129     96
Elapsed time = 1464.05 sec. (2313400.59 ticks, tree = 2148.96 MB, solutions = 2)
Nodefile size = 101.01 MB (84.61 MB after compression)
  77145 74111      503.6000    21      729.0000      457.5000   644705   37.24%          x31_18 D  77145  77144    105
  77194 74156      521.0000    24      729.0000      457.5000   644956   37.24%          x14_25 N  77194  77193    151
  77306 74264      468.7500    38      729.0000      457.5000   645842   37.24%           x8_36 D  77306  77305    135
  77400 74356      485.7778    26      729.0000      457.5000   646251   37.24%          x13_12 D  77400  77399    228
  77469 74421      461.2667    69      729.0000      457.5000   646848   37.24%          x24_10 U  77469  77468     64
  77610 74562      474.2500    35      729.0000      457.5000   647664   37.24%          x31_13 D  77610  77609    205
  77696 74640      460.2977    85      729.0000      457.5000   648108   37.24%          x24_10 U  77696  77695     45
  77858 74801      496.1250    41      729.0000      457.5000   648856   37.24%          x29_13 N  77858  77857    207
  77980 74919      464.0000    27      729.0000      457.5000   649496   37.24%          x23_31 D  77980  77979    109
  78123 75061      504.3333    28      729.0000      457.5000   649935   37.24%          x21_30 D  78123  78122    252
Elapsed time = 1488.76 sec. (2352623.26 ticks, tree = 2154.80 MB, solutions = 2)
Nodefile size = 107.38 MB (90.09 MB after compression)
  78155 75089      465.4828    34      729.0000      457.5000   650675   37.24%          x30_21 U  78155  78153     54
  78224 75158      466.5000    26      729.0000      457.5000   651405   37.24%          x26_30 D  78224  78223    117
  78262 75196      483.3333    20      729.0000      457.5000   651811   37.24%           x16_7 D  78262  78261    149
  78297 75231      509.6190    55      729.0000      457.5000   652108   37.24%          x22_26 U  78297  78295    179
  78317 75249      523.5000    27      729.0000      457.5000   652248   37.24%          x23_29 D  78317  78316    193
  78400 75324      463.0000    24      729.0000      457.5000   652819   37.24%          x28_32 D  78400  78399    101
  78530 75452      493.6250    30      729.0000      457.5000   653318   37.24%            x8_7 N  78530  78529    230
  78650 75568      464.7500    30      729.0000      457.5000   654093   37.24%          x11_21 D  78650  78649    122
  78760 75673      459.5185    51      729.0000      457.5000   654707   37.24%          x36_40 D  78760  78759     49
  78800 75713      462.6667    34      729.0000      457.5000   654965   37.24%          x21_28 D  78800  78799     89
Elapsed time = 1515.81 sec. (2396313.69 ticks, tree = 2159.00 MB, solutions = 2)
Nodefile size = 111.70 MB (93.84 MB after compression)
  78850 75763      481.0000    24      729.0000      457.5000   655247   37.24%          x24_30 D  78850  78849    139
  78910 75815    infeasible            729.0000      457.5000   656052   37.24%          x49_40 N  78910  78909     81
  78943 75846      465.0000    10      729.0000      457.5000   656724   37.24%           x7_21 D  78943  78940     55
  78963 75866      473.4286    24      729.0000      457.5000   657390   37.24%          x13_21 D  78963  78961     70
  79010 75911      475.2926    64      729.0000      457.5000   658176   37.24%          x38_44 D  79010  79008    110
  79053 75954      495.2500    27      729.0000      457.5000   658851   37.24%          x30_23 U  79053  79051    146
  79077 75978      524.1667    21      729.0000      457.5000   659093   37.24%           x9_30 U  79077  79075    165
  79104 76005      525.5000    14      729.0000      457.5000   659219   37.24%          x15_20 D  79104  79103    190
  79116 76015    infeasible            729.0000      457.5000   659265   37.24%          x31_15 U  79116  79113    198
  79230 76125      467.2000    33      729.0000      457.5000   659974   37.24%          x31_30 D  79230  79229    153
Elapsed time = 1543.81 sec. (2436468.94 ticks, tree = 2161.37 MB, solutions = 2)
Nodefile size = 113.55 MB (95.44 MB after compression)
  79340 76230      458.7698    79      729.0000      457.5000   660602   37.24%          x40_42 D  79340  79339     25
  79498 76388      466.0000    36      729.0000      457.5000   661643   37.24%           x16_8 D  79498  79497    183
  79600 76486      460.1765    37      729.0000      457.5000   662144   37.24%           x13_8 D  79600  79599     62
  79785 76671      463.4000    33      729.0000      457.5000   662940   37.24%          x27_23 D  79785  79784    247
  79873 76753      463.5098    54      729.0000      457.5000   663476   37.24%          x29_22 N  79873  79872    117
  79995 76873      497.0000    11      729.0000      457.5000   663777   37.24%          x30_23 U  79995  79993    238
  80015 76889      478.5000    26      729.0000      457.5000   664564   37.24%          x33_36 U  80015  80013     45
  80040 76914      466.0000    18      729.0000      457.5000   665360   37.24%           x24_8 D  80040  80039     66
  80052 76926      487.0000     8      729.0000      457.5000   665993   37.24%          x24_21 D  80052  80051     73
  80080 76954      512.6875    64      729.0000      457.5000   666470   37.24%           x6_29 D  80080  80079     96
Elapsed time = 1570.69 sec. (2476688.86 ticks, tree = 2166.47 MB, solutions = 2)
Nodefile size = 118.90 MB (99.93 MB after compression)
  80101 76975      527.0111    52      729.0000      457.5000   666637   37.24%          x14_22 U  80101  80099    112
  80156 77030      535.0000    12      729.0000      457.5000   666849   37.24%          x33_39 U  80156  80154    163
  80177 77046      597.3333    28      729.0000      457.5000   667009   37.24%          x45_44 U  80177  80175    179
  80218 77077      462.1667    84      729.0000      457.5000   667628   37.24%          x17_13 D  80218  80217     61
  80345 77204      470.7143    32      729.0000      457.5000   668496   37.24%          x11_13 D  80345  80344    188
  80401 77256      464.0000    28      729.0000      457.5000   669075   37.24%          x24_10 U  80401  80400     38
  80562 77417      468.8000    31      729.0000      457.5000   669932   37.24%           x6_21 D  80562  80561    199
  80633 77484      490.5040    30      729.0000      457.5000   670718   37.24%           x5_30 N  80633  80632    122
  80724 77575      495.8958    33      729.0000      457.5000   671074   37.24%          x22_31 N  80724  80723    213
  80796 77643      474.6667    31      729.0000      457.5000   671848   37.24%          x24_10 N  80796  80795    105
Elapsed time = 1594.65 sec. (2516683.44 ticks, tree = 2170.71 MB, solutions = 2)
Nodefile size = 122.77 MB (103.17 MB after compression)
  80944 77788    infeasible            729.0000      457.5000   672485   37.24%           x35_7 N  80944  80943    253
  80960 77804      470.0000    18      729.0000      457.5000   673033   37.24%          x29_12 N  80960  80959     31
  80976 77820      488.5000    20      729.0000      457.5000   673469   37.24%          x35_28 N  80976  80975     41
  80998 77840    infeasible            729.0000      457.5000   673730   37.24%           x28_7 N  80998  80996     57
  81014 77856      529.5000    14      729.0000      457.5000   673884   37.24%          x13_16 U  81014  81012     70
  81028 77870      576.0000    10      729.0000      457.5000   673976   37.24%          x10_26 U  81028  81026     80
  81037 77877    infeasible            729.0000      457.5000   674007   37.24%          x28_19 U  81037  81035     87
  81111 77945      463.8741    71      729.0000      457.5000   674537   37.24%          x35_31 D  81111  81110     98
  81147 77981      475.0000    35      729.0000      457.5000   674701   37.24%          x13_21 D  81147  81146    134
  81185 78019      479.3571    38      729.0000      457.5000   674809   37.24%          x18_13 N  81185  81184    172
Elapsed time = 1622.03 sec. (2556300.32 ticks, tree = 2173.20 MB, solutions = 2)
Nodefile size = 125.99 MB (105.86 MB after compression)
  81252 78086      513.1667    18      729.0000      457.5000   674962   37.24%          x20_19 D  81252  81251    239
  81304 78132      461.6375    88      729.0000      457.5000   675518   37.24%          x38_39 D  81304  81303     57
  81386 78214      488.0000    10      729.0000      457.5000   676206   37.24%          x15_26 D  81386  81385    139
  81426 78254      491.0476    38      729.0000      457.5000   676288   37.24%          x16_28 N  81426  81425    179
  81449 78277      496.8333    30      729.0000      457.5000   676353   37.24%           x8_14 N  81449  81448    202
  81489 78317      521.5000    14      729.0000      457.5000   676531   37.24%           x8_22 D  81489  81488    242
  81533 78357      459.5128    72      729.0000      457.5000   677065   37.24%          x17_30 D  81533  81532     50
  81600 78424      465.8041    50      729.0000      457.5000   677689   37.24%           x5_28 D  81600  81599    117
  81721 78543    infeasible            729.0000      457.5000   678163   37.24%          x25_13 N  81721  81720    238
  81775 78587      462.0000    26      729.0000      457.5000   678786   37.24%           x29_8 U  81775  63991     38
Elapsed time = 1650.25 sec. (2596271.66 ticks, tree = 2176.70 MB, solutions = 2)
Nodefile size = 129.86 MB (109.27 MB after compression)
  81800 78612      474.8000    28      729.0000      457.5000   679383   37.24%          x13_23 N  81800  81798     58
  81812 78624      498.8462    25      729.0000      457.5000   679871   37.24%          x18_20 U  81812  81810     65
  81821 78633      511.0000    17      729.0000      457.5000   680018   37.24%           x8_26 U  81821  81819     72
  81856 78668      517.2333    55      729.0000      457.5000   680236   37.24%          x22_19 D  81856  81855    103
  81872 78684      539.0909    24      729.0000      457.5000   680309   37.24%          x23_31 D  81872  81871    116
  81893 78701      467.5000    16      729.0000      457.5000   680777   37.24%           x7_17 N  81893  81892     52
  81997 78805      473.2500    31      729.0000      457.5000   681590   37.24%          x16_26 D  81997  81996    156
  82000 78808      473.2581    50      729.0000      457.5000   681598   37.24%          x20_26 D  82000  81999    159
  82113 78918      497.6667    27      729.0000      457.5000   682024   37.24%          x28_18 D  82113  82112    271
  82199 78999      506.8158    67      729.0000      457.5000   682546   37.24%          x41_49 N  82199  82198     50
Elapsed time = 1677.47 sec. (2636618.21 ticks, tree = 2179.48 MB, solutions = 2)
Nodefile size = 131.61 MB (110.74 MB after compression)
  82290 79090      525.2857    38      729.0000      457.5000   683498   37.24%          x18_17 D  82290  82289    141
  82391 79191      536.0000     8      729.0000      457.5000   683990   37.24%           x8_14 D  82391  82390    242
  82442 79242      577.0000     8      729.0000      457.5000   684112   37.24%          x22_23 D  82442  82441    293
  82486 79282      487.8000    30      729.0000      457.5000   684851   37.24%          x21_24 U  82486  82485     66
  82527 79323      500.1429    26      729.0000      457.5000   685198   37.24%           x24_8 N  82527  82526    107
  82569 79365      510.6000    24      729.0000      457.5000   685412   37.24%           x5_19 N  82569  82568    149
  82604 79400      519.5000    29      729.0000      457.5000   685528   37.24%          x16_19 N  82604  82603    184
  82633 79429      568.3333    14      729.0000      457.5000   685710   37.24%           x6_12 D  82633  82632    213
  82660 79452      463.0682    62      729.0000      457.5000   686157   37.24%          x33_28 D  82660  82659     44
  82800 79592      471.0000    38      729.0000      457.5000   686872   37.24%          x16_30 D  82800  82799    184
Elapsed time = 1707.19 sec. (2677046.51 ticks, tree = 2183.51 MB, solutions = 2)
Nodefile size = 136.23 MB (114.60 MB after compression)
  82828 79616      492.8000    71      729.0000      457.5000   687666   37.24%          x38_42 N  82828  82826     15
  82841 79629      484.4898    81      729.0000      457.5000   688892   37.24%          x38_50 N  82841  82839     24
  82866 79654      504.1250    40      729.0000      457.5000   690001   37.24%          x28_35 U  82866  82864     42
  82901 79689      511.5000    24      729.0000      457.5000   690655   37.24%          x25_15 N  82901  82899     68
  82965 79753      514.6471    30      729.0000      457.5000   690897   37.24%          x25_31 D  82965  82964    128
  82998 79786      516.9167    49      729.0000      457.5000   691154   37.24%          x42_45 N  82998  82996    156
  83029 79815      558.5000    19      729.0000      457.5000   691479   37.24%          x23_27 D  83029  83027    181
  83074 79848      461.2769    79      729.0000      457.5000   691966   37.24%          x38_37 D  83074  83073     13
  83133 79903      461.7889    74      729.0000      457.5000   693060   37.24%          x18_35 U  83133  83132     21
  83254 80024      481.0000    16      729.0000      457.5000   693964   37.24%          x20_27 N  83254  83253    142
Elapsed time = 1735.60 sec. (2716221.23 ticks, tree = 2186.49 MB, solutions = 2)
Nodefile size = 139.13 MB (116.94 MB after compression)
  83337 80107      489.1250    27      729.0000      457.5000   694291   37.24%          x15_22 D  83337  83336    225
  83387 80153    infeasible            729.0000      457.5000   694445   37.24%          x26_15 U  83387  83385    274
  83430 80193      469.2500    19      729.0000      457.5000   695482   37.24%          x17_30 D  83430  83428     29
  83459 80222      471.7500    12      729.0000      457.5000   696154   37.24%          x26_14 U  83459  83457     50
  83470 80233      485.0000     8      729.0000      457.5000   696427   37.24%          x24_26 U  83470  83468     57
  83522 80285      502.1667    32      729.0000      457.5000   696898   37.24%          x13_11 D  83522  83520    104
  83557 80320      555.0000     8      729.0000      457.5000   697147   37.24%          x30_33 U  83557  83555    135
  83566 80329      566.0000    24      729.0000      457.5000   697208   37.24%          x35_31 N  83566  83565    143
  83600 80357      468.1111    40      729.0000      457.5000   697826   37.24%          x13_21 D  83600  83599     39
  83727 80484      478.0000    35      729.0000      457.5000   698824   37.24%          x16_15 D  83727  83726    166
Elapsed time = 1765.48 sec. (2757938.04 ticks, tree = 2189.67 MB, solutions = 2)
Nodefile size = 141.87 MB (119.24 MB after compression)
  83832 80583      470.2222    52      729.0000      457.5000   699548   37.24%          x38_42 U  83832  21150     18
  83937 80688      498.1667    33      729.0000      457.5000   700482   37.24%           x11_8 D  83937  83936    123
  84000 80751      508.4286    41      729.0000      457.5000   700661   37.24%          x15_31 D  84000  83999    186
  84061 80807      459.9142    91      729.0000      457.5000   701202   37.24%          x15_23 U  84061  37127     35
  84217 80963      465.3333    29      729.0000      457.5000   701986   37.24%           x13_9 D  84217  84216    191
  84291 81032    infeasible            729.0000      457.5000   702404   37.24%           x35_6 N  84291  84290    264
  84422 81163      465.4286    35      729.0000      457.5000   703331   37.24%          x19_17 D  84422  84421    164
  84500 81240      507.1250    26      729.0000      457.5000   703634   37.24%          x16_11 D  84500  84499    242
  84522 81258      486.5185    68      729.0000      457.5000   704442   37.24%          x14_26 N  84522  84519     59
  84542 81278      510.0439    61      729.0000      457.5000   704723   37.24%          x38_42 U  84542  84540     73
Elapsed time = 1791.63 sec. (2798837.88 ticks, tree = 2195.18 MB, solutions = 2)
Nodefile size = 147.50 MB (123.88 MB after compression)
  84577 81313      555.0000     8      729.0000      457.5000   704898   37.24%          x14_17 N  84577  84575    102
  84590 81322    infeasible            729.0000      457.5000   704925   37.24%           x9_25 U  84590  84588    113
  84729 81461      466.5000    22      729.0000      457.5000   705901   37.24%          x23_35 D  84729  84728    171
  84800 81530      507.0000    24      729.0000      457.5000   706434   37.24%          x10_26 D  84800  84799    241
  84883 81608      472.0000    24      729.0000      457.5000   707015   37.24%          x24_33 D  84883  84882    100
  84923 81648      487.2000    19      729.0000      457.5000   707174   37.24%          x13_23 D  84923  84922    140
  84946 81671      496.0000    12      729.0000      457.5000   707279   37.24%          x13_22 D  84946  84945    163
  84962 81687      509.0000    22      729.0000      457.5000   707340   37.24%          x23_28 D  84962  84961    179
  84980 81705      525.0000     8      729.0000      457.5000   707419   37.24%          x10_28 D  84980  84979    197
  84997 81722      529.2500    22      729.0000      457.5000   707482   37.24%          x11_14 D  84997  84996    214
Elapsed time = 1821.22 sec. (2839704.37 ticks, tree = 2198.28 MB, solutions = 2)
Nodefile size = 150.32 MB (126.14 MB after compression)
  85034 81758      569.5000    13      729.0000      457.5000   707571   37.24%          x11_24 U  85034  85033    251
  85090 81808      487.5000    28      729.0000      457.5000   708504   37.24%           x7_30 D  85090  85089     78
  85207 81924      510.0000    14      729.0000      457.5000   708817   37.24%          x11_29 U  85207  85206    195
  85266 81983      516.2000    22      729.0000      457.5000   708931   37.24%          x25_21 D  85266  85265    254
  85300 82013      475.0000    42      729.0000      457.5000   709319   37.24%          x32_33 N  85300  85299     64
  85380 82093      495.2105    33      729.0000      457.5000   709979   37.24%          x22_30 D  85380  85379    144
  85489 82200      531.3333    12      729.0000      457.5000   710277   37.24%           x28_7 N  85489  85488    252
  85504 82211      459.6778    81      729.0000      457.5102   711482   37.24%          x39_32 D  85504  85502     40
  85539 82246      482.7826    81      729.0000      457.5102   712720   37.24%          x38_45 U  85539  85537     71
  85561 82268      474.2500    18      729.0000      457.5102   713077   37.24%          x31_35 U  85561  85559     86
Elapsed time = 1848.49 sec. (2879104.08 ticks, tree = 2202.13 MB, solutions = 2)
Nodefile size = 154.61 MB (129.68 MB after compression)
  85580 82287      520.0000    10      729.0000      457.5102   713235   37.24%          x15_22 U  85580  85578    101
  85590 82297      496.2500    13      729.0000      457.5102   713387   37.24%           x5_18 U  85590  85589    109
  85621 82328      502.5000     8      729.0000      457.5102   713560   37.24%          x14_23 U  85621  85619    137
  85652 82359      537.5000     8      729.0000      457.5102   713723   37.24%          x19_36 U  85652  85650    165
  85674 82377      459.1616    79      729.0000      457.5152   714015   37.24%          x38_39 D  85674  85673     28
  85776 82479      474.5000    26      729.0000      457.5152   714856   37.24%          x17_16 N  85776  85775    130
  85802 82505      497.0000     8      729.0000      457.5152   715015   37.24%           x11_9 D  85802  85801    156
  85874 82577      518.0000    10      729.0000      457.5152   715196   37.24%           x16_8 D  85874  85873    228
  85888 82591      535.0000    29      729.0000      457.5152   715241   37.24%          x11_14 N  85888  85887    242
  85908 82607      467.2206    55      729.0000      457.5208   715591   37.24%          x38_42 U  85908  85907     46
Elapsed time = 1876.88 sec. (2919960.07 ticks, tree = 2204.55 MB, solutions = 2)
Nodefile size = 157.31 MB (132.01 MB after compression)
  86000 82693      464.2795    73      729.0000      457.5256   716254   37.24%          x20_27 D  86000  85999     69
  86145 82838      471.0000    14      729.0000      457.5256   716813   37.24%          x17_24 U  86145  86144    214
  86198 82888      472.5000    44      729.0000      457.5280   717597   37.24%          x43_39 D  86198  86197     41
  86225 82909      515.9821    77      729.0000      457.5379   718653   37.24%          x43_41 N  86225  86224     39
  86265 82939      462.0103    52      729.0000      457.5417   719295   37.24%          x24_21 N  86265  86264     42
  86439 83113      463.6667    24      729.0000      457.5417   719890   37.24%          x12_13 D  86439  86438    216
  86498 83164      460.7500    27      729.0000      457.5500   720363   37.24%          x17_30 N  86498  86497     31
  86668 83334      465.6901    38      729.0000      457.5500   721147   37.24%          x33_28 D  86668  86667    201
  86790 83450      472.8135    49      729.0000      457.5500   721807   37.24%          x21_28 D  86790  86789    155
  86842 83501      530.0000    29      729.0000      457.5500   721997   37.24%          x23_20 N  86842  86841    207
Elapsed time = 1903.12 sec. (2958895.93 ticks, tree = 2210.64 MB, solutions = 2)
Nodefile size = 162.67 MB (136.64 MB after compression)
  86865 83522      550.0000    11      729.0000      457.5500   722113   37.24%          x27_14 N  86865  86864    229
  86880 83531      468.7250    67      729.0000      457.5556   722355   37.24%          x33_27 N  86880  86879     50
  87062 83711    infeasible            729.0000      457.5556   722922   37.24%          x10_27 D  87062  87061    232
  87088 83733      486.0000    17      729.0000      457.5577   723765   37.23%          x21_13 U  87088  87085     61
  87101 83746      497.2397    47      729.0000      457.5577   723973   37.23%          x14_20 N  87101  87099     70
  87114 83759      544.0417    51      729.0000      457.5577   724338   37.23%          x39_32 N  87114  87112     78
  87124 83767      599.0000    12      729.0000      457.5577   724504   37.23%          x34_32 N  87124  87123     85
  87136 83775    infeasible            729.0000      457.5577   724589   37.23%          x28_31 D  87136  87134     92
  87190 83827      491.6667    32      729.0000      457.5625   725454   37.23%           x7_17 D  87190  87189     67
  87301 83938      496.5833    38      729.0000      457.5625   726115   37.23%          x20_12 D  87301  87300    178
Elapsed time = 1929.38 sec. (2999211.90 ticks, tree = 2213.80 MB, solutions = 2)
Nodefile size = 166.54 MB (139.90 MB after compression)
  87409 84043    infeasible            729.0000      457.5625   726674   37.23%          x21_26 D  87409  87408    286
  87490 84120      497.2857    46      729.0000      457.5634   727718   37.23%           x7_30 D  87490  87489     97
  87599 84229      514.0000    36      729.0000      457.5634   728483   37.23%          x26_17 D  87599  87598    206
  87675 84305      521.5000    18      729.0000      457.5634   728702   37.23%          x12_30 D  87675  87674    282
  87718 84344      463.6212    72      729.0000      457.5634   729290   37.23%          x16_27 D  87718  87717     60
  87815 84441      481.0000    22      729.0000      457.5634   729722   37.23%          x21_31 D  87815  87814    157
  87867 84493      489.0000    14      729.0000      457.5634   729927   37.23%          x25_15 U  87867  87866    209
  87943 84563      465.4483    67      729.0000      457.5714   730482   37.23%          x38_42 D  87943  87942     35
  88065 84685      484.0000     8      729.0000      457.5714   731019   37.23%          x33_39 D  88065  88064    157
  88094 84714      494.5217    39      729.0000      457.5714   731240   37.23%          x25_26 D  88094  88093    186
Elapsed time = 1956.52 sec. (3038057.36 ticks, tree = 2218.66 MB, solutions = 2)
Nodefile size = 170.77 MB (143.45 MB after compression)
  88159 84779      516.8235    26      729.0000      457.5714   731581   37.23%          x20_30 N  88159  88158    251
  88183 84799      462.5353    79      729.0000      457.5714   732536   37.23%          x29_13 U  88183  14064     38
  88212 84828      473.0000    23      729.0000      457.5714   732931   37.23%          x25_21 U  88212  88210     61
  88232 84848      484.5000    12      729.0000      457.5714   733333   37.23%          x14_25 U  88232  88231     76
  88261 84877      514.5000    18      729.0000      457.5714   733477   37.23%          x13_18 D  88261  88260    101
  88339 84949      469.8000    43      729.0000      457.5714   734334   37.23%          x36_16 U  88339  88338    109
  88405 85015      473.2683    36      729.0000      457.5714   734670   37.23%           x16_8 D  88405  88404    175
  88450 85060      480.3636    23      729.0000      457.5714   734809   37.23%          x23_13 D  88450  88449    220
  88460 85066      478.2500    42      729.0000      457.5806   735371   37.23%          x24_30 D  88460  88459     31
  88558 85164      488.4466    65      729.0000      457.5806   736209   37.23%          x33_28 N  88558  88557    129
Elapsed time = 1984.46 sec. (3079436.14 ticks, tree = 2221.95 MB, solutions = 2)
Nodefile size = 174.44 MB (146.63 MB after compression)
  88658 85263      529.0000    12      729.0000      457.5806   736536   37.23%          x19_21 D  88658  88657    229
  88702 85303      463.5000    34      729.0000      457.5833   736870   37.23%          x33_36 D  88702  88701     39
  88820 85421      466.4400    59      729.0000      457.5833   737407   37.23%          x22_17 D  88820  88819    157
  88940 85541      478.0000    18      729.0000      457.5833   737992   37.23%          x15_19 D  88940  88939    277
  88983 85576      460.7069    80      729.0000      457.5833   738518   37.23%           x8_31 D  88983  88982     49
  89060 85653      475.3000    39      729.0000      457.5833   739189   37.23%          x36_33 N  89060  89059    126
  89143 85736      484.3333    19      729.0000      457.5833   739572   37.23%           x7_19 D  89143  89142    209
  89200 85793      497.0000    26      729.0000      457.5833   739785   37.23%          x23_17 D  89200  89199    266
  89237 85825      460.8367    73      729.0000      457.5833   740061   37.23%          x40_32 D  89237  89236     21
  89257 85845      474.4865    38      729.0000      457.5833   740796   37.23%           x8_12 N  89257  89255     37
Elapsed time = 2011.83 sec. (3120241.42 ticks, tree = 2226.94 MB, solutions = 2)
Nodefile size = 179.83 MB (151.42 MB after compression)
  89269 85857      479.0588    44      729.0000      457.5833   741277   37.23%          x32_39 D  89269  89267     45
  89287 85875      495.5000     8      729.0000      457.5833   741633   37.23%          x29_23 D  89287  89286     60
  89316 85904      506.1818    31      729.0000      457.5833   741818   37.23%          x21_26 U  89316  89314     83
  89326 85910      474.4000    82      729.0000      457.5833   742035   37.23%          x48_38 D  89326  89325     37
  89390 85971      471.0116    78      729.0000      457.5833   743223   37.23%          x42_48 D  89390  89389     65
  89544 86124      504.3333    22      729.0000      457.5833   743943   37.23%           x6_28 U  89544  89543    219
  89627 86195    infeasible            729.0000      457.6000   744588   37.23%          x41_43 N  89627  89626     38
  89731 86297      463.6667    65      729.0000      457.6000   745377   37.23%          x33_30 D  89731  89730    142
  89826 86392      474.0714    42      729.0000      457.6000   745744   37.23%          x31_21 D  89826  89825    237
  89888 86450      473.5926    71      729.0000      457.6000   746302   37.23%          x40_47 U  89888  89886     50
Elapsed time = 2039.77 sec. (3159990.21 ticks, tree = 2231.42 MB, solutions = 2)
Nodefile size = 183.61 MB (154.70 MB after compression)
  89910 86472      492.0000    23      729.0000      457.6000   746929   37.23%           x29_8 N  89910  89908     67
  89926 86488      502.0000    12      729.0000      457.6000   747159   37.23%          x31_26 D  89926  89925     78
  89937 86499      506.7500    38      729.0000      457.6000   747275   37.23%          x23_31 D  89937  89936     87
  89955 86517      531.2500    21      729.0000      457.6000   747616   37.23%           x5_36 N  89955  89954    101
  89979 86541      540.5000    22      729.0000      457.6000   747786   37.23%           x31_6 N  89979  89978    121
  90000 86560      559.6818    45      729.0000      457.6000   747921   37.23%          x38_50 D  90000  89999    139
  90022 86576      460.2009    70      729.0000      457.6000   748143   37.23%          x37_32 D  90022  90021     31
  90177 86731      464.0625    46      729.0000      457.6000   748910   37.23%          x24_28 N  90177  90176    186
  90250 86804      482.1212    37      729.0000      457.6000   749189   37.23%          x18_20 D  90250  90249    259
  90338 86888      468.3361    53      729.0000      457.6000   750054   37.23%           x8_33 D  90338  90337     92
Elapsed time = 2066.56 sec. (3201149.49 ticks, tree = 2234.68 MB, solutions = 2)
Nodefile size = 187.41 MB (157.79 MB after compression)
  90400 86950      472.6000    55      729.0000      457.6000   750638   37.23%          x26_17 D  90400  90399    154
  90502 87052      491.0000    28      729.0000      457.6000   751223   37.23%          x10_36 D  90502  90501    256
  90544 87094      504.1111    27      729.0000      457.6000   751405   37.23%          x28_10 D  90544  90543    298
  90583 87127      520.0303    65      729.0000      457.6032   751788   37.23%           x7_17 D  90583  90582     44
  90691 87235      529.8750    45      729.0000      457.6032   752496   37.23%          x25_27 N  90691  90690    152
  90758 87302      564.0000    22      729.0000      457.6032   752920   37.23%          x33_34 N  90758  90757    219
  90774 87318      577.7500    23      729.0000      457.6032   752990   37.23%          x31_29 D  90774  90773    235
  90783 87325      596.1429    15      729.0000      457.6032   753065   37.23%           x13_7 D  90783  90782    243
  90833 87372      467.4505    79      729.0000      457.6087   753804   37.23%          x38_40 D  90833  90832     55
  90919 87458      474.7206    56      729.0000      457.6087   754378   37.23%           x31_9 N  90919  90918    141
Elapsed time = 2095.55 sec. (3243051.05 ticks, tree = 2238.93 MB, solutions = 2)
Nodefile size = 191.77 MB (161.00 MB after compression)
  91001 87536      472.8915    86      729.0000      457.6087   755457   37.23%          x50_39 U  91001  23191     36
  91035 87564      474.6033    78      729.0000      457.6111   756382   37.23%          x38_39 U  91035  23190     35
  91157 87686      503.3261    55      729.0000      457.6111   757377   37.23%           x7_28 D  91157  91156    157
  91200 87729      503.6250    58      729.0000      457.6111   757496   37.23%          x16_21 D  91200  91199    200
  91270 87795      460.5000    29      729.0000      457.6136   758196   37.23%           x27_5 D  91270  91269     19
  91369 87894      471.4545    22      729.0000      457.6136   758951   37.23%          x17_29 D  91369  91368    118
  91429 87954      475.0504    53      729.0000      457.6136   759261   37.23%          x27_30 D  91429  91428    178
  91515 88034      459.0000    28      729.0000      457.6139   759667   37.23%          x18_35 D  91515  51826     24
  91609 88128      464.1818    46      729.0000      457.6139   760592   37.23%          x24_10 U  91609  91608    118
  91760 88279      480.0000    30      729.0000      457.6139   761504   37.23%          x26_29 D  91760  91759    269
Elapsed time = 2123.09 sec. (3283592.91 ticks, tree = 2244.84 MB, solutions = 2)
Nodefile size = 197.48 MB (165.80 MB after compression)
  91800 88315    infeasible            729.0000      457.6139   761627   37.23%          x28_15 U  91800  91798    308
  91833 88348      482.0606    62      729.0000      457.6250   762535   37.23%          x33_29 N  91833  91832     52
  91884 88399      491.5000    20      729.0000      457.6250   762780   37.23%          x28_22 D  91884  91883    103
  91909 88424      499.7143    34      729.0000      457.6250   762894   37.23%          x29_14 D  91909  91908    128
  91986 88501      506.7500    22      729.0000      457.6250   763061   37.23%           x8_11 N  91986  91985    205
  92000 88511      472.0000    10      729.0000      457.6250   763601   37.23%          x29_21 U  92000  91998     21
  92030 88541      483.7000    51      729.0000      457.6250   764030   37.23%          x28_32 D  92030  92029     44
  92054 88563    infeasible            729.0000      457.6250   764199   37.23%          x13_20 U  92054  92052     63
  92085 88594      525.2857    23      729.0000      457.6250   764280   37.23%          x35_17 D  92085  92084     92
  92101 88608    infeasible            729.0000      457.6250   764353   37.23%          x23_17 D  92101  92100    105
Elapsed time = 2152.82 sec. (3326501.16 ticks, tree = 2247.33 MB, solutions = 2)
Nodefile size = 200.16 MB (167.98 MB after compression)
  92132 88633      470.9167    60      729.0000      457.6289   765559   37.23%          x18_33 U  92132  42726     16
  92196 88697      487.2500    54      729.0000      457.6289   766383   37.23%          x30_31 N  92196  92195     80
  92249 88750      493.9231    31      729.0000      457.6289   766609   37.23%          x16_19 D  92249  92248    133
  92352 88853      528.4000    14      729.0000      457.6289   767002   37.23%          x16_31 D  92352  92351    236
  92363 88858      492.9167    64      729.0000      457.6296   767304   37.23%          x50_40 U  92363  12106     61
  92400 88892      498.9048    54      729.0000      457.6325   768671   37.22%          x33_28 D  92400  92399     41
  92500 88992      507.7561    37      729.0000      457.6325   769349   37.22%          x15_17 D  92500  92499    141
  92598 89088        cutoff            729.0000      457.6325   769725   37.22%          x11_22 D  92598  92597    239
  92626 89112      502.0000    26      729.0000      457.6364   770495   37.22%           x27_5 N  92626  92624     28
  92635 89121      503.3333    28      729.0000      457.6364   771283   37.22%          x22_20 U  92635  92633     33
Elapsed time = 2183.74 sec. (3369051.05 ticks, tree = 2251.16 MB, solutions = 2)
Nodefile size = 203.61 MB (170.75 MB after compression)
  92660 89146      507.1429    19      729.0000      457.6364   771853   37.22%           x13_8 D  92660  92659     52
  92682 89168      519.4255    53      729.0000      457.6364   772567   37.22%           x18_9 U  92682  92680     68
  92700 89186      545.3333    36      729.0000      457.6364   773086   37.22%          x22_27 N  92700  92698     82
  92709 89195      539.3000    33      729.0000      457.6364   773249   37.22%          x20_36 U  92709  92707     89
  92731 89217      559.0000    20      729.0000      457.6364   773511   37.22%          x28_13 N  92731  92729    107
  92746 89232      568.0909    31      729.0000      457.6364   773680   37.22%           x5_18 N  92746  92744    118
  92760 89246      590.0000    14      729.0000      457.6364   773735   37.22%          x28_36 D  92760  92759    127
  92765 89251      612.3333    15      729.0000      457.6364   773747   37.22%          x23_24 U  92765  92762    129
  92783 89269      622.0000    12      729.0000      457.6364   773787   37.22%          x21_30 D  92783  92782    146
  92789 89273    infeasible            729.0000      457.6364   773805   37.22%          x21_11 D  92789  92787    150
Elapsed time = 2215.39 sec. (3413235.03 ticks, tree = 2252.32 MB, solutions = 2)
Nodefile size = 204.35 MB (171.31 MB after compression)
  92878 89360      465.4020    50      729.0000      457.6364   774585   37.22%          x21_31 D  92878  92877    112
  93016 89498      466.2267    31      729.0000      457.6364   774880   37.22%           x35_8 N  93016  93015    250
  93050 89524      467.6585    81      729.0000      457.6364   775327   37.22%          x39_32 D  93050  93049     50
  93224 89698      468.5857    51      729.0000      457.6364   775904   37.22%          x20_24 D  93224  93223    224
  93280 89750      469.1300    67      729.0000      457.6416   776681   37.22%          x42_38 D  93280  93279     67
  93400 89870      473.7500    29      729.0000      457.6416   777216   37.22%          x16_19 D  93400  93399    187
  93486 89952      469.1492    63      729.0000      457.6538   777972   37.22%          x29_17 D  93486  93485     66
  93630 90096      483.1667    40      729.0000      457.6538   778645   37.22%          x20_14 D  93630  93629    210
  93687 90151    infeasible            729.0000      457.6538   778876   37.22%           x35_7 N  93687  93686    267
  93741 90203      493.3333    11      729.0000      457.6538   779525   37.22%          x12_26 U  93741  93739     54
Elapsed time = 2241.05 sec. (3452076.77 ticks, tree = 2259.39 MB, solutions = 2)
Nodefile size = 211.42 MB (176.48 MB after compression)
  93773 90235      512.0000    43      729.0000      457.6538   779963   37.22%          x14_25 U  93773  93772     81
  93787 90249      525.0357    39      729.0000      457.6538   780195   37.22%          x24_30 N  93787  93786     91
  93825 90287      536.2500    22      729.0000      457.6538   780532   37.22%          x36_16 D  93825  93823    123
  93846 90308      560.0000     8      729.0000      457.6538   780633   37.22%           x9_30 N  93846  93844    142
  93869 90331      596.5000    14      729.0000      457.6538   780701   37.22%          x30_28 U  93869  93867    163
  93904 90358    infeasible            729.0000      457.6538   780953   37.22%          x42_43 D  93904  93903     37
  93972 90416      477.5000    86      729.0000      457.6667   781864   37.22%          x49_48 D  93972  93971     44
  94071 90515      491.1818    36      729.0000      457.6667   782748   37.22%          x19_17 D  94071  94070    143
  94180 90622      503.0667    27      729.0000      457.6667   783404   37.22%          x29_14 D  94180  94179    251
  94231 90667    infeasible            729.0000      457.6667   783653   37.22%           x25_7 D  94231  94230    300
Elapsed time = 2267.45 sec. (3492185.47 ticks, tree = 2262.99 MB, solutions = 2)
Nodefile size = 215.17 MB (179.09 MB after compression)
  94307 90739      475.8000    28      729.0000      457.6667   784328   37.22%          x29_26 N  94307  94306    114
  94420 90852      478.6250    28      729.0000      457.6667   784557   37.22%          x27_14 D  94420  94419    227
  94456 90884      474.1000    34      729.0000      457.6667   785133   37.22%          x31_32 N  94456  94455     63
  94485 90913      492.5714    39      729.0000      457.6667   785632   37.22%          x10_16 U  94485  94483     87
  94499 90927      495.2500    16      729.0000      457.6667   785856   37.22%          x13_14 N  94499  94497     97
  94549 90977      509.3333    17      729.0000      457.6667   786000   37.22%          x12_28 U  94549  94547    144
  94557 90985      538.0000    10      729.0000      457.6667   786051   37.22%          x10_29 U  94557  94555    149
  94565 90993      558.3913    27      729.0000      457.6667   786093   37.22%          x35_26 U  94565  94563    155
  94630 91054      465.0000    30      729.0000      457.6667   786861   37.22%           x8_35 D  94630  94629    101
  94757 91181      477.2222    30      729.0000      457.6667   787567   37.22%          x29_36 D  94757  94756    228
Elapsed time = 2294.14 sec. (3533657.07 ticks, tree = 2266.97 MB, solutions = 2)
Nodefile size = 219.85 MB (183.03 MB after compression)
  94811 91227      462.9643    74      729.0000      457.6667   788117   37.22%          x50_44 D  94811  94810     49
  94963 91379      475.0000    35      729.0000      457.6667   788716   37.22%          x14_25 U  94963  94962    201
  95025 91439      521.7500    24      729.0000      457.6667   789018   37.22%          x19_13 D  95025  95024    262
  95078 91482    infeasible            729.0000      457.6667   789397   37.22%          x45_47 U  95078  95076     58
  95200 91604      463.1856    60      729.0000      457.6667   790224   37.22%          x20_17 D  95200  95199    146
  95347 91749      474.0000    26      729.0000      457.6667   790606   37.22%          x21_30 N  95347  95345    292
  95355 91753      468.6750    81      729.0000      457.6667   791742   37.22%          x40_47 U  95355  95353      9
  95365 91763      490.4148    85      729.0000      457.6667   792860   37.22%          x45_44 N  95365  95363     16
  95377 91775      525.6667    52      729.0000      457.6667   794449   37.22%          x43_46 N  95377  95375     25
  95398 91796      521.5000    43      729.0000      457.6667   795249   37.22%           x18_9 D  95398  95396     38
Elapsed time = 2325.18 sec. (3577856.39 ticks, tree = 2271.77 MB, solutions = 2)
Nodefile size = 223.99 MB (186.31 MB after compression)
  95425 91823      528.0000    29      729.0000      457.6667   795839   37.22%          x13_10 N  95425  95423     58
  95442 91840      542.0000    16      729.0000      457.6667   796876   37.22%          x35_36 N  95442  95440     71
  95472 91870      545.0000    12      729.0000      457.6667   797196   37.22%          x26_14 D  95472  95471     94
  95491 91889      559.5000    16      729.0000      457.6667   797391   37.22%          x14_28 U  95491  95489    110
  95513 91911      567.5714    19      729.0000      457.6667   797732   37.22%          x16_18 U  95513  95511    128
  95548 91946      583.2500    19      729.0000      457.6667   798096   37.22%          x16_13 U  95548  95546    158
  95576 91974      611.0000    12      729.0000      457.6667   798299   37.22%           x5_31 U  95576  95574    179
  95598 91996      634.3750    21      729.0000      457.6667   798363   37.22%           x6_20 D  95598  95596    198
  95607 92001      466.3357    69      729.0000      457.6667   799001   37.22%          x34_40 D  95607  95606     22
  95670 92058      475.7560    81      729.0000      457.6667   800260   37.22%          x32_40 D  95670  95669     19
Elapsed time = 2352.39 sec. (3619056.63 ticks, tree = 2273.84 MB, solutions = 2)
Nodefile size = 225.95 MB (187.20 MB after compression)
  95736 92120      469.3636    45      729.0000      457.6667   801273   37.22%          x20_18 D  95736  95735     79
  95855 92237      501.0000    29      729.0000      457.6667   801758   37.22%          x13_22 N  95855  95854    197
  95891 92269      473.4667    56      729.0000      457.6724   802311   37.22%          x32_33 N  95891  95890     43
  95953 92331      507.7500    52      729.0000      457.6724   803287   37.22%          x45_44 U  95953  95952    105
  95976 92354      543.0000    40      729.0000      457.6724   803995   37.22%          x36_16 N  95976  95975    128
  96000 92378      558.0000    21      729.0000      457.6724   804253   37.22%           x5_26 N  96000  95999    152
  96053 92431      591.4000    26      729.0000      457.6724   804467   37.22%          x23_15 D  96053  96052    205
  96059 92437      613.0000     8      729.0000      457.6724   804520   37.22%          x21_24 U  96059  96058    211
  96073 92451      636.0000     8      729.0000      457.6724   804558   37.22%          x36_13 D  96073  96072    225
  96099 92477      660.5000    23      729.0000      457.6724   804646   37.22%          x29_17 D  96099  96098    251
Elapsed time = 2380.99 sec. (3660101.77 ticks, tree = 2276.89 MB, solutions = 2)
Nodefile size = 228.95 MB (189.45 MB after compression)
  96112 92486      460.3902    81      729.0000      457.6842   805678   37.22%          x18_35 D  96112   9120     17
  96134 92508      498.0000    29      729.0000      457.6842   806640   37.22%          x24_10 U  96134  96133     32
  96154 92528      504.0000    10      729.0000      457.6842   807013   37.22%          x19_28 U  96154  96151     46
  96182 92556      547.0000    11      729.0000      457.6842   807353   37.22%          x21_20 U  96182  96180     70
  96200 92574      513.2000    17      729.0000      457.6842   807727   37.22%          x30_23 D  96200  96199     85
  96220 92594      532.0000    13      729.0000      457.6842   808063   37.22%          x14_25 D  96220  96218     99
  96238 92606      468.2692    41      729.0000      457.6923   809073   37.22%            x4_5 D  96238  96237     51
  96346 92712      533.0000    10      729.0000      457.6923   809730   37.22%           x20_9 N  96346  96345    158
  96400 92762      463.5625    35      729.0000      457.6923   810320   37.22%          x13_19 D  96400  96399     86
  96800 93146      484.1667    43      729.0000      457.6939   812650   37.22%          x20_28 D  96800  96799     64
Elapsed time = 2417.45 sec. (3714310.61 ticks, tree = 2282.22 MB, solutions = 2)
Nodefile size = 234.65 MB (193.60 MB after compression)
  96988 93326      493.6250    32      729.0000      457.7000   814485   37.22%          x34_31 D  96988  96986     43
  97199 93531      472.5135    40      729.0000      457.7000   816016   37.22%           x9_17 D  97199  97198    158
  97452 93777      466.2680    54      729.0000      457.7000   817623   37.22%          x16_31 D  97452  97451    158
  97663 93978      482.5000    80      729.0000      457.7045   821373   37.21%          x40_32 U  97663  65066     18
  97861 94172      470.0833    33      729.0000      457.7143   823681   37.21%          x12_26 N  97861  97860    187
  98224 94530      513.0000    35      729.0000      457.7143   825488   37.21%           x6_19 N  98224  98223    250
  98507 94801      536.3333    38      729.0000      457.7222   827569   37.21%          x31_29 N  98507  98506     91
  98597 94877      480.0000    38      729.0000      457.7273   829806   37.21%          x13_30 N  98597  98596     94
  98874 95144      481.0055    48      729.0000      457.7273   831227   37.21%           x8_28 D  98874  98873    172
  99000 95262      512.2500    33      729.0000      457.7308   832354   37.21%          x15_19 N  99000  98999     53
Elapsed time = 2528.85 sec. (3868530.31 ticks, tree = 2424.82 MB, solutions = 2)
Nodefile size = 377.40 MB (308.46 MB after compression)
  99108 95370      598.5000    14      729.0000      457.7308   833056   37.21%          x19_21 N  99108  99107    161
  99212 95467      505.0000    22      729.0000      457.7368   834096   37.21%          x24_17 U  99212  99210     74
  99302 95557      613.5000    22      729.0000      457.7368   834897   37.21%          x35_31 N  99302  99301    152
  99560 95799      465.5000    49      729.0000      457.7402   836273   37.21%          x40_32 D  99560  99559     27
  99762 95991      492.6795    74      729.0000      457.7500   837333   37.21%          x45_44 N  99762  99761     49
  99963 96184      466.5000    23      729.0000      457.7500   838472   37.21%           x7_17 N  99963  99961     33
 100140 96355      487.8182    29      729.0000      457.7500   839919   37.21%          x21_28 D 100140 100139    141
 100400 96611      461.2105    35      729.0000      457.7500   840920   37.21%          x10_28 D 100400 100399    176
 100659 96862      470.9444    54      729.0000      457.7500   841838   37.21%          x35_13 N 100659 100658    193
 100921 97119      486.1667    25      729.0000      457.7500   843101   37.21%          x10_26 N 100921 100920    227
Elapsed time = 2643.86 sec. (4025150.58 ticks, tree = 3341.90 MB, solutions = 2)
Nodefile size = 1294.86 MB (1068.70 MB after compression)
 101018 97210      488.2222    30      729.0000      457.7500   843944   37.21%          x15_17 D 101018 101017     93
 101114 97296      464.0000    30      729.0000      457.7500   844764   37.21%           x18_9 U 101114 101113     89
 101400 97576      483.0442    39      729.0000      457.7500   846191   37.21%          x35_14 D 101400 101399    185
 101639 97807    infeasible            729.0000      457.7500   847315   37.21%          x22_32 U 101639 101638    230
 101904 98059    infeasible            729.0000      457.7500   848747   37.21%          x12_13 N 101904 101902    269
 101985 98140      521.7500    24      729.0000      457.7500   850285   37.21%           x9_36 N 101985 101983     89
 102146 98295      488.1389    60      729.0000      457.7500   851280   37.21%          x42_44 N 102146 102145    122
 102264 98409      476.0000    10      729.0000      457.7500   852552   37.21%          x19_22 D 102264 102263     64
 102377 98522      561.5000    12      729.0000      457.7500   853682   37.21%           x31_6 N 102377 102376    177
 102545 98686      466.7143    64      729.0000      457.7500   855151   37.21%          x33_30 D 102545 102544    154
Elapsed time = 2752.88 sec. (4179186.53 ticks, tree = 3819.57 MB, solutions = 2)
Nodefile size = 1772.26 MB (1488.30 MB after compression)
 102770 98902      509.2000    60      729.0000      457.7538   858019   37.21%          x39_40 D 102770 102769     49
 103019 99136      460.2941    70      729.0000      457.7778   860638   37.20%          x32_39 D 103019 103018     35
 103244 99361      533.0000    14      729.0000      457.7778   862048   37.20%           x11_8 D 103244 103243    260
 103537 99648      523.7500    19      729.0000      457.7826   863921   37.20%           x28_8 N 103537 103536    320
 103610 99717      486.1111    32      729.0000      457.7907   866217   37.20%          x46_37 N 103610 103608     70
 103711 99818      509.0000     8      729.0000      457.7907   867838   37.20%          x13_25 U 103711 103709    158
 103800 99901      501.0667    42      729.0000      457.7907   868808   37.20%          x31_27 D 103800 103799     86
 104006 100101      493.0000    25      729.0000      457.8000   870286   37.20%          x13_36 D 104006 104005    112
 104317 100404    infeasible            729.0000      457.8000   872302   37.20%          x16_21 U 104317 104315    261
 104539 100618      478.1726    77      729.0000      457.8000   874472   37.20%          x50_39 U 104539 104537     45
Elapsed time = 2858.44 sec. (4333313.49 ticks, tree = 3835.92 MB, solutions = 2)
Nodefile size = 1788.02 MB (1493.59 MB after compression)
 104837 100907      470.0194    79      729.0000      457.8000   877451   37.20%          x42_47 D 104837 104836     88
 105160 101226      468.9600    45      729.0000      457.8000   878757   37.20%          x16_29 D 105160 105159    205
 105318 101370      533.0000    14      729.0000      457.8000   881180   37.20%          x20_36 N 105318 105317     72
 105404 101456      555.4167    30      729.0000      457.8000   881833   37.20%            x5_9 N 105404 105402    146
 105512 101558      532.3333    17      729.0000      457.8000   882723   37.20%           x5_14 D 105512 105511    128
 105687 101729      482.0952    45      729.0000      457.8077   883534   37.20%           x11_8 D 105687 105686    157
 105836 101866    infeasible            729.0000      457.8152   885871   37.20%          x27_30 U 105836 105834    119
 105969 101993      550.0000    12      729.0000      457.8182   887726   37.20%          x28_11 N 105969 105967    140
 106232 102249    infeasible            729.0000      457.8182   889136   37.20%           x29_7 D 106232 106231    266
 106450 102459      459.4211    50      729.0000      457.8205   890484   37.20%          x17_30 U 106450  55288     18
Elapsed time = 2959.90 sec. (4487125.49 ticks, tree = 3851.64 MB, solutions = 2)
Nodefile size = 1803.79 MB (1501.81 MB after compression)
 106744 102748      498.1429    40      729.0000      457.8235   893607   37.20%          x30_17 D 106744 106743     73
 106948 102946      522.8889    46      729.0000      457.8235   895902   37.20%          x49_37 D 106948 106947     78
 107041 103037      589.0000    21      729.0000      457.8235   896428   37.20%           x6_20 N 107041 107039    154
 107285 103268      486.2000    60      729.0000      457.8261   898220   37.20%          x45_42 D 107285 107284     32
 107504 103473    infeasible            729.0000      457.8261   900457   37.20%          x22_23 D 107504 107503    239
 107740 103702      499.8000    27      729.0000      457.8261   902419   37.20%          x21_28 N 107740 107738    120
 108020 103973      500.8571    33      729.0000      457.8289   903940   37.20%          x28_21 D 108020 108019    242
 108285 104220      493.2727    30      729.0000      457.8333   905797   37.20%          x18_29 N 108285 108283    251
 108400 104322      463.3182    89      729.0000      457.8333   907629   37.20%          x38_42 D 108400 108397     55
 108509 104431      529.5455    23      729.0000      457.8333   909611   37.20%           x7_13 U 108509 108507    141
Elapsed time = 3059.37 sec. (4642091.54 ticks, tree = 3868.54 MB, solutions = 2)
Nodefile size = 1820.63 MB (1508.03 MB after compression)
 108632 104548      466.0172    51      729.0000      457.8333   910587   37.20%          x15_17 D 108632 108631    129
 108872 104784      502.1667    30      729.0000      457.8333   912366   37.20%          x19_28 N 108872 108871    169
 109240 105143    infeasible            729.0000      457.8333   914662   37.20%          x35_24 N 109240 109239    293
 109379 105278      472.8421    46      729.0000      457.8333   917824   37.20%          x10_31 D 109379 109377     87
 109463 105362      543.5000    14      729.0000      457.8333   918553   37.20%          x15_16 U 109463 109461    157
 109588 105479      471.0000    33      729.0000      457.8333   919617   37.20%          x14_25 N 109588 109587    123
 109830 105713      464.0789    69      729.0000      457.8333   921088   37.20%          x38_39 D 109830 109829     63
 110179 106057      472.2353    46      729.0000      457.8333   922894   37.20%          x29_31 D 110179 110178    131
 110320 106192      474.0000    21      729.0000      457.8333   924055   37.20%           x15_8 D 110320 110319     67
 110397 106269      499.0000    21      729.0000      457.8333   925223   37.20%          x36_16 U 110397 110395    129
Elapsed time = 3168.75 sec. (4796345.87 ticks, tree = 4375.59 MB, solutions = 2)
Nodefile size = 2328.01 MB (1948.95 MB after compression)
 110517 106383      472.5000    26      729.0000      457.8333   926161   37.20%          x20_14 D 110517 110516    104
 110800 106660      477.0000    32      729.0000      457.8333   927575   37.20%          x12_31 D 110800 110799    129
 111004 106860      480.5000    25      729.0000      457.8333   928837   37.20%          x30_12 N 111004 111003    114
 111200 107050      485.6286    71      729.0000      457.8333   929598   37.20%          x48_38 D 111200 111199     41
 111405 107247      544.4000    33      729.0000      457.8500   931212   37.19%          x14_17 D 111405 111404    203
 111690 107522      474.5185    46      729.0000      457.8621   932900   37.19%          x21_31 D 111690 111689    109
 111886 107713      484.2000    22      729.0000      457.8627   934533   37.19%          x27_36 D 111886 111885     77
 111975 107802      569.0000    25      729.0000      457.8627   935745   37.19%           x5_22 N 111975 111974    166
 112062 107885    infeasible            729.0000      457.8627   936146   37.19%           x5_17 U 112062 112060    252
 112115 107938      544.2500    22      729.0000      457.8667   938142   37.19%          x29_32 U 112115 112112     71
Elapsed time = 3288.16 sec. (4955437.03 ticks, tree = 5020.99 MB, solutions = 2)
Nodefile size = 2973.12 MB (2531.12 MB after compression)
 112235 108053      495.7000    66      729.0000      457.8696   939057   37.19%          x43_39 N 112235 112234     49
 112550 108357      526.2857    34      729.0000      457.8750   940678   37.19%          x12_27 D 112550 112549    215
 112810 108607      474.4167    60      729.0000      457.8810   942106   37.19%          x34_36 D 112810 112809     32
 112879 108676      520.2857    28      729.0000      457.8810   942776   37.19%          x26_18 U 112879 112877     84
 112901 108698      580.5000    14      729.0000      457.8810   943032   37.19%           x8_18 U 112901 112899     98
 113152 108939      477.3889    27      729.0000      457.8889   945471   37.19%          x25_26 N 113152 113151    177
 113302 109081      484.4000    47      729.0000      457.9000   948377   37.19%          x18_23 D 113302 113301     76
 113510 109285      482.5385    36      729.0000      457.9037   949993   37.19%          x29_14 D 113510 113509     67
 113600 109369      478.5349    94      729.0000      457.9038   950913   37.19%          x42_40 D 113600 113599     40
 113861 109628    infeasible            729.0000      457.9038   952577   37.19%          x28_17 D 113861 113860    301
Elapsed time = 3400.65 sec. (5111375.12 ticks, tree = 5183.18 MB, solutions = 2)
Nodefile size = 3135.31 MB (2666.31 MB after compression)
 114103 109855      489.0000     8      729.0000      457.9091   955103   37.19%          x32_39 U 114103 114101     62
 114239 109988      517.0000     8      729.0000      457.9091   956004   37.19%          x15_30 D 114239 114238    186
 114352 110095      544.0000    31      729.0000      457.9091   956810   37.19%          x42_43 D 114352 114351    136
 114608 110341    infeasible            729.0000      457.9091   958176   37.19%           x15_7 U 114608 114606    287
 114735 110468      543.8750    23      729.0000      457.9130   959706   37.19%           x8_19 N 114735 114734    156
 114838 110571      682.3333    19      729.0000      457.9130   960324   37.19%          x36_22 D 114838 114837    259
 115050 110775      460.9275    70      729.0000      457.9167   962612   37.19%          x31_32 D 115050 115049     53
 115130 110855      519.4000    33      729.0000      457.9167   964165   37.19%          x17_25 N 115130 115128    118
 115191 110914    infeasible            729.0000      457.9167   964549   37.19%          x20_30 U 115191 115189    168
 115406 111123      511.0833    36      729.0000      457.9239   966133   37.18%          x29_26 D 115406 115405    220
Elapsed time = 3508.25 sec. (5266385.78 ticks, tree = 5394.96 MB, solutions = 2)
Nodefile size = 3347.05 MB (2848.39 MB after compression)
 115580 111293      487.8667    35      729.0000      457.9386   967041   37.18%          x22_19 D 115580 115579    200
 115780 111484      499.1667    36      729.0000      457.9412   969160   37.18%          x24_30 D 115780 115779     65
 115981 111680      472.1628    81      729.0000      457.9474   970602   37.18%          x38_32 N 115981  56124     20
 116109 111802      482.5714    41      729.0000      457.9474   972355   37.18%          x14_31 D 116109 116108    150
 116360 112038    infeasible            729.0000      457.9500   974378   37.18%          x25_21 U 116360 116358    191
 116547 112225      503.5000    18      729.0000      457.9500   976123   37.18%          x14_25 U 116547 116546    208
 116714 112388      506.3333    15      729.0000      457.9500   977312   37.18%          x21_28 N 116714 116713    199
 116765 112430    infeasible            729.0000      457.9500   979423   37.18%          x42_51 N 116765 116763     34
 116901 112556      466.8333    36      729.0000      457.9561   981363   37.18%          x36_16 U 116901 116900     73
 117269 112915      514.0000    10      729.0000      457.9565   983136   37.18%           x35_7 U 117269 117267    264
Elapsed time = 3620.57 sec. (5421100.51 ticks, tree = 5411.56 MB, solutions = 2)
Nodefile size = 3363.65 MB (2851.72 MB after compression)
 117382 113024      511.0000     8      729.0000      457.9583   985217   37.18%          x13_20 U 117382 117380    151
 117517 113136      482.5397    68      729.0000      457.9865   986641   37.18%          x38_39 U 117517  14101     75
 117713 113319      473.2500    59      729.0000      458.0000   987957   37.17%          x49_48 U 117713  21154     22
 117782 113388      501.2500    17      729.0000      458.0000   988648   37.17%          x21_25 U 117782 117780     75
 117877 113483      515.7778    20      729.0000      458.0000   989217   37.17%          x25_11 D 117877 117876    160
 117978 113570      465.6667    54      729.0000      458.0000   990111   37.17%          x16_28 N 117978 117977     96
 118273 113861      504.9759    50      729.0000      458.0000   992211   37.17%          x31_25 D 118273 118272    199
 118400 113978      473.0571    71      729.0000      458.0000   993826   37.17%          x40_49 U 118400 118398     34
 118632 114198      486.0000    16      729.0000      458.0000   996041   37.17%          x33_36 N 118632 118631     61
 118798 114352    infeasible            729.0000      458.0000   999013   37.17%          x46_50 D 118798 118797    102
Elapsed time = 3732.16 sec. (5576511.94 ticks, tree = 5603.60 MB, solutions = 2)
Nodefile size = 3555.70 MB (3020.97 MB after compression)
 118842 114394      503.6667    20      729.0000      458.0000   999801   37.17%          x13_12 D 118842 118840     60
 118893 114445      628.5000     8      729.0000      458.0000  1000379   37.17%          x14_29 U 118893 118891     96
 119126 114675      491.8333    21      729.0000      458.0000  1001639   37.17%          x13_14 D 119126 119125    247
 119270 114815      473.0769    22      729.0000      458.0000  1002446   37.17%          x23_21 D 119270 119269    142
 119597 115132      458.0000    24      729.0000      458.0000  1003808   37.17%          x27_36 U 119597  51003     25
 119801 115336      503.3333    26      729.0000      458.0000  1005453   37.17%           x15_6 N 119801 119800    229
 119871 115402      501.0000     8      729.0000      458.0000  1006260   37.17%           x9_20 D 119871 119870     57
 119953 115472      460.8755    86      729.0000      458.0000  1007230   37.17%           x15_8 U 119953  14300     62
 120274 115784      490.5000    16      729.0000      458.0000  1009255   37.17%          x33_27 D 120274 120273     68
 120559 116063      469.7037    42      729.0000      458.0000  1011212   37.17%          x23_28 D 120559 120558    166
Elapsed time = 3839.78 sec. (5733127.68 ticks, tree = 5785.88 MB, solutions = 2)
Nodefile size = 3737.95 MB (3180.07 MB after compression)
 120694 116194      475.9500    44      729.0000      458.0000  1013674   37.17%          x31_27 D 120694 120692     62
 120751 116251      508.0000    19      729.0000      458.0000  1014403   37.17%          x20_14 D 120751 120750    106
 120798 116294      666.0000     8      729.0000      458.0000  1014647   37.17%           x14_6 N 120798 120797    142
 121037 116518      464.7083    61      729.0000      458.0000  1016769   37.17%          x29_31 D 121037 121036    106
 121376 116851      497.5000    22      729.0000      458.0000  1018968   37.17%          x20_23 D 121376 121375    271
 121600 117066      461.9211    77      729.0000      458.0000  1020709   37.17%          x38_44 D 121600 121598     72
 121694 117160      501.8000    20      729.0000      458.0000  1021646   37.17%          x17_22 U 121694 121692    152
 121954 117415      488.0000    22      729.0000      458.0000  1023076   37.17%          x22_12 N 121954 121953    260
 122088 117544      480.1429    28      729.0000      458.0000  1024008   37.17%          x22_20 D 122088 122087    145
 122200 117652      466.2500    38      729.0000      458.0000  1024671   37.17%          x12_31 D 122200 122199     97
Elapsed time = 3949.70 sec. (5888350.86 ticks, tree = 6077.03 MB, solutions = 2)
Nodefile size = 4029.14 MB (3430.75 MB after compression)
 122556 118004      469.2500    36      729.0000      458.0000  1026643   37.17%          x21_10 D 122556 122555    216
 122726 118166      494.0714    49      729.0000      458.0000  1028597   37.17%          x13_22 N 122726 122724     98
 122792 118232      517.2857    20      729.0000      458.0000  1029434   37.17%          x31_21 U 122792 122790    152
 122986 118420      475.0000    17      729.0000      458.0000  1030751   37.17%           x19_9 N 122986 122985    195
 123222 118652      467.2000    21      729.0000      458.0000  1032127   37.17%          x31_12 D 123222 123221    218
 123486 118911      486.0400    43      729.0000      458.0000  1034330   37.17%          x35_17 D 123486 123485    214
 123729 119150      473.0000    10      729.0000      458.0000  1035345   37.17%          x20_17 D 123729 123728    231
 123796 119211      509.4000    26      729.0000      458.0000  1036589   37.17%          x23_17 D 123796 123795    122
 123850 119259      462.0000    42      729.0000      458.0000  1037258   37.17%           x7_17 D 123850 123849     30
 124176 119581      467.0080    83      729.0000      458.0000  1039851   37.17%          x42_39 D 124176 124175    142
Elapsed time = 4055.75 sec. (6043166.62 ticks, tree = 6326.02 MB, solutions = 2)
Nodefile size = 4278.16 MB (3649.94 MB after compression)
 124490 119889      486.0000    16      729.0000      458.0000  1042128   37.17%          x10_29 D 124490 124489    206
 124696 120084      472.1429    30      729.0000      458.0000  1043789   37.17%          x29_12 D 124696 124695    176
 124821 120205      498.0000    12      729.0000      458.0000  1045207   37.17%           x9_22 D 124821 124820     48
 124920 120298      490.1000    31      729.0000      458.0000  1046249   37.17%           x6_13 D 124920 124919    138
 125200 120574      486.8889    28      729.0000      458.0000  1047441   37.17%           x27_8 D 125200 125199    237
 125452 120822      487.0000    10      729.0000      458.0000  1049096   37.17%           x31_6 D 125452 125451    247
 125596 120956      481.5000    34      729.0000      458.0000  1050612   37.17%          x11_24 N 125596 125595    122
 125638 120998      495.0000    19      729.0000      458.0000  1050868   37.17%           x7_21 N 125638 125637    164
 125771 121125      467.5000    26      729.0000      458.0000  1052023   37.17%          x36_16 D 125771 125769     55
 125865 121219      506.3158    37      729.0000      458.0000  1053791   37.17%          x33_39 U 125865 125863    133
Elapsed time = 4168.66 sec. (6199193.53 ticks, tree = 6342.23 MB, solutions = 2)
Nodefile size = 4294.42 MB (3656.01 MB after compression)
 126000 121350      463.7619    53      729.0000      458.0000  1054866   37.17%          x13_17 D 126000 125999    129
 126279 121621      479.6667    31      729.0000      458.0000  1056346   37.17%          x42_43 N 126279 126278    190
 126434 121770      496.7500    25      729.0000      458.0000  1057371   37.17%            x8_9 N 126434 126433    136
 126619 121949      470.2857    35      729.0000      458.0000  1058242   37.17%          x31_28 D 126619 126618    140
 126713 122037      484.3333    21      729.0000      458.0000  1059941   37.17%          x17_23 N 126713 126712     58
 126764 122088      534.3333    16      729.0000      458.0000  1060381   37.17%           x6_16 D 126764 126763    102
 126837 122157      473.3333    26      729.0000      458.0000  1061335   37.17%          x26_24 D 126837 126836     76
 127000 122320      495.5000    28      729.0000      458.0000  1061965   37.17%          x35_15 D 127000 126999    239
 127251 122567      481.1818    34      729.0000      458.0000  1063308   37.17%           x5_18 U 127251 127250    233
 127559 122863      511.5000    22      729.0000      458.0000  1065287   37.17%           x23_9 N 127559 127558     92
Elapsed time = 4283.92 sec. (6352905.66 ticks, tree = 6823.18 MB, solutions = 2)
Nodefile size = 4775.27 MB (4084.45 MB after compression)
 127633 122937      564.0000    24      729.0000      458.0000  1066262   37.17%          x36_16 D 127633 127632    166
 127722 123026      627.5000    23      729.0000      458.0000  1066911   37.17%          x28_18 D 127722 127721    255
 127830 123127      459.2724    72      729.0000      458.0000  1068793   37.17%          x47_46 U 127830 127829     36
 128150 123443      466.1250    53      729.0000      458.0000  1071184   37.17%          x32_49 D 128150 128149     55
 128400 123689      469.5714    54      729.0000      458.0000  1072876   37.17%          x30_32 D 128400 128399    116
 128537 123820      459.4474    73      729.0000      458.0000  1073603   37.17%          x48_39 D 128537 128536     63
 128789 124066      472.1970    71      729.0000      458.0000  1075496   37.17%          x40_47 U 128789 128787     36
 128899 124176      520.2500    13      729.0000      458.0000  1077415   37.17%          x13_21 N 128899 128898    133
 128944 124221      557.0000    13      729.0000      458.0000  1077967   37.17%           x8_19 N 128944 128942    167
 129214 124482      501.0000    24      729.0000      458.0000  1079887   37.17%           x18_9 U 129214 129213    143
Elapsed time = 4395.46 sec. (6509058.80 ticks, tree = 6839.73 MB, solutions = 2)
Nodefile size = 4791.76 MB (4087.89 MB after compression)
 129360 124620      460.6000    38      729.0000      458.0000  1081357   37.17%           x18_9 D 129360 129359     52
 129574 124830      473.7500    52      729.0000      458.0000  1083185   37.17%            x4_5 N 129574 129573     37
 129624 124876      513.0000    30      729.0000      458.0000  1083959   37.17%          x29_17 D 129624 129623     76
 129662 124914      539.0000    20      729.0000      458.0000  1084136   37.17%          x21_29 U 129662 129660    107
 129691 124941      591.5000    14      729.0000      458.0000  1084237   37.17%           x35_7 D 129691 129690    130
 129900 125139      461.6145    60      729.0000      458.0000  1086480   37.17%          x22_32 D 129900 129899     32
 130071 125310      493.0000     8      729.0000      458.0000  1087555   37.17%          x16_26 D 130071 130070    203
 130155 125390      460.8000    45      729.0000      458.0000  1088142   37.17%          x27_33 D 130155 130154     45
 130400 125635      498.0000    37      729.0000      458.0000  1089412   37.17%          x15_27 D 130400 130399    290
 130687 125912      477.0000    31      729.0000      458.0000  1091695   37.17%          x31_32 U 130687 130685     79
Elapsed time = 4512.68 sec. (6665349.20 ticks, tree = 7058.37 MB, solutions = 2)
Nodefile size = 5011.13 MB (4279.40 MB after compression)
 130730 125955      509.2667    24      729.0000      458.0000  1092158   37.17%          x36_34 D 130730 130729    113
 130777 125998      460.3857    67      729.0000      458.0000  1092677   37.17%          x46_49 U 130777    510     24
 130986 126204      468.9762    49      729.0000      458.0000  1094631   37.17%          x14_28 D 130986 130985    169
 131163 126371      507.0000    64      729.0000      458.0000  1097058   37.17%          x35_39 D 131163 131162     68
 131280 126488      575.5000    27      729.0000      458.0000  1098237   37.17%          x23_13 N 131280 131279    185
 131309 126517      615.5000    12      729.0000      458.0000  1098369   37.17%          x25_26 U 131309 131308    214
*131335 126541      integral     0      710.0000      458.0000  1098452   35.49%
 131498 126702      468.0769    40      710.0000      458.0000  1099429   35.49%          x23_33 D 131498 131497    194
 131628 126824      494.6667    20      710.0000      458.0000  1101271   35.49%           x29_8 U 131628 131626     85
 131671 126867      531.6667    24      710.0000      458.0000  1101661   35.49%          x35_28 D 131671 131670    117
 131898 127090      489.3333    15      710.0000      458.0000  1103007   35.49%          x35_17 D 131898 131897    224
Elapsed time = 4622.60 sec. (6819656.56 ticks, tree = 7122.00 MB, solutions = 3)
Nodefile size = 5073.53 MB (4329.94 MB after compression)
 132101 127285      460.6087    53      710.0000      458.0000  1104216   35.49%          x33_39 D 132101 132100     46
 132320 127501      459.1429    73      710.0000      458.0000  1105309   35.49%          x36_40 D 132320 132319     35
 132526 127705      506.0000    31      710.0000      458.0000  1106389   35.49%          x20_15 U 132526 132524    240
 132595 127768      485.0000    12      710.0000      458.0000  1107610   35.49%            x5_9 N 132595 132593     30
 132647 127820      499.4828    40      710.0000      458.0000  1108346   35.49%           x7_30 N 132647 132645     68
 132750 127919      476.8333    43      710.0000      458.0000  1109721   35.49%          x11_31 D 132750 132749    122
 132991 128154      465.3415    62      710.0000      458.0000  1111284   35.49%          x40_44 D 132991 132990    145
 133223 128378      471.5455    42      710.0000      458.0000  1113446   35.49%          x29_28 D 133223 133222    126
 133499 128646      473.8571    27      710.0000      458.0000  1115361   35.49%          x16_31 N 133499 133498    165
 133590 128733      476.4655    62      710.0000      458.0000  1115853   35.49%          x39_50 U 133590 133588     67
Elapsed time = 4733.13 sec. (6973776.87 ticks, tree = 7555.70 MB, solutions = 3)
Nodefile size = 5507.80 MB (4717.11 MB after compression)
 133690 128819      463.2500    65      710.0000      458.0000  1117644   35.49%          x50_44 D 133690 133689     27
 133870 128997      488.4000    36      710.0000      458.0000  1118923   35.49%          x17_21 D 133870 133869    206
 134058 129179      482.0000    21      710.0000      458.0000  1120038   35.49%          x30_16 D 134058 134057    149
 134389 129503      466.2564    39      710.0000      458.0000  1121389   35.49%          x16_17 D 134389 134388    259
 134485 129595      520.2500    31      710.0000      458.0000  1124205   35.49%          x25_33 N 134485 134483     93
 134540 129650      533.0000    25      710.0000      458.0000  1125022   35.49%          x28_21 D 134540 134538    137
 134613 129721    infeasible            710.0000      458.0000  1125404   35.49%          x35_29 D 134613 134611    201
 134800 129904      505.2500    24      710.0000      458.0000  1126683   35.49%          x25_27 D 134800 134799    223
 134881 129982      479.8333    45      710.0000      458.0000  1127810   35.49%          x30_31 U 134881 134880     43
 134980 130081      543.0000    10      710.0000      458.0000  1129009   35.49%          x12_22 D 134980 134979    142
Elapsed time = 4852.13 sec. (7129468.99 ticks, tree = 7835.62 MB, solutions = 3)
Nodefile size = 5787.77 MB (4975.34 MB after compression)
 135001 130102      573.0303    32      710.0000      458.0000  1129090   35.49%          x14_22 N 135001 135000    163
 135060 130157      474.0588    73      710.0000      458.0000  1129538   35.49%          x42_38 D 135060 135059     45
 135384 130475      483.2500    35      710.0000      458.0000  1130949   35.49%          x35_19 D 135384 135383    205
 135453 130540      481.5556    58      710.0000      458.0000  1132328   35.49%          x14_23 U 135453 135451     33
 135585 130668      484.3333    37      710.0000      458.0000  1133508   35.49%          x19_35 U 135585 135584    133
 135741 130820      482.3333    27      710.0000      458.0000  1134532   35.49%          x35_28 D 135741 135740    103
 135851 130924      478.5714    31      710.0000      458.0000  1135211   35.49%          x29_31 D 135851 135850    119
 136086 131152      461.0952    67      710.0000      458.0000  1136281   35.49%          x30_32 D 136086 136085    134
 136262 131325      474.0000    25      710.0000      458.0000  1137630   35.49%           x19_9 N 136262 136260     50
 136324 131387      505.2500    18      710.0000      458.0000  1138519   35.49%          x21_28 U 136324 136322    100
Elapsed time = 4963.56 sec. (7283882.51 ticks, tree = 8185.68 MB, solutions = 3)
Nodefile size = 6137.70 MB (5284.21 MB after compression)
 136400 131458      476.1250    62      710.0000      458.0000  1139250   35.49%          x32_39 D 136400 136399    101
 136697 131745      471.0000    16      710.0000      458.0000  1141469   35.49%           x29_8 N 136697 136696    175
 136960 132000      478.0000    23      710.0000      458.0000  1143474   35.49%          x24_30 D 136960 136959    128
 137164 132199      532.5000    55      710.0000      458.0000  1144964   35.49%          x42_45 N 137164 137162     57
 137359 132390      474.3333    27      710.0000      458.0000  1146337   35.49%          x18_23 N 137359 137358    217
 137440 132467      463.3571    60      710.0000      458.0000  1146895   35.49%           x5_18 U 137440 137439     39
 137632 132653      464.1607    82      710.0000      458.0000  1148233   35.49%          x29_17 D 137632 137631     46
 137887 132900      468.0000    31      710.0000      458.0000  1150203   35.49%          x16_27 D 137887 137886     78
 137969 132975      474.3684    27      710.0000      458.0000  1151670   35.49%          x16_22 D 137969 137968     33
 138008 133014      535.2500    22      710.0000      458.0000  1152172   35.49%          x27_12 D 138008 138007     65
Elapsed time = 5075.47 sec. (7437805.36 ticks, tree = 8242.63 MB, solutions = 3)
Nodefile size = 6193.25 MB (5326.29 MB after compression)
 138199 133193      466.0217    50      710.0000      458.0000  1153962   35.49%          x35_17 D 138199 138198    163
 138430 133416      460.2031    48      710.0000      458.0000  1155453   35.49%          x40_47 D 138430 138429     17
 138691 133671      462.2329    40      710.0000      458.0000  1157646   35.49%          x30_12 U 138691 138689     31
 138765 133745      495.0000     8      710.0000      458.0000  1158629   35.49%          x29_30 U 138765 138763     92
 138800 133778      549.0000    10      710.0000      458.0000  1158889   35.49%          x13_14 U 138800 138798    118
 139030 134000      467.0476    33      710.0000      458.0000  1160506   35.49%          x10_27 D 139030 139029    218
 139200 134164      461.8889    47      710.0000      458.0000  1161754   35.49%          x33_31 D 139200 139199    104
 139435 134389      479.7000    66      710.0000      458.0000  1163757   35.49%          x47_46 U 139435 139434     25
 139545 134489      533.7000    66      710.0000      458.0000  1167010   35.49%          x42_37 U 139545 139543     53
 139600 134540      476.5625    54      710.0000      458.0000  1168185   35.49%          x17_31 D 139600 139599     72
Elapsed time = 5189.69 sec. (7598403.23 ticks, tree = 8308.00 MB, solutions = 3)
Nodefile size = 6260.14 MB (5378.98 MB after compression)
 139799 134735      467.5333    70      710.0000      458.0000  1169353   35.49%          x38_49 D 139799 139798     23
 139985 134917      489.2000    24      710.0000      458.0000  1171007   35.49%          x13_36 N 139985 139984    183
 140104 135026      466.6667    18      710.0000      458.0000  1172828   35.49%          x29_12 N 140104 140102     51
 140140 135062      488.2222    27      710.0000      458.0000  1173575   35.49%           x9_23 D 140140 140139     76
 140235 135151      469.5682    93      710.0000      458.0000  1174375   35.49%          x37_40 U 140235    235     11
 140400 135312      495.3889    47      710.0000      458.0000  1177272   35.49%          x19_27 D 140400 140399    156
 140590 135490      469.8429    77      710.0000      458.0000  1179273   35.49%          x36_40 D 140590 140589     37
 140681 135577      503.0714    32      710.0000      458.0000  1180348   35.49%          x23_25 D 140681 140680     51
 140710 135606      525.2000    23      710.0000      458.0000  1180666   35.49%          x21_13 U 140710 140708     73
 140747 135641      570.1111    21      710.0000      458.0000  1181050   35.49%           x18_6 N 140747 140745    101
Elapsed time = 5311.18 sec. (7756757.42 ticks, tree = 8446.57 MB, solutions = 3)
Nodefile size = 6398.22 MB (5496.80 MB after compression)
 140810 135700      475.5172    63      710.0000      458.0000  1181623   35.49%          x40_44 D 140810 140809    113
 141127 136005      463.5000    72      710.0000      458.0000  1183103   35.49%          x46_42 U 141127   2423     12
 141218 136082    infeasible            710.0000      458.0000  1185298   35.49%          x39_37 N 141218 141216     74
 141270 136134      510.4286    40      710.0000      458.0000  1188056   35.49%           x20_9 D 141270 141268     50
 141321 136183      540.6667    21      710.0000      458.0000  1188838   35.49%          x10_29 N 141321 141320     86
 141573 136427      475.9091    53      710.0000      458.0000  1191218   35.49%          x31_29 D 141573 141572    222
 141778 136620      474.7500    39      710.0000      458.0000  1193607   35.49%          x16_31 D 141778 141777    148
 141881 136715    infeasible            710.0000      458.0000  1195326   35.49%          x39_43 N 141881 141879     29
 142140 136966      611.0000    18      710.0000      458.0000  1196809   35.49%          x23_21 N 142140 142139    261
 142212 137030    infeasible            710.0000      458.0000  1198897   35.49%          x40_38 N 142212 142211     44
Elapsed time = 5431.19 sec. (7912463.98 ticks, tree = 8484.26 MB, solutions = 3)
Nodefile size = 6436.27 MB (5521.20 MB after compression)
 142382 137191      543.6667    21      710.0000      458.0000  1200491   35.49%          x29_34 U 142382 142380    227
 142438 137237      475.9500    69      710.0000      458.0000  1201262   35.49%          x38_39 D 142438 142436     23
 142488 137287      519.0833    34      710.0000      458.0000  1203545   35.49%          x32_40 N 142488 142486     60
 142513 137312      514.5000    22      710.0000      458.0000  1203952   35.49%           x9_19 D 142513 142512     78
 142566 137361      461.5714    40      710.0000      458.0000  1204680   35.49%          x38_39 D 142566 142565     38
 142734 137529      489.0526    31      710.0000      458.0000  1205421   35.49%          x25_15 U 142734 142733    206
 142881 137668      486.6154    47      710.0000      458.0000  1207495   35.49%          x32_40 D 142881 142880     57
 143038 137825      518.5000    20      710.0000      458.0000  1208537   35.49%          x20_26 D 143038 143037    214
 143200 137976      499.0000    36      710.0000      458.0000  1209809   35.49%          x33_30 D 143200 143199     96
 143244 138016      479.7500    45      710.0000      458.0000  1210519   35.49%          x49_50 U 143244   8925     60
Elapsed time = 5549.58 sec. (8069483.11 ticks, tree = 8651.59 MB, solutions = 3)
Nodefile size = 6603.65 MB (5674.53 MB after compression)
 143442 138206      498.9615    57      710.0000      458.0000  1212429   35.49%          x33_29 D 143442 143441     68
 143570 138323      486.5000    14      710.0000      458.0000  1214987   35.49%           x19_9 U 143570 143569    124
 143731 138478      496.2727    85      710.0000      458.0000  1216628   35.49%          x48_47 D 143731 143730     52
 143849 138587      505.1489    40      710.0000      458.0000  1219624   35.49%          x30_16 U 143849 143848    134
 144000 138734      466.0294    48      710.0000      458.0000  1220694   35.49%          x26_13 D 144000 143999     63
 144227 138953      488.3889    76      710.0000      458.0000  1223349   35.49%          x49_50 N 144227  21180     48
 144278 139004      517.0000    12      710.0000      458.0000  1224426   35.49%          x18_14 N 144278 144276     86
 144361 139087      540.6250    47      710.0000      458.0000  1225026   35.49%          x16_15 N 144361 144360    160
 144417 139135      494.5000     8      710.0000      458.0000  1225893   35.49%          x23_15 D 144417 144416     81
 144684 139398      463.0000    33      710.0000      458.0000  1227464   35.49%           x5_18 U 144684 144683    136
Elapsed time = 5664.51 sec. (8226660.70 ticks, tree = 8666.93 MB, solutions = 3)
Nodefile size = 6619.25 MB (5677.94 MB after compression)
 144935 139646      501.7500    19      710.0000      458.0000  1229246   35.49%           x8_22 D 144935 144934    191
 145094 139797      493.3333    17      710.0000      458.0000  1230523   35.49%           x35_9 N 145094 145093    151
 145171 139870      501.1250    42      710.0000      458.0000  1231444   35.49%          x30_32 N 145171 145169     48
 145237 139936      525.7500    14      710.0000      458.0000  1232355   35.49%           x28_8 D 145237 145236    102
 145439 140131      472.8919    47      710.0000      458.0000  1233916   35.49%          x14_10 D 145439 145438    185
 145660 140344      465.0822    74      710.0000      458.0000  1235550   35.49%          x38_45 D 145660 145659    101
 145862 140540      507.0000    27      710.0000      458.0000  1237370   35.49%          x30_31 U 145862 145861     71
 145915 140593      594.0000    12      710.0000      458.0000  1237822   35.49%          x14_25 D 145915 145914    124
 145944 140622      654.0000    18      710.0000      458.0000  1237958   35.49%          x15_16 U 145944 145943    153
 146015 140685      467.0189    78      710.0000      458.0000  1239489   35.49%          x21_26 U 146015  19323     29
Elapsed time = 5775.15 sec. (8382248.65 ticks, tree = 8681.59 MB, solutions = 3)
Nodefile size = 6633.72 MB (5681.68 MB after compression)
 146065 140735      534.2222    33      710.0000      458.0000  1240495   35.49%          x30_23 D 146065 146064     61
 146097 140767      553.0714    26      710.0000      458.0000  1240806   35.49%          x40_45 N 146097 146096     83
 146192 140854      477.5556    40      710.0000      458.0000  1241716   35.49%          x15_17 D 146192 146191    103
 146391 141045      487.0000    16      710.0000      458.0032  1243217   35.49%          x33_29 D 146391 146390     65
 146582 141228      473.0000    34      710.0000      458.0279  1244457   35.49%          x29_32 D 146582 146581    113
 146805 141447      477.0000    22      710.0000      458.0288  1245695   35.49%          x29_31 D 146805 146804    156
 146910 141544      476.7143    68      710.0000      458.0390  1246688   35.49%          x48_47 D 146910 146909     14
 147000 141625      509.6364    52      710.0000      458.0455  1249204   35.49%          x33_31 D 147000 146999     91
 147223 141840      481.0000    30      710.0000      458.0476  1251067   35.49%           x7_16 D 147223 147222    139
 147391 141998      463.1250    57      710.0000      458.0556  1252126   35.49%          x32_47 U 147391  20639     13
Elapsed time = 5886.09 sec. (8537413.42 ticks, tree = 8696.37 MB, solutions = 3)
Nodefile size = 6648.47 MB (5684.04 MB after compression)
 147488 142089      484.7089    64      710.0000      458.0556  1253919   35.49%          x16_27 U 147488 147485     64
 147536 142137      517.5000    12      710.0000      458.0556  1254654   35.49%          x15_25 N 147536 147535    101
 147582 142181    infeasible            710.0000      458.0556  1255008   35.49%          x28_17 D 147582 147581    137
 147821 142418      485.5000    12      710.0000      458.0638  1257040   35.48%          x14_25 N 147821 147820    258
 148000 142593      473.2500    39      710.0000      458.0652  1258101   35.48%          x25_31 D 148000 147999    154
 148072 142661      480.8333    59      710.0000      458.0667  1258865   35.48%          x41_48 D 148072 148071     38
 148265 142844    infeasible            710.0000      458.0667  1260528   35.48%          x29_20 U 148265 148263    235
 148320 142897      525.5000    20      710.0000      458.0667  1261757   35.48%          x15_20 N 148320 148319    113
 148477 143048      538.6667    21      710.0000      458.0667  1262898   35.48%          x35_17 U 148477 148475    218
 148616 143170      491.3750    77      710.0000      458.0714  1265008   35.48%          x43_42 D 148616 148615     49
Elapsed time = 6008.11 sec. (8700788.89 ticks, tree = 8709.94 MB, solutions = 3)
Nodefile size = 6662.03 MB (5686.88 MB after compression)
 148802 143354      524.8571    21      710.0000      458.0714  1266615   35.48%          x14_25 N 148802 148801    234
 148882 143428      489.3000    34      710.0000      458.0771  1267984   35.48%          x23_17 D 148882 148881     78
 148944 143490      504.6667    13      710.0000      458.0771  1268491   35.48%          x25_26 N 148944 148943    132
 148970 143516      574.3333    24      710.0000      458.0771  1268766   35.48%          x10_27 D 148970 148969    151
 149211 143747      489.3333    19      710.0000      458.0789  1270305   35.48%          x20_24 U 149211 149209    250
 149330 143854      477.4286    31      710.0000      458.0952  1272285   35.48%          x13_22 D 149330 149329     75
 149491 144010      539.7778    52      710.0000      458.1000  1273785   35.48%          x34_40 D 149491 149489     62
 149600 144113      467.3179   102      710.0000      458.1000  1275028   35.48%          x50_42 D 149600 149599    129
 149761 144272    infeasible            710.0000      458.1000  1276197   35.48%           x26_7 N 149761 149760    290
 149959 144464      462.5182    64      710.0000      458.1111  1278127   35.48%          x17_31 D 149959 149958     56
Elapsed time = 6117.65 sec. (8857877.48 ticks, tree = 8724.45 MB, solutions = 3)
Nodefile size = 6676.55 MB (5690.13 MB after compression)
 150187 144689      469.6087    53      710.0000      458.1111  1279512   35.48%          x40_50 D 150187 150186     89
 150328 144824      493.0000    18      710.0000      458.1111  1280676   35.48%          x31_32 N 150328 150326     73
 150410 144906      513.5000    25      710.0000      458.1111  1281055   35.48%          x24_21 N 150410 150408    147
 150447 144941    infeasible            710.0000      458.1111  1281215   35.48%          x14_22 U 150447 150445    176
 150618 145099      542.5000    17      710.0000      458.1136  1282408   35.48%          x22_20 U 150618 150617    208
 150728 145203      498.5000    22      710.0000      458.1250  1283192   35.48%          x16_26 N 150728 150727    162
 150904 145373      464.0200    37      710.0000      458.1250  1284386   35.48%          x28_19 D 150904 150903    145
 151078 145543      522.3333    13      710.0000      458.1250  1285387   35.48%           x29_6 D 151078 151077    139
 151148 145609      490.2273    48      710.0000      458.1250  1286879   35.48%          x21_28 U 151148 151146     90
 151217 145678      528.0000    14      710.0000      458.1250  1287284   35.48%          x23_25 N 151217 151216    154
Elapsed time = 6227.02 sec. (9014602.19 ticks, tree = 8738.41 MB, solutions = 3)
Nodefile size = 6690.53 MB (5693.52 MB after compression)
 151237 145694      584.1667    21      710.0000      458.1250  1287398   35.48%          x35_29 D 151237 151236    171
 151415 145862      473.9444    57      710.0000      458.1333  1289131   35.47%          x31_29 D 151415 151414    195
 151560 145998      472.9899    83      710.0000      458.1333  1290318   35.47%          x33_40 D 151560 151559     47
 151793 146227      471.6797    83      710.0000      458.1379  1291868   35.47%          x50_39 D 151793 151791     21
 151942 146372      484.7500    29      710.0000      458.1395  1294103   35.47%          x19_10 D 151942 151941    152
 152059 146489      516.6667    25      710.0000      458.1395  1294617   35.47%            x8_7 N 152059 152058    269
 152169 146595      506.4545    30      710.0000      458.1395  1295487   35.47%          x12_11 D 152169 152168    175
 152371 146793      494.7000    38      710.0000      458.1429  1296554   35.47%          x35_23 D 152371 152370    213
 152598 147014      528.5000    12      710.0000      458.1429  1297559   35.47%          x35_17 U 152598 152596    253
 152639 147052      474.0225    38      710.0000      458.1454  1298964   35.47%          x30_12 U 152639 152637     47
Elapsed time = 6343.67 sec. (9170022.36 ticks, tree = 8753.96 MB, solutions = 3)
Nodefile size = 6706.09 MB (5695.54 MB after compression)
 152713 147126      505.6667    16      710.0000      458.1454  1299792   35.47%            x7_9 N 152713 152711    109
 152785 147188      460.5000    33      710.0000      458.1538  1300855   35.47%           x8_31 U 152785  52090     19
 153035 147435      487.6667    21      710.0000      458.1538  1302293   35.47%          x33_25 N 153035 153034     58
 153200 147590      468.2500    71      710.0000      458.1538  1303421   35.47%          x33_39 D 153200 153199     80
 153358 147734      462.8292    92      710.0000      458.1538  1305029   35.47%          x39_48 N 153358  33207     15
 153552 147918      509.0000    19      710.0000      458.1538  1306457   35.47%           x7_19 D 153552 153551    163
 153667 148026      478.5000    33      710.0000      458.1538  1307998   35.47%          x33_27 U 153667 153665     39
 153720 148079      503.1667    15      710.0000      458.1538  1309678   35.47%          x18_12 U 153720 153718     79
 153754 148113      527.0000    12      710.0000      458.1538  1310059   35.47%          x29_10 N 153754 153752    104
 153820 148179      536.1019    54      710.0000      458.1538  1310563   35.47%          x19_13 N 153820 153819    160
Elapsed time = 6459.38 sec. (9326924.74 ticks, tree = 8767.18 MB, solutions = 3)
Nodefile size = 6719.36 MB (5699.38 MB after compression)
 153856 148211    infeasible            710.0000      458.1538  1310925   35.47%          x31_15 D 153856 153854    186
 154000 148351      481.6181    57      710.0000      458.1538  1312138   35.47%          x30_28 D 154000 153999    158
 154250 148595      479.3591    84      710.0000      458.1538  1314007   35.47%          x19_17 D 154250 154249    121
 154468 148799      466.0000    55      710.0000      458.1538  1315748   35.47%          x48_47 U 154468 154467     16
 154737 149064      566.8000    23      710.0000      458.1538  1317780   35.47%          x21_20 D 154737 154736    283
 154798 149122      543.3780    94      710.0000      458.1538  1321097   35.47%          x46_38 N 154798 154795     40
 154860 149176      570.0000    42      710.0000      458.1538  1323350   35.47%          x41_49 D 154860 154859     62
 154967 149272      552.3857    74      710.0000      458.1563  1326103   35.47%          x42_37 N 154967 154965     66
 155158 149453      458.3800    65      710.0000      458.1667  1327401   35.47%           x27_5 U 155158 155156     14
 155218 149513      495.5600    28      710.0000      458.1667  1328698   35.47%          x19_12 U 155218 155216     60
Elapsed time = 6586.03 sec. (9489245.84 ticks, tree = 8783.24 MB, solutions = 3)
Nodefile size = 6735.41 MB (5701.11 MB after compression)
 155283 149578      540.4286    16      710.0000      458.1667  1329308   35.47%          x21_29 N 155283 155281    110
 155390 149679      466.3182    26      710.0000      458.1667  1330425   35.47%          x15_10 D 155390 155389     90
 155698 149981      476.4954    50      710.0000      458.1667  1332039   35.47%          x16_13 D 155698 155697    165
 155950 150229      468.2778    25      710.0000      458.1667  1333168   35.47%          x13_19 D 155950 155949    232
 156086 150359      519.0000    12      710.0000      458.1667  1334106   35.47%          x29_11 D 156086 156085    178
 156170 150439      468.4643    54      710.0000      458.1667  1335581   35.47%          x49_48 D 156170 156169     51
 156250 150519      491.0000    26      710.0000      458.1667  1336859   35.47%          x12_22 D 156250 156248    118
 156308 150577      522.0769    22      710.0000      458.1667  1337596   35.47%           x28_6 U 156308 156306    164
 156379 150642      463.3184    71      710.0000      458.1667  1338542   35.47%          x31_32 N 156379 156378     64
 156570 150832      526.0000    18      710.0000      458.1667  1339529   35.47%          x15_23 N 156570 156569    255
Elapsed time = 6693.35 sec. (9644605.90 ticks, tree = 8799.09 MB, solutions = 3)
Nodefile size = 6751.20 MB (5705.94 MB after compression)
 156820 151076      478.3333    29      710.0000      458.1667  1341267   35.47%          x12_20 D 156820 156819    261
 156927 151176      591.5000    10      710.0000      458.1667  1342404   35.47%           x13_6 N 156927 156926    157
 156998 151241      503.0000    20      710.0000      458.1667  1344009   35.47%          x38_49 N 156998 156997     81
 157061 151304      544.0000     8      710.0000      458.1667  1344680   35.47%          x23_33 D 157061 157060    144
 157100 151343      607.1429    20      710.0000      458.1667  1344957   35.47%          x14_25 D 157100 157099    183
 157139 151382      675.5000    12      710.0000      458.1667  1345179   35.47%           x5_29 D 157139 157138    222
 157181 151420      484.3462    84      710.0000      458.1667  1346537   35.47%          x42_38 D 157181 157179     58
 157280 151514      579.3333    21      710.0000      458.1667  1347392   35.47%          x12_36 U 157280 157278    143
 157358 151590      663.3333    11      710.0000      458.1667  1347988   35.47%          x13_36 U 157358 157356    207
 157559 151787      479.5882    34      710.0000      458.1667  1349480   35.47%          x29_14 N 157559 157558    223
Elapsed time = 6809.20 sec. (9802470.31 ticks, tree = 9088.01 MB, solutions = 3)
Nodefile size = 7031.50 MB (5953.22 MB after compression)
 157734 151954      470.5000    31      710.0000      458.1667  1350814   35.47%          x22_28 D 157734 157733    171
 157847 152057      462.7187    47      710.0000      458.1667  1351957   35.47%           x13_8 D 157847 157846     58
 158002 152212      473.1667    29      710.0000      458.1667  1352588   35.47%          x18_12 D 158002 158001    213
 158120 152324      469.0667    31      710.0000      458.1667  1353395   35.47%          x27_28 D 158120 158119     91
 158258 152458    infeasible            710.0000      458.1667  1353906   35.47%           x6_15 U 158258 158256    228
 158301 152501      483.2727    31      710.0000      458.1667  1355037   35.47%          x24_10 N 158301 158300     56
 158334 152534      529.3333    25      710.0000      458.1667  1355540   35.47%          x35_22 N 158334 158332     81
 158382 152580      564.3333    31      710.0000      458.1667  1355744   35.47%          x25_29 U 158382 158380    120
 158452 152644      468.0000    36      710.0000      458.1667  1356416   35.47%           x5_18 U 158452 158451     79
 158600 152788      469.2083    39      710.0000      458.1667  1357779   35.47%          x19_17 D 158600 158599    128
Elapsed time = 6931.92 sec. (9957768.04 ticks, tree = 9847.67 MB, solutions = 3)
Nodefile size = 7757.61 MB (6612.18 MB after compression)
 158770 152952      464.2500    34      710.0000      458.1667  1359234   35.47%          x33_30 N 158770 158769     63
 158927 153108      547.3333    29      710.0000      458.1667  1360243   35.47%          x15_30 D 158927 158926    220
 159130 153305      498.7419    42      710.0000      458.1667  1362322   35.47%          x31_30 D 159130 159129    206
 159200 153372      458.2000    32      710.0000      458.1667  1362641   35.47%           x7_17 U 159200 108971     26
 159270 153442      497.3333    14      710.0000      458.1667  1364778   35.47%           x29_8 D 159270 159269     80
 159317 153489      515.0000     8      710.0000      458.1667  1365710   35.47%          x29_14 U 159317 159315    120
 159345 153515      545.5000    14      710.0000      458.1667  1365997   35.47%           x28_9 N 159345 159343    139
 159403 153567      460.0841    59      710.0000      458.1667  1366634   35.47%          x33_36 D 159403 159402     32
 159600 153763      582.6667    18      710.0000      458.1667  1368440   35.47%          x16_21 D 159600 159599    229
 159739 153896      488.0000    28      710.0000      458.1667  1369736   35.47%          x10_23 D 159739 159738    143
Elapsed time = 7044.71 sec. (10113103.56 ticks, tree = 9968.02 MB, solutions = 3)
Nodefile size = 7920.15 MB (6748.44 MB after compression)
 159845 154002      511.4706    30      710.0000      458.1667  1370140   35.47%          x14_25 U 159845 159844    249
 160000 154151      478.0759    44      710.0000      458.1667  1371587   35.47%          x21_31 D 160000 159999    149
 160192 154340      475.0000    14      710.0000      458.1667  1372524   35.47%          x29_23 U 160192 160191     56
 160352 154496      491.6190    63      710.0000      458.1667  1373574   35.47%          x38_45 U 160352 160350     51
 160389 154533      555.0000    14      710.0000      458.1667  1374108   35.47%          x23_24 U 160389 160387     78
 160412 154556      535.2500    12      710.0000      458.1667  1374233   35.47%            x9_8 U 160412 160410     95
 160433 154573    infeasible            710.0000      458.1667  1374418   35.47%          x23_17 U 160433 160430    111
 160679 154811    infeasible            710.0000      458.1667  1376012   35.47%          x22_15 U 160679 160677    273
 160901 155023    infeasible            710.0000      458.1667  1377663   35.47%          x22_27 U 160901 160899    262
 161004 155126      535.5000    19      710.0000      458.1667  1379761   35.47%           x5_28 N 161004 161003    114
Elapsed time = 7164.79 sec. (10276755.83 ticks, tree = 9982.73 MB, solutions = 3)
Nodefile size = 7934.91 MB (6750.70 MB after compression)
 161060 155182      636.0000    10      710.0000      458.1667  1380013   35.47%          x13_25 N 161060 161059    170
 161250 155368      487.6441    45      710.0000      458.1667  1381284   35.47%          x16_13 D 161250 161249    207
 161366 155480      482.0833    61      710.0000      458.1719  1383047   35.47%          x35_39 D 161366 161364     47
 161439 155553      528.0000    14      710.0000      458.1719  1384013   35.47%           x36_8 U 161439 161437    103
 161510 155620    infeasible            710.0000      458.1719  1384320   35.47%          x36_31 U 161510 161508    167
 161740 155846      479.8000    36      710.0000      458.1739  1385939   35.47%          x16_29 D 161740 161739    249
 161845 155939    infeasible            710.0000      458.1786  1386835   35.47%          x40_38 D 161845 161844     69
 162046 156138      492.0000    16      710.0000      458.1791  1388359   35.47%          x15_20 D 162046 162045    227
 162124 156208      530.5000    35      710.0000      458.1806  1389145   35.47%          x28_27 N 162124 162123     82
 162173 156251      495.5000    46      710.0000      458.1812  1389878   35.47%          x34_36 U 162173 162171     53
Elapsed time = 7284.41 sec. (10431659.23 ticks, tree = 10305.54 MB, solutions = 3)
Nodefile size = 8256.63 MB (7037.23 MB after compression)
 162262 156330      505.0000    20      710.0000      458.1848  1391587   35.47%          x28_30 D 162262 162261    109
 162410 156469      489.6667    75      710.0000      458.1923  1393448   35.47%          x40_39 D 162410 162409     41
 162606 156664      537.8750    30      710.0000      458.1923  1394763   35.47%          x30_22 D 162606 162605    237
 162636 156692      567.0000    10      710.0000      458.1923  1394908   35.47%          x13_12 U 162636 162634    266
 162840 156890      493.1429    31      710.0000      458.1951  1396254   35.47%          x30_21 N 162840 162839    208
 162959 157000      485.5000    18      710.0000      458.2000  1398320   35.46%          x32_39 N 162959 162957     54
 163002 157043      507.0000    29      710.0000      458.2000  1399082   35.46%          x13_25 U 163002 163000     85
 163062 157099      485.7895    34      710.0000      458.2000  1400214   35.46%          x25_15 U 163062 163061     61
 163264 157295      462.6250    61      710.0000      458.2000  1401440   35.46%          x46_50 D 163264 163263     92
 163530 157555      466.2000    45      710.0000      458.2000  1402930   35.46%          x15_28 D 163530 163529    108
Elapsed time = 7401.87 sec. (10586276.24 ticks, tree = 10345.78 MB, solutions = 3)
Nodefile size = 8297.78 MB (7064.45 MB after compression)
 163696 157717      465.4925    84      710.0000      458.2000  1404216   35.46%          x24_30 D 163696 163695     95
 163827 157846      506.1250    19      710.0000      458.2000  1405051   35.46%           x30_8 N 163827 163826    225
 163888 157903      517.5000    43      710.0000      458.2000  1406607   35.46%          x36_40 N 163888 163886     59
 164100 158110      478.7778    31      710.0000      458.2000  1408209   35.46%           x8_20 D 164100 164099    238
 164230 158232      521.1818    59      710.0000      458.2000  1410631   35.46%          x35_36 N 164230 164229     86
 164320 158322      572.0000     8      710.0000      458.2000  1411275   35.46%          x23_25 N 164320 164319    176
 164356 158358      651.1667    17      710.0000      458.2000  1411413   35.46%            x5_9 D 164356 164355    212
 164469 158467      467.0000    12      710.0000      458.2000  1412309   35.46%          x30_10 N 164469 164468    122
 164661 158647      461.0787    80      710.0000      458.2000  1413577   35.46%          x33_28 D 164661 164660     63
*164800+158784                          699.0000      458.2000            34.45%
 164800 158786      492.0000    26      699.0000      458.2000  1414427   34.45%          x16_25 D 164800 164799    202
Elapsed time = 7520.19 sec. (10745140.86 ticks, tree = 10361.42 MB, solutions = 4)
Nodefile size = 8313.50 MB (7068.44 MB after compression)
 164836 158820      563.0000    14      699.0000      458.2000  1414511   34.45%          x15_17 D 164836 164835    237
 164894 158874      516.0000    21      699.0000      458.2000  1415519   34.45%           x5_18 N 164894 164892     90
 164919 158899      559.5000    10      699.0000      458.2000  1415725   34.45%          x23_20 D 164919 164918    109
 165046 159022      464.5313    58      699.0000      458.2000  1416548   34.45%          x30_33 D 165046 165045    133
 165194 159168    infeasible            699.0000      458.2000  1417597   34.45%          x27_15 D 165194 165193    281
 165371 159339      479.3529    34      699.0000      458.2000  1418642   34.45%          x23_13 D 165371 165370    198
 165536 159500      478.3333    23      699.0000      458.2000  1419584   34.45%          x25_26 N 165536 165535    155
 165658 159622      527.0000     8      699.0000      458.2000  1419982   34.45%          x15_16 D 165658 165657    277
 165906 159860      468.4118    85      699.0000      458.2000  1421870   34.45%          x38_42 U 165906 165904     29
 165956 159910      511.1795    77      699.0000      458.2000  1424648   34.45%          x45_39 U 165956 165953     67
Elapsed time = 7641.42 sec. (10901155.78 ticks, tree = 10792.53 MB, solutions = 4)
Nodefile size = 8744.57 MB (7454.16 MB after compression)
 165989 159939      459.2420    94      699.0000      458.2000  1426813   34.45%          x17_13 D 165989 165988     31
 166200 160150      471.1702    69      699.0000      458.2000  1428202   34.45%           x7_28 D 166200 166199    242
 166490 160430      489.6667    32      699.0000      458.2000  1429725   34.45%          x20_11 D 166490 166489    225
 166652 160582      508.7500    39      699.0000      458.2000  1432079   34.45%           x8_35 D 166652 166651    130
 166789 160714    infeasible            699.0000      458.2000  1432888   34.45%          x25_15 U 166789 166788    266
 166824 160747      541.3333    47      699.0000      458.2000  1435410   34.45%          x40_47 N 166824 166822     38
 166901 160814      479.5636    67      699.0000      458.2168  1437075   34.45%          x40_42 U 166901  25159     49
 167124 161037      513.3209    53      699.0000      458.2168  1438233   34.45%          x14_25 U 167124 167123    272
 167232 161130      505.0000    22      699.0000      458.2222  1439536   34.45%          x21_33 N 167232 167230     93
 167264 161162      541.3333    18      699.0000      458.2222  1440160   34.45%          x15_29 U 167264 167262    116
Elapsed time = 7767.88 sec. (11057522.67 ticks, tree = 11098.49 MB, solutions = 4)
Nodefile size = 9051.10 MB (7730.02 MB after compression)
 167278 161176      605.0000     8      699.0000      458.2222  1440509   34.45%          x24_17 D 167278 167276    125
 167303 161196    infeasible            699.0000      458.2222  1440629   34.45%          x16_12 N 167303 167301    145
 167377 161270      507.5000    18      699.0000      458.2222  1441850   34.45%           x11_9 N 167377 167376     99
 167430 161323      549.6000    21      699.0000      458.2222  1442312   34.45%          x29_16 N 167430 167429    152
 167485 161378      610.4286    26      699.0000      458.2222  1442680   34.45%          x16_17 N 167485 167484    207
 167551 161440      543.4000    28      699.0000      458.2222  1443313   34.45%            x6_8 D 167551 167550    130
 167630 161516      487.2857    26      699.0000      458.2222  1444014   34.45%          x28_30 N 167630 167629    134
 167733 161615      563.3333    13      699.0000      458.2222  1444445   34.45%          x29_20 D 167733 167732    235
 167870 161748      496.0000    14      699.0000      458.2222  1445793   34.45%          x23_17 N 167870 167869    170
 167932 161810      540.5000    12      699.0000      458.2222  1446013   34.45%           x6_22 D 167932 167931    232
Elapsed time = 7885.13 sec. (11213835.81 ticks, tree = 11106.62 MB, solutions = 4)
Nodefile size = 9058.79 MB (7731.47 MB after compression)
 167980 161854      489.2361    63      699.0000      458.2241  1447779   34.45%          x22_20 N 167980 167978     53
 168007 161881      508.0000    12      699.0000      458.2241  1448263   34.45%          x28_29 U 168007 168004     73
 168032 161902      486.5000    69      699.0000      458.2245  1448715   34.45%          x50_39 U 168032   8907     42
 168208 162073      488.0423    44      699.0000      458.2257  1450566   34.45%          x29_26 D 168208 168207    167
 168280 162141      474.5000    27      699.0000      458.2292  1451337   34.45%          x13_10 D 168280 168279     45
 168510 162369      499.2500    26      699.0000      458.2292  1452333   34.45%          x21_26 D 168510 168509    274
 168690 162543      499.5000    37      699.0000      458.2308  1454119   34.44%          x16_14 D 168690 168689    186
 168761 162610      497.1500    69      699.0000      458.2308  1455222   34.44%          x47_49 D 168761 168759     24
 168783 162628      484.0000    55      699.0000      458.2381  1457910   34.44%          x38_39 U 168783  12348     33
 168880 162720      488.5769    61      699.0000      458.2381  1459328   34.44%          x14_26 D 168880 168879     77
Elapsed time = 8005.31 sec. (11370606.89 ticks, tree = 11158.84 MB, solutions = 4)
Nodefile size = 9111.37 MB (7771.96 MB after compression)
 169017 162851      486.0000    14      699.0000      458.2381  1459862   34.44%          x17_24 U 169017 169016     31
 169185 163017    infeasible            699.0000      458.2381  1460387   34.44%           x35_6 N 169185 169184    199
 169240 163068      489.0000    28      699.0000      458.2431  1461060   34.44%          x41_50 D 169240 169239     89
 169395 163221      532.0000     8      699.0000      458.2431  1461601   34.44%           x35_7 U 169395 169393    243
 169420 163242      472.0000    22      699.0000      458.2476  1463030   34.44%          x17_29 U 169420 169418     36
 169501 163323      493.2500    26      699.0000      458.2476  1463783   34.44%           x5_18 N 169501 169499    106
 169556 163378      536.3333    14      699.0000      458.2476  1464195   34.44%          x27_23 U 169556 169554    152
 169637 163455      491.0000    17      699.0000      458.2485  1465849   34.44%          x23_30 N 169637 169636     99
 169838 163647      467.5000    28      699.0000      458.2500  1467242   34.44%          x18_22 D 169838 169837     84
 170039 163840      471.0000    44      699.0000      458.2500  1468459   34.44%          x32_36 D 170039 170038     41
Elapsed time = 8126.34 sec. (11527978.88 ticks, tree = 11580.20 MB, solutions = 4)
Nodefile size = 9532.31 MB (8162.36 MB after compression)
 170163 163964      497.0400    35      699.0000      458.2500  1469268   34.44%            x8_9 D 170163 170162    165
 170281 164077      493.0000    22      699.0000      458.2500  1470152   34.44%           x6_30 N 170281 170279    100
 170363 164159      512.3333    15      699.0000      458.2500  1470801   34.44%          x20_21 U 170363 170362    170
 170445 164233      509.5000    18      699.0000      458.2500  1471812   34.44%          x32_33 N 170445 170443    161
 170570 164354      468.8333    37      699.0000      458.2500  1472552   34.44%          x31_13 D 170570 170569    131
 170673 164451      461.8696    52      699.0000      458.2500  1473382   34.44%          x38_45 D 170673 170672     35
 170804 164582      486.7143    32      699.0000      458.2500  1474363   34.44%           x5_28 D 170804 170803    166
 170996 164771      467.7000    51      699.0000      458.2500  1475425   34.44%          x42_43 D 170996 170995    132
 171176 164944      495.5000    48      699.0000      458.2500  1476897   34.44%          x40_39 U 171176 171174     50
 171282 165047      569.5000    20      699.0000      458.2500  1478497   34.44%          x24_13 N 171282 171280    142
Elapsed time = 8237.11 sec. (11682797.69 ticks, tree = 11596.24 MB, solutions = 4)
Nodefile size = 9548.39 MB (8164.67 MB after compression)
 171400 165161      474.9800    49      699.0000      458.2500  1479585   34.44%          x36_33 D 171400 171399    124
 171577 165326      458.2500    29      699.0000      458.2500  1480544   34.44%          x20_36 U 171577  59534     32
 171810 165556      460.8235    56      699.0000      458.2500  1482549   34.44%          x30_17 D 171810 171809     46
 172000 165740      460.4615    74      699.0000      458.2500  1483894   34.44%          x28_27 D 172000 171999     42
 172198 165938      518.1071    26      699.0000      458.2500  1485506   34.44%          x12_30 D 172198 172197    240
 172263 166000      506.0000    20      699.0000      458.2500  1486906   34.44%           x7_23 U 172263 172261     68
 172308 166041      463.8000    46      699.0000      458.2500  1487330   34.44%          x32_36 D 172308 172307     29
 172404 166137      493.1667    20      699.0000      458.2500  1488155   34.44%           x7_12 D 172404 172403    125
 172487 166220      513.3333    29      699.0000      458.2500  1488464   34.44%          x13_20 D 172487 172486    208
 172635 166364      490.0000    14      699.0000      458.2500  1489433   34.44%           x7_16 N 172635 172634    152
Elapsed time = 8355.18 sec. (11841428.84 ticks, tree = 11612.91 MB, solutions = 4)
Nodefile size = 9564.93 MB (8168.54 MB after compression)
 172784 166509      461.1176    50      699.0000      458.2500  1490286   34.44%          x40_44 D 172784 172783     68
 172883 166608      500.0000     8      699.0000      458.2500  1491137   34.44%          x19_30 N 172883 172882    167
 173054 166773      461.1136    48      699.0000      458.2500  1491922   34.44%           x5_18 U 173054 173053    114
 173234 166949      513.0000    12      699.0000      458.2500  1492543   34.44%          x17_15 N 173234 173233    292
 173278 166987      497.1932    75      699.0000      458.2500  1494531   34.44%          x42_48 U 173278 173276     60
 173318 167019    infeasible            699.0000      458.2500  1495709   34.44%          x41_39 U 173318 173316     87
 173469 167170      507.5000    20      699.0000      458.2500  1496819   34.44%          x14_35 N 173469 173468    179
 173526 167227      565.3333    27      699.0000      458.2500  1497101   34.44%          x13_22 D 173526 173525    236
 173600 167297      461.8857    56      699.0000      458.2500  1497819   34.44%          x10_31 D 173600 173599     84
 173801 167496      491.1270    43      699.0000      458.2500  1499202   34.44%          x26_13 N 173801 173800    284
Elapsed time = 8482.76 sec. (11998203.71 ticks, tree = 12056.40 MB, solutions = 4)
Nodefile size = 9971.17 MB (8526.01 MB after compression)
 174000 167691      467.6667    24      699.0000      458.2500  1500497   34.44%          x20_13 D 174000 173999    183
 174121 167806      480.4000    26      699.0000      458.2500  1501710   34.44%          x25_26 U 174121 174120     79
 174179 167864      524.8571    36      699.0000      458.2500  1502313   34.44%          x22_27 N 174179 174178    137
 174238 167923      615.0000    24      699.0000      458.2500  1502722   34.44%          x23_28 D 174238 174237    196
 174270 167952      464.2222    45      699.0000      458.2500  1503226   34.44%           x29_8 U 174270 174267     37
 174334 168016      480.6667    32      699.0000      458.2500  1504274   34.44%          x35_33 D 174334 174332     89
 174391 168073      493.8333    31      699.0000      458.2500  1504754   34.44%          x10_28 D 174391 174389    137
 174460 168135      464.0000    35      699.0000      458.2500  1505358   34.44%          x24_31 D 174460 174459     54
 174735 168406      463.5806    70      699.0000      458.2500  1506860   34.44%          x34_36 D 174735 174734     51
 174872 168543      493.5000    24      699.0000      458.2500  1507532   34.44%          x23_13 N 174872 174871    188
Elapsed time = 8594.30 sec. (12153936.23 ticks, tree = 12108.29 MB, solutions = 4)
Nodefile size = 10060.34 MB (8596.17 MB after compression)
 175130 168797      475.7059    29      699.0000      458.2500  1508814   34.44%          x25_13 D 175130 175129    208
 175256 168919      487.0485    51      699.0000      458.2500  1509642   34.44%          x22_28 D 175256 175255    104
 175369 169030    infeasible            699.0000      458.2500  1510186   34.44%          x17_22 D 175369 175368    217
 175415 169074      500.0000    17      699.0000      458.2500  1511772   34.44%          x17_29 N 175415 175414     53
 175456 169115      507.4706    31      699.0000      458.2500  1512013   34.44%           x7_30 U 175456 175453     86
 175544 169197      467.6500    68      699.0000      458.2500  1512594   34.44%          x42_40 U 175544   6070     14
 175606 169247      462.0947    54      699.0000      458.2500  1515138   34.44%          x17_31 D 175606 175605     38
 175837 169477      493.7500    18      699.0000      458.2500  1516137   34.44%          x28_30 U 175837 175836    269
 176060 169696      472.8000    20      699.0000      458.2534  1517517   34.44%          x13_14 N 176060 176059    246
 176166 169788      484.0000    11      699.0000      458.2534  1518948   34.44%          x22_20 N 176166 176165    126
Elapsed time = 8707.60 sec. (12309614.40 ticks, tree = 12124.05 MB, solutions = 4)
Nodefile size = 10076.24 MB (8599.40 MB after compression)
 176350 169968      475.4211    55      699.0000      458.2542  1520175   34.44%          x33_39 D 176350 176349    109
 176458 170076      523.0000    18      699.0000      458.2542  1520605   34.44%           x6_12 D 176458 176457    217
 176641 170256      489.3889    37      699.0000      458.2542  1522274   34.44%          x31_17 N 176641 176640    214
 176800 170407      477.1743    55      699.0000      458.2593  1523367   34.44%          x23_31 D 176800 176799    112
 176965 170569    infeasible            699.0000      458.2593  1524249   34.44%           x18_7 D 176965 176964    277
 177007 170609      474.9091    21      699.0000      458.2609  1525665   34.44%          x25_26 U 177007 177004     45
 177049 170651      498.0000    12      699.0000      458.2609  1526508   34.44%            x4_5 U 177049 177047     79
 177092 170694      530.8462    45      699.0000      458.2609  1527068   34.44%           x18_7 N 177092 177091    112
 177161 170761      617.5000     8      699.0000      458.2609  1527838   34.44%           x7_27 D 177161 177160    171
 177230 170819      566.5000    60      699.0000      458.2620  1528626   34.44%          x33_36 D 177230 177229     84
Elapsed time = 8822.06 sec. (12467113.84 ticks, tree = 12137.86 MB, solutions = 4)
Nodefile size = 10090.00 MB (8600.78 MB after compression)
 177360 170943      487.2600    48      699.0000      458.2628  1530468   34.44%          x14_20 D 177360 177359    150
 177484 171063      459.9881    88      699.0000      458.2632  1531046   34.44%          x28_33 D 177484 177483     29
 177605 171184      535.4211    29      699.0000      458.2632  1532328   34.44%          x15_27 N 177605 177604    150
 177657 171236      584.5000    10      699.0000      458.2632  1532597   34.44%          x14_25 D 177657 177656    202
 177679 171258      612.0000    16      699.0000      458.2632  1532681   34.44%            x5_8 D 177679 177678    224
 177814 171389      464.6092    58      699.0000      458.2632  1533687   34.44%          x42_37 D 177814 177813    144
 177990 171561      488.0000    22      699.0000      458.2667  1535219   34.44%           x9_22 D 177990 177989     96
 178008 171579      500.2500    16      699.0000      458.2667  1535563   34.44%          x21_29 D 178008 178007    110
 178114 171679      468.8974    40      699.0000      458.2667  1536437   34.44%          x12_10 D 178114 178113     82
 178389 171950      474.1124    54      699.0000      458.2727  1538010   34.44%          x15_24 D 178389 178388    169
Elapsed time = 8933.59 sec. (12622147.61 ticks, tree = 12152.34 MB, solutions = 4)
Nodefile size = 10104.47 MB (8602.61 MB after compression)
 178603 172158      522.0000    24      699.0000      458.2727  1539189   34.44%           x13_7 N 178603 178601    204
 178650 172197      479.4444    61      699.0000      458.2727  1539616   34.44%          x38_39 D 178650 178649    107
 178763 172302      484.3571    29      699.0000      458.2727  1541156   34.44%          x21_26 U 178763 178761     65
 178800 172337      533.0000    12      699.0000      458.2727  1542848   34.44%          x23_28 D 178800 178799     93
 178845 172382      562.0000    10      699.0000      458.2727  1543287   34.44%          x26_22 U 178845 178843    129
 178892 172429      609.0000    19      699.0000      458.2727  1543558   34.44%           x35_6 U 178892 178890    169
 179081 172614      477.0658    66      699.0000      458.2727  1544918   34.44%          x31_30 D 179081 179080    213
 179259 172785      469.0000    18      699.0000      458.2727  1545939   34.44%          x23_10 D 179259 179258    112
 179425 172937      520.3333    17      699.0000      458.2788  1547993   34.44%           x7_21 D 179425 179424     58
 179588 173096      500.6667    52      699.0000      458.2857  1549282   34.44%          x44_37 N 179588 179586     17
Elapsed time = 9045.22 sec. (12778485.84 ticks, tree = 12168.01 MB, solutions = 4)
Nodefile size = 10120.17 MB (8604.25 MB after compression)
 179637 173145      509.0000    24      699.0000      458.2857  1551176   34.44%          x33_28 U 179637 179635     52
 179677 173185      525.0000     8      699.0000      458.2857  1551905   34.44%          x14_25 N 179677 179675     80
 179700 173208      562.0000    15      699.0000      458.2857  1552214   34.44%          x36_34 U 179700 179698     95
 179822 173324      470.5000    40      699.0000      458.3000  1552877   34.43%          x16_17 D 179822 179821    142
 179940 173440      517.0000    21      699.0000      458.3000  1553661   34.43%          x13_25 N 179940 179939    259
 180128 173624      474.7200    40      699.0000      458.3000  1554627   34.43%          x30_28 D 180128 180127    186
 180282 173772      487.7500    63      699.0000      458.3056  1555553   34.43%          x41_45 D 180282 180281     77
 180385 173869      500.0000    16      699.0000      458.3077  1556544   34.43%           x6_14 N 180385 180384    167
 180455 173935    infeasible            699.0000      458.3077  1557010   34.43%           x26_6 N 180455 180454    236
 180490 173966      477.9211    59      699.0000      458.3118  1557975   34.43%            x4_5 D 180490 180489     51
Elapsed time = 9171.69 sec. (12933962.61 ticks, tree = 12863.21 MB, solutions = 4)
Nodefile size = 10803.07 MB (9237.92 MB after compression)
 180517 173993      500.2727    28      699.0000      458.3118  1558282   34.43%          x21_29 D 180517 180516     70
 180544 174020      506.8261    55      699.0000      458.3118  1558527   34.43%          x40_39 D 180544 180543     91
 180577 174053      552.0000     8      699.0000      458.3118  1558712   34.43%          x21_35 N 180577 180576    117
 180649 174121      463.2222    49      699.0000      458.3137  1559429   34.43%          x24_30 D 180649 180648     82
 180802 174274      482.0455    38      699.0000      458.3137  1560797   34.43%          x27_14 N 180802 180801    235
 180898 174364      505.0000    20      699.0000      458.3165  1561639   34.43%           x7_13 N 180898 180897     86
 180960 174426      559.5000    15      699.0000      458.3165  1562086   34.43%          x28_29 U 180960 180959    148
 181000 174466      596.3333    26      699.0000      458.3165  1562314   34.43%          x19_13 D 181000 180999    188
 181110 174566      497.0000    16      699.0000      458.3182  1563616   34.43%           x6_21 D 181110 181109    120
 181198 174652    infeasible            699.0000      458.3182  1563852   34.43%           x23_7 D 181198 181197    208
Elapsed time = 9289.44 sec. (13089493.03 ticks, tree = 13007.67 MB, solutions = 4)
Nodefile size = 10959.75 MB (9372.38 MB after compression)
 181231 174683      466.1842    53      699.0000      458.3182  1565887   34.43%          x29_21 N 181231 181229     45
 181269 174721      507.0000    19      699.0000      458.3182  1566611   34.43%           x6_13 U 181269 181267     75
 181317 174767    infeasible            699.0000      458.3182  1567068   34.43%          x10_29 U 181317 181315    115
 181412 174852      496.5000    16      699.0000      458.3194  1567861   34.43%          x11_36 U 181412 181411    161
 181566 175000      504.6667    36      699.0000      458.3200  1568938   34.43%          x30_33 D 181566 181565    112
 181647 175081      513.0400    40      699.0000      458.3200  1569204   34.43%           x7_19 D 181647 181646    193
 181779 175207      466.1250    45      699.0000      458.3205  1570090   34.43%          x24_33 D 181779 181778     92
 181853 175281      487.7500    21      699.0000      458.3205  1570575   34.43%          x23_26 N 181853 181852    166
 182056 175480      483.2857    58      699.0000      458.3250  1571658   34.43%          x10_27 D 182056 182055    175
 182190 175610      470.5000    24      699.0000      458.3272  1573393   34.43%          x17_13 D 182190 182189     29
Elapsed time = 9407.23 sec. (13246270.46 ticks, tree = 13026.44 MB, solutions = 4)
Nodefile size = 10978.01 MB (9378.31 MB after compression)
 182227 175647      477.0000    10      699.0000      458.3272  1573988   34.43%          x13_14 U 182227 182225     57
 182258 175678      487.8421    30      699.0000      458.3272  1574243   34.43%          x31_22 D 182258 182257     83
 182276 175696      546.0000     8      699.0000      458.3272  1574380   34.43%          x35_20 U 182276 182274     96
 182297 175711      609.5000    10      699.0000      458.3272  1574505   34.43%          x20_31 U 182297 182294    111
 182493 175897      485.5854    47      699.0000      458.3333  1576451   34.43%          x20_13 D 182493 182492    176
 182757 176158      470.7727    47      699.0000      458.3333  1577957   34.43%          x35_23 D 182757 182756    213
 182816 176211      461.2157    74      699.0000      458.3333  1578447   34.43%          x17_31 U 182816  59096     22
 183062 176457      468.9545    44      699.0000      458.3333  1580156   34.43%          x35_17 D 183062 183061    268
 183109 176494      477.4000    22      699.0000      458.3333  1581209   34.43%           x18_9 D 183109 183107     41
 183160 176545      495.0000    27      699.0000      458.3333  1581883   34.43%          x15_24 D 183160 183159     83
Elapsed time = 9524.76 sec. (13403576.60 ticks, tree = 13110.90 MB, solutions = 4)
Nodefile size = 11062.99 MB (9447.14 MB after compression)
 183244 176623      472.5000    28      699.0000      458.3333  1583381   34.43%          x36_16 U 183244 183243     71
 183460 176834      462.0356    74      699.0000      458.3333  1584962   34.43%          x40_39 D 183460 183459     67
 183689 177059      459.4000    68      699.0000      458.3333  1585997   34.43%          x12_26 U 183689  41790     21
 183945 177315      488.0000    18      699.0000      458.3333  1587472   34.43%          x24_10 U 183945 183944    277
 184069 177433      504.0000    12      699.0000      458.3333  1588548   34.43%          x25_17 D 184069 184068    140
 184190 177550      505.6667    39      699.0000      458.3333  1590060   34.43%          x17_24 U 184190 184189     50
 184227 177587      531.1194    36      699.0000      458.3333  1590786   34.43%          x21_29 D 184227 184226     75
 184314 177668      475.4286    24      699.0000      458.3333  1591838   34.43%          x25_30 N 184314 184313     95
 184342 177696      507.4444    24      699.0000      458.3333  1592043   34.43%          x20_17 D 184342 184341    123
 184371 177725      532.3333    19      699.0000      458.3333  1592161   34.43%          x23_15 D 184371 184370    152
Elapsed time = 9648.24 sec. (13562860.77 ticks, tree = 13127.77 MB, solutions = 4)
Nodefile size = 11079.89 MB (9452.04 MB after compression)
 184492 177842      462.0789    65      699.0000      458.3333  1592813   34.43%          x31_28 D 184492 184491    123
 184664 178010    infeasible            699.0000      458.3333  1593647   34.43%          x30_15 N 184664 184663    294
 184880 178222      521.5000    23      699.0000      458.3333  1594919   34.43%           x6_29 D 184880 184879    244
 185076 178414      470.6667    26      699.0000      458.3333  1596468   34.43%          x16_19 D 185076 185075    211
 185148 178482      472.0000    16      699.0000      458.3333  1597419   34.43%          x19_22 N 185148 185146     33
 185219 178553      472.3846    31      699.0000      458.3333  1597935   34.43%          x13_26 D 185219 185217    101
Starting limited solution polishing.
 185309 178643      491.0000    22      699.0000      458.3333  1598739   34.43%           x19_6 D 185309 185308    183
 185389 178715      469.5000    57      699.0000      458.3333  1599339   34.43%          x10_31 D 185389 185388    100
 185504 178830      499.5000    29      699.0000      458.3333  1600081   34.43%          x20_30 N 185504 185503    215
 185600 178921      461.5556    51      699.0000      458.3333  1600575   34.43%          x42_43 D 185600 185599     78
Elapsed time = 9762.49 sec. (13718121.56 ticks, tree = 13429.42 MB, solutions = 4)
Nodefile size = 11373.14 MB (9716.51 MB after compression)
 185673 178994      500.1500    27      699.0000      458.3333  1601096   34.43%          x21_22 N 185673 185672    151
 185798 179115      460.6445    93      699.0000      458.3333  1601756   34.43%          x48_45 D 185798 185797     82
 185896 179213      481.0000    19      699.0000      458.3333  1602493   34.43%          x23_15 D 185896 185895    180
 186001 179316    infeasible            699.0000      458.3333  1602793   34.43%          x35_22 D 186001 186000    285
 186208 179515      493.0000    46      699.0000      458.3333  1604310   34.43%          x40_39 U 186208 186206     39
 186331 179634      463.0391    87      699.0000      458.3333  1606084   34.43%          x42_37 D 186331 186330    133
 186473 179776      518.6667    20      699.0000      458.3333  1606939   34.43%          x30_20 D 186473 186472    275
 186645 179944      471.2319    50      699.0000      458.3333  1607961   34.43%          x14_13 D 186645 186644    189
 186800 180095      469.6667    30      699.0000      458.3333  1608960   34.43%          x20_26 D 186800 186799    118
 186979 180262    infeasible            699.0000      458.3333  1610454   34.43%          x49_48 U 186979 186977    175
Elapsed time = 9888.32 sec. (13885696.45 ticks, tree = 13578.29 MB, solutions = 4)
Nodefile size = 11530.42 MB (9848.82 MB after compression)
 187030 180313      502.0000    12      699.0000      458.3333  1611869   34.43%          x18_14 U 187030 187028     94
 187055 180338      538.0000     8      699.0000      458.3333  1612165   34.43%          x23_30 U 187055 187053    111
 187084 180361      636.5000    14      699.0000      458.3333  1612355   34.43%           x5_18 N 187084 187083    134
 187204 180475      486.0000    24      699.0000      458.3333  1613261   34.43%          x29_30 D 187204 187203    145
 187275 180546      543.5000    21      699.0000      458.3333  1613541   34.43%          x11_19 D 187275 187274    216
 187355 180622      467.3333    37      699.0000      458.3333  1614334   34.43%          x36_33 N 187355 187354     75
 187443 180710      507.0625    30      699.0000      458.3333  1614923   34.43%          x12_22 D 187443 187442    163
 187559 180826      530.0000    19      699.0000      458.3333  1615205   34.43%          x11_20 D 187559 187558    279
 187650 180913      513.0185    27      699.0000      458.3333  1616779   34.43%          x29_20 D 187650 187649     98
 187740 180999      496.0385    90      699.0000      458.3333  1617411   34.43%          x42_43 D 187740 187739     64
Elapsed time = 10004.94 sec. (14040961.36 ticks, tree = 13618.43 MB, solutions = 4)
Nodefile size = 11569.18 MB (9876.28 MB after compression)
 187783 181036      508.5000     8      699.0000      458.3333  1618160   34.43%          x29_26 N 187783 187781     50
 187801 181052      538.0000    14      699.0000      458.3333  1618298   34.43%          x33_29 D 187801 187800     61
 187895 181138      494.2500    30      699.0000      458.3333  1618978   34.43%          x16_22 D 187895 187894    151
 188000 181239      462.4570    76      699.0000      458.3333  1619453   34.43%          x38_44 D 188000 187999     44
 188215 181454      483.0000    16      699.0000      458.3333  1620587   34.43%          x29_13 N 188215 188214    259
 188354 181587      471.0870    46      699.0000      458.3333  1622153   34.43%           x8_27 D 188354 188353    104
 188440 181670      517.0000    17      699.0000      458.3333  1622863   34.43%          x29_30 N 188440 188439    189
 188520 181750      575.0000    12      699.0000      458.3333  1623077   34.43%          x16_22 D 188520 188519    269
 188547 181771      591.3333    49      699.0000      458.3333  1625200   34.43%          x48_41 N 188547 188545     57
 188648 181862      474.0952    39      699.0000      458.3333  1627014   34.43%           x5_17 D 188648 188647    133
Elapsed time = 10123.44 sec. (14200258.47 ticks, tree = 13676.58 MB, solutions = 4)
Nodefile size = 11628.68 MB (9920.54 MB after compression)
 188800 182014      496.0000    18      699.0000      458.3333  1627659   34.43%          x27_15 D 188800 188799    285
 188920 182130      481.6667    21      699.0000      458.3333  1628829   34.43%           x7_21 D 188920 188919    145
 188952 182162      508.0000    19      699.0000      458.3333  1628940   34.43%          x25_29 D 188952 188951    177
 189030 182236      470.1429    29      699.0000      458.3333  1629663   34.43%           x7_12 D 189030 189029    111
 189196 182394      473.3455    85      699.0000      458.3333  1630696   34.43%          x48_38 U 189196   2496     16
 189208 182404      482.5000    49      699.0000      458.3333  1631193   34.43%          x41_39 D 189208 189206     25
 189285 182471      510.3333    40      699.0000      458.3333  1633386   34.43%          x36_16 N 189285 189284     81
 189409 182591      514.4444    33      699.0000      458.3333  1634261   34.43%          x15_27 N 189409 189408    186
 189480 182652      494.9167    53      699.0000      458.3333  1635345   34.43%          x40_45 U 189480  11857     53
 189596 182764      471.3571    49      699.0000      458.3333  1636837   34.43%          x14_26 D 189596 189595    117
Elapsed time = 10246.90 sec. (14363552.49 ticks, tree = 13689.59 MB, solutions = 4)
Nodefile size = 11641.61 MB (9921.91 MB after compression)
 189751 182919      488.5364    47      699.0000      458.3333  1637747   34.43%            x8_7 N 189751 189750    272
 189814 182970      546.9615    78      699.0000      458.3333  1640073   34.43%          x42_37 U 189814 189812     71
 189845 182998      493.0482    77      699.0000      458.3333  1642131   34.43%          x39_37 D 189845 189843     47
 189906 183059      511.5000    28      699.0000      458.3333  1642758   34.43%          x11_26 U 189906 189903     98
 189970 183123      549.2000    24      699.0000      458.3333  1643366   34.43%          x21_25 N 189970 189969    154
 190031 183180      464.0278    75      699.0000      458.3333  1643719   34.43%          x42_50 D 190031 190030     58
 190198 183347      485.5000    16      699.0000      458.3333  1644441   34.43%          x18_29 N 190198 190197    225
 190256 183399      543.4286    32      699.0000      458.3333  1645308   34.43%          x28_29 D 190256 190255    120
 190424 183564      476.0000    31      699.0000      458.3333  1646359   34.43%           x8_35 D 190424 190423    199
 190541 183678      567.0000    21      699.0000      458.3333  1647552   34.43%          x28_30 D 190541 190540    104
Elapsed time = 10364.86 sec. (14519055.62 ticks, tree = 13929.06 MB, solutions = 4)
Nodefile size = 11881.21 MB (10138.99 MB after compression)
 190579 183712      550.5000    48      699.0000      458.3333  1649656   34.43%          x43_40 N 190579 190577     51
 190640 183764      479.5455    71      699.0000      458.3333  1651070   34.43%          x34_40 D 190640 190639     60
 190800 183918      470.0588    69      699.0000      458.3333  1652711   34.43%          x15_28 D 190800 190799    162
 190953 184069    infeasible            699.0000      458.3333  1653376   34.43%          x25_21 D 190953 190952    315
 191151 184265      488.8000    34      699.0000      458.3359  1655261   34.43%          x31_13 D 191151 191150    216
 191285 184393      464.5000    66      699.0000      458.3365  1656365   34.43%          x42_45 D 191285 191284     46
 191490 184598      476.8333    32      699.0000      458.3365  1657313   34.43%          x29_36 D 191490 191489    251
 191546 184650      479.6250    30      699.0000      458.3458  1658000   34.43%          x30_17 N 191546 191545    116
 191584 184688      508.0000    14      699.0000      458.3458  1658328   34.43%          x36_22 U 191584 191582    146
 191597 184701      611.0000    22      699.0000      458.3458  1658972   34.43%           x5_18 N 191597 191595    154
Elapsed time = 10482.76 sec. (14677938.86 ticks, tree = 14025.18 MB, solutions = 4)
Nodefile size = 11978.01 MB (10218.41 MB after compression)
 191622 184726      632.2500    17      699.0000      458.3458  1659145   34.43%          x14_25 N 191622 191621    174
 191700 184794      466.2500    37      699.0000      458.3478  1660430   34.43%          x16_27 D 191700 191699     78
 191831 184925      499.0000    10      699.0000      458.3478  1661025   34.43%          x29_12 D 191831 191830    209
 191866 184956      502.6667    54      699.0000      458.3542  1661452   34.43%          x48_39 U 191866   8915     50
 191959 185043      535.4667    35      699.0000      458.3548  1663576   34.43%          x35_13 D 191959 191958    120
 192068 185152      564.6667    16      699.0000      458.3548  1664010   34.43%           x23_7 N 192068 192067    229
 192098 185178      503.7928    84      699.0000      458.3554  1665993   34.43%          x38_45 D 192098 192097     64
 192140 185218      558.0000    10      699.0000      458.3554  1667694   34.43%          x24_13 U 192140 192138     93
 192184 185262      573.5000    16      699.0000      458.3554  1668267   34.43%          x31_14 D 192184 192182    129
 192211 185287      614.3333    19      699.0000      458.3554  1668694   34.43%          x12_16 U 192211 192209    149
Elapsed time = 10593.96 sec. (14836493.11 ticks, tree = 14033.57 MB, solutions = 4)
Nodefile size = 11985.72 MB (10220.74 MB after compression)
 192306 185371      560.1667    51      699.0000      458.3559  1670654   34.43%          x42_37 U 192306 192304     68
 192379 185440      523.1000    33      699.0000      458.3571  1672804   34.43%          x24_13 N 192379 192378    100
 192432 185493      550.5000    13      699.0000      458.3571  1673159   34.43%          x13_14 U 192432 192431    153
 192493 185554      619.7500    24      699.0000      458.3571  1673513   34.43%           x8_11 N 192493 192492    214
 192527 185584      544.0000    31      699.0000      458.3571  1674080   34.43%          x35_36 N 192527 192526    105
 192606 185659      478.1591    62      699.0000      458.3636  1674892   34.43%          x38_42 U 192606 192604     69
 192674 185727      534.5000    25      699.0000      458.3636  1675642   34.43%           x9_13 N 192674 192672    127
 192702 185755      561.3000    22      699.0000      458.3636  1675779   34.43%           x5_17 D 192702 192701    150
 192720 185771      659.0000     8      699.0000      458.3636  1675907   34.43%           x15_6 U 192720 192718    163
 192823 185866      477.1812    71      699.0000      458.3636  1676838   34.43%          x33_25 D 192823 192822    146
Elapsed time = 10706.07 sec. (14996565.03 ticks, tree = 14041.94 MB, solutions = 4)
Nodefile size = 11994.02 MB (10221.72 MB after compression)
 192939 185976      463.1111    46      699.0000      458.3659  1677685   34.43%          x32_36 D 192939 192938     53
 193100 186137      491.5000    28      699.0000      458.3659  1678901   34.43%          x28_31 D 193100 193099    214
 193205 186242      533.0000    12      699.0000      458.3659  1679269   34.43%          x20_30 D 193205 193204    319
 193367 186394      466.8077    63      699.0000      458.3684  1680859   34.43%          x43_39 D 193367 193366     45
 193578 186604      506.1250    31      699.0000      458.3684  1682276   34.43%           x15_8 D 193578 193577    256
 193621 186641      477.1087    64      699.0000      458.3750  1683359   34.42%          x50_39 U 193621 193619     52
 193680 186700      503.3333    19      699.0000      458.3750  1684948   34.42%          x21_33 N 193680 193677     99
 193751 186771      537.5000    16      699.0000      458.3750  1685439   34.42%          x19_24 N 193751 193749    163

Zero-half cuts applied:  7
Gomory fractional cuts applied:  1
User cuts applied:  120396

Root node processing (before b&c):
  Real time             =    0.83 sec. (1326.32 ticks)
Sequential b&c:
  Real time             = 10799.27 sec. (15128075.40 ticks)
                          ------------
Total (root+branch&cut) = 10800.11 sec. (15129401.72 ticks)

