Version identifier: 22.1.0.0 | 2022-03-09 | 1a383f8ce
CPXPARAM_Preprocessing_Reduce                    1
CPXPARAM_Threads                                 1
CPXPARAM_Preprocessing_Reformulations            0
CPXPARAM_TimeLimit                               10800
CPXPARAM_MIP_Tolerances_AbsMIPGap                0.999
CPXPARAM_MIP_Limits_TreeMemory                   20000
Legacy callback                                  BbLUID
         Disabling repeat represolve because of lazy constraint/incumbent callback.
1 of 1 MIP starts provided solutions.
MIP start 'm1' defined initial solution with objective 739.2546.
Tried aggregator 1 time.
MIP Presolve eliminated 513 rows and 0 columns.
MIP Presolve modified 204 coefficients.
Reduced MIP has 277 rows, 1084 columns, and 3115 nonzeros.
Reduced MIP has 1084 binaries, 0 generals, 0 SOSs, and 0 indicators.
Presolve time = 0.00 sec. (1.62 ticks)
Probing time = 0.00 sec. (2.42 ticks)
Clique table members: 277.
MIP emphasis: balance optimality and feasibility.
MIP search method: traditional branch-and-cut.
Parallel mode: none, using 1 thread.
Root relaxation solution time = 0.00 sec. (0.79 ticks)

        Nodes                                         Cuts/
   Node  Left     Objective  IInf  Best Integer    Best Bound    ItCnt     Gap         Variable B NodeID Parent  Depth

*     0+    0                          739.2546        0.0000           100.00%
      0     0      614.9015    32      739.2546      577.2856       59   21.91%
      0     0      639.8494    53      739.2546      Cuts: 26       88   13.45%
      0     0      639.9874     8      739.2546      Cuts: 13       90   13.43%
      0     0      652.9248    46      739.2546      Cuts: 13      117   11.68%
      0     0      653.4159    60      739.2546       Cuts: 7      125   11.61%
      0     0      653.7443    56      739.2546       Cuts: 4      129   11.57%
      0     0      660.1732    40      739.2546       User: 4      161   10.70%
      0     0      662.4187    80      739.2546       Cuts: 9      187   10.39%
      0     0      664.9624    94      739.2546      Cuts: 17      220   10.05%
      0     0      668.0070    50      739.2546      Cuts: 11      265    9.64%
      0     0      668.2153    98      739.2546       User: 2      274    9.61%
      0     0      672.6052    85      739.2546       User: 8      300    9.02%
      0     0      672.9963    89      739.2546       Cuts: 4      303    8.96%
      0     0      672.9962    92      739.2546   ZeroHalf: 1      304    8.96%
      0     0      672.9962    94      739.2546   ZeroHalf: 1      306    8.96%
      0     2      673.4700    89      739.2546      674.8027      306    8.72%                        0             0
Elapsed time = 0.09 sec. (159.85 ticks, tree = 0.01 MB, solutions = 1)
     12    14      698.5858    80      739.2546      677.0510     1161    8.41%          x17_29 N     12      9      6
     39    32      693.9488   109      739.2546      680.0068     2666    8.01%          x12_27 N     39      1      2
     60    53      722.8314    56      739.2546      680.0068     4160    8.01%          x32_19 U     60     57     15
     96    79        cutoff            739.2546      680.0068     5153    8.01%           x22_1 U     96     94     41
    140   118      706.3706    86      739.2546      689.1739     7086    6.77%          x17_29 D    140    139      6
    200   170      718.4187    76      739.2546      690.7521     8760    6.56%           x7_15 D    200    199     18
    258   215      702.9524   116      739.2546      690.9393    10132    6.54%          x34_36 N    258    256      5
    289   246      725.4456    64      739.2546      690.9393    12168    6.54%          x11_10 N    289    287     25
    333   284      729.7772    70      739.2546      693.3028    13750    6.22%          x28_21 N    333    332     30
    468   400      729.1479    33      739.2546      695.6740    19765    5.90%          x22_21 N    468    465     20
Elapsed time = 1.69 sec. (3423.20 ticks, tree = 0.60 MB, solutions = 1)
    641   544      718.3212    29      739.2546      697.7155    26119    5.62%            x7_6 N    641    640     21
    816   696      705.1638    90      739.2546      698.7696    31156    5.48%          x16_15 D    816     12      7
    954   810      719.1866    84      739.2546      699.8779    36413    5.33%          x32_19 D    954    953     17
   1080   915      721.2331    64      739.2546      700.1538    40742    5.29%          x21_20 N   1080   1079     38
   1226  1043      706.1700   119      739.2546      700.4225    46109    5.25%          x17_29 D   1226     45      8
   1324  1119      711.9718   114      739.2546      700.7715    51223    5.21%          x32_24 U   1324   1323      9
   1419  1204      713.9055   122      739.2546      701.9729    55082    5.04%          x29_36 D   1419   1418     11
   1527  1302      731.3593    62      739.2546      702.1740    60017    5.02%          x30_16 N   1527   1526     43
   1643  1404      730.6398    83      739.2546      702.2916    64118    5.00%          x28_34 N   1643   1642     21
   1750  1495      728.1776    51      739.2546      702.4620    67297    4.98%          x21_11 D   1750   1749     16
Elapsed time = 6.11 sec. (13027.62 ticks, tree = 1.76 MB, solutions = 1)
   1856  1588      722.0127   113      739.2546      702.9330    71661    4.91%          x25_35 U   1856   1854     15
   1967  1684      733.3729    85      739.2546      703.5471    77442    4.83%          x15_31 D   1967   1966     29
   2061  1757      737.1959   106      739.2546      703.8376    82235    4.79%           x6_12 D   2061   2060     26
   2179  1860      733.2052    31      739.2546      704.0171    86451    4.77%          x33_29 D   2179   2178     71
   2277  1933      722.1790    77      739.2546      704.1109    90825    4.75%          x21_11 D   2277   2276     22
   2395  2032      715.1212    84      739.2546      704.1610    95784    4.75%          x22_21 N   2395   2394     13
   2496  2120      724.0152   109      739.2546      704.3570    99835    4.72%          x17_29 D   2496   2495     24
   2630  2234      713.5954    51      739.2546      704.4444   103959    4.71%          x21_26 N   2630   2629     26
   2729  2321      718.9691    25      739.2546      704.5410   107913    4.70%           x26_5 D   2729   2728     31
   2845  2420      715.0562    80      739.2546      704.7210   111667    4.67%          x21_15 D   2845   2844     14
Elapsed time = 10.29 sec. (22653.56 ticks, tree = 3.25 MB, solutions = 1)
   2964  2523      711.0786    72      739.2546      705.1394   116060    4.61%          x23_29 U   2964    186      5
   3087  2633        cutoff            739.2546      705.2431   119904    4.60%          x32_17 U   3087   3086     53
   3157  2690      707.1491    78      739.2546      705.3755   124869    4.58%          x32_24 U   3157    816      8
   3254  2776      728.5439    58      739.2546      705.5672   129266    4.56%           x6_10 N   3254   3253     27
   3353  2857      710.4158    87      739.2546      705.7971   133330    4.53%           x5_33 D   3353   3352     17
   3458  2949      725.0738    67      739.2546      705.9042   137484    4.51%           x2_28 N   3458   3456     19
   3548  3026      721.5521    60      739.2546      706.0049   141661    4.50%          x29_23 N   3548   3547     37
   3642  3112      737.1600    16      739.2546      706.1117   145226    4.48%           x6_15 U   3642   3640     36
   3730  3186      715.7856    28      739.2546      706.3936   149516    4.45%          x15_20 D   3730   3729     21
   3817  3255        cutoff            739.2546      706.4044   152972    4.44%          x15_31 N   3817   3816     19
Elapsed time = 14.39 sec. (32255.14 ticks, tree = 4.27 MB, solutions = 1)
   3892  3316      709.4622    63      739.2546      706.5006   157049    4.43%          x21_15 U   3892   1364     17
   3987  3401      721.0046    16      739.2546      706.5425   160150    4.43%            x6_8 D   3987   3986     34
   4080  3486      723.8363   105      739.2546      706.6706   163008    4.41%          x21_11 D   4080   4079     19
   4172  3566      733.9577    17      739.2546      706.7769   165882    4.39%          x31_20 U   4172   4169     42
   4246  3628      709.1701    56      739.2546      706.9662   169781    4.37%          x21_11 D   4246   4245     13
   4340  3710      716.7927    33      739.2546      707.0395   173625    4.36%           x33_7 D   4340   4339     33
   4443  3804      731.7369    61      739.2546      707.1143   176316    4.35%          x15_20 N   4443   4442     26
   4511  3858        cutoff            739.2546      707.1733   179713    4.34%          x15_26 U   4511   4508     26
   4593  3931      717.5968    57      739.2546      707.2497   183160    4.33%           x13_5 D   4593   4592     20
   4686  4012      738.0670    22      739.2546      707.3039   186503    4.32%          x33_15 N   4686   4684     22
Elapsed time = 18.42 sec. (41880.60 ticks, tree = 4.91 MB, solutions = 1)
   4780  4091      730.2871    50      739.2546      707.3996   189787    4.31%          x15_20 N   4780   4779     29
   4828  4135      738.0298    23      739.2546      707.4625   191628    4.30%            x9_7 D   4828   4827     35
   4882  4172      731.1296    65      739.2546      707.5446   195762    4.29%           x8_10 N   4882   4881     29
   4967  4244      728.4245    98      739.2546      707.7288   198791    4.26%          x29_36 U   4967   4965     12
   5060  4313      712.5961   106      739.2546      707.7426   201812    4.26%          x29_21 U   5060   2191      7
   5136  4376      735.8522   106      739.2546      707.7581   205787    4.26%          x32_24 U   5136   5135     10
   5206  4436      720.9263    97      739.2546      707.7819   208094    4.26%          x22_21 D   5206   5205     14
   5289  4509      730.6951    71      739.2546      707.8304   211687    4.25%           x12_6 U   5289   5286     24
   5380  4582      729.3082    38      739.2546      707.8517   214744    4.25%          x26_11 D   5380   5379     43
   5465  4654      718.0510   110      739.2546      707.9028   217522    4.24%          x23_16 D   5465   5464      9
Elapsed time = 22.25 sec. (51542.30 ticks, tree = 5.94 MB, solutions = 1)
   5527  4704      732.6154    16      739.2546      708.0094   221564    4.23%          x17_24 N   5527   5526     34
   5609  4778      727.8597    30      739.2546      708.0262   224278    4.22%            x9_7 D   5609   5608     50
   5684  4836      731.5248    72      739.2546      708.1723   227783    4.20%          x28_34 D   5684   5683     20
   5767  4908      731.0759    62      739.2546      708.2025   231344    4.20%          x15_36 N   5767   5765     22
   5847  4980      728.3273    15      739.2546      708.3090   233970    4.19%          x23_28 D   5847   5846     51
   5945  5060      716.9563   107      739.2546      708.3731   236728    4.18%          x23_29 D   5945    896     12
   6021  5122      731.2599    33      739.2546      708.4447   240012    4.17%           x14_6 D   6021   6020     37
   6105  5194      719.7429    63      739.2546      708.4646   243500    4.17%          x21_11 U   6105   6103     14
   6184  5261      713.4017    58      739.2546      708.4772   246558    4.16%           x5_33 U   6184   2619     16
   6270  5336      715.4797    73      739.2546      708.4786   248781    4.16%           x4_35 D   6270   6269     15
Elapsed time = 26.05 sec. (61180.47 ticks, tree = 6.87 MB, solutions = 1)
   6341  5402      731.5393    42      739.2546      708.4856   251893    4.16%           x10_8 N   6341   6340     34
   6416  5463      727.0169   108      739.2546      708.5020   255003    4.16%          x21_15 D   6416   6415     19
   6513  5552      736.9619    37      739.2546      708.5298   257979    4.16%           x6_13 D   6513   6512     65
   6602  5625      713.5665    54      739.2546      708.5677   260602    4.15%           x12_6 D   6602   6601     19
   6686  5698      713.6143    78      739.2546      708.6104   263333    4.15%           x5_33 N   6686   4244     12
   6769  5767      714.9252    48      739.2546      708.6299   266124    4.14%           x5_26 U   6769   2595     16
   6850  5838      713.5069    50      739.2546      708.6694   268824    4.14%           x5_26 D   6850   6849     25
   6910  5894      736.5164    89      739.2546      708.6739   271695    4.14%          x23_34 N   6910   6907     26
   6986  5962      730.5013    56      739.2546      708.6895   274621    4.13%          x21_20 D   6986   6985     39
   7052  6016      725.0435    67      739.2546      708.7383   277565    4.13%           x5_26 N   7052   7050     14
Elapsed time = 29.80 sec. (70861.67 ticks, tree = 7.72 MB, solutions = 1)
   7127  6077      736.1674    29      739.2546      708.7394   280238    4.13%           x25_8 D   7127   7126     67
   7200  6140      719.0275    67      739.2546      708.7896   282930    4.12%          x23_29 U   7200   7199     38
   7262  6192      726.6610    30      739.2546      708.8097   285845    4.12%          x30_16 U   7262   7261     38
   7345  6255        cutoff            739.2546      708.8661   288458    4.11%           x25_8 N   7345   7344     18
   7418  6319        cutoff            739.2546      708.8829   291020    4.11%           x14_6 U   7418   7416     40
   7481  6366      721.1634    10      739.2546      708.9305   294245    4.10%           x7_15 D   7481   7480     33
   7567  6444      735.0872    14      739.2546      708.9454   297079    4.10%          x21_31 U   7567   7566     41
   7630  6494      724.4914    42      739.2546      709.0275   299497    4.09%           x12_6 D   7630   7629     29
   7721  6568      728.2404   100      739.2546      709.0576   302353    4.08%          x29_28 U   7721    535     12
   7792  6626      726.5850    28      739.2546      709.1255   305238    4.08%          x20_31 D   7792   7791     43
Elapsed time = 33.68 sec. (80630.00 ticks, tree = 8.51 MB, solutions = 1)
   7850  6675      715.7094    53      739.2546      709.1420   307575    4.07%           x8_10 U   7850   7849     19
   7925  6741      712.2794    57      739.2546      709.1654   310059    4.07%           x5_33 D   7925   7924     16
   8010  6822      729.9430    16      739.2546      709.1707   312435    4.07%            x5_7 D   8010   8009     50
*  8049  6752      integral     0      738.2677      709.1791   313612    3.94%           x12_8 U   8049   8047     41
   8109  6794      713.7403    78      738.2677      709.2291   317064    3.93%          x28_21 D   8109   8108     23
   8200  6881      732.6426    20      738.2677      709.2477   319435    3.93%            x6_7 D   8200   8199     54
   8280  6953      731.1330    58      738.2677      709.2569   322169    3.93%            x6_5 D   8280   8279     36
   8358  7016      714.4161    38      738.2677      709.2865   324796    3.93%          x15_31 U   8358   1377     30
   8426  7074      728.8296    80      738.2677      709.3013   327612    3.92%          x24_35 D   8426   8425     32
   8719  7327      723.4009    59      738.2677      709.3729   338247    3.91%          x21_15 D   8719   8718     22
Elapsed time = 38.34 sec. (92714.45 ticks, tree = 9.25 MB, solutions = 2)
   8975  7540      735.8175    70      738.2677      709.4800   349435    3.90%          x29_17 D   8975   8974     35
   9260  7782      722.7436    42      738.2677      709.5637   358879    3.89%           x33_7 D   9260   9259     46
   9552  8034      733.8722    67      738.2677      709.6499   367377    3.88%          x22_21 N   9552   9551     20
   9813  8247      736.8201    73      738.2677      709.7269   377162    3.87%            x6_8 U   9813   9811     22
  10117  8513      725.2175    36      738.2677      709.8345   386161    3.85%          x15_26 D  10117  10116     17
  10367  8722      719.7911    46      738.2677      709.9640   395577    3.83%           x4_35 D  10367  10366     27
  10672  8991      724.8590    21      738.2677      710.0312   404276    3.82%           x10_8 D  10672  10671     32
* 10698  5615      integral     0      728.7343      710.0379   405035    2.57%
  10929  5789        cutoff            728.7343      710.1792   413929    2.55%          x33_26 D  10929  10927     24
  11205  6004      715.0410    59      728.7343      710.3019   423617    2.53%           x5_33 D  11205  11204     17
  11435  6172      726.0500    87      728.7343      710.4040   434304    2.52%           x5_26 D  11435  11434     16
Elapsed time = 52.83 sec. (130930.84 ticks, tree = 8.31 MB, solutions = 3)
  11675  6344      725.9821    37      728.7343      710.4953   444446    2.50%          x15_31 D  11675  11674     32
  11910  6505      717.6509    50      728.7343      710.6792   454356    2.48%           x6_10 D  11910  11909     23
  12164  6710        cutoff            728.7343      710.7396   462382    2.47%           x6_14 U  12164  12162     31
  12407  6897      716.0373    19      728.7343      710.8836   471668    2.45%           x33_5 D  12407  12406     26
  12673  7091        cutoff            728.7343      711.0307   481276    2.43%          x15_20 U  12673  12671     47
  12910  7268      711.2226    70      728.7343      711.1169   490493    2.42%           x33_5 D  12910  10232     33
  13120  7421      724.8945    46      728.7343      711.2044   499751    2.41%          x25_18 U  13120  13119     38
  13353  7597      723.0821    27      728.7343      711.3290   508906    2.39%          x31_30 U  13353  13352     24
  13596  7774      727.3887    33      728.7343      711.4168   519329    2.38%          x26_20 D  13596  13595     30
  13837  7949      719.0292    10      728.7343      711.4752   528159    2.37%          x31_30 D  13837  13836     31
Elapsed time = 66.93 sec. (169196.90 ticks, tree = 10.83 MB, solutions = 3)
  14082  8134      725.5138    41      728.7343      711.5337   536809    2.36%           x14_6 N  14082  14081     43
  14312  8269        cutoff            728.7343      711.6415   546539    2.35%          x19_24 U  14312  14310     14
  14552  8435      716.0109    37      728.7343      711.6994   556114    2.34%           x1_17 N  14552   3009     19
  14795  8625      728.0529    33      728.7343      711.7610   564783    2.33%          x12_13 N  14795  14794     41
  15025  8781      724.1501    51      728.7343      711.8895   574192    2.31%           x26_5 D  15025  15024     21
  15280  8967      725.0648    12      728.7343      711.9526   582979    2.30%           x33_7 U  15280  15277     33
  15526  9142      722.8503    34      728.7343      712.0403   592426    2.29%          x15_30 U  15526  15524     46
  15750  9290      713.3109    98      728.7343      712.1051   601547    2.28%          x21_26 D  15750  15749     27
  15990  9468      719.4261    40      728.7343      712.1580   611121    2.27%           x5_11 N  15990  15989     28
  16215  9637      728.6193    22      728.7343      712.2100   619933    2.27%          x15_31 N  16215  16214     41
Elapsed time = 80.68 sec. (207521.03 ticks, tree = 13.10 MB, solutions = 3)
  16445  9800        cutoff            728.7343      712.2479   628659    2.26%           x7_21 D  16445  16444     48
  16686  9971      718.5326   100      728.7343      712.2866   637840    2.26%          x17_11 D  16686  16685     26
  16910 10147        cutoff            728.7343      712.4118   646932    2.24%          x15_33 U  16910  16908     36
  17136 10305      717.4738    51      728.7343      712.4934   655721    2.23%          x31_36 D  17136  17135     26
  17354 10457      723.7517    44      728.7343      712.5431   664137    2.22%          x15_30 D  17354  17353     32
  17581 10609      725.6481    75      728.7343      712.6053   673278    2.21%          x15_30 U  17581  17580     23
  17793 10746      715.8993    54      728.7343      712.7088   682036    2.20%          x15_36 N  17793  17792     20
  18005 10889      719.2901    19      728.7343      712.7758   691677    2.19%           x26_5 D  18005  18004     32
  18225 11042      723.6149    32      728.7343      712.8230   700830    2.18%          x15_33 N  18225  18224     22
  18442 11186      717.8704    85      728.7343      712.8954   710143    2.17%           x5_33 D  18442  18441     12
Elapsed time = 94.61 sec. (245753.46 ticks, tree = 15.86 MB, solutions = 3)
  18663 11355      717.2802    30      728.7343      712.9422   718211    2.17%           x6_10 D  18663  18662     40
  18870 11481      720.4134    34      728.7343      712.9957   727297    2.16%          x26_11 D  18870  18869     40
  19080 11623      726.0051    60      728.7343      713.0328   736105    2.15%           x8_13 U  19080  19078     33
  19306 11774      725.4355    52      728.7343      713.0603   744873    2.15%           x8_10 N  19306  19305     23
  19502 11887        cutoff            728.7343      713.1050   753892    2.14%          x17_24 U  19502  19500     13
  19729 12041      724.7517    61      728.7343      713.1556   763251    2.14%          x17_11 U  19729   3725     17
  19944 12193      714.5952    43      728.7343      713.2232   771689    2.13%            x6_5 D  19944  19943     34
  20169 12372      718.3406    14      728.7343      713.2426   780002    2.13%           x26_5 U  20169  17082     30
  20370 12501      721.3040    50      728.7343      713.2990   788958    2.12%          x15_31 N  20370  20369     18
  20566 12633      715.1940    50      728.7343      713.3293   797804    2.11%          x28_21 N  20566   8108     23
Elapsed time = 108.41 sec. (284206.17 ticks, tree = 18.34 MB, solutions = 3)
  20767 12764      726.8284    25      728.7343      713.3641   806191    2.11%          x31_30 D  20767  20766     28
  20976 12909      721.5419    10      728.7343      713.3888   815458    2.11%           x8_10 U  20976  20975     31
  21183 13027      715.9616    10      728.7343      713.4198   823766    2.10%          x15_33 D  21183  21182     24
  21379 13165      714.5533    12      728.7343      713.4598   831586    2.10%           x5_10 D  21379  21378     29
  21604 13319      717.1181    40      728.7343      713.5078   839863    2.09%          x21_30 N  21604  21603     21
  21829 13473      723.0889    30      728.7343      713.5503   848070    2.08%            x5_6 D  21829  21828     22
  22040 13617      727.9462   100      728.7343      713.5913   856245    2.08%           x5_15 D  22040  22039     23
  22249 13766      725.9895   102      728.7343      713.6162   865126    2.07%          x26_20 D  22249  22248     25
  22449 13902      725.7649    43      728.7343      713.6552   873293    2.07%          x32_19 N  22449  22447     20
  22680 14075      723.7841    31      728.7343      713.6901   880942    2.06%           x6_10 D  22680  22679     31
Elapsed time = 122.03 sec. (322445.93 ticks, tree = 20.35 MB, solutions = 3)
  22892 14222      723.7629    35      728.7343      713.7344   889776    2.06%          x31_30 U  22892  22890     37
  23068 14324      720.1124    68      728.7343      713.7601   896838    2.05%           x32_1 N  23068  23067     26
  23270 14456        cutoff            728.7343      713.7926   904885    2.05%           x6_10 D  23270  23269     30
  23484 14609      720.8708    24      728.7343      713.8323   913061    2.04%           x6_10 N  23484  23483     29
  23686 14740      723.0382    51      728.7343      713.8850   921268    2.04%          x11_10 N  23686  23685     37
  23891 14882      723.9941    28      728.7343      713.9249   929600    2.03%            x6_8 D  23891  23889     30
  24101 15007      724.8374    12      728.7343      713.9783   937645    2.02%          x26_13 D  24101  24100     37
  24301 15144      724.1737    49      728.7343      714.0011   946192    2.02%          x15_31 D  24301  24300     42
  24516 15303      721.9891    55      728.7343      714.0136   954521    2.02%            x8_6 D  24516  24515     23
  24750 15472      720.6059    33      728.7343      714.0400   962070    2.02%           x6_13 D  24750  24749     43
Elapsed time = 135.47 sec. (360684.57 ticks, tree = 22.10 MB, solutions = 3)
  24950 15626      721.0830    16      728.7343      714.0565   969599    2.01%            x5_8 D  24950  24949     37
  25140 15744      718.7893    40      728.7343      714.0855   978496    2.01%           x26_5 D  25140  25139     35
  25353 15887      715.8405    12      728.7343      714.1080   986433    2.01%           x10_8 N  25353   1073     32
  25567 16044      722.3091    84      728.7343      714.1274   993975    2.00%          x21_15 N  25567  25566     14
  25773 16185      721.6741    72      728.7343      714.1719  1002260    2.00%          x15_33 N  25773   7031     17
  25976 16329      724.7889    54      728.7343      714.1881  1010238    2.00%          x15_31 D  25976  25975     32
  26212 16500      723.3984    70      728.7343      714.2137  1018349    1.99%          x34_29 D  26212  26211     51
  26422 16648      719.0497    15      728.7343      714.2444  1026402    1.99%          x33_26 D  26422  26420     31
  26600 16755      723.6076    58      728.7343      714.2787  1034951    1.98%          x11_17 N  26600  26599     32
  26795 16889      717.6710    56      728.7343      714.3142  1043294    1.98%           x5_33 D  26795  26794     12
Elapsed time = 149.04 sec. (399030.61 ticks, tree = 24.55 MB, solutions = 3)
  26983 17024      718.3747    59      728.7343      714.3453  1051099    1.97%           x21_7 D  26983  26982     20
  27185 17160      720.6195    23      728.7343      714.3712  1059267    1.97%          x26_13 D  27185  27184     38
  27370 17278      723.7217    50      728.7343      714.3920  1067428    1.97%            x6_5 D  27370  27369     23
  27568 17399      719.1062    36      728.7343      714.4247  1075099    1.96%          x26_13 D  27568  27567     28
  27760 17522      715.8223    47      728.7343      714.4441  1082614    1.96%           x8_10 D  27760  27759     23
  27949 17661      716.9171    57      728.7343      714.4642  1089489    1.96%           x26_5 D  27949  27948     26
  28147 17798      728.0003    83      728.7343      714.4970  1096737    1.95%          x19_24 U  28147  28145     14
  28343 17918        cutoff            728.7343      714.5133  1104800    1.95%          x32_19 U  28343    108     14
  28526 18021      715.8405    12      728.7343      714.5477  1112753    1.95%          x21_31 U  28526   1074     33
  28724 18149      725.3495    46      728.7343      714.5663  1120789    1.94%          x25_18 D  28724   2150     43
Elapsed time = 162.53 sec. (437382.85 ticks, tree = 27.09 MB, solutions = 3)
  28914 18280      725.5720    15      728.7343      714.5882  1129021    1.94%           x5_10 N  28914  28913     36
  29101 18411      725.4966    56      728.7343      714.6055  1137436    1.94%          x26_20 U  29101  29100     57
  29287 18522      725.1368    71      728.7343      714.6320  1144985    1.94%           x5_15 N  29287  28809     27
  29480 18649      718.5842    12      728.7343      714.6481  1152092    1.93%           x12_7 N  29480  11384     41
  29680 18762      725.7773    37      728.7343      714.6736  1160245    1.93%          x21_31 D  29680  29679     26
  29861 18863      722.5137    34      728.7343      714.7008  1168708    1.93%           x13_5 D  29861  29860     40
  30077 19007        cutoff            728.7343      714.7135  1176425    1.92%          x25_18 U  30077  30076     23
  30251 19116      720.5003    22      728.7343      714.7336  1184978    1.92%           x26_5 N  30251  21193     31
  30456 19250      725.9342    16      728.7343      714.7455  1191989    1.92%           x6_11 D  30456  30455     47
  30642 19365      727.9177    25      728.7343      714.7605  1200000    1.92%          x26_20 D  30642  30641     33
Elapsed time = 176.17 sec. (475696.18 ticks, tree = 29.30 MB, solutions = 3)
  30828 19494      722.6908    68      728.7343      714.7841  1206852    1.91%          x19_24 D  30828  30827     17
  31024 19625      722.4306    10      728.7343      714.7996  1214687    1.91%            x5_6 N  31024  10267     21
  31234 19765      720.8547    30      728.7343      714.8293  1222287    1.91%            x6_8 D  31234  31233     26
  31420 19888      718.0412    55      728.7343      714.8479  1229184    1.91%            x5_8 N  31420  29460     22
  31600 19992      727.2955    67      728.7343      714.8673  1236965    1.90%          x33_26 N  31600  31599     32
  31789 20125      724.9280    75      728.7343      714.8796  1244130    1.90%          x28_36 D  31789  31788     43
  31987 20251        cutoff            728.7343      714.9162  1251470    1.90%           x12_7 D  31987  31986     54
  32175 20366      715.5343    19      728.7343      714.9367  1259231    1.89%           x33_5 U  32175  19974     29
  32377 20509      727.5639    68      728.7343      714.9516  1266828    1.89%            x5_6 D  32377  32376     35
  32579 20634      725.3531    48      728.7343      714.9659  1274436    1.89%           x6_10 D  32579  32578     26
Elapsed time = 189.66 sec. (514038.13 ticks, tree = 31.36 MB, solutions = 3)
  32780 20769      724.5765    17      728.7343      714.9955  1281944    1.89%          x21_31 U  32780  32779     48
  32964 20893      724.9629    49      728.7343      715.0203  1289093    1.88%          x25_18 U  32964  32963     32
  33144 21010      725.7809    18      728.7343      715.0496  1296738    1.88%          x15_30 U  33144  33143     51
  33340 21134      728.4678    73      728.7343      715.0853  1303850    1.87%          x29_16 D  33340  33339     23
  33550 21281      721.1534    46      728.7343      715.1172  1311063    1.87%           x12_5 D  33550  33549     63
  33750 21399      723.8536    65      728.7343      715.1459  1317733    1.86%           x12_5 D  33750  33749     47
  33954 21551      723.3044    14      728.7343      715.1697  1325300    1.86%            x5_7 D  33954  33952     24
  34142 21682      726.9009    32      728.7343      715.1917  1332217    1.86%           x5_11 N  34142  34141     31
  34340 21812      722.0988    14      728.7343      715.2112  1340068    1.86%           x6_13 D  34340  34339     28
  34522 21928      725.2433    59      728.7343      715.2358  1347898    1.85%          x31_30 D  34522  34521     36
Elapsed time = 202.97 sec. (552300.96 ticks, tree = 33.17 MB, solutions = 3)
  34700 22044        cutoff            728.7343      715.2512  1355843    1.85%          x18_25 U  34700  34699     16
  34903 22171        cutoff            728.7343      715.2701  1362343    1.85%          x26_31 D  34903  34902     35
  35097 22282      727.9545    38      728.7343      715.2839  1369845    1.85%          x20_31 N  35097  35096     23
  35282 22397        cutoff            728.7343      715.3006  1376812    1.84%            x5_7 U  35282  35280     23
  35466 22531      727.3269    35      728.7343      715.3068  1384422    1.84%           x12_8 D  35466  35465     41
  35633 22624      722.9453    48      728.7343      715.3298  1391952    1.84%          x34_21 D  35633  35632     47
  35819 22736      726.0476    38      728.7343      715.3499  1399117    1.84%           x33_7 N  35819  35818     28
  36003 22847      716.5480    20      728.7343      715.3742  1406443    1.83%           x33_5 N  36003  17252     20
  36179 22956      724.9206    68      728.7343      715.4142  1414586    1.83%          x29_28 U  36179  14505     15
  36362 23077      727.1203    44      728.7343      715.4378  1422519    1.82%          x21_31 D  36362  36361     25
Elapsed time = 216.39 sec. (590582.72 ticks, tree = 34.95 MB, solutions = 3)
  36528 23179      727.2680    26      728.7343      715.4686  1429248    1.82%           x5_11 D  36528  36526     32
  36721 23298      721.4803    46      728.7343      715.4946  1436010    1.82%          x15_26 N  36721   9291     21
  36882 23402      724.6535   107      728.7343      715.5187  1444145    1.81%          x23_16 U  36882   4864     12
  37068 23509      719.8805    59      728.7343      715.5422  1451429    1.81%          x33_26 U  37068  37067     30
  37243 23629      722.4677    30      728.7343      715.5705  1457435    1.81%          x25_19 N  37243  37242     20
  37429 23730      724.3227    41      728.7343      715.5882  1464858    1.80%          x33_26 U  37429  37428     25
  37605 23829        cutoff            728.7343      715.6090  1471942    1.80%          x31_30 U  37605  37603     27
  37792 23960      725.0371    10      728.7343      715.6229  1478355    1.80%          x15_31 U  37792  37791     28
  37991 24074      718.5358    26      728.7343      715.6548  1485743    1.79%          x15_26 N  37991  12962     16
  38161 24157        cutoff            728.7343      715.6720  1492856    1.79%           x8_13 U  38161  38159     26
Elapsed time = 229.67 sec. (628853.70 ticks, tree = 37.78 MB, solutions = 3)
  38352 24280      720.2424    48      728.7343      715.6801  1500091    1.79%          x15_31 D  38352  38351     28
  38530 24377      720.7682    14      728.7343      715.6945  1507363    1.79%            x5_8 D  38530  38529     27
  38719 24509      721.5872   104      728.7343      715.7103  1514509    1.79%          x21_11 D  38719  38718     18
  38899 24611      723.3595    66      728.7343      715.7243  1522182    1.79%            x8_6 U  38899  12387     32
  39073 24712        cutoff            728.7343      715.7373  1529044    1.78%          x31_30 U  39073  39071     30
  39281 24865      728.3746    20      728.7343      715.7519  1535978    1.78%           x8_13 D  39281  39279     32
  39460 24959      727.8921    26      728.7343      715.7864  1543907    1.78%          x17_32 U  39460  39459     39
  39651 25088      725.3754    34      728.7343      715.8025  1550759    1.77%           x10_5 D  39651  39650     42
  39839 25211      718.4715    20      728.7343      715.8097  1557358    1.77%          x34_21 D  39839  39838     42
  40014 25333      720.4219    50      728.7343      715.8238  1564699    1.77%          x33_26 U  40014  40013     32
Elapsed time = 242.96 sec. (667085.90 ticks, tree = 39.46 MB, solutions = 3)
  40197 25437      727.4017    50      728.7343      715.8404  1572325    1.77%           x7_21 N  40197   9650     28
  40388 25552      723.9195    77      728.7343      715.8546  1579466    1.77%          x25_18 N  40388   8115     30
  40562 25670      725.2528    69      728.7343      715.8619  1585968    1.77%          x26_31 D  40562  40561     39
  40759 25798      723.5101    19      728.7343      715.8707  1592348    1.77%           x5_11 D  40759  40758     43
  40960 25925      726.9528    13      728.7343      715.8828  1599460    1.76%          x26_10 D  40960  40959     36
  41132 26024      721.4786    83      728.7343      715.8953  1607153    1.76%           x26_5 N  41132  41131     27
  41319 26141      726.9553    10      728.7343      715.9116  1614538    1.76%           x12_5 D  41319  41318     31
  41490 26241      723.6249    80      728.7343      715.9317  1621846    1.76%           x6_13 D  41490  41489     21
  41667 26347      727.6187    75      728.7343      715.9618  1628868    1.75%          x26_31 D  41667  41666     47
  41851 26464        cutoff            728.7343      715.9793  1636045    1.75%          x33_26 U  41851  41850     26
Elapsed time = 256.11 sec. (705388.87 ticks, tree = 41.53 MB, solutions = 3)
  42010 26552      725.1999    17      728.7343      715.9942  1643280    1.75%           x12_8 D  42010  42009     53
  42178 26651      722.4260    82      728.7343      716.0205  1651043    1.74%           x21_7 U  42178   1289     19
  42332 26731      724.7741    47      728.7343      716.0366  1658556    1.74%          x15_20 N  42332  42331     33
  42510 26840      725.4969    21      728.7343      716.0476  1665136    1.74%           x5_15 N  42510  42509     34
  42680 26942      723.5622    68      728.7343      716.0595  1672197    1.74%          x32_19 D  42680  42679     21
  42849 27048      727.5126    13      728.7343      716.0780  1678427    1.74%          x15_31 U  42849  42848     36
  43031 27163        cutoff            728.7343      716.0884  1684786    1.74%          x21_20 U  43031  43029     38
  43199 27262      720.3239    23      728.7343      716.1019  1692532    1.73%           x5_10 N  43199  43198     33
  43383 27374      728.4578   110      728.7343      716.1175  1699249    1.73%          x23_16 U  43383   3763      9
  43564 27471      722.8933    10      728.7343      716.1365  1706635    1.73%            x5_8 N  43564  43562     26
Elapsed time = 269.29 sec. (743690.95 ticks, tree = 43.02 MB, solutions = 3)
  43743 27582        cutoff            728.7343      716.1496  1713165    1.73%           x26_5 U  43743  43741     33
  43931 27705      728.7094    10      728.7343      716.1569  1719800    1.73%          x12_11 N  43931  43930     52
  44104 27807      721.4451    10      728.7343      716.1664  1726647    1.72%           x33_5 N  44104  21533     31
  44283 27919      727.7610    10      728.7343      716.1836  1733060    1.72%           x33_5 U  44283  44280     32
  44471 28024      727.9230    31      728.7343      716.1993  1739914    1.72%           x7_16 D  44471  44470     36
  44620 28095      722.3457    36      728.7343      716.2153  1747134    1.72%           x26_7 D  44620  44619     25
  44783 28194        cutoff            728.7343      716.2301  1753717    1.72%           x7_30 U  44783  44781     38
  44940 28283      721.4357    59      728.7343      716.2415  1761084    1.71%           x5_26 D  44940  44939     17
  45107 28375      722.1229    86      728.7343      716.2574  1768481    1.71%          x15_36 D  45107  45106     16
  45271 28467      728.2562    54      728.7343      716.2783  1774911    1.71%          x21_30 N  45271  32885     30
Elapsed time = 282.40 sec. (782019.55 ticks, tree = 44.65 MB, solutions = 3)
  45443 28575        cutoff            728.7343      716.3070  1782468    1.71%          x27_25 U  45443  45442     17
  45600 28651      722.9414    84      728.7343      716.3240  1790588    1.70%          x33_26 D  45600  45598     36
  45768 28754      728.2952    56      728.7343      716.3391  1797822    1.70%          x11_10 D  45768  45767     31
  45933 28846      719.6741    21      728.7343      716.3564  1804625    1.70%           x33_5 N  45933  34407     39
  46117 28964      722.5427    80      728.7343      716.3701  1812020    1.70%          x25_19 D  46117  46116     21
  46295 29085      727.4631    26      728.7343      716.3833  1818688    1.69%          x15_10 N  46295  46294     42
  46457 29177      723.1569    38      728.7343      716.3991  1826121    1.69%          x26_13 D  46457  46456     28
  46628 29269      728.3901    20      728.7343      716.4119  1832726    1.69%          x13_26 N  46628  46627     35
  46797 29369        cutoff            728.7343      716.4289  1839963    1.69%          x15_36 U  46797  46794     15
  46965 29465      724.0868    10      728.7343      716.4433  1847089    1.69%          x15_30 D  46965  46964     41
Elapsed time = 295.87 sec. (820368.90 ticks, tree = 46.45 MB, solutions = 3)
  47148 29584      727.3071    73      728.7343      716.4561  1853980    1.68%          x11_10 D  47148  47147     51
  47307 29666        cutoff            728.7343      716.4692  1861183    1.68%          x15_30 D  47307  47305     31
  47480 29781      721.5904    62      728.7343      716.4825  1867724    1.68%           x6_10 N  47480  36764     32
  47649 29880      726.7936    12      728.7343      716.4987  1874451    1.68%           x7_15 D  47649  47648     52
  47817 29991        cutoff            728.7343      716.5069  1880779    1.68%            x5_8 U  47817  47815     24
  47974 30083      727.9579    34      728.7343      716.5225  1887906    1.68%           x8_10 D  47974  47973     27
  48130 30165      721.7048    10      728.7343      716.5446  1895166    1.67%            x5_7 N  48130  48129     34
  48293 30255      719.7308    44      728.7343      716.5548  1901974    1.67%          x21_30 D  48293  48292     27
  48450 30344      726.5422    10      728.7343      716.5794  1909369    1.67%           x5_10 D  48450  48449     39
  48618 30444      728.3481    36      728.7343      716.6017  1916404    1.66%          x21_31 N  48618  48617     27
Elapsed time = 309.18 sec. (858762.34 ticks, tree = 47.97 MB, solutions = 3)
  48800 30567      721.6073    57      728.7343      716.6137  1923514    1.66%           x26_5 D  48800  48798     26
  48972 30658        cutoff            728.7343      716.6352  1930451    1.66%           x5_15 U  48972  48970     27
  49155 30773      723.3919    59      728.7343      716.6490  1937942    1.66%           x5_15 U  49155  47308     23
  49333 30895      725.5177    23      728.7343      716.6683  1944289    1.66%           x9_11 D  49333  49332     45
  49499 30986      726.7644    30      728.7343      716.6853  1951192    1.65%          x33_26 U  49499  49498     28
  49674 31088      722.7082    60      728.7343      716.7104  1957474    1.65%          x33_26 N  49674  49673     26
  49840 31171      720.8843     8      728.7343      716.7284  1964739    1.65%            x6_5 N  49840  12532     25
  50000 31264      725.3894    77      728.7343      716.7403  1971219    1.65%          x34_21 N  50000  49999     29
  50149 31332        cutoff            728.7343      716.7650  1977960    1.64%          x23_15 U  50149  13555     15
  50300 31404        cutoff            728.7343      716.7829  1985546    1.64%           x6_13 D  50300  50298     33
Elapsed time = 322.54 sec. (897156.22 ticks, tree = 49.90 MB, solutions = 3)
  50463 31500      722.1434    42      728.7343      716.7958  1992123    1.64%          x33_26 U  50463  50462     28
  50619 31584      720.2151    36      728.7343      716.8134  1998949    1.64%           x26_5 D  50619  50618     27
  50793 31683      723.4033    15      728.7343      716.8333  2005015    1.63%          x26_10 U  50793  50792     50
  50937 31760      727.9579    18      728.7343      716.8498  2011861    1.63%           x6_11 N  50937  50936     36
  51103 31825      727.9674     8      728.7343      716.8661  2019201    1.63%            x5_7 D  51103  51102     42
  51270 31925      724.7904    16      728.7343      716.8758  2026111    1.63%          x26_11 N  51270  51269     31
  51437 32023      726.8938    22      728.7343      716.8906  2032952    1.63%          x15_26 N  51437  15300     21
  51610 32132        cutoff            728.7343      716.8973  2039253    1.62%          x15_26 D  51610  51609     17
  51773 32218      725.8308    23      728.7343      716.9146  2046497    1.62%            x7_5 D  51773  51772     57
  51963 32344        cutoff            728.7343      716.9265  2052102    1.62%           x10_6 D  51963  51962     58
Elapsed time = 335.73 sec. (935438.93 ticks, tree = 51.24 MB, solutions = 3)
  52127 32437      723.9396    15      728.7343      716.9404  2057997    1.62%           x10_6 N  52127  52126     54
  52285 32528      725.8399    28      728.7343      716.9519  2064742    1.62%          x17_32 U  52285  52284     58
  52456 32618        cutoff            728.7343      716.9671  2070844    1.61%           x8_13 D  52456  52455     47
  52604 32692        cutoff            728.7343      716.9899  2077259    1.61%          x17_11 U  52604   6324     24
  52760 32771      721.3947    26      728.7343      717.0058  2084006    1.61%          x15_30 U  52760  12573     20
  52920 32866        cutoff            728.7343      717.0169  2090575    1.61%           x12_8 D  52920  52919     42
  53073 32936      726.1070    55      728.7343      717.0343  2097310    1.61%           x6_13 N  53073  53072     22
  53232 33025      723.2927    34      728.7343      717.0540  2104038    1.60%           x6_13 D  53232  53231     27
  53387 33113        cutoff            728.7343      717.0704  2110233    1.60%          x12_11 D  53387  53386     31
  53536 33189      722.6026    41      728.7343      717.0831  2116929    1.60%          x31_30 N  53536  53535     15
Elapsed time = 348.74 sec. (973738.05 ticks, tree = 54.21 MB, solutions = 3)
  53708 33282      724.3241    14      728.7343      717.1001  2123605    1.60%           x8_10 N  53708  53707     41
  53857 33356      726.2988    31      728.7343      717.1122  2130853    1.59%            x6_8 D  53857  53856     35
  54020 33450      723.8364    25      728.7343      717.1211  2136618    1.59%          x26_20 D  54020  54019     54
  54195 33547        cutoff            728.7343      717.1321  2143437    1.59%           x6_10 U  54195  54193     17
  54364 33645      720.8811    22      728.7343      717.1438  2150157    1.59%           x33_5 N  54364  13588     23
  54516 33712      727.4610    68      728.7343      717.1659  2157122    1.59%           x6_10 N  54516  54515     26
  54655 33791      727.7243    39      728.7343      717.1729  2163375    1.59%           x5_11 N  54655  54654     31
  54824 33883      724.7879    51      728.7343      717.1865  2169693    1.58%          x31_30 U  54824  54823     36
  54983 33965      721.2910    50      728.7343      717.1977  2176272    1.58%            x6_5 N  54983  54982     35
  55135 34039      724.5508    47      728.7343      717.2122  2183196    1.58%           x6_10 N  55135  28655     26
Elapsed time = 361.86 sec. (1012164.68 ticks, tree = 55.54 MB, solutions = 3)
  55285 34113      722.8145    18      728.7343      717.2250  2189400    1.58%            x6_8 D  55285  55283     30
  55450 34212      724.0209    51      728.7343      717.2329  2195577    1.58%          x21_20 D  55450  55449     37
  55609 34312      722.6126    79      728.7343      717.2419  2201769    1.58%            x6_5 N  55609  55608     35
  55758 34375        cutoff            728.7343      717.2514  2208120    1.58%           x5_11 U  55758  55755     38
  55927 34489      722.7119    34      728.7343      717.2587  2214281    1.57%           x6_14 D  55927  55926     36
  56085 34564      724.7185    32      728.7343      717.2730  2221054    1.57%          x15_31 U  56085  56084     33
  56260 34676      721.6699    50      728.7343      717.2828  2227494    1.57%           x33_5 D  56260  56259     16
  56411 34752        cutoff            728.7343      717.2954  2234525    1.57%          x20_31 U  56411  56409     40
  56567 34844      728.6243    76      728.7343      717.3067  2240800    1.57%           x33_5 N  56567  56566     29
  56730 34932      724.6145    12      728.7343      717.3166  2247618    1.57%           x33_5 N  56730   5365     29
Elapsed time = 375.06 sec. (1050427.23 ticks, tree = 56.98 MB, solutions = 3)
  56880 35006      718.1970    39      728.7343      717.3288  2254370    1.57%          x15_33 D  56880  56879     38
  57034 35089        cutoff            728.7343      717.3443  2260193    1.56%           x12_6 D  57034  57033     33
  57190 35184      724.0072     8      728.7343      717.3544  2266834    1.56%          x21_31 U  57190  57188     34
  57352 35273        cutoff            728.7343      717.3642  2273331    1.56%          x17_32 D  57352  57350     47
  57490 35343      723.4065     8      728.7343      717.3765  2280186    1.56%          x21_31 U  57490  57489     31
  57650 35432      724.6962    63      728.7343      717.3938  2286844    1.56%           x8_10 D  57650  57649     28
  57827 35517      726.5758    63      728.7343      717.4079  2293738    1.55%          x21_31 N  57827  57826     53
  57988 35604      720.1247    91      728.7343      717.4198  2300503    1.55%           x5_33 D  57988  57987     16
  58135 35673        cutoff            728.7343      717.4259  2307520    1.55%          x21_11 N  58135  58133     16
  58296 35761      725.3081    33      728.7343      717.4373  2313923    1.55%           x10_8 U  58296  58295     33
Elapsed time = 388.28 sec. (1088755.47 ticks, tree = 58.22 MB, solutions = 3)
  58451 35837        cutoff            728.7343      717.4503  2320892    1.55%          x33_31 U  58451  58449     34
  58626 35956      724.3695    59      728.7343      717.4561  2328016    1.55%          x15_30 U  58626  58625     43
  58767 36032      726.8904    58      728.7343      717.4691  2334271    1.55%          x23_15 D  58767  58766     15
  58931 36117        cutoff            728.7343      717.4804  2341163    1.54%          x21_30 D  58931  58930     22
  59098 36205        cutoff            728.7343      717.4872  2347555    1.54%          x22_21 U  59098  59097     17
  59253 36298      724.1834    45      728.7343      717.5002  2353109    1.54%          x33_26 N  59253  59252     37
  59404 36375      727.9827   104      728.7343      717.5142  2359830    1.54%          x21_30 N  59404  59403     22
  59564 36463      725.5180    68      728.7343      717.5282  2366024    1.54%          x34_21 U  59564  21231     39
  59721 36540        cutoff            728.7343      717.5429  2372667    1.54%            x5_7 U  59721  59719     46
  59890 36643      727.6635    91      728.7343      717.5564  2379287    1.53%          x10_25 D  59890  59888     26
Elapsed time = 401.56 sec. (1127035.32 ticks, tree = 60.52 MB, solutions = 3)
  60051 36727      722.0868    83      728.7343      717.5671  2386170    1.53%          x21_11 N  60051  15862     17
  60214 36823      727.9282    65      728.7343      717.5760  2392853    1.53%          x26_10 D  60214  60213     39
  60365 36902      724.7345    66      728.7343      717.5899  2399390    1.53%            x5_6 N  60365  60364     32
  60506 36962      721.8604    60      728.7343      717.5994  2405627    1.53%          x21_26 D  60506  60505     38
  60640 37022      725.8087    17      728.7343      717.6110  2412706    1.53%           x14_6 N  60640  60639     42
  60812 37130      724.3680    41      728.7343      717.6158  2418816    1.53%          x15_36 N  60812   6066     14
  60962 37204      720.2951    10      728.7343      717.6271  2424933    1.52%            x5_8 N  60962  45800     35
  61133 37305      721.5104    55      728.7343      717.6367  2431337    1.52%          x31_36 D  61133  61132     20
  61266 37371      723.7985    29      728.7343      717.6470  2437949    1.52%          x31_30 N  61266  61265     22
  61418 37457      728.6949    14      728.7343      717.6555  2444636    1.52%           x6_21 D  61418  61417     34
Elapsed time = 414.86 sec. (1165370.42 ticks, tree = 61.77 MB, solutions = 3)
  61566 37517      725.5237    75      728.7343      717.6717  2451663    1.52%          x32_19 N  61566   1022     13
  61711 37600      723.2452    50      728.7343      717.6827  2457484    1.52%          x21_31 D  61711  61710     48
  61880 37705      719.8974    42      728.7343      717.6959  2464017    1.51%          x12_11 N  61880   3855     26
  62039 37781      727.7114   102      728.7343      717.7068  2470467    1.51%          x22_21 N  62039  26980     18
  62178 37833      723.4996    22      728.7343      717.7158  2477210    1.51%           x5_10 D  62178  62177     35
  62331 37906        cutoff            728.7343      717.7249  2483987    1.51%          x18_25 D  62331  62329     13
  62483 37986      721.0062    67      728.7343      717.7329  2490155    1.51%          x33_26 N  62483  12297     27
  62652 38082      723.8527    38      728.7343      717.7404  2496601    1.51%           x26_5 D  62652  62651     44
  62780 38140      727.8251    69      728.7343      717.7519  2503067    1.51%          x15_30 D  62780  62778     28
  62935 38208      721.9237    14      728.7343      717.7588  2509655    1.51%            x5_6 N  62935  18530     39
Elapsed time = 428.31 sec. (1203820.22 ticks, tree = 63.10 MB, solutions = 3)
  63094 38298      722.4189    22      728.7343      717.7725  2515454    1.50%          x15_33 N  63094  63093     33
  63253 38401      723.6215    29      728.7343      717.7827  2521632    1.50%           x6_10 U  63253  25438     23
  63413 38486      728.1011    45      728.7343      717.7921  2527227    1.50%          x28_36 N  63413  63412     30
  63569 38562      728.5847   108      728.7343      717.8041  2533931    1.50%          x15_26 D  63569  63568     21
  63720 38650      723.9863    23      728.7343      717.8122  2539937    1.50%           x33_5 D  63720  63719     25
  63866 38705      720.2465    40      728.7343      717.8229  2547202    1.50%          x33_26 D  63866  28961     25
  64020 38785      726.2797    83      728.7343      717.8306  2554228    1.50%          x29_28 U  64020  18130     12
  64175 38862      719.8363     8      728.7343      717.8418  2560331    1.49%          x26_13 D  64175  64174     32
  64321 38929      727.6063    37      728.7343      717.8517  2567040    1.49%          x33_26 N  64321  64320     22
  64470 39002      727.8910    29      728.7343      717.8635  2573211    1.49%          x31_30 U  64470  64469     37
Elapsed time = 441.45 sec. (1242270.33 ticks, tree = 64.41 MB, solutions = 3)
  64622 39090      723.4227    14      728.7343      717.8723  2579480    1.49%           x6_13 N  64622  64621     32
  64772 39173      720.8733   120      728.7343      717.8839  2585411    1.49%          x29_21 U  64772   3140     11
  64910 39242      726.7174    38      728.7343      717.8938  2591924    1.49%            x7_5 N  64910  64909     37
  65061 39320      723.7504    26      728.7343      717.9060  2597702    1.49%           x5_11 D  65061  65060     41
  65201 39405      725.2721   100      728.7343      717.9176  2604090    1.48%           x5_33 N  65201  65200     12
  65343 39491      725.1115    22      728.7343      717.9243  2609999    1.48%           x10_8 N  65343  65342     37
  65487 39570      719.8311    24      728.7343      717.9328  2616564    1.48%           x6_13 N  65487  13610     47
  65638 39661      723.4744    48      728.7343      717.9400  2622432    1.48%          x31_30 N  65638  65637     26
  65785 39742      722.4675    45      728.7343      717.9500  2628154    1.48%           x26_5 D  65785  65784     28
  65928 39791        cutoff            728.7343      717.9649  2633981    1.48%          x26_20 U  65928  65926     33
Elapsed time = 454.47 sec. (1280543.76 ticks, tree = 65.89 MB, solutions = 3)
  66072 39873      723.5610    68      728.7343      717.9747  2641020    1.48%          x31_30 D  66072  66071     47
  66228 39952      723.0515    34      728.7343      717.9848  2647225    1.48%          x31_30 D  66228  66227     25
  66382 40020      720.8458    14      728.7343      717.9970  2653243    1.47%           x26_5 U  66382  26038     22
  66534 40101      718.8480    97      728.7343      718.0100  2659074    1.47%           x8_10 N  66534   7933     25
  66693 40180        cutoff            728.7343      718.0187  2664798    1.47%          x16_15 U  66693    979      7
  66830 40255      726.6968    47      728.7343      718.0297  2670729    1.47%          x31_30 N  66830  42031     38
  66974 40317      726.8668    68      728.7343      718.0415  2677715    1.47%           x6_10 U  66974  31922     33
  67119 40376      726.4732    44      728.7343      718.0573  2684582    1.47%           x26_5 N  67119  67118     25
  67250 40438      724.1758    17      728.7343      718.0716  2690426    1.46%           x5_20 D  67250  67249     53
  67412 40538        cutoff            728.7343      718.0788  2696075    1.46%          x11_10 D  67412  67411     41
Elapsed time = 467.59 sec. (1318937.53 ticks, tree = 67.57 MB, solutions = 3)
  67563 40618      728.1388    18      728.7343      718.0856  2701561    1.46%           x9_11 N  67563  67562     47
  67716 40692        cutoff            728.7343      718.0958  2707710    1.46%          x15_30 D  67716  67713     33
  67871 40787      728.0667    18      728.7343      718.1040  2713142    1.46%          x33_30 N  67871  67870     38
  68034 40872      726.4639    24      728.7343      718.1125  2719260    1.46%          x21_31 D  68034  68033     30
  68188 40951        cutoff            728.7343      718.1196  2726336    1.46%            x7_6 U  68188  68186     40
  68345 41028        cutoff            728.7343      718.1275  2732373    1.46%          x26_11 U  68345  68343     52
  68474 41102      724.3399    83      728.7343      718.1343  2737776    1.45%           x5_33 N  68474  14308     12
  68611 41154      723.3244    27      728.7343      718.1459  2744460    1.45%          x26_13 N  68611  31608     26
  68753 41212        cutoff            728.7343      718.1575  2750535    1.45%          x23_34 U  68753   3736     28
  68890 41272      721.7598    60      728.7343      718.1684  2756593    1.45%           x33_5 D  68890  68889     25
Elapsed time = 480.54 sec. (1357226.99 ticks, tree = 69.04 MB, solutions = 3)
  69036 41337      726.2124    20      728.7343      718.1768  2762502    1.45%          x21_31 N  69036  69035     49
  69190 41409      720.0337     8      728.7343      718.1888  2768597    1.45%          x21_31 N  69190  35421     27
  69344 41502        cutoff            728.7343      718.1962  2774276    1.45%           x13_5 U  69344  69342     28
  69488 41574      725.9778    27      728.7343      718.2030  2779846    1.45%           x9_11 N  69488  69487     30
  69653 41660        cutoff            728.7343      718.2144  2785317    1.44%           x10_5 U  69653  69651     37
  69797 41736        cutoff            728.7343      718.2213  2792075    1.44%          x29_16 U  69797  11140     21
  69932 41801      727.0127    41      728.7343      718.2275  2798083    1.44%            x7_5 N  69932  69931     40
  70078 41879      720.1178    60      728.7343      718.2363  2804105    1.44%           x11_9 U  70078   3018     28
  70209 41933      726.3703    10      728.7343      718.2430  2810550    1.44%           x5_10 N  70209  70208     24
  70357 42004      727.3759    18      728.7343      718.2546  2816597    1.44%            x2_3 N  70357  70356     36
Elapsed time = 493.52 sec. (1395485.96 ticks, tree = 70.33 MB, solutions = 3)
  70492 42057      721.2853    64      728.7343      718.2636  2823066    1.44%          x33_26 N  70492  27052     40
  70638 42133      723.8884    41      728.7343      718.2725  2829533    1.44%          x31_30 N  70638   9420     27
  70784 42217      728.5287    33      728.7343      718.2784  2835267    1.43%           x6_10 N  70784  39899     38
  70917 42273      727.0238    16      728.7343      718.2861  2841284    1.43%           x8_10 N  70917  70915     28
  71053 42335      726.7848    64      728.7343      718.2970  2846660    1.43%          x15_30 D  71053  71051     27
  71196 42400        cutoff            728.7343      718.3058  2852411    1.43%           x13_5 D  71196  71195     38
  71346 42485      724.3557    31      728.7343      718.3149  2858667    1.43%          x26_11 D  71346  71344     40
  71491 42549        cutoff            728.7343      718.3222  2864692    1.43%          x28_34 U  71491    740     18
  71650 42614      723.9455    22      728.7343      718.3322  2871328    1.43%           x8_10 D  71650  71648     32
  71819 42701      727.2369    37      728.7343      718.3416  2878011    1.43%          x25_18 N  71819  71818     45
Elapsed time = 506.64 sec. (1433869.92 ticks, tree = 71.70 MB, solutions = 3)
  71980 42776      724.4570    32      728.7343      718.3524  2884227    1.42%          x26_20 D  71980  71979     40
  72145 42869      728.1974    48      728.7343      718.3617  2890435    1.42%          x31_30 N  72145  72144     30
  72284 42934        cutoff            728.7343      718.3708  2896930    1.42%          x31_30 U  72284  72282     33
  72438 43004        cutoff            728.7343      718.3782  2903762    1.42%           x8_10 D  72438  72437     43
  72608 43099        cutoff            728.7343      718.3849  2910293    1.42%            x7_5 U  72608  72606     45
  72759 43148        cutoff            728.7343      718.3967  2917270    1.42%           x33_5 U  72759  18680     25
  72913 43214      725.5699    27      728.7343      718.4044  2923125    1.42%           x5_11 D  72913  72912     26
  73079 43290      723.3437    17      728.7343      718.4152  2929894    1.42%          x21_31 U  73079  73078     39
  73233 43353      722.6468    66      728.7343      718.4279  2936808    1.41%          x33_15 N  73233  73232     34
  73386 43423      724.8269    44      728.7343      718.4372  2943566    1.41%          x25_18 U  73386  73385     38
Elapsed time = 520.09 sec. (1472077.15 ticks, tree = 72.75 MB, solutions = 3)
  73516 43468      726.4329    34      728.7343      718.4497  2950652    1.41%           x5_15 D  73516  73515     27
  73674 43537      724.6876    14      728.7343      718.4579  2957002    1.41%            x5_8 N  73674  37893     33
  73843 43634      728.3079    10      728.7343      718.4644  2962844    1.41%            x5_7 N  73843  73842     41
  74010 43717      722.8675    27      728.7343      718.4732  2969736    1.41%            x5_8 N  74010  49001     32
  74162 43784      727.5270    10      728.7343      718.4796  2976635    1.41%            x8_6 D  74162  74161     27
  74320 43860      721.5493    10      728.7343      718.4916  2983049    1.41%           x6_13 D  74320  74319     46
  74484 43945      727.8361    15      728.7343      718.4985  2989922    1.40%           x8_13 D  74484  74483     41
  74651 44032        cutoff            728.7343      718.5101  2996496    1.40%          x15_20 D  74651  74650     40
  74801 44095      724.0544    76      728.7343      718.5182  3002887    1.40%           x6_10 N  74801  74800     29
  74959 44181      726.7068    57      728.7343      718.5263  3009707    1.40%          x26_31 D  74959  74958     47
Elapsed time = 533.74 sec. (1510352.65 ticks, tree = 74.06 MB, solutions = 3)
  75103 44254      722.9389    71      728.7343      718.5319  3017449    1.40%          x33_26 N  75103  17158     27
  75276 44336      726.4302    36      728.7343      718.5396  3023592    1.40%          x31_30 N  75276  75274     33
  75410 44401      724.8225    14      728.7343      718.5476  3030189    1.40%          x15_36 N  75410  75409     36
  75573 44486      720.1323    99      728.7343      718.5587  3036859    1.40%           x8_10 N  75573  30110     22
  75752 44605      727.9705    47      728.7343      718.5647  3043109    1.40%          x33_31 N  75752  75751     52
  75901 44679      728.0796    12      728.7343      718.5716  3048753    1.39%           x12_6 D  75901  75900     43
  76073 44771      720.2448    55      728.7343      718.5780  3055006    1.39%           x5_10 N  76073  16262     26
  76230 44839      723.9485    54      728.7343      718.5864  3061619    1.39%          x21_31 N  76230  76229     25
  76377 44913      724.6804   101      728.7343      718.5928  3067818    1.39%            x6_8 N  76377  30109     21
  76536 44998      727.7893    46      728.7343      718.6018  3074400    1.39%          x20_31 N  76536  76534     52
Elapsed time = 547.20 sec. (1548615.53 ticks, tree = 75.45 MB, solutions = 3)
  76702 45071      722.8709    13      728.7343      718.6132  3081063    1.39%           x26_7 D  76702  76701     34
  76867 45170      723.6758    16      728.7343      718.6187  3087129    1.39%           x8_13 D  76867  76866     45
  77013 45221        cutoff            728.7343      718.6303  3094248    1.39%           x5_26 U  77013  20249     42
  77163 45291      721.9009    36      728.7343      718.6366  3100681    1.39%           x26_5 N  77163  71598     18
  77308 45371      726.4267    32      728.7343      718.6410  3106629    1.39%           x6_13 N  77308  77306     40
  77469 45448      723.8918    23      728.7343      718.6487  3112087    1.38%            x5_7 D  77469  77468     33
  77620 45510      727.0725    26      728.7343      718.6591  3118488    1.38%           x14_6 N  77620  77619     34
  77773 45602        cutoff            728.7343      718.6655  3124058    1.38%          x21_20 D  77773  77772     38
  77926 45669      725.9887    10      728.7343      718.6726  3130566    1.38%            x6_8 N  77926  33246     26
  78085 45756        cutoff            728.7343      718.6787  3136401    1.38%           x21_7 U  78085  78083     23
Elapsed time = 560.35 sec. (1586851.83 ticks, tree = 76.76 MB, solutions = 3)
  78228 45816      724.7562    33      728.7343      718.6849  3142539    1.38%            x5_8 N  78228  78227     24
  78400 45932      728.6218     8      728.7343      718.6927  3148653    1.38%          x31_36 N  78400  10111     12
  78553 46015      726.6985    37      728.7343      718.7021  3154571    1.38%          x15_30 U  78553  78552     37
  78714 46102        cutoff            728.7343      718.7127  3160731    1.38%            x5_8 D  78714  78713     38
  78860 46184      722.0403    12      728.7343      718.7192  3166538    1.37%            x6_5 N  78860   5164     41
  79022 46271      727.0895    38      728.7343      718.7263  3171993    1.37%          x26_20 N  79022  79020     27
  79177 46352      727.6676    57      728.7343      718.7352  3177897    1.37%           x5_10 U  79177  79174     29
  79309 46401      724.7490    29      728.7343      718.7431  3184274    1.37%          x21_31 D  79309  79308     49
  79441 46462      727.0197    26      728.7343      718.7469  3190159    1.37%           x8_10 N  79441  79440     29
  79589 46537      723.0295     8      728.7343      718.7542  3196058    1.37%          x15_26 D  79589  79588     14
Elapsed time = 573.37 sec. (1625282.10 ticks, tree = 78.08 MB, solutions = 3)
  79729 46599        cutoff            728.7343      718.7605  3202294    1.37%          x21_30 U  79729  79727     14
  79886 46680        cutoff            728.7343      718.7689  3207911    1.37%           x10_8 N  79886  79884     30
  80035 46761      725.5380    33      728.7343      718.7758  3213674    1.37%          x30_16 N  80035  80034     25
  80179 46837      724.7556    42      728.7343      718.7810  3219580    1.37%            x5_8 N  80179  57155     35
  80320 46898      720.6215    30      728.7343      718.7896  3225535    1.36%          x33_10 D  80320  80319     37
  80483 46978        cutoff            728.7343      718.7961  3230930    1.36%          x12_13 U  80483  80481     34
  80627 47041      728.3262    44      728.7343      718.8058  3237265    1.36%          x15_33 U  80627  26200     40
  80780 47111      728.0234    30      728.7343      718.8121  3243766    1.36%          x26_20 N  80780  80779     28
  80938 47196        cutoff            728.7343      718.8190  3249339    1.36%           x26_7 U  80938  80936     27
  81100 47285      726.2247    24      728.7343      718.8304  3255078    1.36%          x21_31 N  81100  81099     47
Elapsed time = 586.36 sec. (1663651.55 ticks, tree = 79.45 MB, solutions = 3)
  81249 47361      724.3196    10      728.7343      718.8358  3260951    1.36%          x15_30 U  81249  81248     45
  81393 47431      726.5405    30      728.7343      718.8428  3267316    1.36%          x26_31 N  81393  81392     35
  81540 47477      725.1071    55      728.7343      718.8518  3273534    1.36%          x15_29 D  81540  81539     31
  81695 47567      724.4973    27      728.7343      718.8581  3279521    1.36%            x5_8 N  81695  81694     53
  81850 47637      722.2535    71      728.7343      718.8661  3285021    1.35%          x15_26 D  81850  81849     18
  82007 47720      727.8532    42      728.7343      718.8735  3290774    1.35%          x33_26 D  82007  82006     29
  82154 47790      720.6410    37      728.7343      718.8823  3297380    1.35%           x8_10 N  82154  82153     23
  82320 47894      723.4699    44      728.7343      718.8915  3303320    1.35%           x26_5 D  82320  82319     24
  82468 47964      724.3597    19      728.7343      718.9012  3309736    1.35%          x21_26 N  82468  39291     36
  82598 48007      725.5914    29      728.7343      718.9087  3316130    1.35%          x33_26 N  82598  82597     29
Elapsed time = 599.59 sec. (1702007.67 ticks, tree = 80.60 MB, solutions = 3)
  82738 48087        cutoff            728.7343      718.9151  3321609    1.35%          x12_11 D  82738  82737     53
  82865 48148      727.4464    17      728.7343      718.9215  3327179    1.35%          x22_28 N  82865  82864     43
  83025 48225        cutoff            728.7343      718.9300  3333429    1.35%          x29_36 U  83025  83024     31
  83164 48283        cutoff            728.7343      718.9382  3339632    1.34%          x30_16 D  83164  83161     24
  83301 48329        cutoff            728.7343      718.9498  3346040    1.34%           x8_10 U  83301  83300     24
  83451 48410      728.2657    55      728.7343      718.9539  3351516    1.34%          x31_30 N  83451  83450     44
  83600 48469      724.6587    43      728.7343      718.9619  3357294    1.34%           x6_13 N  83600  83599     37
  83764 48541      726.3219    13      728.7343      718.9716  3363518    1.34%           x33_5 U  83764  37275     22
  83901 48606      722.8983    10      728.7343      718.9766  3369960    1.34%          x15_30 N  83901  51186     50
  84042 48664        cutoff            728.7343      718.9852  3375836    1.34%          x26_20 D  84042  84041     40
Elapsed time = 612.77 sec. (1740295.21 ticks, tree = 81.66 MB, solutions = 3)
  84203 48761      725.5350    30      728.7343      718.9921  3381772    1.34%          x33_31 D  84203  84202     33
  84340 48822      724.9560    18      728.7343      718.9998  3387278    1.34%           x12_6 N  84340  84338     45
  84485 48883        cutoff            728.7343      719.0041  3393210    1.34%          x31_30 U  84485  46372     48
  84621 48939      723.0381    11      728.7343      719.0125  3400024    1.33%           x13_5 D  84621  84620     44
  84770 49009      722.3520    60      728.7343      719.0207  3406279    1.33%          x17_21 D  84770  84769     41
  84920 49094      726.4788    66      728.7343      719.0276  3412339    1.33%           x8_13 N  84920  84919     37
  85066 49166      724.4105    30      728.7343      719.0348  3418650    1.33%           x10_6 D  85066  85065     42
  85210 49230      727.7396    66      728.7343      719.0417  3423976    1.33%           x5_15 N  85210  24714     29
  85353 49294      728.0524    79      728.7343      719.0480  3430281    1.33%           x33_5 N  85353  85352     39
  85516 49379      722.8025    21      728.7343      719.0514  3436230    1.33%           x5_11 D  85516  85515     47
Elapsed time = 625.94 sec. (1778576.68 ticks, tree = 82.63 MB, solutions = 3)
  85666 49437      725.0071    36      728.7343      719.0615  3442591    1.33%           x12_5 N  85666  11988     54
  85807 49489      726.0006    21      728.7343      719.0685  3448914    1.33%          x12_11 N  85807  85806     31
  85940 49542        cutoff            728.7343      719.0759  3455513    1.33%          x13_26 U  85940  85937     28
  86086 49601        cutoff            728.7343      719.0852  3461978    1.32%          x15_31 D  86086  86084     26
  86243 49658        cutoff            728.7343      719.0948  3468299    1.32%          x21_30 D  86243  86242     43
  86398 49747      723.4755    37      728.7343      719.1005  3473970    1.32%          x21_31 D  86398  86397     43
  86545 49820      723.6119    79      728.7343      719.1078  3479734    1.32%           x5_33 D  86545  86544     20
  86696 49895      724.5874    11      728.7343      719.1143  3486060    1.32%          x26_13 D  86696  86695     38
  86828 49956      725.5548    78      728.7343      719.1199  3492500    1.32%          x21_20 D  86828  86827     52
  86968 50000      726.8176   108      728.7343      719.1300  3498823    1.32%          x19_24 N  86968  51207     17
Elapsed time = 639.49 sec. (1816917.27 ticks, tree = 83.58 MB, solutions = 3)
  87106 50055      725.1929    36      728.7343      719.1383  3504893    1.32%          x26_31 D  87106  87105     39
  87258 50137      727.9694    14      728.7343      719.1444  3510870    1.32%            x5_7 N  87258  11708     27
  87405 50218      723.2923    35      728.7343      719.1489  3516836    1.32%          x15_31 N  87405  25456     40
  87566 50315      724.5590    47      728.7343      719.1538  3522028    1.31%          x15_26 N  87566  87564     26
  87698 50366      725.3061    52      728.7343      719.1577  3527758    1.31%           x6_13 N  87698  87697     36
  87844 50443        cutoff            728.7343      719.1643  3532892    1.31%           x8_10 U  87844  87842     26
  87990 50507      725.5205    17      728.7343      719.1721  3539335    1.31%           x10_6 N  87990  87989     48
  88135 50575        cutoff            728.7343      719.1768  3544633    1.31%          x23_16 U  88135  31849     16
  88266 50618      725.7022    89      728.7343      719.1839  3550874    1.31%          x23_29 U  88266  88265     38
  88414 50690      727.4603    57      728.7343      719.1900  3556195    1.31%           x12_6 N  88414  88413     40
Elapsed time = 652.37 sec. (1855222.67 ticks, tree = 84.67 MB, solutions = 3)
  88556 50740        cutoff            728.7343      719.1945  3561195    1.31%          x31_30 U  88556  88554     32
  88710 50822      725.9485    57      728.7343      719.1993  3566999    1.31%          x26_20 N  88710  88708     42
  88859 50883      725.6507    59      728.7343      719.2053  3573294    1.31%           x5_15 U  88859  18028     33
  89000 50934      726.5488    30      728.7343      719.2109  3579412    1.31%           x13_5 N  89000  88999     43
  89145 50991      725.8145    55      728.7343      719.2196  3585199    1.31%           x6_10 N  89145  37421     18
  89292 51059      720.9135    90      728.7343      719.2243  3591524    1.31%          x32_19 N  89292  31854     21
  89446 51128      725.7283    20      728.7343      719.2320  3597686    1.30%           x5_15 N  89446  45867     28
  89593 51194        cutoff            728.7343      719.2394  3603837    1.30%          x15_20 D  89593  89592     32
  89734 51258      727.4395    79      728.7343      719.2446  3609569    1.30%           x33_5 D  89734  89732     22
  89870 51315      723.4492    36      728.7343      719.2502  3615194    1.30%          x15_20 N  89870   3019     29
Elapsed time = 665.43 sec. (1893545.87 ticks, tree = 85.54 MB, solutions = 3)
  90006 51366        cutoff            728.7343      719.2550  3621251    1.30%           x13_5 D  90006  90005     50
  90164 51425      720.8685    12      728.7343      719.2655  3627140    1.30%           x26_5 N  90164  78693     27
  90314 51494      726.2897    51      728.7343      719.2709  3632974    1.30%          x11_10 D  90314  90313     48
  90463 51547      726.7922    36      728.7343      719.2789  3639138    1.30%           x8_10 D  90463  90462     31
  90594 51590        cutoff            728.7343      719.2853  3644476    1.30%           x31_5 U  90594  90592     35
  90748 51672      720.0717    40      728.7343      719.2909  3650175    1.30%           x6_10 D  90748  90747     30
  90896 51742      721.3021    63      728.7343      719.2958  3655837    1.30%          x21_11 N  90896  11142     23
  91059 51827        cutoff            728.7343      719.3041  3661927    1.29%          x17_32 D  91059  91056     44
  91200 51888      724.4571    32      728.7343      719.3089  3667599    1.29%            x6_8 N  91200  65617     34
  91339 51939      727.1875    22      728.7343      719.3193  3673281    1.29%            x6_5 D  91339  91338     36
Elapsed time = 678.55 sec. (1932042.87 ticks, tree = 86.74 MB, solutions = 3)
  91484 52006      722.2278    47      728.7343      719.3239  3679505    1.29%          x26_13 D  91484  91482     46
  91636 52084      723.4691    15      728.7343      719.3271  3684453    1.29%           x9_11 N  91636  33249     29
  91768 52139        cutoff            728.7343      719.3332  3689918    1.29%          x33_15 D  91768  91767     44
  91900 52202        cutoff            728.7343      719.3380  3694995    1.29%          x31_30 U  91900  91899     22
  92038 52273        cutoff            728.7343      719.3456  3701551    1.29%          x26_13 U  92038  92036     21
  92186 52352      728.6050    52      728.7343      719.3519  3707048    1.29%           x10_8 N  92186  92184     44
  92321 52399      726.1034    79      728.7343      719.3599  3712949    1.29%          x33_26 N  92321  60646     25
  92483 52493      727.5956    12      728.7343      719.3656  3718865    1.29%           x26_7 U  92483  92481     55
  92626 52555        cutoff            728.7343      719.3717  3725056    1.28%          x12_11 U  92626  92623     51
  92753 52597      725.3852     8      728.7343      719.3786  3730633    1.28%           x6_13 N  92753  92751     39
Elapsed time = 691.52 sec. (1970296.36 ticks, tree = 87.97 MB, solutions = 3)
  92899 52670      727.2025    18      728.7343      719.3852  3736122    1.28%           x15_8 N  92899  92898     43
  93061 52750      722.7278    48      728.7343      719.3919  3742057    1.28%           x26_5 D  93061  93060     29
  93205 52816      728.6145    64      728.7343      719.4004  3747752    1.28%           x8_13 D  93205  93204     32
  93330 52850      724.3396    22      728.7343      719.4074  3754600    1.28%           x33_5 N  93330  12111     23
  93474 52903      728.5085    10      728.7343      719.4140  3760634    1.28%            x6_5 N  93474  93472     38
  93604 52959      727.8545    30      728.7343      719.4191  3766192    1.28%          x15_20 D  93604  93603     36
  93751 53023      724.8948    94      728.7343      719.4271  3772214    1.28%          x29_36 N  93751  16068     16
  93900 53099        cutoff            728.7343      719.4347  3778024    1.28%          x17_32 U  93900  93899     31
  94040 53175      726.8432    54      728.7343      719.4421  3783987    1.28%           x5_15 U  94040  58616     34
  94189 53257      728.1316    23      728.7343      719.4482  3789753    1.27%            x6_7 D  94189  94188     47
Elapsed time = 704.87 sec. (2008804.62 ticks, tree = 89.62 MB, solutions = 3)
  94331 53307      724.0692    10      728.7343      719.4531  3795273    1.27%           x6_10 N  94331  83609     33
  94491 53390      727.6216    35      728.7343      719.4576  3800963    1.27%           x7_16 D  94491  94490     37
  94622 53434        cutoff            728.7343      719.4643  3807162    1.27%          x21_30 U  94622  78694     28
  94759 53502        cutoff            728.7343      719.4677  3812647    1.27%          x15_33 U  94759  15663     34
  94891 53547        cutoff            728.7343      719.4764  3819124    1.27%          x15_26 U  94891  94889     44
  95027 53597      726.6284    27      728.7343      719.4817  3824916    1.27%          x26_20 N  95027  95026     30
  95159 53643      723.1854   104      728.7343      719.4887  3831728    1.27%          x22_21 N  95159  10207     15
  95297 53705      722.4490    30      728.7343      719.4937  3837600    1.27%           x6_13 U  95297  95294     30
  95437 53777        cutoff            728.7343      719.4987  3843213    1.27%          x15_36 U  95437  21646     23
  95573 53839      727.6893    80      728.7343      719.5054  3849329    1.27%          x15_30 N  95573  95571     31
Elapsed time = 718.30 sec. (2047153.03 ticks, tree = 90.80 MB, solutions = 3)
  95717 53905      722.8965    51      728.7343      719.5106  3854805    1.27%            x5_8 N  95717  91128     30
  95870 53983      723.3074    44      728.7343      719.5165  3860057    1.26%           x8_13 D  95870  95869     31
  96003 54038      722.9045    16      728.7343      719.5236  3865563    1.26%            x6_5 N  96003  96002     38
  96131 54081      727.4653    71      728.7343      719.5298  3871288    1.26%          x21_20 D  96131  96130     46
  96269 54136      727.5658    68      728.7343      719.5362  3877552    1.26%          x21_30 N  96269  96268     23
  96400 54175        cutoff            728.7343      719.5419  3882985    1.26%            x5_7 D  96400  96399     36
  96524 54213        cutoff            728.7343      719.5477  3889345    1.26%          x33_26 D  96524  96523     31
  96664 54274      728.0449    10      728.7343      719.5516  3895246    1.26%           x10_5 N  96664  96663     41
  96799 54334      720.2231    62      728.7343      719.5571  3900338    1.26%            x6_5 N  96799   2443     25
  96947 54412        cutoff            728.7343      719.5634  3906319    1.26%          x23_16 U  96947   8855     12
Elapsed time = 731.37 sec. (2085519.82 ticks, tree = 91.91 MB, solutions = 3)
  97081 54457      725.1821    18      728.7343      719.5716  3911778    1.26%           x26_5 N  97081  53846     32
  97224 54514      722.3619    12      728.7343      719.5792  3918204    1.26%           x6_10 D  97224  97223     20
  97361 54571      723.8557    55      728.7343      719.5867  3923783    1.26%          x15_30 N  97361  83051     28
  97496 54636      721.5752    26      728.7343      719.5910  3929493    1.25%           x5_15 N  97496  97495     34
  97639 54699      726.7890    18      728.7343      719.5982  3934785    1.25%          x33_30 N  97639  97637     40
  97782 54770      723.9332    40      728.7343      719.6003  3940047    1.25%           x8_13 D  97782  97781     29
  97907 54805      725.7329    52      728.7343      719.6067  3945963    1.25%           x5_33 N  97907  97906     19
  98054 54856      727.9644     8      728.7343      719.6130  3951478    1.25%           x26_5 N  98054  14063     25
  98192 54920      727.6327    16      728.7343      719.6205  3957109    1.25%           x14_6 N  98192  98191     63
  98309 54964      723.3701    26      728.7343      719.6275  3962774    1.25%           x14_7 N  98309   2645     42
Elapsed time = 744.40 sec. (2123797.05 ticks, tree = 92.88 MB, solutions = 3)
  98445 55024      726.4460    43      728.7343      719.6330  3968694    1.25%           x5_10 N  98445  20646     30
  98582 55084        cutoff            728.7343      719.6401  3974760    1.25%           x26_7 D  98582  98581     34
  98711 55130      728.5465    85      728.7343      719.6454  3980111    1.25%          x10_25 D  98711  98709     25
  98843 55173      724.7326   118      728.7343      719.6524  3985800    1.25%          x21_15 N  98843   2484     13
  98989 55257      728.1235    28      728.7343      719.6549  3991630    1.25%          x26_11 D  98989  98988     37
  99134 55326      723.1612    38      728.7343      719.6634  3997298    1.24%           x6_10 N  99134  65023     30
  99282 55398      728.1046    55      728.7343      719.6696  4003059    1.24%           x26_7 D  99282  99281     25
  99431 55474      725.6226    14      728.7343      719.6730  4008482    1.24%          x31_30 D  99431  99430     33
  99560 55513      726.5997    24      728.7343      719.6811  4014698    1.24%           x9_16 D  99560  99559     36
  99697 55576      722.2835    71      728.7343      719.6848  4020304    1.24%            x6_5 N  99697  47637     41
Elapsed time = 757.72 sec. (2162178.57 ticks, tree = 94.07 MB, solutions = 3)
  99837 55642        cutoff            728.7343      719.6908  4025952    1.24%           x26_7 D  99837  99836     34
  99973 55695      724.1134    22      728.7343      719.6973  4031569    1.24%          x15_33 N  99973  50855     29
 100125 55752      722.5834    34      728.7343      719.7041  4036599    1.24%           x33_5 N 100125 100124     32
 100275 55836      725.8630     8      728.7343      719.7097  4041965    1.24%          x15_26 N 100275 100274     20
 100402 55873        cutoff            728.7343      719.7163  4047834    1.24%           x5_10 D 100402 100401     27
 100559 55957      721.4871    70      728.7343      719.7210  4053072    1.24%           x26_5 D 100559 100558     17
 100694 56003        cutoff            728.7343      719.7280  4059046    1.24%          x15_30 D 100694 100692     45
 100814 56051        cutoff            728.7343      719.7357  4064175    1.23%          x17_11 U 100814   8021     15
 100961 56117        cutoff            728.7343      719.7412  4069780    1.23%           x33_7 U 100961 100959     37
 101090 56163        cutoff            728.7343      719.7482  4075771    1.23%          x21_30 U 101090  26424     33
Elapsed time = 770.71 sec. (2200461.13 ticks, tree = 95.06 MB, solutions = 3)
 101230 56229      721.4570    38      728.7343      719.7541  4081486    1.23%           x8_10 N 101230  84131     30
 101387 56312        cutoff            728.7343      719.7599  4086777    1.23%           x10_5 D 101387 101386     53
 101524 56368      727.9446    20      728.7343      719.7648  4092020    1.23%            x8_6 D 101524 101523     49
 101663 56420      724.8442    72      728.7343      719.7693  4097671    1.23%          x33_26 N 101663  26182     29
 101796 56472      723.5131    14      728.7343      719.7746  4103363    1.23%           x13_5 U 101796 101794     38
 101919 56517      724.2001    10      728.7343      719.7802  4109568    1.23%           x13_5 D 101919 101918     25
 102063 56583      727.7484    44      728.7343      719.7880  4115522    1.23%            x5_7 N 102063  85614     32
 102211 56663      724.6384    26      728.7343      719.7928  4121105    1.23%          x12_13 N 102211 102210     39
 102341 56707      725.9033    10      728.7343      719.8017  4127032    1.23%           x33_5 N 102341  23918     32
 102476 56764      728.6841     8      728.7343      719.8078  4133183    1.22%           x26_5 N 102476  74541     23
Elapsed time = 783.91 sec. (2238765.65 ticks, tree = 96.05 MB, solutions = 3)
 102599 56800      724.6432    14      728.7343      719.8134  4139452    1.22%            x5_7 D 102599 102598     40
 102737 56856      727.3855    56      728.7343      719.8206  4145131    1.22%           x6_13 D 102737 102736     35
 102859 56885      725.9261    49      728.7343      719.8280  4150599    1.22%           x26_7 N 102859 102858     33
 102983 56934      726.8940    37      728.7343      719.8345  4155903    1.22%          x31_30 U 102983  67537     39
*103066 56852      integral     0      728.6764      719.8389  4158980    1.21%
 103122 56880      726.9403    14      728.6764      719.8412  4161339    1.21%          x30_16 U 103122 103120     26
 103267 56950      727.4328    58      728.6764      719.8465  4166526    1.21%          x28_34 N 103267 103266     31
 103402 57007      724.9601    67      728.6764      719.8503  4171352    1.21%          x26_13 N 103402 103401     20
 103550 57064        cutoff            728.6764      719.8558  4177191    1.21%          x32_19 D 103550 103549     31
 103689 57123      728.3255    26      728.6764      719.8621  4182264    1.21%            x5_7 D 103689 103688     19
 103837 57179      725.9099    78      728.6764      719.8679  4187941    1.21%           x5_15 N 103837  34329     20
Elapsed time = 796.77 sec. (2277125.08 ticks, tree = 96.74 MB, solutions = 4)
 103984 57231      726.6272    36      728.6764      719.8751  4193021    1.21%           x14_6 N 103984 103983     41
 104129 57286      727.7858    42      728.6764      719.8805  4198836    1.21%          x21_30 N 104129 104128     38
 104267 57340      724.2075    78      728.6764      719.8850  4203731    1.21%            x6_5 U 104267  44218     26
 104401 57407      722.9920    41      728.6764      719.8884  4209161    1.21%            x5_7 D 104401 104400     24
 104544 57458        cutoff            728.6764      719.8952  4214896    1.21%           x26_5 U 104544  37068     31
 104677 57515      724.9583    98      728.6764      719.9009  4220621    1.20%          x15_26 N 104677 104676     21
 104822 57571      724.7602    10      728.6764      719.9062  4225789    1.20%           x6_13 D 104822 104821     32
 104964 57635        cutoff            728.6764      719.9105  4231094    1.20%          x15_10 D 104964 104963     46
 105098 57683      723.5387    55      728.6764      719.9177  4237255    1.20%            x6_5 N 105098  24463     36
 105220 57723      725.3697    23      728.6764      719.9222  4242597    1.20%          x15_36 N 105220 105219     37
Elapsed time = 809.68 sec. (2315516.33 ticks, tree = 97.78 MB, solutions = 4)
 105354 57778      721.9507    61      728.6764      719.9271  4247813    1.20%           x8_10 N 105354  42544     27
 105484 57823        cutoff            728.6764      719.9319  4252630    1.20%           x14_6 U 105484 105481     55
 105628 57873      726.7242    19      728.6764      719.9404  4258205    1.20%          x26_10 N 105628 105627     44
 105782 57947      722.6958    32      728.6764      719.9467  4263331    1.20%           x13_5 N 105782 105781     31
 105911 58006      727.4698    65      728.6764      719.9497  4268684    1.20%          x21_30 N 105911 105910     30
 106050 58054      727.7986    88      728.6764      719.9541  4274291    1.20%          x26_13 N 106050 106049     28
 106176 58093        cutoff            728.6764      719.9604  4280352    1.20%          x15_20 D 106176 106175     37
 106290 58119        cutoff            728.6764      719.9654  4285616    1.20%          x15_16 U 106290  14096     30
 106415 58163      726.1705    34      728.6764      719.9689  4291027    1.19%          x31_30 N 106415 106414     29
 106548 58224      724.5447    12      728.6764      719.9736  4296052    1.19%           x2_21 N 106548 106547     44
Elapsed time = 822.43 sec. (2353866.52 ticks, tree = 98.62 MB, solutions = 4)
 106687 58287      725.0294    27      728.6764      719.9824  4301787    1.19%           x15_6 N 106687 106685     38
 106821 58329      723.6472    40      728.6764      719.9905  4307398    1.19%          x26_31 N 106821 106820     41
 106964 58392      728.2679    68      728.6764      719.9958  4312808    1.19%          x15_31 N 106964 106963     24
 107084 58421      726.3916    24      728.6764      720.0051  4318194    1.19%           x28_4 N 107084 107082     60
 107230 58493      724.8908    49      728.6764      720.0081  4322828    1.19%          x26_13 N 107230 107229     33
 107369 58543      726.0313    35      728.6764      720.0147  4328583    1.19%           x5_15 D 107369 107368     33
 107503 58598      721.9940    14      728.6764      720.0199  4333499    1.19%           x8_10 N 107503  90139     28
 107625 58653      725.4191    10      728.6764      720.0259  4338118    1.19%          x15_30 N 107625 107624     45
 107753 58689        cutoff            728.6764      720.0337  4343703    1.19%           x13_5 D 107753 107751     41
 107895 58747        cutoff            728.6764      720.0388  4349195    1.19%          x33_26 U 107895 107894     21
Elapsed time = 835.28 sec. (2392221.02 ticks, tree = 99.64 MB, solutions = 4)
 108018 58804      724.6861    57      728.6764      720.0419  4354526    1.18%           x8_10 N 108018 108017     20
 108170 58871      726.6055    23      728.6764      720.0483  4360063    1.18%           x6_14 N 108170 108169     41
 108300 58905      720.5640    73      728.6764      720.0557  4366110    1.18%           x5_26 D 108300 108299     17
 108429 58952      721.0694    87      728.6764      720.0627  4371833    1.18%          x15_26 N 108429 108428     13
 108569 59004      721.9178     8      728.6764      720.0681  4377351    1.18%           x13_5 N 108569  49428     32
 108714 59079      726.6862    12      728.6764      720.0722  4382418    1.18%            x5_7 N 108714 108713     37
 108842 59114      722.6495    29      728.6764      720.0768  4388277    1.18%          x31_26 N 108842  34246     36
 108976 59169        cutoff            728.6764      720.0812  4393223    1.18%          x33_30 U 108976 108973     47
 109119 59228      721.8574    78      728.6764      720.0871  4399217    1.18%            x5_8 N 109119  23326     33
 109254 59280      727.0202    63      728.6764      720.0921  4405008    1.18%           x6_13 D 109254 109253     36
Elapsed time = 848.35 sec. (2430563.43 ticks, tree = 100.57 MB, solutions = 4)
 109383 59319      728.0740    36      728.6764      720.0986  4410117    1.18%           x5_11 N 109383 109382     23
 109517 59369      725.6420    40      728.6764      720.1037  4415421    1.18%          x26_10 D 109517 109516     46
 109646 59400      724.2346    41      728.6764      720.1091  4421692    1.18%          x15_31 N 109646  25362     42
 109778 59450      720.4250    35      728.6764      720.1151  4426807    1.17%           x26_7 N 109778 109777     32
 109930 59517      722.0928    30      728.6764      720.1199  4432149    1.17%          x26_13 D 109930 109929     35
 110089 59599      727.4372    76      728.6764      720.1250  4437148    1.17%          x26_20 N 110089 110088     36
 110219 59645      727.3709    19      728.6764      720.1300  4442426    1.17%          x33_15 D 110219 110218     55
 110358 59693      728.1360    10      728.6764      720.1353  4447804    1.17%            x6_5 U 110358 110355     29
 110503 59758        cutoff            728.6764      720.1390  4453203    1.17%          x15_26 U 110503 110501     18
 110618 59787      726.1269    33      728.6764      720.1458  4459443    1.17%           x6_13 N 110618  82281     22
Elapsed time = 861.31 sec. (2468951.22 ticks, tree = 101.76 MB, solutions = 4)
 110736 59822        cutoff            728.6764      720.1514  4464719    1.17%          x15_20 U 110736 110734     30
 110877 59894      723.6144    30      728.6764      720.1563  4469698    1.17%          x15_26 N 110877  35735     14
 111015 59962      727.6161    24      728.6764      720.1597  4474537    1.17%          x33_11 N 111015 111014     38
 111148 60008      726.2991    50      728.6764      720.1675  4480082    1.17%          x15_20 N 111148 111147     32
 111285 60070      725.1094    19      728.6764      720.1721  4485701    1.17%           x26_7 N 111285  19771     39
 111421 60123        cutoff            728.6764      720.1759  4490800    1.17%           x33_5 U 111421 111419     31
 111563 60187      726.1808    78      728.6764      720.1816  4495850    1.17%          x22_28 N 111563    792     24
 111692 60251      726.1059    21      728.6764      720.1880  4501023    1.16%           x33_5 U 111692  79073     26
 111830 60314      724.3271    13      728.6764      720.1923  4506510    1.16%            x5_8 N 111830  97955     30
 111964 60367      727.5250    17      728.6764      720.1968  4511902    1.16%           x9_33 N 111964 111963     43
Elapsed time = 874.00 sec. (2507281.29 ticks, tree = 102.86 MB, solutions = 4)
 112095 60414      723.6234    27      728.6764      720.2034  4516682    1.16%           x26_7 N 112095 112094     38
 112240 60483      728.5758    14      728.6764      720.2076  4522019    1.16%          x26_11 N 112240  33719     50
 112385 60553        cutoff            728.6764      720.2125  4527099    1.16%          x12_25 U 112385  48006     11
 112518 60594        cutoff            728.6764      720.2188  4533229    1.16%          x15_26 U 112518  44883     14
 112638 60621      726.2582    30      728.6764      720.2253  4539266    1.16%          x31_30 D 112638 112637     28
 112768 60658      727.0455    41      728.6764      720.2310  4544708    1.16%           x13_5 U 112768 112767     31
 112909 60729      726.7232    33      728.6764      720.2361  4550316    1.16%           x10_6 D 112909 112908     38
 113034 60773      724.9385    28      728.6764      720.2437  4556103    1.16%          x29_15 N 113034 113033     48
 113168 60833      726.9008    52      728.6764      720.2486  4561282    1.16%          x28_29 D 113168 113167     40
 113302 60884      725.1143    29      728.6764      720.2533  4567030    1.16%          x21_31 N 113302 113301     49
Elapsed time = 887.02 sec. (2545726.11 ticks, tree = 104.10 MB, solutions = 4)
 113429 60910      723.0654    53      728.6764      720.2596  4572761    1.16%           x9_11 N 113429  10994     26
 113560 60944      723.1991    13      728.6764      720.2643  4577340    1.15%          x21_15 D 113560 113559     19
 113700 60983      728.0847    50      728.6764      720.2717  4582803    1.15%          x28_36 N 113700  41994     38
 113843 61039      728.6432    35      728.6764      720.2762  4588321    1.15%            x5_7 D 113843 113842     31
 113985 61093      723.5777    41      728.6764      720.2852  4593789    1.15%           x8_13 N 113985  24665     27
 114122 61149        cutoff            728.6764      720.2912  4599121    1.15%          x26_10 D 114122 114120     39
 114260 61202      726.1483    14      728.6764      720.2968  4604617    1.15%           x10_5 D 114260 114259     47
 114404 61268      728.6527    26      728.6764      720.3013  4609893    1.15%          x17_32 N 114404 114403     55
 114534 61318      726.3975    10      728.6764      720.3073  4615027    1.15%            x6_5 N 114534 114532     36
 114667 61369      728.4076    23      728.6764      720.3132  4620330    1.15%          x21_15 N 114667 114665     14
Elapsed time = 899.95 sec. (2584128.97 ticks, tree = 105.33 MB, solutions = 4)
 114807 61428      723.0923    70      728.6764      720.3175  4625510    1.15%          x20_31 N 114807   2078     27
 114941 61478      725.2677    23      728.6764      720.3235  4631384    1.15%           x14_6 N 114941 114939     34
 115064 61526      725.3697    87      728.6764      720.3274  4636546    1.15%          x17_29 N 115064   4837     11
 115188 61546        cutoff            728.6764      720.3342  4641965    1.14%           x5_10 U 115188 115186     47
 115320 61606      724.6697    51      728.6764      720.3396  4646856    1.14%            x5_8 D 115320 115319     43
 115452 61639      723.5688    39      728.6764      720.3467  4652596    1.14%          x17_21 N 115452  29096     53
 115585 61701      720.9514    11      728.6764      720.3511  4657495    1.14%           x13_5 N 115585  75558     46
 115719 61723        cutoff            728.6764      720.3610  4663174    1.14%           x8_13 U 115719 115717     49
 115840 61767      727.7631    41      728.6764      720.3657  4668926    1.14%           x13_5 N 115840 115838     37
 115974 61806      721.8033    50      728.6764      720.3721  4674764    1.14%          x31_30 N 115974  20831     33
Elapsed time = 912.92 sec. (2622499.68 ticks, tree = 106.17 MB, solutions = 4)
 116113 61868        cutoff            728.6764      720.3778  4680181    1.14%          x26_20 D 116113 116112     31
 116234 61905        cutoff            728.6764      720.3841  4685819    1.14%           x5_26 U 116234   4770     20
 116363 61954      722.8194    51      728.6764      720.3905  4691082    1.14%          x32_17 N 116363 116361     42
 116496 62002        cutoff            728.6764      720.3971  4696065    1.14%           x12_8 D 116496 116495     50
 116624 62045      724.3645    12      728.6764      720.4018  4701128    1.14%          x33_26 N 116624  37047     25
 116747 62088      726.3300    25      728.6764      720.4080  4706593    1.13%          x11_36 N 116747 116746     47
 116880 62146        cutoff            728.6764      720.4115  4711731    1.13%          x22_21 U 116880   6333     30
 117011 62191      721.9242    25      728.6764      720.4174  4717589    1.13%           x8_13 N 117011  74402     33
 117162 62241      728.2926    10      728.6764      720.4245  4722873    1.13%          x15_30 D 117162 117160     37
 117290 62282      726.1264    40      728.6764      720.4290  4728964    1.13%            x5_7 U 117290 117288     45
Elapsed time = 925.87 sec. (2660861.37 ticks, tree = 106.94 MB, solutions = 4)
 117420 62336      726.1395    32      728.6764      720.4339  4734141    1.13%          x15_33 N 117420 117419     35
 117550 62386      726.6556    54      728.6764      720.4387  4739184    1.13%           x6_13 N 117550 117549     38
 117679 62430        cutoff            728.6764      720.4430  4744365    1.13%           x5_15 U 117679  46816     31
 117820 62488      726.2542    47      728.6764      720.4486  4749963    1.13%           x8_10 D 117820 117819     25
 117948 62527        cutoff            728.6764      720.4536  4755256    1.13%          x28_34 U 117948  20879     20
 118074 62573        cutoff            728.6764      720.4597  4760621    1.13%            x2_3 U 118074 118073     60
 118205 62620        cutoff            728.6764      720.4648  4766003    1.13%          x21_30 U 118205  29184     31
 118332 62668        cutoff            728.6764      720.4684  4771044    1.13%          x15_20 U 118332 118330     41
 118454 62724      727.2181    68      728.6764      720.4732  4776286    1.13%           x6_13 D 118454 118453     27
 118602 62802        cutoff            728.6764      720.4783  4780961    1.13%          x26_11 U 118602 118600     42
Elapsed time = 938.49 sec. (2699275.02 ticks, tree = 107.83 MB, solutions = 4)
 118735 62877      727.4980    63      728.6764      720.4820  4786143    1.12%          x15_20 N 118735 118734     28
 118859 62908      724.5209    60      728.6764      720.4874  4791423    1.12%            x6_5 D 118859 118858     28
 118991 62954      722.5922    10      728.6764      720.4927  4796694    1.12%           x8_13 N 118991  73847     31
 119114 62989      727.4242    14      728.6764      720.4996  4802656    1.12%           x26_5 N 119114  49411     21
 119250 63041      727.0159    25      728.6764      720.5040  4807542    1.12%           x15_6 D 119250 119249     47
 119387 63087      728.0871    34      728.6764      720.5089  4812658    1.12%          x15_33 N 119387  34086     28
 119527 63146        cutoff            728.6764      720.5124  4817599    1.12%           x5_11 D 119527 119526     35
 119648 63181        cutoff            728.6764      720.5177  4822814    1.12%           x14_6 U 119648 119646     41
 119756 63209      728.1442    29      728.6764      720.5222  4827811    1.12%            x6_8 N 119756 119755     40
 119885 63238        cutoff            728.6764      720.5308  4832713    1.12%           x26_5 U 119885  45496     36
Elapsed time = 951.14 sec. (2737690.19 ticks, tree = 108.53 MB, solutions = 4)
 120015 63280        cutoff            728.6764      720.5356  4837881    1.12%          x15_30 U 120015 120014     42
 120141 63319        cutoff            728.6764      720.5409  4842945    1.12%          x12_11 U 120141 120139     42
 120261 63348      722.2755    45      728.6764      720.5466  4848986    1.12%          x15_26 N 120261 120260     17
 120395 63393      724.3268    61      728.6764      720.5513  4853961    1.12%          x26_31 N 120395  19572     37
 120539 63464      727.0227    50      728.6764      720.5542  4858539    1.11%           x8_10 N 120539 120536     30
 120672 63497      725.9491    31      728.6764      720.5593  4864419    1.11%          x15_26 N 120672  33799     17
 120788 63525      728.2146    29      728.6764      720.5634  4869464    1.11%           x5_11 N 120788 120786     29
 120926 63580      727.2048    29      728.6764      720.5676  4874525    1.11%           x14_6 N 120926 120925     38
 121054 63628      723.5451    41      728.6764      720.5724  4879265    1.11%          x26_31 N 121054  20066     40
 121172 63653        cutoff            728.6764      720.5754  4884738    1.11%            x5_6 U 121172 121170     36
Elapsed time = 963.78 sec. (2776041.52 ticks, tree = 109.26 MB, solutions = 4)
 121304 63689      725.0558    66      728.6764      720.5828  4890078    1.11%           x8_13 N 121304 121302     32
 121446 63742        cutoff            728.6764      720.5886  4894714    1.11%          x21_30 U 121446  35306     20
 121566 63764      728.1179     8      728.6764      720.5953  4899868    1.11%          x11_10 N 121566  11920     34
 121690 63799      725.6012    36      728.6764      720.6013  4904970    1.11%           x2_28 N 121690 121687     38
 121826 63848      725.7073    41      728.6764      720.6086  4909992    1.11%          x31_30 N 121826  15579     29
 121939 63881      724.9883    24      728.6764      720.6132  4915418    1.11%            x5_8 N 121939  80817     27
 122070 63913      723.6610    55      728.6764      720.6170  4920292    1.11%           x26_5 D 122070 122069     27
 122196 63969        cutoff            728.6764      720.6200  4924757    1.11%           x5_10 D 122196 122195     32
 122316 63987      723.7742    86      728.6764      720.6262  4929668    1.10%            x5_8 N 122316  35308     22
 122446 64037      725.6520    15      728.6764      720.6298  4934670    1.10%          x15_33 D 122446 122445     32
Elapsed time = 976.29 sec. (2814525.55 ticks, tree = 110.06 MB, solutions = 4)
 122581 64094      725.5077    43      728.6764      720.6375  4939987    1.10%          x15_20 N 122581 122580     31
 122706 64135      728.2718    68      728.6764      720.6415  4944730    1.10%           x8_13 N 122706 122703     37
 122823 64174        cutoff            728.6764      720.6457  4949548    1.10%           x26_7 D 122823 122822     29
 122956 64220      726.5000     8      728.6764      720.6502  4954418    1.10%          x21_31 N 122956 122955     43
 123079 64275      726.3325    63      728.6764      720.6527  4959461    1.10%           x5_15 N 123079  25588     20
 123196 64298      727.0970    41      728.6764      720.6580  4964823    1.10%          x33_26 N 123196 123195     21
 123319 64337      723.9073    16      728.6764      720.6633  4970117    1.10%            x6_5 N 123319  34009     31
 123430 64371      725.2008    21      728.6764      720.6686  4974851    1.10%           x33_5 N 123430  58142     34
 123556 64397      727.0473    51      728.6764      720.6727  4979528    1.10%           x26_5 N 123556  55949     24
 123676 64431        cutoff            728.6764      720.6768  4984040    1.10%          x26_10 U 123676 123674     57
Elapsed time = 988.66 sec. (2852863.47 ticks, tree = 110.89 MB, solutions = 4)
 123792 64460        cutoff            728.6764      720.6828  4989410    1.10%          x31_30 D 123792 123789     35
 123907 64476      725.2567    19      728.6764      720.6882  4994721    1.10%           x28_4 N 123907 123906     35
 124025 64506        cutoff            728.6764      720.6924  4999564    1.10%          x26_13 U 124025  36321     36
 124141 64524        cutoff            728.6764      720.6986  5004931    1.09%          x34_29 U 124141  76001     32
 124265 64558        cutoff            728.6764      720.7032  5009687    1.09%          x26_13 U 124265 122794     34
 124380 64595      727.8137    34      728.6764      720.7077  5015449    1.09%          x21_26 N 124380  10919     16
 124508 64643      725.6579   105      728.6764      720.7111  5020371    1.09%          x22_21 N 124508 124507     19
 124648 64692      726.3064    36      728.6764      720.7161  5025582    1.09%          x31_30 N 124648  41010     33
 124762 64717        cutoff            728.6764      720.7199  5030282    1.09%           x6_10 U 124762 124760     37
 124886 64761        cutoff            728.6764      720.7234  5035399    1.09%          x21_30 U 124886  35422     28
Elapsed time = 1001.45 sec. (2891300.85 ticks, tree = 111.48 MB, solutions = 4)
 125014 64807      728.1500    30      728.6764      720.7286  5040033    1.09%           x12_6 N 125014  37206     32
 125137 64826      722.2281     8      728.6764      720.7352  5045581    1.09%            x6_5 D 125137 125136     39
 125257 64860      728.5452    16      728.6764      720.7384  5050642    1.09%          x31_30 N 125257 125256     37
 125380 64894      726.3288    56      728.6764      720.7442  5055648    1.09%           x33_5 N 125380 125379     29
 125517 64960      726.8375    39      728.6764      720.7478  5060303    1.09%          x31_30 N 125517 125516     29
 125630 64986      728.2824    47      728.6764      720.7546  5065440    1.09%          x15_33 N 125630  24221     25
 125734 65004      725.1277    21      728.6764      720.7628  5071239    1.09%          x33_31 D 125734 125733     27
 125861 65035        cutoff            728.6764      720.7686  5076504    1.09%           x6_13 U 125861 125859     25
 125977 65062      728.1334    70      728.6764      720.7724  5081603    1.08%           x6_10 D 125977 125975     25
 126099 65103      725.0370    41      728.6764      720.7790  5086615    1.08%          x31_30 N 126099  51843     35
Elapsed time = 1014.14 sec. (2929611.04 ticks, tree = 112.21 MB, solutions = 4)
 126216 65145      727.3628    38      728.6764      720.7836  5092235    1.08%           x8_13 D 126216 126214     37
 126342 65183      725.4846    57      728.6764      720.7867  5096934    1.08%          x26_20 D 126342 126341     38
 126460 65211      727.1654    27      728.6764      720.7928  5102166    1.08%            x8_6 N 126460 126459     41
 126589 65271      728.0513    29      728.6764      720.7963  5106781    1.08%          x11_10 D 126589 126588     29
 126714 65311      726.0073    19      728.6764      720.7995  5111775    1.08%           x26_7 N 126714 126713     49
 126849 65365      726.8315    10      728.6764      720.8038  5116221    1.08%           x8_13 N 126849 126848     29
 126959 65379        cutoff            728.6764      720.8069  5121158    1.08%          x21_30 U 126959  35557     25
 127090 65448      726.5475    14      728.6764      720.8100  5125472    1.08%           x6_13 D 127090 127089     35
 127218 65494      726.3425    73      728.6764      720.8160  5130607    1.08%           x21_7 D 127218 127217     13
 127345 65513      728.6254    17      728.6764      720.8233  5135676    1.08%           x26_7 N 127345 127343     37
Elapsed time = 1026.64 sec. (2968034.65 ticks, tree = 113.12 MB, solutions = 4)
 127470 65563      727.4604    55      728.6764      720.8284  5140169    1.08%           x12_8 N 127470 127469     42
 127591 65598        cutoff            728.6764      720.8328  5145151    1.08%           x8_10 D 127591 127590     34
 127707 65634      727.0938    29      728.6764      720.8375  5150103    1.08%          x15_33 N 127707 127706     52
 127809 65639        cutoff            728.6764      720.8432  5155705    1.07%           x5_20 U 127809 126800     25
 127939 65675        cutoff            728.6764      720.8472  5160505    1.07%          x26_13 U 127939  60121     44
 128054 65707      726.3864    28      728.6764      720.8497  5165416    1.07%            x6_5 N 128054  47496     35
 128188 65745      726.3071    33      728.6764      720.8555  5170099    1.07%           x6_13 N 128188 128187     28
 128319 65793      721.6875    98      728.6764      720.8610  5174971    1.07%           x6_10 N 128319 128318     30
 128440 65840      725.8251    12      728.6764      720.8645  5179570    1.07%          x34_21 N 128440 128439     54
 128553 65869      724.0120    42      728.6764      720.8680  5184556    1.07%          x21_31 N 128553  75719     24
Elapsed time = 1039.02 sec. (3006529.71 ticks, tree = 116.61 MB, solutions = 4)
 128674 65915      722.9375    36      728.6764      720.8723  5188768    1.07%           x6_10 N 128674  27057     45
 128789 65943        cutoff            728.6764      720.8774  5193428    1.07%           x8_10 D 128789 128788     34
 128903 65977      727.9327    68      728.6764      720.8813  5198325    1.07%          x33_26 N 128903 128902     23
 129027 66024      727.2124    22      728.6764      720.8855  5203490    1.07%          x11_10 D 129027 129026     41
 129154 66060        cutoff            728.6764      720.8896  5208656    1.07%          x15_20 D 129154 129152     31
 129265 66079      726.1798    46      728.6764      720.8950  5213887    1.07%          x31_30 N 129265 129264     39
 129401 66131        cutoff            728.6764      720.8981  5218776    1.07%          x15_31 D 129401 129399     23
 129530 66182      726.1578    35      728.6764      720.9013  5223463    1.07%           x5_10 N 129530 129528     18
 129653 66221      725.1530    44      728.6764      720.9063  5228395    1.07%            x5_8 N 129653  86062     43
 129766 66248      723.6618    18      728.6764      720.9112  5233082    1.07%           x13_5 N 129766  76890     46
Elapsed time = 1051.43 sec. (3044877.35 ticks, tree = 117.25 MB, solutions = 4)
 129880 66274        cutoff            728.6764      720.9143  5237992    1.07%          x21_29 U 129880   5727     31
 130010 66315      726.3769    13      728.6764      720.9188  5242875    1.06%            x6_5 D 130010 130009     39
 130131 66350      727.9547    10      728.6764      720.9218  5247974    1.06%           x13_5 D 130131 130130     36
 130247 66379      728.3954    22      728.6764      720.9283  5252895    1.06%          x15_30 N 130247 130246     29
 130374 66418      722.0178    39      728.6764      720.9325  5258298    1.06%           x8_10 N 130374  22788     32
 130507 66477      728.0364    43      728.6764      720.9380  5262552    1.06%            x8_6 N 130507 130506     38
 130637 66507      722.9946    13      728.6764      720.9431  5267432    1.06%           x10_6 N 130637  97537     38
 130751 66543      724.3421    42      728.6764      720.9470  5272444    1.06%          x15_33 D 130751 130750     25
 130869 66576        cutoff            728.6764      720.9517  5277341    1.06%           x8_10 D 130869 130868     29
 130994 66611      722.8659    69      728.6764      720.9559  5282031    1.06%          x21_30 N 130994 130993     29
Elapsed time = 1063.94 sec. (3083169.58 ticks, tree = 118.19 MB, solutions = 4)
 131122 66660      727.8255    14      728.6764      720.9590  5286914    1.06%           x33_7 N 131122 131121     31
 131240 66677      723.9635    42      728.6764      720.9649  5292047    1.06%          x15_30 N 131240  27962     40
 131367 66718        cutoff            728.6764      720.9721  5297287    1.06%          x23_15 U 131367  10920     17
 131496 66766      724.4570    28      728.6764      720.9764  5301962    1.06%          x15_26 N 131496  29743     15
 131602 66794        cutoff            728.6764      720.9803  5307003    1.06%          x15_33 U 131602  61769     29
 131716 66816        cutoff            728.6764      720.9845  5312319    1.06%            x5_6 U 131716 131714     46
 131826 66848        cutoff            728.6764      720.9878  5317439    1.06%           x5_15 U 131826  87302     26
 131949 66896      723.7020    54      728.6764      720.9931  5321895    1.05%            x6_5 N 131949  27059     47
 132072 66943        cutoff            728.6764      720.9959  5326625    1.05%           x8_13 D 132072 132070     32
 132191 66981      727.2792    52      728.6764      721.0004  5332007    1.05%          x31_30 N 132191 132190     29
Elapsed time = 1076.46 sec. (3121553.47 ticks, tree = 118.85 MB, solutions = 4)
 132309 67006      723.8247    18      728.6764      721.0039  5337013    1.05%           x6_33 N 132309 132308     33
 132419 67031      728.3441    31      728.6764      721.0067  5341966    1.05%           x26_5 N 132419 132418     18
 132540 67064      726.4083    18      728.6764      721.0123  5347202    1.05%          x12_11 N 132540 132539     54
 132674 67104        cutoff            728.6764      721.0169  5352121    1.05%          x15_31 U 132674  27983     37
 132791 67139      727.5760    40      728.6764      721.0200  5357032    1.05%           x5_11 N 132791 132790     28
 132908 67177      724.0220    79      728.6764      721.0258  5362001    1.05%          x17_29 N 132908   2904     14
 133049 67231        cutoff            728.6764      721.0300  5367188    1.05%           x26_5 U 133049  80679     32
 133171 67273      728.1866    42      728.6764      721.0342  5371780    1.05%          x26_31 N 133171 133170     41
 133317 67346        cutoff            728.6764      721.0379  5376642    1.05%          x11_10 D 133317 133316     29
 133439 67386      726.8684    39      728.6764      721.0414  5382165    1.05%          x21_31 N 133439 133438     43
Elapsed time = 1089.14 sec. (3159939.35 ticks, tree = 119.82 MB, solutions = 4)
 133567 67445      727.2991    21      728.6764      721.0448  5387232    1.05%            x8_6 N 133567 133566     37
 133683 67490      726.4431    15      728.6764      721.0487  5391949    1.05%           x8_13 N 133683 133682     33
 133815 67533      726.8417    24      728.6764      721.0536  5396493    1.05%          x15_31 N 133815 133814     42
 133941 67565        cutoff            728.6764      721.0587  5400882    1.05%            x6_8 U 133941  76495     29
 134056 67589      728.4817    36      728.6764      721.0625  5406003    1.04%            x8_6 N 134056 134055     30
 134173 67615        cutoff            728.6764      721.0648  5411335    1.04%          x26_13 U 134173  43645     34
 134291 67661      728.4735    24      728.6764      721.0697  5415854    1.04%          x15_31 U 134291 134289     37
 134409 67691      726.7148    65      728.6764      721.0732  5421162    1.04%            x6_5 D 134409 134407     31
 134519 67702        cutoff            728.6764      721.0774  5426412    1.04%           x26_5 U 134519 134517     18
 134642 67720        cutoff            728.6764      721.0820  5431154    1.04%            x6_5 U 134642 134640     33
Elapsed time = 1101.67 sec. (3198268.65 ticks, tree = 120.41 MB, solutions = 4)
 134762 67750      722.9198    26      728.6764      721.0855  5436030    1.04%          x31_30 U 134762 134760     29
 134880 67774      725.2404    49      728.6764      721.0904  5441251    1.04%           x26_5 D 134880 134879     23
 135015 67819      723.6728    33      728.6764      721.0961  5446125    1.04%           x6_10 N 135015  31974     42
 135139 67860      727.2185    66      728.6764      721.1006  5451167    1.04%            x7_5 N 135139 135138     36
 135251 67905        cutoff            728.6764      721.1036  5455330    1.04%            x6_7 D 135251 135250     42
 135371 67925      722.1286     8      728.6764      721.1078  5460229    1.04%          x33_26 N 135371  49412     22
 135487 67957      728.4825    36      728.6764      721.1106  5465518    1.04%            x5_7 U 135487  72620     32
 135601 67971        cutoff            728.6764      721.1146  5471068    1.04%           x26_7 U 135601 135599     36
 135727 68003        cutoff            728.6764      721.1186  5475914    1.04%          x33_26 U 135727 135726     30
 135845 68036      725.1210    25      728.6764      721.1235  5481160    1.04%           x26_7 D 135845 135844     33
Elapsed time = 1114.33 sec. (3236606.89 ticks, tree = 121.28 MB, solutions = 4)
 135974 68075        cutoff            728.6764      721.1270  5485810    1.04%          x33_10 U 135974  54721     28
 136073 68097      728.1452    63      728.6764      721.1306  5490798    1.04%          x15_26 N 136073  21003     16
 136203 68132        cutoff            728.6764      721.1351  5495833    1.03%            x6_8 U 136203  43440     26
 136329 68181      723.5114    59      728.6764      721.1382  5500510    1.03%           x8_13 N 136329  58491     46
 136444 68202        cutoff            728.6764      721.1423  5505429    1.03%          x15_26 U 136444 136442     13
 136554 68233      726.2918     8      728.6764      721.1457  5510013    1.03%           x33_7 N 136554 136553     24
 136680 68281      726.6625    27      728.6764      721.1498  5514446    1.03%            x8_6 N 136680 136679     33
 136810 68320        cutoff            728.6764      721.1526  5519347    1.03%           x26_7 D 136810 136809     30
 136915 68340      728.2630    10      728.6764      721.1568  5524674    1.03%           x2_21 N 136915 136914     44
 137034 68381      725.2139    77      728.6764      721.1613  5529598    1.03%          x33_26 N 137034  20458     31
Elapsed time = 1126.82 sec. (3274979.02 ticks, tree = 122.04 MB, solutions = 4)
 137165 68410        cutoff            728.6764      721.1669  5534252    1.03%           x6_10 D 137165 137164     32
 137271 68436      723.8197    43      728.6764      721.1711  5539276    1.03%           x6_10 N 137271  56394     30
 137380 68458      724.8831    17      728.6764      721.1745  5544158    1.03%           x33_5 N 137380 137379     22
 137481 68483      725.9647    48      728.6764      721.1775  5548729    1.03%           x15_6 N 137481 137480     40
 137609 68513      728.2097    38      728.6764      721.1815  5553411    1.03%            x6_8 N 137609  79936     35
 137735 68549        cutoff            728.6764      721.1853  5558308    1.03%          x29_16 U 137735  49089     33
 137851 68584      727.5298    75      728.6764      721.1906  5563041    1.03%          x32_24 N 137851 137850     36
 137972 68614      728.5014    93      728.6764      721.1941  5568039    1.03%           x5_33 N 137972  48008     13
 138082 68630        cutoff            728.6764      721.1968  5572782    1.03%           x26_7 U 138082  56936     33
 138197 68656      726.3989    38      728.6764      721.2003  5577378    1.03%          x31_30 N 138197  23306     31
Elapsed time = 1139.30 sec. (3313338.49 ticks, tree = 122.70 MB, solutions = 4)
 138325 68706      726.3709    18      728.6764      721.2053  5582036    1.03%          x11_10 N 138325 138324     49
 138447 68742      727.2503    41      728.6764      721.2088  5586943    1.02%          x23_16 N 138447 138446     30
 138560 68760      727.4987    12      728.6764      721.2134  5591786    1.02%          x30_16 N 138560 103182     24
 138683 68805        cutoff            728.6764      721.2170  5597058    1.02%           x5_10 D 138683 138682     37
 138794 68817      726.6233    17      728.6764      721.2234  5601868    1.02%            x5_7 D 138794 138793     30
 138917 68841      725.6253    16      728.6764      721.2274  5606876    1.02%           x26_7 N 138917  41826     45
 139050 68880      722.3304    97      728.6764      721.2322  5611781    1.02%          x21_31 N 139050  49090     34
 139178 68939      726.9454    52      728.6764      721.2363  5616912    1.02%           x8_10 N 139178 139175     24
 139290 68970      725.5912    32      728.6764      721.2396  5621788    1.02%            x6_5 N 139290 139289     38
 139410 68993      726.9031    30      728.6764      721.2450  5626824    1.02%          x21_29 D 139410 139409     51
Elapsed time = 1151.94 sec. (3351738.13 ticks, tree = 123.40 MB, solutions = 4)
 139528 69040        cutoff            728.6764      721.2487  5630831    1.02%          x26_10 D 139528 139527     40
 139648 69064      725.4228    94      728.6764      721.2528  5635344    1.02%           x26_5 D 139648 139647     18
 139769 69083      727.7285    21      728.6764      721.2578  5640506    1.02%            x6_8 N 139769  57665     33
 139894 69119      727.7202    52      728.6764      721.2619  5646048    1.02%          x26_31 N 139894 139893     35
 140020 69155      728.2654    14      728.6764      721.2661  5650909    1.02%          x11_10 N 140020  11390     47
 140132 69186      725.8546     8      728.6764      721.2724  5655885    1.02%           x6_36 N 140132 140131     41
 140246 69200      724.5218    22      728.6764      721.2780  5661043    1.02%           x33_7 N 140246 140245     32
 140371 69252      727.6281    29      728.6764      721.2803  5665435    1.02%          x31_30 N 140371 140370     26
 140491 69290      725.1064    57      728.6764      721.2822  5670205    1.01%            x6_8 N 140491 140490     26
 140618 69315        cutoff            728.6764      721.2878  5674964    1.01%           x33_5 U 140618  66495     34
Elapsed time = 1164.43 sec. (3390197.18 ticks, tree = 124.07 MB, solutions = 4)
 140739 69353      723.4442    16      728.6764      721.2921  5679771    1.01%           x33_5 D 140739 140738     22
 140860 69395      723.8230     8      728.6764      721.2956  5683996    1.01%           x13_5 N 140860 140858     23
 140980 69436      723.5555    35      728.6764      721.2980  5688521    1.01%          x31_30 N 140980  57486     28
 141102 69475      728.3075    61      728.6764      721.3032  5693425    1.01%          x26_13 N 141102 141101     44
 141219 69510      727.3287    36      728.6764      721.3055  5698123    1.01%          x31_30 N 141219 141218     40
 141331 69544      727.8686    30      728.6764      721.3098  5703003    1.01%          x26_10 N 141331 141330     52
 141459 69585      725.4033    88      728.6764      721.3133  5707047    1.01%          x33_26 N 141459  79085     29
 141579 69609      724.4975    30      728.6764      721.3172  5712424    1.01%            x6_5 N 141579 141578     27
 141700 69644      725.8973    17      728.6764      721.3204  5717104    1.01%           x26_7 N 141700 141699     30
 141819 69676      728.0755    36      728.6764      721.3254  5722316    1.01%           x5_26 N 141819 141818     34
Elapsed time = 1176.73 sec. (3428574.70 ticks, tree = 125.01 MB, solutions = 4)
 141946 69721      728.3618    10      728.6764      721.3296  5726321    1.01%            x8_6 N 141946 141945     37
 142070 69766        cutoff            728.6764      721.3367  5730664    1.01%           x13_5 D 142070 142068     38
 142175 69794      726.7004    36      728.6764      721.3382  5735411    1.01%           x6_13 N 142175  67550     35
 142293 69831      727.7620    18      728.6764      721.3417  5740048    1.01%          x31_30 N 142293 142292     34
 142416 69862      724.0696     8      728.6764      721.3457  5744646    1.01%           x33_5 N 142416 142414     19
 142531 69900      724.7993    24      728.6764      721.3487  5748760    1.01%            x8_6 D 142531 142530     34
 142659 69952      728.6532    22      728.6764      721.3518  5753429    1.01%           x6_13 N 142659  58118     28
 142769 69983      725.3955    28      728.6764      721.3536  5758179    1.00%            x5_8 D 142769 142768     54
 142884 70026        cutoff            728.6764      721.3569  5763063    1.00%          x26_31 D 142884 142883     30
 142997 70061        cutoff            728.6764      721.3594  5768051    1.00%           x9_16 U 142997  18384     27
Elapsed time = 1188.81 sec. (3466937.66 ticks, tree = 125.71 MB, solutions = 4)
 143116 70095        cutoff            728.6764      721.3644  5773282    1.00%           x8_13 D 143116 143115     27
 143237 70127      727.2814    26      728.6764      721.3696  5778673    1.00%          x17_32 N 143237 143235     37
 143356 70162      725.1186    62      728.6764      721.3747  5783412    1.00%           x6_10 N 143356 143355     32
 143476 70196        cutoff            728.6764      721.3789  5788508    1.00%          x26_10 D 143476 143475     51
 143597 70219      727.3581    27      728.6764      721.3845  5793282    1.00%          x31_30 N 143597 143596     27
 143709 70257      726.3150    16      728.6764      721.3875  5797991    1.00%           x13_5 N 143709 143708     41
 143811 70275      725.7879    67      728.6764      721.3909  5803476    1.00%          x12_13 N 143811 143810     46
 143914 70290      724.2241    41      728.6764      721.3950  5808377    1.00%           x26_5 N 143914 143913     30
 144025 70320      723.8509    45      728.6764      721.3987  5812714    1.00%          x21_31 N 144025  54984     37
 144144 70360      727.0315    37      728.6764      721.4020  5817341    1.00%          x17_21 N 144144 144143     35
Elapsed time = 1201.45 sec. (3505204.60 ticks, tree = 126.17 MB, solutions = 4)
 144251 70394        cutoff            728.6764      721.4063  5821891    1.00%           x8_10 U 144251 144249     26
 144356 70413      728.2683    34      728.6764      721.4104  5826932    1.00%            x6_5 N 144356  27220     26
 144472 70460      727.0379    26      728.6764      721.4132  5831546    1.00%            x8_6 D 144472 144471     50
 144596 70488        cutoff            728.6764      721.4173  5835976    1.00%           x6_13 U 144596 144594     36
 144702 70504      725.3562    57      728.6764      721.4215  5841043    1.00%           x8_13 N 144702 144701     34
 144811 70520      728.5443    36      728.6764      721.4269  5846080    0.99%           x13_5 N 144811 144809     28
 144921 70537      725.5285    40      728.6764      721.4300  5850493    0.99%            x5_7 N 144921 144919     47
 145034 70557      726.6549    14      728.6764      721.4341  5855000    0.99%          x12_11 N 145034 145033     26
 145143 70573        cutoff            728.6764      721.4375  5859406    0.99%          x15_33 U 145143  75308     43
 145600 70675      725.6892    21      728.6764      721.4551  5878312    0.99%           x26_7 N 145600 145598     43
Elapsed time = 1217.52 sec. (3555066.40 ticks, tree = 126.94 MB, solutions = 4)
 146062 70778      728.1003    42      728.6764      721.4690  5897073    0.99%          x31_30 N 146062 146060     38
 146536 70912      727.8652    45      728.6764      721.4849  5915091    0.99%          x26_20 N 146536 146535     24
 146964 70989        cutoff            728.6764      721.4993  5933716    0.98%           x6_10 U 146964  59025     30
 147407 71086      722.1082    29      728.6764      721.5136  5952281    0.98%          x15_30 N 147407 147406     43
 147850 71208      726.4841     8      728.6764      721.5274  5970180    0.98%           x8_13 N 147850 147848     36
 148332 71340      728.0367    34      728.6764      721.5411  5988828    0.98%          x26_11 N 148332 148331     33
 148795 71403        cutoff            728.6764      721.5590  6008526    0.98%            x5_7 U 148795  46227     39
 149243 71531        cutoff            728.6764      721.5698  6027657    0.98%           x5_33 U 149243  18549     14
 149703 71678      724.6604    38      728.6764      721.5802  6045965    0.97%           x13_5 N 149703 149702     34
 150185 71842      725.9752    42      728.6764      721.5967  6065094    0.97%          x12_13 D 150185 150184     41
Elapsed time = 1266.48 sec. (3707825.43 ticks, tree = 129.42 MB, solutions = 4)
 150652 71956      727.2184    87      728.6764      721.6101  6084067    0.97%          x15_26 N 150652 150651     22
 151119 72074        cutoff            728.6764      721.6275  6102528    0.97%            x5_6 D 151119 151118     22
 151550 72154      728.5393    45      728.6764      721.6411  6121497    0.97%           x33_5 N 151550 151549     16
 152015 72242      724.6789    49      728.6764      721.6561  6139129    0.96%           x5_26 N 152015 152014     53
 152468 72342        cutoff            728.6764      721.6716  6157284    0.96%           x8_13 U 152468 152466     22
 152902 72432      727.0518    33      728.6764      721.6871  6175789    0.96%          x17_11 N 152902 152901     33
 153357 72542      725.3983    82      728.6764      721.7017  6193604    0.96%          x31_30 N 153357 153356     28
 153812 72621      727.1679    12      728.6764      721.7162  6211108    0.96%          x21_20 N 153812 153810     42
 154251 72707      727.1286    14      728.6764      721.7321  6230177    0.95%           x26_7 N 154251 154250     35
 154733 72867      725.7224    57      728.6764      721.7449  6248123    0.95%          x21_31 N 154733  50504     41
Elapsed time = 1314.92 sec. (3860576.94 ticks, tree = 131.07 MB, solutions = 4)
 155200 72982      727.9586    10      728.6764      721.7597  6266246    0.95%          x11_10 D 155200 155199     40
 155689 73148        cutoff            728.6764      721.7715  6284151    0.95%           x8_10 U 155689 155687     43
 156161 73319      726.2579    69      728.6764      721.7813  6301222    0.95%          x29_28 D 156161 156160     19
*156371 73022      integral     0      728.5714      721.7872  6309034    0.93%          x26_20 U 156371 156369     32
 156830 73120      725.3225    19      728.5714      721.8009  6328417    0.93%           x8_10 N 156830  62787     25
 157277 73189      724.9967    26      728.5714      721.8189  6345597    0.93%          x15_33 N 157277  47299     25
 157742 73288      725.1981    66      728.5714      721.8363  6363275    0.92%          x21_31 N 157742 157741     38
 158186 73392      728.3103    58      728.5714      721.8493  6381849    0.92%          x21_31 N 158186 158185     38
 158665 73532      727.1265    38      728.5714      721.8609  6399373    0.92%          x28_29 N 158665 158664     36
 159121 73637      727.7760    18      728.5714      721.8726  6416936    0.92%          x31_30 N 159121 159120     51
Elapsed time = 1360.35 sec. (4004663.35 ticks, tree = 132.52 MB, solutions = 5)
 159573 73710      725.8566    10      728.5714      721.8893  6434759    0.92%           x10_5 N 159573  58345     36
 160028 73802      724.3362    18      728.5714      721.9039  6452092    0.92%           x10_8 N 160028 109886     47
 160467 73883      723.9817    13      728.5714      721.9187  6469674    0.91%          x31_30 N 160467 160466     22
 160921 73965        cutoff            728.5714      721.9331  6486616    0.91%           x5_15 U 160921 150124     29
 161375 74052        cutoff            728.5714      721.9445  6505515    0.91%            x8_6 U 161375 161374     31
 161842 74182        cutoff            728.5714      721.9564  6522114    0.91%          x15_30 D 161842 161840     46
 162310 74311      728.4699    39      728.5714      721.9698  6538964    0.91%            x6_8 N 162310 162309     17
 162738 74370      724.8297    58      728.5714      721.9831  6557432    0.90%           x8_13 N 162738  73795     45
 163190 74487      725.4764    25      728.5714      721.9952  6575513    0.90%           x5_11 D 163190 163189     48
 163642 74583      726.2995    45      728.5714      722.0080  6593903    0.90%          x33_26 N 163642 163641     21
Elapsed time = 1408.54 sec. (4157483.59 ticks, tree = 134.86 MB, solutions = 5)
 164088 74668      728.2269    53      728.5714      722.0216  6611708    0.90%           x13_5 N 164088 164087     42
 164526 74706      724.9871    40      728.5714      722.0386  6628917    0.90%          x21_31 N 164526  50943     27
 164986 74812        cutoff            728.5714      722.0510  6646631    0.89%            x6_8 U 164986 110895     23
 165452 74909      726.6568    64      728.5714      722.0639  6664565    0.89%          x28_21 N 165452 165451     53
 165907 75038      727.7752    13      728.5714      722.0771  6682141    0.89%           x13_5 N 165907 165906     30
 166330 75077      727.6979    40      728.5714      722.0922  6700819    0.89%           x33_5 N 166330 166329     25
 166781 75155        cutoff            728.5714      722.1060  6718342    0.89%          x24_18 U 166781 166779     50
 167235 75256      727.5425    10      728.5714      722.1179  6735621    0.89%            x5_7 D 167235 167234     41
 167684 75310        cutoff            728.5714      722.1335  6752593    0.88%           x33_7 U 167684 167682     39
 168139 75406        cutoff            728.5714      722.1470  6769729    0.88%          x26_13 U 168139  78015     35
Elapsed time = 1456.72 sec. (4310352.28 ticks, tree = 136.73 MB, solutions = 5)
 168616 75544      728.1119    31      728.5714      722.1585  6787361    0.88%            x6_5 N 168616  50043     36
 169080 75654        cutoff            728.5714      722.1721  6804681    0.88%           x5_11 U 169080  83611     35
 169531 75757      728.1959    30      728.5714      722.1852  6822261    0.88%           x26_7 N 169531 169530     36
 169973 75842      726.2876    49      728.5714      722.1997  6839987    0.87%          x11_10 N 169973 169972     46
 170411 75898      723.8828    30      728.5714      722.2113  6857310    0.87%           x8_13 N 170411 170410     30
 170843 75981        cutoff            728.5714      722.2240  6875204    0.87%           x13_5 U 170843 170842     30
 171312 76094      726.8256    19      728.5714      722.2357  6892731    0.87%           x12_8 N 171312 171311     41
 171754 76151      727.8733    25      728.5714      722.2469  6910430    0.87%           x8_10 N 171754 171753     29
 172184 76247      727.1446    30      728.5714      722.2577  6928027    0.87%           x8_10 N 172184 172183     26
 172609 76309      728.1720    10      728.5714      722.2732  6945757    0.86%           x9_11 N 172609 172608     39
Elapsed time = 1505.32 sec. (4463077.84 ticks, tree = 138.55 MB, solutions = 5)
 173059 76395        cutoff            728.5714      722.2860  6963424    0.86%            x5_7 U 173059 173057     33
 173501 76496      726.8296    56      728.5714      722.3004  6980545    0.86%           x6_10 N 173501 173500     21
 173929 76555        cutoff            728.5714      722.3160  6999362    0.86%          x15_33 U 173929  36286     37
 174365 76597        cutoff            728.5714      722.3291  7016999    0.86%          x28_29 U 174365 174363     29
 174787 76659      726.7165    62      728.5714      722.3415  7034133    0.86%           x8_13 N 174787 174786     43
 175235 76711      726.4928    25      728.5714      722.3540  7051163    0.85%           x6_14 N 175235 175234     50
 175669 76749      726.0587    20      728.5714      722.3713  7069157    0.85%           x6_13 N 175669 170830     51
 176100 76816      728.0285    19      728.5714      722.3849  7085861    0.85%          x26_10 D 176100 176099     38
 176524 76887      727.5178    42      728.5714      722.3959  7103115    0.85%          x31_15 N 176524 176523     43
 176948 76936      728.2671    68      728.5714      722.4077  7120338    0.85%          x33_26 N 176948 176946     33
Elapsed time = 1553.98 sec. (4615844.13 ticks, tree = 140.46 MB, solutions = 5)
 177382 76992      726.3167    21      728.5714      722.4213  7136964    0.84%           x5_20 N 177382 177381     49
 177812 77044      723.6309    14      728.5714      722.4343  7154505    0.84%           x10_8 N 177812 177811     55
 178245 77121      726.5508    68      728.5714      722.4468  7171398    0.84%          x33_26 N 178245  11147     28
 178680 77204        cutoff            728.5714      722.4575  7188000    0.84%           x5_10 U 178680 178678     30
 179128 77273        cutoff            728.5714      722.4724  7205390    0.84%          x21_31 U 179128 179126     30
 179571 77327      728.4543    44      728.5714      722.4853  7222394    0.84%          x15_30 N 179571 166407     32
 180006 77389        cutoff            728.5714      722.4978  7239136    0.83%           x6_13 D 180006 180005     27
 180441 77462      727.2169    20      728.5714      722.5068  7256042    0.83%          x11_10 N 180441 180440     38
 180877 77504        cutoff            728.5714      722.5197  7273268    0.83%          x15_33 U 180877 180875     27
 181312 77552      725.9959    16      728.5714      722.5346  7290587    0.83%           x13_5 N 181312 181311     32
Elapsed time = 1602.17 sec. (4768612.15 ticks, tree = 142.28 MB, solutions = 5)
 181742 77599      725.4577    68      728.5714      722.5473  7307866    0.83%          x31_30 N 181742 181741     28
 182178 77678      723.4880    50      728.5714      722.5578  7323751    0.83%           x8_13 N 182178  57339     37
 182598 77690      727.2537    12      728.5714      722.5714  7341913    0.82%          x21_30 N 182598 182596     20
 183038 77759      727.7779    76      728.5714      722.5834  7358973    0.82%           x6_13 N 183038  39984     39
 183471 77836      726.8423    40      728.5714      722.5952  7375361    0.82%           x12_6 N 183471 183470     31
 183910 77880      725.9571    47      728.5714      722.6085  7392056    0.82%            x8_6 N 183910  28974     38
 184334 77922      724.0024    22      728.5714      722.6201  7408866    0.82%           x6_10 N 184334 184333     26
 184770 78027      727.7419    75      728.5714      722.6287  7424858    0.82%           x33_5 N 184770 184769     31
 185175 78071      727.1367    60      728.5714      722.6394  7442126    0.81%           x12_6 N 185175  60478     31
 185614 78132        cutoff            728.5714      722.6510  7459086    0.81%            x5_6 U 185614  53251     26
Elapsed time = 1650.38 sec. (4921402.60 ticks, tree = 143.45 MB, solutions = 5)
 186040 78178      727.8179    41      728.5714      722.6644  7476175    0.81%          x15_31 N 186040 186039     28
 186477 78218        cutoff            728.5714      722.6748  7492909    0.81%           x10_5 D 186477 186476     31
 186895 78269      727.9120    26      728.5714      722.6871  7510358    0.81%          x15_30 N 186895 186894     37
 187321 78308        cutoff            728.5714      722.6994  7527535    0.81%          x26_13 U 187321  62486     31
 187752 78379        cutoff            728.5714      722.7105  7544268    0.80%          x11_10 U 187752 187750     44
 188183 78463        cutoff            728.5714      722.7190  7560576    0.80%          x26_11 U 188183 188181     43
 188613 78513      726.9336    95      728.5714      722.7300  7577134    0.80%          x27_25 N 188613  57410     15
 189061 78569        cutoff            728.5714      722.7423  7593140    0.80%           x6_13 D 189061 189060     29
 189486 78625      727.6744    24      728.5714      722.7547  7609298    0.80%           x33_7 N 189486 189485     40
 189916 78694      728.0901    50      728.5714      722.7651  7625890    0.80%          x17_11 N 189916 189915     36
Elapsed time = 1698.33 sec. (5074109.76 ticks, tree = 144.83 MB, solutions = 5)
 190354 78728      728.4032    80      728.5714      722.7762  7642637    0.80%           x6_10 N 190354 190353     20
 190770 78767      724.4616    43      728.5714      722.7886  7659646    0.79%           x5_10 N 190770 190769     34
 191207 78814      726.9493    16      728.5714      722.7991  7676341    0.79%          x15_36 N 191207 191206     27
 191643 78855      724.3815    22      728.5714      722.8119  7692184    0.79%           x8_13 N 191643  81404     31
 192086 78923      723.0949    14      728.5714      722.8234  7707661    0.79%          x31_30 N 192086 192085     29
 192505 78971      728.0408    59      728.5714      722.8356  7723921    0.79%          x26_13 N 192505 192504     37
 192948 79034      727.6025    18      728.5714      722.8452  7740741    0.79%           x26_7 N 192948  78424     28
 193387 79065        cutoff            728.5714      722.8578  7757423    0.78%          x15_30 D 193387 193385     32
 193833 79138        cutoff            728.5714      722.8670  7772411    0.78%          x25_19 U 193833  14232     32
 194265 79180      726.1305     8      728.5714      722.8786  7789111    0.78%           x26_5 N 194265  77348     29
Elapsed time = 1745.79 sec. (5226957.53 ticks, tree = 146.07 MB, solutions = 5)
 194701 79257        cutoff            728.5714      722.8883  7804746    0.78%           x26_5 D 194701 194700     21
 195141 79311        cutoff            728.5714      722.8995  7820857    0.78%          x15_31 U 195141 195138     35
 195575 79356      727.2474    22      728.5714      722.9102  7837151    0.78%          x15_30 N 195575  14124     25
 196006 79401      727.2957    55      728.5714      722.9211  7853844    0.78%            x6_5 N 196006 196005     40
 196438 79457      727.8903    12      728.5714      722.9325  7870182    0.77%           x8_10 N 196438 196437     24
 196869 79488      727.2643    56      728.5714      722.9436  7886918    0.77%          x33_26 N 196869 196868     23
 197288 79494      725.7547    41      728.5714      722.9582  7904251    0.77%          x26_13 N 197288 197287     27
 197726 79550      727.1961    48      728.5714      722.9707  7919798    0.77%           x5_10 N 197726 197725     30
 198156 79625      726.8153    57      728.5714      722.9825  7935460    0.77%           x5_15 N 198156 198155     18
 198588 79664      726.9417    50      728.5714      722.9965  7952559    0.77%            x6_8 N 198588 156532     26
Elapsed time = 1793.45 sec. (5379794.97 ticks, tree = 147.18 MB, solutions = 5)
 199024 79703        cutoff            728.5714      723.0079  7968704    0.76%           x12_6 D 199024 199023     34
 199448 79726      727.6185    22      728.5714      723.0182  7985425    0.76%          x26_13 N 199448 199447     48
 199885 79778      726.9081    32      728.5714      723.0281  8000976    0.76%           x26_7 N 199885 199884     42
 200320 79815      726.1133    49      728.5714      723.0389  8017247    0.76%           x6_10 N 200320 200319     38
 200738 79847      724.1248    20      728.5714      723.0510  8033848    0.76%           x7_15 N 200738   6622     40
 201163 79872        cutoff            728.5714      723.0626  8050447    0.76%            x7_6 U 201163 201161     50
 201583 79941      727.8472    36      728.5714      723.0712  8066974    0.75%           x26_7 N 201583 201582     38
 202004 79945      727.9821    12      728.5714      723.0823  8084140    0.75%           x12_7 N 202004  10374     35
 202431 80022      725.1015    52      728.5714      723.0922  8100050    0.75%           x8_13 N 202431 202430     31
 202870 80040      726.4375    68      728.5714      723.1060  8115775    0.75%           x5_26 N 202870 202869     22
Elapsed time = 1840.85 sec. (5532565.52 ticks, tree = 148.26 MB, solutions = 5)
 203296 80076        cutoff            728.5714      723.1176  8132018    0.75%          x15_31 D 203296 203295     31
 203720 80094      728.5521    57      728.5714      723.1284  8148798    0.75%            x6_5 N 203720  49532     25
 204142 80118      724.0000    10      728.5714      723.1401  8164824    0.75%           x13_5 N 204142 204141     45
 204571 80138      728.2858    29      728.5714      723.1518  8181071    0.74%           x6_10 N 204571 204570     33
 204997 80153      726.4900    54      728.5714      723.1644  8197410    0.74%          x31_30 N 204997  36725     26
 205439 80214      728.0965    44      728.5714      723.1742  8212093    0.74%          x15_31 N 205439 153670     32
 205869 80231      726.0027    29      728.5714      723.1836  8228513    0.74%           x33_7 N 205869 205868     31
 206303 80251      725.4140    13      728.5714      723.1968  8244301    0.74%           x10_6 N 206303  72040     36
 206750 80310      726.0033    41      728.5714      723.2050  8259212    0.74%          x31_30 N 206750  10519     29
 207187 80351      725.4564    41      728.5714      723.2159  8275276    0.74%           x12_6 N 207187 207186     35
Elapsed time = 1888.08 sec. (5685342.35 ticks, tree = 149.02 MB, solutions = 5)
 207627 80394        cutoff            728.5714      723.2264  8290840    0.73%          x12_13 D 207627 207626     34
 208063 80455      727.9120    15      728.5714      723.2346  8306442    0.73%           x13_5 N 208063 208061     31
 208483 80454        cutoff            728.5714      723.2450  8323369    0.73%          x25_19 U 208483 208481     27
 208900 80481      727.3166    52      728.5714      723.2539  8339617    0.73%           x33_5 N 208900 208898     29
 209339 80522        cutoff            728.5714      723.2651  8355023    0.73%          x21_30 U 209339  72155     22
 209773 80526      727.0743    48      728.5714      723.2768  8371312    0.73%            x6_5 N 209773 209772     35
 210204 80530        cutoff            728.5714      723.2890  8387412    0.73%           x13_5 D 210204 142257     33
 210634 80572      726.9887    69      728.5714      723.2988  8403423    0.72%          x17_11 N 210634 210633     31
 211068 80596      726.7337    47      728.5714      723.3098  8419433    0.72%          x15_20 N 211068 147142     46
 211492 80603        cutoff            728.5714      723.3217  8435585    0.72%           x10_8 D 211492 211491     37
Elapsed time = 1935.66 sec. (5838173.47 ticks, tree = 150.11 MB, solutions = 5)
 211932 80644        cutoff            728.5714      723.3320  8451359    0.72%          x30_15 U 211932  13987     36
 212359 80684        cutoff            728.5714      723.3415  8467080    0.72%            x6_5 U 212359 212357     32
 212773 80701        cutoff            728.5714      723.3528  8483764    0.72%          x15_30 U 212773 212772     51
 213201 80730        cutoff            728.5714      723.3632  8499205    0.71%           x5_20 U 213201 135384     42
 213632 80753      726.2784    17      728.5714      723.3746  8515520    0.71%            x6_7 N 213632  53276     42
 214067 80802      728.2122    50      728.5714      723.3852  8530569    0.71%          x21_31 N 214067  57937     36
 214501 80852      725.3893    51      728.5714      723.3932  8545490    0.71%           x8_13 D 214501 214500     37
 214928 80826      726.7081    43      728.5714      723.4059  8562014    0.71%          x31_36 N 214928 214927     39
 215365 80856      727.3946    40      728.5714      723.4161  8577885    0.71%          x33_31 N 215365 215364     57
 215800 80894        cutoff            728.5714      723.4255  8593069    0.71%           x32_1 U 215800  57841     37
Elapsed time = 1982.58 sec. (5990907.61 ticks, tree = 151.33 MB, solutions = 5)
 216220 80917      726.4026    77      728.5714      723.4371  8609064    0.70%           x8_13 N 216220 216219     45
 216645 80926      726.0122    14      728.5714      723.4481  8624711    0.70%          x11_10 N 216645 216644     47
 217071 80929        cutoff            728.5714      723.4589  8640732    0.70%           x8_13 D 217071 217070     33
 217499 80898        cutoff            728.5714      723.4687  8657145    0.70%           x6_10 U 217499  67840     35
 217915 80889      726.9983    59      728.5714      723.4788  8673388    0.70%           x13_5 N 217915 217914     40
 218332 80876      725.8100    35      728.5714      723.4889  8689301    0.70%           x13_5 N 218332 191865     32
 218758 80900        cutoff            728.5714      723.4998  8704913    0.70%            x5_8 D 218758 218757     39
 219189 80914      726.4394    41      728.5714      723.5102  8720867    0.69%            x5_7 N 219189 219188     34
 219617 80917      727.8844    35      728.5714      723.5224  8736354    0.69%           x8_13 N 219617  92111     31
 220049 80912      728.0555    75      728.5714      723.5338  8752185    0.69%            x5_6 N 220049  29504     30
Elapsed time = 2030.07 sec. (6143761.13 ticks, tree = 151.48 MB, solutions = 5)
 220480 80942        cutoff            728.5714      723.5433  8767908    0.69%            x5_6 U 220480  66969     35
 220910 80941      727.8175    25      728.5714      723.5554  8783967    0.69%          x26_20 N 220910 220909     41
 221344 80940      727.4319    29      728.5714      723.5684  8799306    0.69%           x7_15 N 221344 221343     54
 221770 80904      726.0135    27      728.5714      723.5797  8815867    0.69%            x9_7 N 221770  15256     63
 222204 80877      726.1474    12      728.5714      723.5914  8831969    0.68%          x26_13 N 222204 222203     40
 222622 80865      728.1070    69      728.5714      723.6026  8848423    0.68%           x8_10 N 222622 222621     20
 223051 80906      726.2844    55      728.5714      723.6132  8863877    0.68%          x21_20 N 223051 223050     46
 223470 80898      725.2861    59      728.5714      723.6240  8879431    0.68%          x17_21 N 223470 223469     37
*223616 72042      integral     0      727.7127      723.6281  8885427    0.56%
 223895 72006      726.9740    60      727.7127      723.6377  8895233    0.56%           x5_15 N 223895  36267     26
 224335 71948      724.4838    51      727.7127      723.6511  8910341    0.56%            x5_8 N 224335 224334     36
Elapsed time = 2077.60 sec. (6296698.95 ticks, tree = 135.11 MB, solutions = 6)
 224767 71890        cutoff            727.7127      723.6653  8925843    0.56%           x33_7 U 224767   8620     37
 225203 71801        cutoff            727.7127      723.6787  8941012    0.55%           x10_6 U 225203 225202     62
 225650 71691      725.4268    12      727.7127      723.6959  8956684    0.55%           x6_10 N 225650 225649     28
 226091 71650      726.2975    23      727.7127      723.7073  8971580    0.55%          x28_36 N 226091 226090     48
 226522 71571      726.5587    56      727.7127      723.7213  8987163    0.55%            x6_8 N 226522 226521     24
 226967 71522      725.9719    61      727.7127      723.7333  9002890    0.55%          x15_33 N 226967  49156     25
 227405 71448      727.5082    64      727.7127      723.7495  9018174    0.54%          x26_13 N 227405 227404     23
 227833 71338      726.9279    60      727.7127      723.7631  9033606    0.54%          x32_24 N 227833 227832     39
 228275 71236      725.8299    21      727.7127      723.7759  9049403    0.54%          x31_30 N 228275 110066     22
 228718 71183        cutoff            727.7127      723.7896  9063439    0.54%           x7_21 U 228718  11690     38
Elapsed time = 2125.45 sec. (6449444.27 ticks, tree = 133.65 MB, solutions = 6)
 229161 71087      726.6087    81      727.7127      723.8048  9079153    0.54%           x8_13 N 229161 229160     26
 229608 71038      726.1080    57      727.7127      723.8170  9094801    0.54%          x24_19 N 229608 229607     38
 230043 70929        cutoff            727.7127      723.8309  9110583    0.53%           x8_10 D 230043 230041     28
 230471 70855        cutoff            727.7127      723.8430  9125967    0.53%            x5_8 U 230471  94992     38
 230927 70783      726.2466    55      727.7127      723.8573  9140927    0.53%            x8_6 N 230927  90644     48
 231359 70720      726.8791    17      727.7127      723.8677  9156387    0.53%            x6_5 N 231359 231358     30
 231803 70621      726.4362    16      727.7127      723.8805  9170953    0.53%          x28_29 N 231803 231802     38
 232233 70500        cutoff            727.7127      723.8954  9187085    0.52%          x21_31 U 232233 232232     40
 232660 70409      726.9052    28      727.7127      723.9088  9203459    0.52%           x26_7 N 232660 232659     33
 233109 70288      726.9133    48      727.7127      723.9232  9219232    0.52%          x15_33 N 233109  61942     22
Elapsed time = 2173.56 sec. (6602184.45 ticks, tree = 132.39 MB, solutions = 6)
 233554 70158      724.6614    41      727.7127      723.9378  9234166    0.52%            x5_8 N 233554 233553     30
 233990 70075      726.9922    46      727.7127      723.9531  9248220    0.52%           x12_6 N 233990 233989     29
 234427 70004      727.0842    18      727.7127      723.9665  9263007    0.51%           x26_7 N 234427 234426     42
 234869 69884      727.3571    70      727.7127      723.9801  9277920    0.51%           x5_33 N 234869 234868     14
 235325 69744        cutoff            727.7127      723.9950  9294528    0.51%           x8_10 U 235325 235324     29
 235782 69649      726.5436    43      727.7127      724.0089  9310589    0.51%            x6_8 N 235782 235781     43
 236254 69536        cutoff            727.7127      724.0231  9326243    0.51%           x5_11 U 236254  92243     37
 236711 69415      725.5916    11      727.7127      724.0400  9342917    0.50%           x5_10 N 236711  53181     32
 237190 69318      726.2009    34      727.7127      724.0538  9358385    0.50%           x13_5 N 237190 237188     22
 237661 69200        cutoff            727.7127      724.0711  9374089    0.50%          x15_31 D 237661 237660     25
Elapsed time = 2222.01 sec. (6754939.50 ticks, tree = 130.36 MB, solutions = 6)
 238135 69075        cutoff            727.7127      724.0854  9389518    0.50%            x2_3 U 238135 238134     37
 238605 68944        cutoff            727.7127      724.1008  9405791    0.50%           x6_10 U 238605 153755     25
 239073 68813        cutoff            727.7127      724.1158  9421908    0.49%          x15_26 U 239073  40155     16
*239311 65416      integral     0      727.5111      724.1246  9430158    0.47%
 239544 65339      727.1911    35      727.5111      724.1334  9437825    0.46%           x6_10 N 239544 239543     35
 240009 65197        cutoff            727.5111      724.1477  9453650    0.46%          x26_13 U 240009 240007     32
 240489 65042        cutoff            727.5111      724.1623  9469115    0.46%          x31_30 U 240489 149254     33
 240970 64896        cutoff            727.5111      724.1787  9484629    0.46%          x31_30 U 240970 129246     49
 241448 64735      726.0200    23      727.5111      724.1976  9500232    0.46%            x6_5 N 241448 241447     35
 241922 64610      727.4118    58      727.5111      724.2111  9515492    0.45%           x6_10 N 241922 128009     42
 242399 64441        cutoff            727.5111      724.2259  9531007    0.45%          x15_20 D 242399 242397     36
Elapsed time = 2270.90 sec. (6907703.18 ticks, tree = 121.88 MB, solutions = 7)
 242880 64271        cutoff            727.5111      724.2412  9545958    0.45%          x33_31 U 242880 171605     27
 243355 64119      727.2937    46      727.5111      724.2566  9561455    0.45%          x17_32 N 243355 173468     35
 243842 63951        cutoff            727.5111      724.2744  9576211    0.44%           x6_10 D 243842 243841     23
 244334 63793        cutoff            727.5111      724.2908  9590877    0.44%           x6_10 U 244334  68084     26
 244805 63605        cutoff            727.5111      724.3080  9606534    0.44%            x5_8 D 244805 244804     38
 245284 63453      726.4493    35      727.5111      724.3245  9621775    0.44%          x15_31 N 245284 245283     38
 245759 63317        cutoff            727.5111      724.3386  9636905    0.44%          x18_19 D 245759 245758     32
 246245 63155      725.0997    53      727.5111      724.3545  9651614    0.43%          x33_26 N 246245 120523     28
 246720 63039        cutoff            727.5111      724.3695  9666833    0.43%          x26_20 U 246720 246718     36
 247205 62828        cutoff            727.5111      724.3841  9681906    0.43%          x26_31 U 247205 148116     39
Elapsed time = 2319.37 sec. (7060421.63 ticks, tree = 119.25 MB, solutions = 7)
 247687 62640      725.9409    18      727.5111      724.3986  9697041    0.43%          x15_31 N 247687 247686     28
 248169 62464        cutoff            727.5111      724.4144  9712271    0.43%          x15_33 U 248169  93383     47
 248641 62280        cutoff            727.5111      724.4303  9727516    0.42%          x33_26 D 248641 123600     38
 249128 62084      725.1462    50      727.5111      724.4475  9742000    0.42%           x8_13 N 249128 107471     26
 249613 61874        cutoff            727.5111      724.4643  9756962    0.42%           x6_10 D 249613 249612     46
 250099 61695      727.1783    18      727.5111      724.4805  9771480    0.42%            x7_5 N 250099 250098     46
 250585 61478        cutoff            727.5111      724.4978  9786573    0.41%           x33_7 U 250585 250583     40
 251071 61274        cutoff            727.5111      724.5143  9801464    0.41%           x5_10 U 251071 223518     40
 251557 61054        cutoff            727.5111      724.5301  9816709    0.41%           x12_6 U 251557  64963     30
 252041 60887      727.2643    48      727.5111      724.5444  9831545    0.41%           x6_13 N 252041 252040     30
Elapsed time = 2367.92 sec. (7213130.74 ticks, tree = 115.71 MB, solutions = 7)
 252532 60711        cutoff            727.5111      724.5590  9845596    0.41%          x31_20 D 252532   5173     50
 253011 60526        cutoff            727.5111      724.5732  9860568    0.40%          x15_31 U 253011 253009     34
 253495 60380      726.9176    29      727.5111      724.5867  9874856    0.40%            x5_8 N 253495 229509     33
 253985 60196        cutoff            727.5111      724.6016  9889579    0.40%           x5_33 U 253985  22321     11
 254474 59999        cutoff            727.5111      724.6180  9904339    0.40%           x7_16 U 254474  32899     44
 254965 59802        cutoff            727.5111      724.6335  9918805    0.40%           x13_5 U 254965  36918     49
 255452 59615      726.9700    52      727.5111      724.6511  9933485    0.39%          x33_26 N 255452  77814     22
 255944 59380      726.7633    73      727.5111      724.6671  9947955    0.39%          x26_13 N 255944 255943     42
 256419 59128      727.4331    78      727.5111      724.6840  9963609    0.39%            x6_8 N 256419  75781     23
 256910 58922      726.1696    28      727.5111      724.6998  9977975    0.39%           x13_5 N 256910 213019     44
Elapsed time = 2415.91 sec. (7365883.95 ticks, tree = 112.36 MB, solutions = 7)
 257394 58673        cutoff            727.5111      724.7157  9992892    0.38%           x26_7 D 257394 257393     28
 257892 58456        cutoff            727.5111      724.7306 10006793    0.38%          x20_36 U 257892  92154     32
 258382 58227        cutoff            727.5111      724.7447 10020978    0.38%          x15_31 U 258382  60365     33
 258872 57976      726.6059    16      727.5111      724.7601 10035171    0.38%           x8_13 N 258872 173911     35
 259349 57732        cutoff            727.5111      724.7755 10050145    0.38%          x17_21 U 259349 259347     35
 259845 57531        cutoff            727.5111      724.7910 10063802    0.37%          x21_30 U 259845  95803     28
 260345 57300      726.3349    20      727.5111      724.8075 10077645    0.37%           x13_5 N 260345 105920     32
 260827 57062      727.3594    58      727.5111      724.8232 10092372    0.37%           x8_10 N 260827  74269     46
 261322 56834        cutoff            727.5111      724.8379 10106410    0.37%            x6_8 U 261322 113026     32
 261822 56588      727.1623    53      727.5111      724.8546 10119914    0.37%           x21_7 N 261822 261821     20
Elapsed time = 2463.87 sec. (7518706.98 ticks, tree = 108.21 MB, solutions = 7)
 262306 56358        cutoff            727.5111      724.8696 10134251    0.36%          x15_10 U 262306  23310     35
 262798 56057        cutoff            727.5111      724.8866 10148967    0.36%            x5_8 U 262798 204429     25
 263288 55847      727.3252    57      727.5111      724.9012 10162938    0.36%          x33_10 N 263288 263287     36
 263787 55605        cutoff            727.5111      724.9180 10176844    0.36%            x8_6 D 263787 263786     26
 264283 55337        cutoff            727.5111      724.9356 10190784    0.35%           x5_10 D 264283 264282     34
 264776 55124      727.4550    37      727.5111      724.9504 10204698    0.35%          x26_20 N 264776 264775     43
 265275 54907        cutoff            727.5111      724.9653 10217878    0.35%            x6_8 D 265275 265274     30
 265768 54661        cutoff            727.5111      724.9806 10232266    0.35%          x31_30 U 265768 139204     33
 266273 54394        cutoff            727.5111      724.9986 10245796    0.35%           x26_5 U 266273  75160     19
 266773 54159      726.6939     8      727.5111      725.0141 10259444    0.34%           x2_28 N 266773  97323     45
Elapsed time = 2511.40 sec. (7671417.52 ticks, tree = 104.15 MB, solutions = 7)
 267273 53905        cutoff            727.5111      725.0290 10273180    0.34%          x31_30 U 267273 159341     30
 267766 53642        cutoff            727.5111      725.0442 10287310    0.34%          x15_31 U 267766 175691     38
 268266 53399        cutoff            727.5111      725.0603 10300755    0.34%          x29_15 D 268266 268265     42
 268777 53143      727.3725    12      727.5111      725.0760 10313650    0.33%            x8_6 N 268777  33930     52
 269280 52881        cutoff            727.5111      725.0913 10326875    0.33%          x13_26 U 269280  21467     48
 269784 52633        cutoff            727.5111      725.1068 10340233    0.33%          x26_13 U 269784  55696     27
 270276 52372      726.1525    35      727.5111      725.1223 10354188    0.33%           x5_10 N 270276 204893     30
 270780 52108      726.8584    20      727.5111      725.1372 10367313    0.33%          x31_30 N 270780 270778     28
 271285 51840      726.8272    18      727.5111      725.1517 10380002    0.32%           x6_14 N 271285 271284     42
 271790 51527      726.7853    26      727.5111      725.1683 10393441    0.32%          x28_21 N 271790 271789     47
Elapsed time = 2558.52 sec. (7824189.52 ticks, tree = 99.82 MB, solutions = 7)
 272295 51218        cutoff            727.5111      725.1850 10406661    0.32%           x26_7 U 272295 131522     41
 272795 50960        cutoff            727.5111      725.2020 10419761    0.32%          x25_18 D 272795 104695     44
 273311 50720        cutoff            727.5111      725.2168 10432479    0.32%           x33_7 D 273311 273310     36
 273817 50439      725.7637    58      727.5111      725.2331 10445417    0.31%            x6_8 N 273817 111228     25
 274328 50106      727.0223    17      727.5111      725.2513 10458094    0.31%           x10_8 N 274328 274326     47
 274834 49808      726.6351    65      727.5111      725.2692 10471249    0.31%          x15_31 N 274834 274833     24
 275335 49519        cutoff            727.5111      725.2840 10484610    0.31%           x8_13 U 275335 275333     41
 275845 49222        cutoff            727.5111      725.3003 10497508    0.30%          x21_31 U 275845 275843     46
 276349 48923        cutoff            727.5111      725.3152 10510344    0.30%          x15_31 D 276349 123097     28
 276857 48665      727.4197    10      727.5111      725.3304 10522951    0.30%          x17_24 N 276857 276855     27
Elapsed time = 2605.40 sec. (7976978.99 ticks, tree = 94.38 MB, solutions = 7)
 277372 48359      725.7963    23      727.5111      725.3491 10535079    0.30%           x33_5 N 277372 137237     29
 277887 48064        cutoff            727.5111      725.3645 10547219    0.30%          x21_31 D 277887 145365     37
 278392 47777        cutoff            727.5111      725.3810 10559924    0.29%           x31_5 U 278392 278390     28
 278912 47461        cutoff            727.5111      725.3977 10571814    0.29%           x26_7 U 278912 113472     55
 279421 47121        cutoff            727.5111      725.4147 10584447    0.29%          x26_20 U 279421 160910     38
 279928 46778        cutoff            727.5111      725.4316 10597372    0.29%           x12_6 U 279928 128483     35
 280445 46466        cutoff            727.5111      725.4489 10609478    0.28%           x33_5 U 280445   2808     54
 280957 46162        cutoff            727.5111      725.4649 10621767    0.28%          x21_31 U 280957  52305     37
 281474 45847        cutoff            727.5111      725.4798 10633761    0.28%          x26_20 U 281474 159497     51
 281988 45515        cutoff            727.5111      725.4954 10646139    0.28%           x10_8 U 281988  88013     39
Elapsed time = 2651.74 sec. (8129700.33 ticks, tree = 88.48 MB, solutions = 7)
 282506 45175        cutoff            727.5111      725.5118 10658060    0.27%           x26_7 U 282506 191825     29
 283023 44809        cutoff            727.5111      725.5294 10670498    0.27%           x10_5 U 283023 205991     41
 283538 44527        cutoff            727.5111      725.5455 10682057    0.27%          x26_31 U 283538 283537     31
 284046 44209        cutoff            727.5111      725.5624 10694426    0.27%            x5_6 U 284046 169733     36
 284563 43879        cutoff            727.5111      725.5782 10706742    0.27%           x6_13 U 284563 219033     33
 285083 43515        cutoff            727.5111      725.5956 10718490    0.26%          x15_31 U 285083 101733     21
 285602 43179        cutoff            727.5111      725.6116 10730587    0.26%          x28_21 U 285602 256760     45
 286115 42839        cutoff            727.5111      725.6281 10742746    0.26%            x8_6 U 286115 286113     32
 286642 42489        cutoff            727.5111      725.6451 10753925    0.26%           x13_5 U 286642 255299     34
 287170 42132      727.4081    20      727.5111      725.6618 10765342    0.25%          x12_11 D 287170 287169     61
Elapsed time = 2697.67 sec. (8282459.74 ticks, tree = 82.68 MB, solutions = 7)
 287700 41779        cutoff            727.5111      725.6799 10776577    0.25%          x31_30 U 287700 225659     32
 288229 41416      727.1546    45      727.5111      725.6960 10787515    0.25%            x5_8 N 288229 137119     29
 288762 41048        cutoff            727.5111      725.7134 10798698    0.25%          x12_13 U 288762  16181     41
 289292 40683        cutoff            727.5111      725.7291 10809445    0.24%           x32_1 U 289292  63397     27
 289825 40302        cutoff            727.5111      725.7462 10820595    0.24%           x13_5 U 289825 243691     55
 290356 39941        cutoff            727.5111      725.7631 10831751    0.24%           x12_8 D 290356 190615     48
 290885 39581      727.0460     8      727.5111      725.7792 10843245    0.24%          x11_10 N 290885 290884     48
 291413 39217        cutoff            727.5111      725.7954 10854350    0.24%           x6_10 U 291413 198115     33
 291944 38856        cutoff            727.5111      725.8126 10864985    0.23%          x33_26 D 291944  48584     43
 292473 38445        cutoff            727.5111      725.8301 10875966    0.23%            x7_5 U 292473 242452     35
Elapsed time = 2742.93 sec. (8435130.43 ticks, tree = 75.84 MB, solutions = 7)
 293012 38049        cutoff            727.5111      725.8485 10886587    0.23%            x6_5 U 293012 251574     44
 293553 37687        cutoff            727.5111      725.8654 10896946    0.23%          x12_13 U 293553  58717     52
 294087 37291        cutoff            727.5111      725.8837 10907641    0.22%          x31_30 U 294087 277815     31
*294522 35927      integral     0      727.4534      725.8977 10916125    0.21%
 294623 35849        cutoff            727.4534      725.9009 10917844    0.21%           x13_5 U 294623 179327     32
 295163 35439        cutoff            727.4534      725.9195 10928298    0.21%           x12_6 U 295163 168237     29
 295709 35008        cutoff            727.4534      725.9384 10938220    0.21%          x15_31 D 295709 291081     45
 296245 34593        cutoff            727.4534      725.9576 10948302    0.21%            x5_6 U 296245  84761     43
 296784 34208        cutoff            727.4534      725.9747 10958559    0.20%            x6_5 U 296784  27493     38
 297326 33812      726.6159    26      727.4534      725.9922 10968776    0.20%           x5_10 N 297326 275361     36
 297866 33386        cutoff            727.4534      726.0119 10978660    0.20%          x28_21 U 297866 169633     38
Elapsed time = 2787.66 sec. (8587869.61 ticks, tree = 66.36 MB, solutions = 8)
 298413 32970        cutoff            727.4534      726.0311 10988541    0.20%           x6_13 U 298413 162433     23
 298959 32550        cutoff            727.4534      726.0493 10998483    0.19%            x5_8 U 298959 298957     37
 299501 32117      727.1546    47      727.4534      726.0680 11008151    0.19%            x6_5 N 299501 245855     39
 300053 31682        cutoff            727.4534      726.0860 11017727    0.19%          x25_18 D 300053 169129     40
 300604 31219        cutoff            727.4534      726.1064 11027093    0.19%            x6_5 U 300604 149089     43
 301156 30767        cutoff            727.4534      726.1259 11036442    0.18%           x5_10 U 301156  86519     39
 301712 30320        cutoff            727.4534      726.1449 11045429    0.18%          x33_26 D 301712  79192     33
 302267 29881        cutoff            727.4534      726.1630 11054420    0.18%            x8_5 D 302267 249020     46
 302819 29423        cutoff            727.4534      726.1806 11063475    0.17%          x21_31 U 302819 141085     23
 303384 28971      726.2538    10      727.4534      726.1987 11071911    0.17%            x5_8 D 303384 303383     33
Elapsed time = 2831.58 sec. (8740579.67 ticks, tree = 57.78 MB, solutions = 8)
 303944 28549        cutoff            727.4534      726.2178 11080473    0.17%          x11_21 U 303944 215450     52
 304499 28094        cutoff            727.4534      726.2370 11089401    0.17%           x8_10 D 304499  82652     29
 305059 27640        cutoff            727.4534      726.2575 11098183    0.16%          x26_11 U 305059 278061     32
 305616 27175        cutoff            727.4534      726.2755 11106749    0.16%           x6_13 U 305616 218833     42
 306178 26711        cutoff            727.4534      726.2957 11115094    0.16%          x31_36 U 306178  79591     16
 306745 26218        cutoff            727.4534      726.3157 11123202    0.16%          x26_13 U 306745 213359     23
 307307 25763        cutoff            727.4534      726.3340 11131563    0.15%           x9_16 U 307307 113162     35
 307876 25265        cutoff            727.4534      726.3548 11139515    0.15%           x6_10 U 307876 235621     23
 308444 24776        cutoff            727.4534      726.3744 11147515    0.15%          x29_32 U 308444 168819     56
 309010 24272      726.8682    14      727.4534      726.3959 11155645    0.15%           x7_36 N 309010 271144     47
Elapsed time = 2874.81 sec. (8893324.85 ticks, tree = 48.95 MB, solutions = 8)
 309580 23783        cutoff            727.4534      726.4144 11163289    0.14%          x15_20 U 309580 144268     40
 310155 23284        cutoff            727.4534      726.4349 11170737    0.14%           x10_5 U 310155 302465     32
 310721 22813      726.6197    33      727.4534      726.4530 11178686    0.14%          x15_36 N 310721 117956     45

Zero-half cuts applied:  7
User cuts applied:  10348

Root node processing (before b&c):
  Real time             =    0.09 sec. (159.96 ticks)
Sequential b&c:
  Real time             = 2887.84 sec. (8941106.34 ticks)
                          ------------
Total (root+branch&cut) = 2887.93 sec. (8941266.29 ticks)

