Version identifier: 22.1.0.0 | 2022-03-09 | 1a383f8ce
CPXPARAM_Preprocessing_Reduce                    1
CPXPARAM_Threads                                 1
CPXPARAM_Preprocessing_Reformulations            0
CPXPARAM_Emphasis_MIP                            2
CPXPARAM_MIP_Limits_CutPasses                    1000
CPXPARAM_TimeLimit                               10800
CPXPARAM_MIP_Tolerances_AbsMIPGap                0.999
CPXPARAM_MIP_Limits_TreeMemory                   20000
Legacy callback                                  BbLUID
         Disabling repeat represolve because of lazy constraint/incumbent callback.
1 of 1 MIP starts provided solutions.
MIP start 'm1' defined initial solution with objective 526.0000.
Tried aggregator 2 times.
MIP Presolve eliminated 1145 rows and 3 columns.
MIP Presolve modified 136 coefficients.
Aggregator did 5 substitutions.
Reduced MIP has 227 rows, 1388 columns, and 3822 nonzeros.
Reduced MIP has 1388 binaries, 0 generals, 0 SOSs, and 0 indicators.
Presolve time = 0.00 sec. (2.72 ticks)
Probing time = 0.00 sec. (2.48 ticks)
Clique table members: 227.
MIP emphasis: optimality.
MIP search method: traditional branch-and-cut.
Parallel mode: none, using 1 thread.
Root relaxation solution time = 0.00 sec. (1.89 ticks)

        Nodes                                         Cuts/
   Node  Left     Objective  IInf  Best Integer    Best Bound    ItCnt     Gap         Variable B NodeID Parent  Depth

*     0+    0                          526.0000       89.0000            83.08%
      0     0      504.0000    26      526.0000      494.0000      131    6.08%
      0     0      505.0000    26      526.0000      User: 12      143    3.99%
      0     0      505.5000    28      526.0000       Cuts: 5      152    3.90%
      0     0      505.6667    49      526.0000      Cuts: 15      168    3.87%
      0     0      506.0000    16      526.0000       Cuts: 8      180    3.80%
      0     0      506.0000    12      526.0000       Cuts: 8      214    3.80%
      0     0      506.0000    10      526.0000      Cuts: 11      237    3.80%
      0     0      506.0250    73      526.0000       User: 6      244    3.80%
      0     0      506.0526    86      526.0000      Cuts: 15      262    3.79%
      0     0      506.1000    78      526.0000       Cuts: 2      270    3.78%
      0     0      506.1000    68      526.0000   ZeroHalf: 5      273    3.78%
      0     0      506.1000    66      526.0000      Cuts: 11      278    3.78%
      0     0      506.1429    69      526.0000   ZeroHalf: 4      287    3.78%
      0     0      506.1429    67      526.0000   ZeroHalf: 1      288    3.78%
      0     2      506.1429    74      526.0000      506.5000      288    3.71%                        0             0
Elapsed time = 0.13 sec. (246.13 ticks, tree = 0.01 MB, solutions = 1)
     12    14      511.0000    12      526.0000      506.6667      556    3.68%           x9_14 U     12     11     10
     29    28      508.3333    41      526.0000      507.0000      979    3.61%          x46_39 N     29     27      6
     43    36      508.9615    57      526.0000      507.0000     1242    3.61%          x39_43 N     43     25      4
     60    53      508.0000    30      526.0000      507.5000     1742    3.52%          x46_39 D     60     51      8
     70    63      509.0000    44      526.0000      507.7500     2125    3.47%          x40_37 N     70     58      8
     85    78      511.0000    30      526.0000      508.0000     2573    3.42%          x36_38 N     85     83     20
    100    93      509.2000    32      526.0000      508.0000     2771    3.42%           x9_40 U    100     99     16
    120   113      509.0000    30      526.0000      508.0000     3195    3.42%          x10_38 N    120     47      8
    133   126      508.2778    55      526.0000      508.0000     3642    3.42%          x10_38 D    133     60      9
    182   171      508.1250    62      526.0000      508.0769     4999    3.41%          x37_43 N    182      1      2
Elapsed time = 1.68 sec. (3533.21 ticks, tree = 0.34 MB, solutions = 1)
    230   219      509.0000    22      526.0000      508.2500     6938    3.37%          x25_22 U    230    141     16
    280   269      509.0000    39      526.0000      508.3750     8791    3.35%          x39_43 N    280     28      7
    338   327      509.0000    20      526.0000      508.5000    10448    3.33%          x25_22 U    338    311     17
    384   373      518.5000    25      526.0000      508.5000    11413    3.33%          x16_25 U    384    383     25
    428   412      509.0000    12      526.0000      508.5000    12175    3.33%          x28_41 N    428    285     14
    469   453      509.2500    56      526.0000      508.5000    13663    3.33%          x22_34 D    469    468     43
    495   478      510.2105    70      526.0000      508.5000    13995    3.33%          x20_25 N    495    493     67
    534   506      509.0000     8      526.0000      508.5000    14444    3.33%          x25_22 U    534    532     20
    585   557      515.6429    50      526.0000      508.6471    16374    3.30%          x31_34 N    585    312     18
    615   587      508.8333    59      526.0000      508.7273    17858    3.28%          x25_32 D    615    614     24
Elapsed time = 6.37 sec. (13372.79 ticks, tree = 1.45 MB, solutions = 1)
    660   632      511.0000    25      526.0000      508.7500    19364    3.28%          x25_38 N    660    659     27
    691   663      513.4286    38      526.0000      508.7500    19745    3.28%          x49_48 N    691    690     53
    720   685      510.3333    48      526.0000      508.7619    20370    3.28%          x42_40 N    720    718     17
    761   726      510.0000    20      526.0000      508.8333    21775    3.26%          x35_25 N    761    423     26
    819   784      514.0000    16      526.0000      508.8750    23283    3.26%          x14_25 U    819    818     23
    850   815      509.0000    10      526.0000      509.0000    24133    3.23%           x26_9 U    850    849     24
    880   845      511.0000    16      526.0000      509.0000    24959    3.23%           x26_9 D    880    849     24
    917   875      510.0000    10      526.0000      509.0000    25769    3.23%          x12_16 U    917      6      7
    958   912      514.7778    66      526.0000      509.0000    26728    3.23%           x9_43 N    958    957     57
    985   926      525.0000    12      526.0000      509.0000    26825    3.23%          x41_46 D    985    984     83
Elapsed time = 10.92 sec. (23301.56 ticks, tree = 2.39 MB, solutions = 1)
   1030   967      511.2500    53      526.0000      509.0000    28031    3.23%          x38_40 D   1030   1028     37
   1062   988      516.2500    32      526.0000      509.0000    28412    3.23%          x15_35 D   1062   1060     64
   1102  1021      510.0000    25      526.0000      509.0000    29584    3.23%          x28_41 N   1102   1101     16
   1127  1044      521.5000    26      526.0000      509.0000    29823    3.23%           x7_32 U   1127   1126     38
   1154  1066      516.0000    16      526.0000      509.0000    30629    3.23%          x22_29 N   1154   1152     26
   1181  1093      523.0000    10      526.0000      509.0000    31476    3.23%          x15_16 U   1181   1180     25
   1199  1109      514.3333    47      526.0000      509.0000    32073    3.23%          x35_16 D   1199   1198     40
   1223  1127      515.2222    47      526.0000      509.0000    32170    3.23%          x22_41 N   1223   1222     63
   1256  1151      509.0000     8      526.0000      509.0000    32972    3.23%           x26_8 U   1256   1255     14
   1292  1187      513.3333    28      526.0000      509.0000    33814    3.23%          x41_29 D   1292   1291     31
Elapsed time = 15.43 sec. (33013.97 ticks, tree = 2.77 MB, solutions = 1)
   1329  1212      509.5000    22      526.0000      509.0000    34340    3.23%           x8_40 N   1329   1327     20
   1360  1243      514.8333    47      526.0000      509.0000    35642    3.23%          x36_43 N   1360   1332     26
   1390  1273      519.0667    46      526.0000      509.0000    36025    3.23%           x29_8 D   1390   1389     49
   1430  1303      524.5000    24      526.0000      509.0000    36991    3.23%          x36_38 N   1430    738     15
   1463  1336      511.6667    45      526.0000      509.0000    37549    3.23%          x25_32 D   1463   1462     17
   1516  1385        cutoff            526.0000      509.0000    38140    3.23%          x35_41 U   1516   1513     61
   1536  1401      509.3333    28      526.0000      509.0000    39146    3.23%          x40_31 N   1536    180     10
   1575  1440      514.5000    39      526.0000      509.0000    40012    3.23%          x28_31 N   1575   1573     38
   1605  1459      520.7500    30      526.0000      509.0000    40247    3.23%          x14_18 N   1605   1604     65
   1642  1491      514.3214    62      526.0000      509.0000    41485    3.23%          x36_41 U   1642   1636     37
Elapsed time = 19.95 sec. (43211.67 ticks, tree = 3.61 MB, solutions = 1)
   1684  1532      523.5000    24      526.0000      509.0000    42448    3.23%          x31_34 N   1684   1682     65
   1740  1572      510.0000    20      526.0000      509.0000    43023    3.23%          x20_25 D   1740    643     16
   1778  1610      515.0000    14      526.0000      509.0000    44528    3.23%          x28_31 U   1778   1777     46
   1800  1628      511.1136    63      526.0000      509.0000    46354    3.23%          x39_43 U   1800     69      7
   1822  1650      509.5000    28      526.0000      509.1000    48273    3.21%          x22_40 N   1822   1821     11
   1854  1682      513.2000    38      526.0000      509.1429    49741    3.20%          x25_32 N   1854   1841      8
   1887  1715      510.0000    36      526.0000      509.1667    51352    3.20%          x22_40 D   1887   1885     11
   1913  1741      510.7500    29      526.0000      509.1905    52903    3.20%          x25_40 U   1913   1911     22
   1948  1776      510.6667    31      526.0000      509.2083    54150    3.19%          x20_25 N   1948   1946     14
   1977  1805      512.0000    34      526.0000      509.2500    55155    3.18%          x25_41 U   1977   1975     23
Elapsed time = 24.71 sec. (53118.68 ticks, tree = 4.65 MB, solutions = 1)
   2022  1850      513.3333    57      526.0000      509.2500    56390    3.18%          x11_26 N   2022   2020     24
   2081  1905      515.0000    58      526.0000      509.2500    57017    3.18%          x47_38 D   2081   2080     79
   2112  1930      525.0000    12      526.0000      509.2500    57360    3.18%          x22_32 U   2112   2110    106
   2147  1960      510.2222    46      526.0000      509.2500    58361    3.18%          x36_41 N   2147   2146     27
   2180  1993      511.0500    55      526.0000      509.2500    59547    3.18%          x25_47 D   2180   2178     36
   2227  2032      510.2500    30      526.0000      509.2500    60168    3.18%          x25_40 N   2227   2225     18
   2270  2075      512.0000    34      526.0000      509.2500    61543    3.18%          x36_43 U   2270   1834     15
   2301  2105      516.3043    54      526.0000      509.2500    62263    3.18%           x7_40 D   2301   2300     37
   2335  2131      516.5325    64      526.0000      509.2500    62652    3.18%          x15_19 D   2335   2333     67
   2374  2158      514.3276    82      526.0000      509.2500    63001    3.18%          x31_34 N   2374   1835     16
Elapsed time = 29.27 sec. (62844.67 ticks, tree = 6.28 MB, solutions = 1)
   2391  2175      509.2500    25      526.0000      509.2500    64413    3.18%          x15_41 N   2391   1100     18
   2409  2193      509.5714    55      526.0000      509.3125    66031    3.17%          x25_40 N   2409    545     19
   2438  2222      512.0000    28      526.0000      509.3333    67181    3.17%          x37_36 N   2438   1732     17
   2453  2236      523.6667    42      526.0000      509.3333    67581    3.17%          x13_29 N   2453   2450     40
   2478  2256      512.0000    35      526.0000      509.3333    68627    3.17%          x11_26 N   2478   2009     20
   2510  2288      517.2500    56      526.0000      509.3750    69990    3.16%          x25_47 N   2510   1998     17
   2541  2319      510.0000    24      526.0000      509.3898    71248    3.16%          x36_40 D   2541      7      7
   2574  2352      511.0000    34      526.0000      509.4000    72578    3.16%          x25_41 N   2574   1624     20
   2608  2383      520.0000    14      526.0000      509.4000    73177    3.16%           x17_7 U   2608   2607     47
   2636  2405      511.0000    18      526.0000      509.4000    73719    3.16%          x40_37 U   2636   1924     18
Elapsed time = 33.82 sec. (72612.02 ticks, tree = 6.75 MB, solutions = 1)
   2659  2428      512.0000    12      526.0000      509.4286    75102    3.15%          x25_41 U   2659    282     23
   2677  2446      511.1667    56      526.0000      509.4444    76551    3.15%          x22_40 D   2677   2228     12
   2704  2473      510.5000    14      526.0000      509.5000    77864    3.14%          x25_40 U   2704   2396     19
   2737  2506      511.0000    24      526.0000      509.5000    78785    3.14%          x25_40 U   2737   2735     15
   2771  2536      510.5000    24      526.0000      509.5000    79256    3.14%          x25_22 U   2771   2691     23
   2795  2560      514.0000    22      526.0000      509.5000    80099    3.14%          x25_28 N   2795   2793     32
   2828  2591      516.0095    51      526.0000      509.5000    80885    3.14%          x38_14 D   2828   2827     41
   2860  2614      509.6000    44      526.0000      509.5000    81721    3.14%          x25_43 D   2860   2859     27
   2887  2641      511.0000    28      526.0000      509.5000    82980    3.14%          x25_22 N   2887   2885     14
   2910  2663      518.1250    56      526.0000      509.5000    83900    3.14%          x48_43 U   2910   2908     24
Elapsed time = 38.55 sec. (82504.65 ticks, tree = 7.42 MB, solutions = 1)
   2940  2680      509.5135    84      526.0000      509.5000    84159    3.14%          x25_43 D   2940   2939     21
   2974  2714      510.0000    28      526.0000      509.5000    85409    3.14%          x25_22 N   2974   2973     19
   3019  2759      512.0667    59      526.0000      509.5000    86286    3.14%          x23_43 D   3019   3018     43
   3042  2781      513.8696    68      526.0000      509.5000    86590    3.14%          x43_44 D   3042   3041     63
   3073  2801      515.2162    64      526.0000      509.5000    87044    3.14%          x14_43 D   3073   3072     90
   3103  2823      512.0000    22      526.0000      509.5000    87885    3.14%          x25_40 U   3103   2278     20
   3130  2850      512.2500    50      526.0000      509.5000    88885    3.14%          x13_42 N   3130   3129     21
   3164  2878      511.0000    18      526.0000      509.5000    89705    3.14%          x25_27 U   3164   1264     15
   3194  2908      513.6667    39      526.0000      509.5000    90830    3.14%          x25_26 D   3194   3193     22
   3276  2974      512.0000    35      526.0000      509.5000    93647    3.14%          x11_26 N   3276   2467     20
Elapsed time = 44.43 sec. (95398.37 ticks, tree = 8.70 MB, solutions = 1)
   3351  3049      519.5000    54      526.0000      509.5000    96858    3.14%          x22_41 N   3351   3349     63
   3409  3099      513.0000    34      526.0000      509.5000   100075    3.14%          x48_38 U   3409   1249     11
   3470  3160      509.6328    68      526.0000      509.5938   105202    3.12%          x25_47 D   3470   3469     23
   3557  3247      514.0000    25      526.0000      509.6604   110111    3.11%          x25_28 U   3557   3555     33
   3665  3346      509.8000    32      526.0000      509.6667   112438    3.11%          x36_41 D   3665   3664     23
   3745  3421      517.6154    24      526.0000      509.6667   115244    3.11%          x43_46 D   3745   3744     72
   3816  3487      510.5000    18      526.0000      509.7000   119856    3.10%          x18_40 U   3816   3814     30
   3902  3572      512.0000    23      526.0000      509.7500   123952    3.09%          x11_26 D   3902   3900     29
   3979  3641      512.0000    33      526.0000      509.7500   127614    3.09%          x25_43 N   3979   1088     20
   4041  3702      520.5000    22      526.0000      509.7500   129383    3.09%          x16_40 N   4041   4040     54
Elapsed time = 62.16 sec. (133864.57 ticks, tree = 10.98 MB, solutions = 1)
   4100  3753      522.5000    29      526.0000      509.7857   133348    3.08%          x34_33 D   4100   4098     44
   4188  3836      513.8333    55      526.0000      509.8000   137165    3.08%          x36_41 N   4188   3542     20
   4251  3899      513.0000    18      526.0000      509.8333   141331    3.07%          x37_43 N   4251   4249     35
   4318  3966      520.1429    40      526.0000      509.8333   143241    3.07%          x27_12 U   4318   4317     53
   4384  4022      520.0000    34      526.0000      509.8571   145772    3.07%          x36_40 N   4384   3870     23
   4466  4104      513.0000    18      526.0000      509.8810   149331    3.06%          x25_43 U   4466   3468     22
   4513  4149      511.0000    16      526.0000      509.9000   153762    3.06%          x14_20 U   4513   4511     32
   4581  4215      523.0000    22      526.0000      509.9286   159067    3.06%          x22_47 U   4581   4579     50
   4643  4277      519.5000    36      526.0000      509.9756   164488    3.05%          x46_12 N   4643   4632     36
   4703  4337      517.8333    47      526.0000      510.0000   167262    3.04%          x49_48 N   4703   4702     31
Elapsed time = 80.40 sec. (172573.23 ticks, tree = 13.51 MB, solutions = 1)
   4769  4397      510.0000    20      526.0000      510.0000   167889    3.04%          x38_14 D   4769   4768     19
   4830  4458      512.0000    14      526.0000      510.0000   168934    3.04%           x38_7 D   4830   4829     19
   4890  4509      518.2000    29      526.0000      510.0000   169664    3.04%           x7_10 D   4890   4889     69
   4956  4565      510.3333    21      526.0000      510.0000   170543    3.04%          x41_36 U   4956   4954     36
   5045  4652      510.4444    35      526.0000      510.0000   172197    3.04%          x32_34 D   5045   5044     69
   5190  4790      510.1374    37      526.0000      510.0000   172986    3.04%          x10_11 D   5190   5189    118
   5276  4874      510.7407    37      526.0000      510.0000   174257    3.04%          x38_10 N   5276   5272     20
   5354  4942      510.0000    17      526.0000      510.0000   175576    3.04%           x38_7 D   5354   5353     24
   5447  5034      510.0000    12      526.0000      510.0000   176552    3.04%          x38_12 U   5447   5446     32
   5498  5085      511.0714    42      526.0000      510.0000   177793    3.04%          x23_11 U   5498   5496     31
Elapsed time = 98.09 sec. (211197.60 ticks, tree = 15.22 MB, solutions = 1)
   5569  5146      522.6667    23      526.0000      510.0000   178852    3.04%           x7_32 U   5569   5567     78
   5626  5199      514.3103    54      526.0000      510.0000   180629    3.04%          x33_16 U   5626   5624     33
   5680  5245      510.0923    63      526.0000      510.0000   181976    3.04%           x7_32 U   5680   5679     27
   5764  5329      510.0885    67      526.0000      510.0000   183326    3.04%          x48_51 D   5764   5763     40
   5830  5395      510.0583    79      526.0000      510.0000   184469    3.04%          x41_34 D   5830   5829     38
   5906  5471      522.0000    10      526.0000      510.0000   185933    3.04%          x43_27 U   5906   5904     36
   5954  5513        cutoff            526.0000      510.0000   187266    3.04%          x15_29 U   5954   5952     74
   6046  5605      510.0089    89      526.0000      510.0000   188946    3.04%          x20_18 D   6046   6045     32
   6115  5670      517.8800    54      526.0000      510.0000   190648    3.04%          x25_32 D   6115   6114     54
   6176  5721      511.0000    30      526.0000      510.0000   192306    3.04%          x22_27 D   6176   6174     18
Elapsed time = 116.71 sec. (250275.20 ticks, tree = 16.83 MB, solutions = 1)
   6244  5784      510.0056    81      526.0000      510.0000   193981    3.04%          x36_40 D   6244   6243     22
   6309  5849      513.0000    12      526.0000      510.0000   196206    3.04%          x41_36 D   6309   6308     36
   6356  5887      510.5600    67      526.0000      510.0000   197279    3.04%          x38_22 U   6356   5972     20
   6413  5944      511.0000    26      526.0000      510.0000   198900    3.04%          x12_16 N   6413   6411     20
   6457  5982      510.0337    71      526.0000      510.0000   199775    3.04%           x27_9 D   6457   6456     22
   6526  6051      513.8095    56      526.0000      510.0000   201900    3.04%          x34_20 D   6526   6524     30
   6604  6119      510.0968    50      526.0000      510.0000   203714    3.04%          x36_41 N   6604   6603     26
   6709  6222        cutoff            526.0000      510.0000   205139    3.04%          x46_36 N   6709   6707     68
   6811  6321      515.8429    70      526.0000      510.0000   206768    3.04%          x46_41 D   6811   6810     45
   6910  6408      510.0209    82      526.0000      510.0000   207923    3.04%          x37_38 D   6910   6909     25
Elapsed time = 134.90 sec. (288887.67 ticks, tree = 18.65 MB, solutions = 1)
   7050  6547      510.1667    30      526.0000      510.0000   209234    3.04%           x40_9 U   7050   7046     25
   7099  6593      516.1935    41      526.0000      510.0000   211342    3.04%          x24_21 N   7099   7098     59
   7150  6632      511.0000    29      526.0000      510.0000   213293    3.04%          x22_28 U   7150    795     32
   7244  6717      510.6620    74      526.0000      510.0000   215354    3.04%           x38_9 U   7244   5868     14
   7388  6861      510.0902    72      526.0000      510.0000   216918    3.04%          x48_51 N   7388   7387     59
   7465  6934      510.0779    69      526.0000      510.0000   218860    3.04%          x46_28 D   7465   7464     42
   7554  7022      519.1429    39      526.0000      510.0000   220756    3.04%          x20_16 U   7554   7552     59
   7600  7060      510.0213    79      526.0000      510.0000   222901    3.04%          x42_40 N   7600   7598     15
   7687  7147      511.0000    27      526.0000      510.0000   226400    3.04%          x22_27 D   7687   7686     41
   7805  7265      510.1177    84      526.0000      510.0000   227783    3.04%          x41_37 D   7805   7804     71
Elapsed time = 155.84 sec. (328636.86 ticks, tree = 23.00 MB, solutions = 1)
   7912  7372      511.5714    58      526.0000      510.0000   229183    3.04%          x13_19 N   7912   7911     36
   7953  7405      510.0698    73      526.0000      510.0000   230410    3.04%          x40_12 U   7953   7941     13
   8072  7522      510.0626    91      526.0000      510.0000   232521    3.04%          x13_19 D   8072   8071     31
   8130  7580      510.0595    62      526.0000      510.0000   235003    3.04%           x29_8 U   8130   8129     15
   8229  7679      510.0789    69      526.0000      510.0000   236566    3.04%          x48_43 N   8229   8228     27
   8284  7734      510.2358    85      526.0000      510.0000   239171    3.04%          x36_43 N   8284   8283     14
   8339  7787      514.1111    81      526.0000      510.0000   241693    3.04%          x33_10 D   8339   8338     59
   8400  7841      510.0350    52      526.0000      510.0000   243198    3.04%          x37_41 D   8400   8399     30
   8477  7916      510.0341    93      526.0000      510.0000   245586    3.04%          x33_35 D   8477   8476     29
   8647  8086      510.1601    98      526.0000      510.0000   247017    3.04%          x21_33 D   8647   8646    101
Elapsed time = 177.87 sec. (367393.31 ticks, tree = 25.68 MB, solutions = 1)
   8701  8138      519.0000    16      526.0000      510.0000   248254    3.04%           x38_9 D   8701   8700     63
   8833  8265      510.6250    43      526.0000      510.0000   249761    3.04%          x29_10 N   8833   5484     20
   8898  8330      513.1053    59      526.0000      510.0000   252779    3.04%          x25_40 U   8898   8896     14
   8925  8357      519.1667    33      526.0000      510.0000   253789    3.04%          x25_32 D   8925   8924     32
   8980  8408      510.1254    87      526.0000      510.0000   255865    3.04%           x7_32 U   8980   8979     19
   9122  8550      510.0254    73      526.0000      510.0000   257406    3.04%          x28_38 U   9122   7248     15
   9259  8687      513.0000    29      526.0000      510.0000   259370    3.04%          x25_41 N   9259   9257     29
   9320  8746      515.5000    34      526.0000      510.0000   260804    3.04%          x21_11 D   9320   9319     34
   9413  8835      510.0672    85      526.0000      510.0000   262833    3.04%          x48_51 D   9413   9412     39
   9543  8965      510.0909    55      526.0000      510.0000   264789    3.04%          x42_38 D   9543   9542     29
Elapsed time = 199.29 sec. (405852.32 ticks, tree = 28.70 MB, solutions = 1)
   9604  9022      510.1348    47      526.0000      510.0000   266707    3.04%          x47_38 D   9604   9603     34
   9682  9100      517.5714    37      526.0000      510.0000   268387    3.04%          x26_12 N   9682   9681     42
   9734  9133      510.8333    43      526.0000      510.0000   268966    3.04%          x15_41 N   9734    787     35
   9882  9279      510.1243    67      526.0000      510.0000   270523    3.04%          x11_16 D   9882   9881     87
  10038  9433      510.0870    58      526.0000      510.0000   272419    3.04%          x15_41 U  10038   6635     14
  10082  9475      510.8333    89      526.0000      510.0000   275173    3.04%          x31_32 D  10082  10081     41
  10130  9519      513.0000     8      526.0000      510.0000   276912    3.04%          x38_14 D  10130  10129     81
  10215  9598      511.0000    48      526.0000      510.0000   278984    3.04%          x29_14 D  10215   2408     21
  10284  9667      510.0952    59      526.0000      510.0000   281885    3.04%          x36_38 D  10284  10283     30
  10324  9707      511.3333    20      526.0000      510.0000   283699    3.04%          x29_10 D  10324  10323     39
Elapsed time = 220.35 sec. (444654.81 ticks, tree = 31.36 MB, solutions = 1)
  10372  9742      510.1629    73      526.0000      510.0000   285340    3.04%          x44_46 D  10372  10371     26
  10386  9756      514.6667    45      526.0000      510.0000   288590    3.04%          x36_40 N  10386  10384     26
  10420  9790      510.0192    86      526.0000      510.0000   290158    3.04%          x36_40 D  10420  10419     21
  10554  9924      510.6667    41      526.0000      510.0000   291269    3.04%           x27_9 U  10554  10550     20
  10589  9959      511.5000    28      526.0000      510.0000   291901    3.04%          x22_28 N  10589  10588     21
  10631  9992      510.0000    19      526.0000      510.0000   292986    3.04%           x29_8 U  10631  10630     18
  10673 10034      511.0000    22      526.0000      510.0000   293705    3.04%          x22_30 D  10673  10672     15
  10712 10069      510.0139    90      526.0000      510.0000   294247    3.04%          x36_43 N  10712  10711     14
  10896 10253      510.1348    88      526.0000      510.0000   295661    3.04%          x35_21 D  10896  10895    131
  10961 10318      511.0000    23      526.0000      510.0000   296775    3.04%          x22_30 D  10961  10960     32
Elapsed time = 243.12 sec. (483749.75 ticks, tree = 33.66 MB, solutions = 1)
  11035 10392      510.0000    26      526.0000      510.0000   297744    3.04%          x12_16 U  11035  11034     14
  11094 10451      511.0000    24      526.0000      510.0000   299117    3.04%           x29_7 D  11094  11092     23
  11142 10499      514.3437    59      526.0000      510.0000   300475    3.04%          x44_46 N  11142  11140     63
  11185 10534      510.0667    42      526.0000      510.0000   301727    3.04%           x29_7 N  11185  10974     20
  11230 10579      510.0115    37      526.0000      510.0000   303051    3.04%          x15_41 N  11230  11229     23
  11311 10658      510.0000    36      526.0000      510.0000   304819    3.04%          x38_10 N  11311  11310     13
  11385 10732      510.0000    14      526.0000      510.0000   306363    3.04%           x9_13 U  11385  11338     18
  11420 10767      511.2679    79      526.0000      510.0000   307835    3.04%          x48_43 D  11420  11419     28
  11445 10789      523.0000    10      526.0000      510.0000   308980    3.04%          x18_32 N  11445  11444     46
  11491 10831      510.0000    10      526.0000      510.0000   310483    3.04%           x9_13 N  11491  11479     19
Elapsed time = 266.85 sec. (522999.99 ticks, tree = 35.70 MB, solutions = 1)
  11565 10905      510.0758    43      526.0000      510.0000   312967    3.04%          x22_30 U  11565  11564     24
  11669 11009      510.0718    75      526.0000      510.0000   314839    3.04%          x41_46 D  11669  11668     80
  11791 11131      510.1330    62      526.0000      510.0000   315960    3.04%          x42_27 U  11791  11790     33
  11961 11300      510.1538    50      526.0000      510.0000   316967    3.04%           x9_41 D  11961  11960    178
  12119 11454      512.8776    70      526.0000      510.0000   318365    3.04%          x18_30 U  12119  12117     44
  12193 11519      512.8462    48      526.0000      510.0000   319803    3.04%          x18_34 D  12193  12192    107
  12245 11557        cutoff            526.0000      510.0000   320345    3.04%           x7_19 U  12245  12243    152
  12400 11710      510.0575    46      526.0000      510.0000   322302    3.04%          x37_41 D  12400  12399     41
  12537 11845      510.0584    66      526.0000      510.0000   324079    3.04%          x21_16 D  12537  12536     83
  12693 12001      524.2500    54      526.0000      510.0000   325700    3.04%           x7_34 U  12693  12691     37
Elapsed time = 288.69 sec. (563332.87 ticks, tree = 39.68 MB, solutions = 1)
  12771 12079      510.1264    88      526.0000      510.0000   327814    3.04%          x33_27 D  12771  12770     58
  12861 12169      510.0000    10      526.0000      510.0000   329332    3.04%          x42_40 D  12861  12860     13
  12900 12206      510.0000    23      526.0000      510.0000   331337    3.04%          x42_40 N  12900  12860     13
  12932 12234      510.0147    48      526.0000      510.0000   332872    3.04%           x6_11 N  12932  12931     17
  12990 12292      510.0000    12      526.0000      510.0000   334854    3.04%          x42_40 D  12990  12989     14
  13080 12382      510.0763    76      526.0000      510.0000   336635    3.04%          x37_36 D  13080  13079     38
  13160 12462      510.0103    44      526.0000      510.0000   338586    3.04%           x30_8 D  13160  13159     19
  13220 12522      516.0000    40      526.0000      510.0000   340259    3.04%          x44_46 N  13220  13218     25
  13256 12558      517.0625    39      526.0000      510.0000   342340    3.04%           x30_7 N  13256  13255     39
  13285 12587      524.0000    16      526.0000      510.0000   343334    3.04%           x8_27 N  13285  13284     60
Elapsed time = 312.57 sec. (602788.89 ticks, tree = 42.05 MB, solutions = 1)
  13335 12630      510.1114    65      526.0000      510.0000   344775    3.04%          x33_21 D  13335  13334     27
  13380 12675      510.0393    85      526.0000      510.0000   346656    3.04%          x48_43 D  13380  13379     22
  13477 12770      510.0721    82      526.0000      510.0000   348548    3.04%           x46_7 D  13477  13476     32
  13587 12880      518.0000    13      526.0000      510.0000   350133    3.04%          x40_31 U  13587  13585     63
  13633 12926      511.0000    20      526.0000      510.0000   351752    3.04%           x26_9 U  13633  13632     21
  13669 12961      522.1250    54      526.0000      510.0000   353161    3.04%          x36_43 N  13669  13668     47
  13759 13045      523.0000    26      526.0000      510.0000   355185    3.04%          x39_49 N  13759  13757     78
  13851 13137      510.1000    34      526.0000      510.0000   356919    3.04%          x41_18 D  13851  13850     31
  13981 13267      510.0681    88      526.0000      510.0000   358641    3.04%          x46_28 D  13981  13980    134
  14053 13339      510.0000    16      526.0000      510.0000   360261    3.04%           x9_30 U  14053  14031     17
Elapsed time = 335.64 sec. (641722.75 ticks, tree = 44.52 MB, solutions = 1)
  14200 13486      510.1148    64      526.0000      510.0000   361594    3.04%          x33_16 D  14200  14199     52
  14268 13554      518.0000    18      526.0000      510.0000   363043    3.04%          x40_37 U  14268  14266     31
  14303 13575      510.0000    22      526.0000      510.0000   364543    3.04%           x29_8 D  14303  14301     24
  14392 13662        cutoff            526.0000      510.0000   366891    3.04%          x34_33 D  14392  14390     92
  14420 13688      510.0796    88      526.0000      510.0000   369052    3.04%          x33_43 D  14420  14419     25
  14544 13812      510.1356    58      526.0000      510.0000   371078    3.04%          x12_16 N  14544  14539     23
  14640 13908      510.3600    58      526.0000      510.0000   373364    3.04%          x22_30 U  14640  14639     23
  14767 14035      510.0000    23      526.0000      510.0000   374986    3.04%          x29_10 N  14767  14766     20
  14800 14064      522.0000     8      526.0000      510.0000   376680    3.04%           x29_8 N  14800  14798     42
  14861 14113      517.0263    58      526.0000      510.0000   377949    3.04%          x48_43 N  14861  14859     27
Elapsed time = 358.88 sec. (680891.83 ticks, tree = 47.85 MB, solutions = 1)
  14921 14173      510.2500    30      526.0000      510.0000   380152    3.04%          x44_46 D  14921  14920     23
  14976 14228      510.1145    92      526.0000      510.0000   382850    3.04%          x22_32 D  14976  14975     22
  15026 14278      510.1111    28      526.0000      510.0000   384882    3.04%          x44_46 D  15026  15025     27
  15048 14300      523.5000     8      526.0000      510.0000   386085    3.04%          x46_10 U  15048  15046     42
  15146 14394      516.0000    36      526.0000      510.0000   388293    3.04%          x44_46 N  15146  15144     20
  15247 14493      510.0000    22      526.0000      510.0000   390068    3.04%          x12_16 D  15247  15241     14
  15346 14592      516.6250    36      526.0000      510.0000   392231    3.04%          x22_29 N  15346  15344     18
  15385 14631      510.1667    35      526.0000      510.0000   394655    3.04%          x12_16 U  15385  15384     22
  15428 14674      517.0000    18      526.0000      510.0000   397004    3.04%          x37_36 U  15428  15426     48
  15466 14708        cutoff            526.0000      510.0000   397855    3.04%           x7_32 D  15466  15463     78
Elapsed time = 381.96 sec. (719919.61 ticks, tree = 50.77 MB, solutions = 1)
  15503 14745      510.0588    42      526.0000      510.0000   399500    3.04%           x26_9 N  15503  15502     17
  15546 14788      512.7143    30      526.0000      510.0000   400844    3.04%           x7_32 U  15546  15544     53
  15601 14833      510.0473    88      526.0000      510.0000   402034    3.04%          x46_18 D  15601  15600     44
  15743 14975      510.1467    40      526.0000      510.0000   403426    3.04%          x22_31 D  15743  15742     27
  15829 15061      515.4815    51      526.0000      510.0000   405487    3.04%          x44_46 N  15829  15827     21
  15969 15201      510.0516    68      526.0000      510.0000   407087    3.04%          x22_27 U  15969  15968     19
  16008 15240      512.5000    63      526.0000      510.0000   408343    3.04%          x25_40 N  16008   3883     19
  16063 15295      510.1879    87      526.0000      510.0000   410587    3.04%          x39_49 D  16063  16062     40
  16104 15334      519.8000    35      526.0000      510.0000   412036    3.04%           x7_32 U  16104  16103     72
  16151 15367      510.0053   101      526.0000      510.0000   413242    3.04%          x28_38 U  16151  13866     20
Elapsed time = 403.84 sec. (758573.44 ticks, tree = 53.82 MB, solutions = 1)
  16279 15495      510.0556    44      526.0000      510.0000   415094    3.04%          x38_22 U  16279  12867     20
  16348 15562      510.1381    61      526.0000      510.0000   416885    3.04%          x44_46 D  16348  16346     72
  16419 15631      510.2029    72      526.0000      510.0000   418988    3.04%          x22_40 U  16419  16418     19
  16446 15658      515.0000    18      526.0000      510.0000   420588    3.04%          x44_46 U  16446  16444     23
  16476 15686      522.6667    35      526.0000      510.0000   421031    3.04%          x13_29 N  16476  16473     46
  16500 15704      510.1000    36      526.0000      510.0000   421968    3.04%          x22_32 D  16500  16499     25
  16620 15824      510.1603    82      526.0000      510.0000   424020    3.04%          x46_42 D  16620  16619     53
  16780 15982      510.0250    66      526.0000      510.0000   425928    3.04%          x36_38 D  16780  16779     19
  16863 16065      510.8571    45      526.0000      510.0000   427951    3.04%          x25_40 D  16863   2141     26
  16904 16106      524.0000    20      526.0000      510.0000   429009    3.04%           x9_29 N  16904  16903     57
Elapsed time = 425.98 sec. (797521.66 ticks, tree = 56.61 MB, solutions = 1)
  16938 16134      510.0227    68      526.0000      510.0000   430739    3.04%          x41_36 N  16938  16937     12
  17040 16236      510.0777    83      526.0000      510.0000   432551    3.04%          x48_41 D  17040  17039     33
  17142 16338      515.6667    46      526.0000      510.0000   434535    3.04%          x44_46 N  17142  17140     34
  17200 16394      510.0429    63      526.0000      510.0000   436764    3.04%          x22_27 U  17200  17199     21
  17243 16435      515.4167    37      526.0000      510.0000   438034    3.04%          x49_38 D  17243  17242     55
  17305 16479      513.5000    47      526.0000      510.0000   439182    3.04%          x36_43 N  17305  17303     25
  17363 16537      510.0000    17      526.0000      510.0000   441548    3.04%           x40_9 N  17363  17333     17
  17474 16644      523.0000    16      526.0000      510.0000   443741    3.04%          x39_36 U  17474  17472     50
  17514 16684      510.0278    62      526.0000      510.0000   446018    3.04%           x7_34 D  17514  17513     25
  17629 16799      510.0658    82      526.0000      510.0000   448339    3.04%          x41_17 N  17629  17617     18
Elapsed time = 449.10 sec. (838562.57 ticks, tree = 60.34 MB, solutions = 1)
  17690 16860      511.0348    65      526.0000      510.0000   450126    3.04%           x17_9 N  17690  17688     18
  17720 16888      520.8846    63      526.0000      510.0000   452094    3.04%          x36_50 N  17720  17719     43
  17766 16930      511.7500    29      526.0000      510.0000   454079    3.04%          x22_31 U  17766  17764     34
  17809 16971    infeasible            526.0000      510.0000   455891    3.04%          x37_40 N  17809  17807     45
  17945 17107      510.0909    40      526.0000      510.0000   457403    3.04%          x40_37 N  17945  17944     57
  18041 17203      512.0000    16      526.0000      510.0000   458757    3.04%          x28_41 D  18041  18040     16
  18073 17235      518.0000    10      526.0000      510.0000   459210    3.04%          x41_15 D  18073  18072     42
  18098 17253      510.0110    41      526.0000      510.0000   459568    3.04%           x6_11 N  18098  12992     17
  18170 17325      510.1570    89      526.0000      510.0000   461561    3.04%          x48_43 D  18170  18169     29
  18240 17393      510.0136    63      526.0000      510.0000   463792    3.04%           x7_34 D  18240  18239     21
Elapsed time = 472.43 sec. (878311.77 ticks, tree = 62.65 MB, solutions = 1)
  18363 17514      522.0000    52      526.0000      510.0000   465663    3.04%          x33_16 N  18363  18361     29
  18433 17584      510.0000    24      526.0000      510.0000   467806    3.04%          x42_12 N  18433  18431     22
  18465 17616      510.0098    51      526.0000      510.0000   470010    3.04%           x8_12 N  18465  18464     19
  18506 17653      525.0000    22      526.0000      510.0000   471454    3.04%          x37_46 U  18506  18504     50
  18540 17680      510.0000    26      526.0000      510.0000   471830    3.04%           x8_12 D  18540  18539     15
  18644 17784      510.0176    89      526.0000      510.0000   473713    3.04%           x7_34 D  18644  18643     24
  18736 17876      519.0000    10      526.0000      510.0000   475543    3.04%          x37_41 U  18736  18734     59
  18770 17908      510.0412    70      526.0000      510.0000   477515    3.04%           x7_34 D  18770  18769     25
  18859 17997      510.0000    13      526.0000      510.0000   479102    3.04%           x40_9 U  18859  18784     18
  18960 18098      510.1047    84      526.0000      510.0000   480437    3.04%          x37_42 D  18960  18959     61
Elapsed time = 496.12 sec. (917612.46 ticks, tree = 65.81 MB, solutions = 1)
  19032 18170      512.0000    25      526.0000      510.0000   482122    3.04%          x22_27 D  19032  19030     30
  19103 18241      515.0000    12      526.0000      510.0000   484135    3.04%          x22_32 U  19103  19101     29
  19160 18298      512.0435    61      526.0000      510.0000   486019    3.04%           x26_9 N  19160  19158     35
  19200 18336      514.7893    88      526.0000      510.0000   487225    3.04%          x46_14 D  19200  19199     69
  19250 18373      510.0227    51      526.0000      510.0000   487923    3.04%          x41_18 N  19250  19249     23
  19307 18430      511.0000    22      526.0000      510.0000   489889    3.04%          x22_27 N  19307  19305     24
  19364 18487      510.0623    71      526.0000      510.0000   491540    3.04%          x36_38 D  19364  19363     28
  19479 18602      510.1059    50      526.0000      510.0000   493214    3.04%          x22_31 D  19479  19478     61
  19552 18673      512.0000    32      526.0000      510.0000   495076    3.04%          x22_27 D  19552  19551     19
  19589 18710      513.0000    16      526.0000      510.0000   497220    3.04%          x22_32 N  19589  19587     22
Elapsed time = 519.67 sec. (957458.22 ticks, tree = 68.23 MB, solutions = 1)
  19619 18740      515.5000    30      526.0000      510.0000   498353    3.04%          x36_41 N  19619  19617     43
  19670 18791      518.3077    52      526.0000      510.0000   500246    3.04%          x23_11 U  19670  19669     31
  19700 18812      510.1000    39      526.0000      510.0000   501539    3.04%          x22_32 D  19700  19699     20
  19747 18859      510.1636    77      526.0000      510.0000   503837    3.04%          x37_36 D  19747  19746     35
  19833 18945      510.1080    81      526.0000      510.0000   505702    3.04%          x49_43 D  19833  19832     91
  19929 19041      510.0491    91      526.0000      510.0000   507466    3.04%          x22_32 N  19929  19927     26
  20040 19152      510.1606    57      526.0000      510.0000   508891    3.04%          x41_46 D  20040  20039     70
  20094 19206      510.0441    69      526.0000      510.0000   510755    3.04%          x28_17 U  20094  20078     14
  20123 19233      522.4000    34      526.0000      510.0000   512136    3.04%          x12_24 D  20123  20122     35
  20171 19273      510.0760    75      526.0000      510.0000   513662    3.04%          x36_38 D  20171  20170     23
Elapsed time = 542.12 sec. (996664.91 ticks, tree = 71.35 MB, solutions = 1)
  20269 19371      525.0000    12      526.0000      510.0000   515534    3.04%          x34_33 N  20269  20267     95
  20357 19459      510.1111    33      526.0000      510.0000   517132    3.04%           x7_34 D  20357  20356     22
  20441 19539      510.1287    66      526.0000      510.0000   518720    3.04%          x33_26 D  20441  20440     53
  20483 19579      518.3607    57      526.0000      510.0000   521261    3.04%          x21_46 U  20483  20481     40
  20533 19621    infeasible            526.0000      510.0000   523060    3.04%          x35_16 N  20533  20532     82
  20581 19665      513.0000     8      526.0000      510.0000   525085    3.04%          x22_28 U  20581  20579     19
  20610 19694      510.4697    70      526.0000      510.0000   526757    3.04%          x22_30 U  20610  20609     22
  20698 19782      519.3000    62      526.0000      510.0000   529324    3.04%          x33_16 N  20698  20696     26
  20756 19840      510.0000    22      526.0000      510.0000   530748    3.04%          x41_36 N  20756  20728     12
  20794 19876    infeasible            526.0000      510.0000   533439    3.04%          x48_41 N  20794  20792     29
Elapsed time = 567.08 sec. (1037151.73 ticks, tree = 74.86 MB, solutions = 1)
  20826 19904      511.0000    16      526.0000      510.0000   534405    3.04%          x42_27 D  20826  20824     23
  20851 19928      511.5690    51      526.0000      510.0000   536089    3.04%           x7_32 D  20851  20849     19
  20887 19964      510.0898   100      526.0000      510.0000   537721    3.04%           x7_32 U  20887  20886     22
  20934 20009      519.3060    84      526.0000      510.0000   540086    3.04%          x36_43 N  20934  20931     22
  20963 20036      514.2000    29      526.0000      510.0000   540891    3.04%           x6_32 D  20963  20962     46
  20995 20061      524.0000    37      526.0000      510.0000   541609    3.04%          x37_45 N  20995  20994     71
  21044 20106      510.0732    93      526.0000      510.0000   543045    3.04%          x40_37 D  21044  21043     27
  21181 20243      510.1890    79      526.0000      510.0000   544178    3.04%          x38_22 D  21181  21180     19
  21210 20272      510.1234    74      526.0000      510.0000   545183    3.04%           x7_34 D  21210  21209     29
  21252 20314      511.0000    18      526.0000      510.0000   547140    3.04%          x22_30 D  21252  21250     26
Elapsed time = 590.59 sec. (1076775.10 ticks, tree = 76.88 MB, solutions = 1)
  21290 20348      522.1667    65      526.0000      510.0000   548708    3.04%          x22_47 D  21290  21288     49
  21320 20372      510.4737    71      526.0000      510.0000   550085    3.04%           x6_11 N  21320  21319     24
  21344 20396      510.2308    65      526.0000      510.0000   552357    3.04%           x26_9 N  21344  21343     18
  21390 20442      510.0000    29      526.0000      510.0000   554417    3.04%           x6_11 N  21390  21389     16
  21402 20454      510.0000    18      526.0000      510.0000   556342    3.04%          x29_10 U  21402  21400     16
  21439 20491      522.0000    12      526.0000      510.0000   557956    3.04%          x38_14 D  21439  21438     44
  21461 20509      512.0000    15      526.0000      510.0000   559233    3.04%          x22_27 N  21461  21460     21
  21520 20568      510.0517    69      526.0000      510.0000   561172    3.04%          x33_43 N  21520  21519     22
  21600 20648      510.0668    91      526.0000      510.0000   562670    3.04%           x7_32 U  21600  21599     44
  21720 20768      510.1495    75      526.0000      510.0000   564184    3.04%          x22_34 D  21720  21719     24
Elapsed time = 614.78 sec. (1117005.20 ticks, tree = 79.21 MB, solutions = 1)
  21780 20828      518.1818    68      526.0000      510.0000   566344    3.04%          x23_20 N  21780  21779     19
  21810 20848      510.1538    65      526.0000      510.0000   567822    3.04%          x36_40 D  21810  21809     14
  21823 20861      516.0000    50      526.0000      510.0000   570402    3.04%          x48_43 U  21823  21821     21
  21889 20927      510.1375    91      526.0000      510.0000   572109    3.04%          x47_40 D  21889  21888     64
  22009 21045      510.0888   112      526.0000      510.0000   573719    3.04%          x39_40 D  22009  22008     36
  22094 21128      510.5417    66      526.0000      510.0000   575176    3.04%          x22_30 U  22094  22093     16
  22142 21176      510.1392    64      526.0000      510.0000   576983    3.04%          x38_36 D  22142  22141     46
  22184 21216      516.0000    26      526.0000      510.0000   578680    3.04%          x37_36 N  22184  22182     29
  22217 21243      510.0526    42      526.0000      510.0000   579312    3.04%          x22_28 N  22217  22216     23
  22290 21314      510.0290    42      526.0000      510.0000   580671    3.04%           x8_12 N  22290  22289     19
Elapsed time = 639.16 sec. (1157193.54 ticks, tree = 81.69 MB, solutions = 1)
  22348 21372      510.0446    71      526.0000      510.0000   582239    3.04%          x14_20 N  22348  22347     19
  22418 21442      510.1262    69      526.0000      510.0000   583366    3.04%           x7_34 D  22418  22417     35
  22523 21547      510.1132    67      526.0000      510.0000   585003    3.04%          x36_43 D  22523  22522     14
  22570 21594      511.1946    60      526.0000      510.0000   586300    3.04%          x46_36 D  22570  22569     32
  22610 21632      523.7500    20      526.0000      510.0000   587216    3.04%          x41_17 U  22610  22608     66
  22665 21681      510.0696    73      526.0000      510.0000   588691    3.04%          x33_43 D  22665  22664     20
  22738 21754      519.0000    41      526.0000      510.0000   590760    3.04%           x7_34 U  22738  22736     18
  22812 21828      510.0200    64      526.0000      510.0000   592253    3.04%          x33_16 D  22812  22811     25
  22880 21896      510.0504    90      526.0000      510.0000   594225    3.04%          x33_35 D  22880  22879     25
  23038 22054      510.1472    82      526.0000      510.0000   595567    3.04%           x8_38 D  23038  23037    119
Elapsed time = 662.89 sec. (1196315.72 ticks, tree = 84.81 MB, solutions = 1)
  23083 22099      510.1030    81      526.0000      510.0000   597589    3.04%          x12_16 U  23083  23082     24
  23120 22136      511.9048    51      526.0000      510.0000   599355    3.04%          x36_43 D  23120  23119     37
  23139 22155      518.5000    18      526.0000      510.0000   600251    3.04%          x39_36 U  23139  23136     50
  23166 22178      516.7500    49      526.0000      510.0000   601834    3.04%          x44_46 N  23166  23164     35
  23200 22212      510.1455    72      526.0000      510.0000   603466    3.04%          x36_38 D  23200  23199     29
  23285 22295      518.5000    36      526.0000      510.0000   605498    3.04%           x7_34 N  23285  23283     21
  23400 22410      510.1443    85      526.0000      510.0000   606976    3.04%          x14_21 D  23400  23399    108
  23518 22528      510.0392    58      526.0000      510.0000   608032    3.04%          x15_41 N  23518  23517     20
  23564 22574      510.1018    76      526.0000      510.0000   609986    3.04%          x48_43 D  23564  23563     24
  23600 22610      510.2598    59      526.0000      510.0000   611330    3.04%          x36_38 D  23600  23599     27
Elapsed time = 688.08 sec. (1238168.09 ticks, tree = 87.41 MB, solutions = 1)
  23632 22631      510.2500    33      526.0000      510.0000   613142    3.04%          x42_27 N  23632  23631     22
  23675 22674      510.4138    75      526.0000      510.0000   615278    3.04%           x6_11 N  23675  23674     26
  23745 22744      510.1342    70      526.0000      510.0000   616952    3.04%          x33_21 D  23745  23744     36
  23792 22791      511.0000    31      526.0000      510.0000   619355    3.04%          x22_27 D  23792  23790     23
  23835 22832      522.0000    18      526.0000      510.0000   620616    3.04%           x38_7 N  23835  23834     51
  23916 22908      524.5000    49      526.0000      510.0000   622315    3.04%          x40_37 N  23916  23914     73
  23997 22989      510.1614    85      526.0000      510.0000   623903    3.04%          x36_50 D  23997  23996     46
  24011 23003      510.0714    60      526.0000      510.0000   625105    3.04%          x36_43 D  24011  24010     28
  24086 23078      512.0000    36      526.0000      510.0000   627983    3.04%          x22_27 N  24086  24084     25
  24133 23125      518.0000     8      526.0000      510.0000   629870    3.04%          x37_38 U  24133  24131     29
Elapsed time = 712.64 sec. (1279108.21 ticks, tree = 89.62 MB, solutions = 1)
  24202 23192      510.0278    40      526.0000      510.0000   631835    3.04%          x36_43 D  24202  24200     24
  24240 23226      522.1875    65      526.0000      510.0000   633550    3.04%          x49_38 N  24240  24239     53
  24311 23291      510.1333    67      526.0000      510.0000   635376    3.04%          x33_24 D  24311  24310     66
  24390 23368      510.0854    61      526.0000      510.0000   637200    3.04%          x48_43 D  24390  24389     32
  24421 23399      510.0278    42      526.0000      510.0000   638781    3.04%          x16_27 D  24421  24420     20
  24509 23486      510.0966    92      526.0000      510.0000   640871    3.04%          x31_36 D  24509  24508     79
  24568 23545      510.0121    85      526.0000      510.0000   643325    3.04%          x15_41 N  24568  24445     16
  24603 23578        cutoff            526.0000      510.0000   645693    3.04%          x33_46 U  24603  24601     27
  24629 23604      510.0085    50      526.0000      510.0000   647541    3.04%          x33_16 D  24629  24628     17
  24720 23693      510.0256    50      526.0000      510.0000   649189    3.04%          x15_40 D  24720  24719     16
Elapsed time = 735.84 sec. (1318892.48 ticks, tree = 92.28 MB, solutions = 1)
  24773 23746      514.1455    76      526.0000      510.0000   650959    3.04%           x26_9 U  24773  24772     28
  24799 23764        cutoff            526.0000      510.0000   651685    3.04%          x48_51 U  24799  24797     46
  24820 23785      510.1667    48      526.0000      510.0000   652257    3.04%           x29_8 D  24820  24819     21
  24878 23843      510.0531    69      526.0000      510.0000   653817    3.04%          x37_41 D  24878  24877     49
  24970 23933      510.1092    64      526.0000      510.0000   654757    3.04%          x33_16 D  24970  24969     26
  25011 23974      510.0219    47      526.0000      510.0000   656547    3.04%          x28_38 D  25011  25010     24
  25126 24089      510.1667    31      526.0000      510.0000   657864    3.04%          x37_36 N  25126  25125     38
  25219 24182      510.1444    46      526.0000      510.0000   658948    3.04%          x34_33 U  25219  25218    112
  25309 24272      510.1177    87      526.0000      510.0000   660517    3.04%          x33_15 D  25309  25308     95
  25351 24312      511.0000    15      526.0000      510.0000   662105    3.04%          x38_22 D  25351  25350     38
Elapsed time = 759.38 sec. (1357944.55 ticks, tree = 94.96 MB, solutions = 1)
  25390 24349      511.5952    42      526.0000      510.0000   662900    3.04%          x34_35 D  25390  25389     70
  25437 24382      510.0916    62      526.0000      510.0000   663748    3.04%          x33_26 D  25437  25436     39
  25500 24445      510.0409    78      526.0000      510.0000   665827    3.04%           x33_9 D  25500  25499     49
  25589 24534      510.0829    80      526.0000      510.0000   666855    3.04%          x28_38 N  25589  25475     26
  25634 24579      510.0627    52      526.0000      510.0000   667995    3.04%          x46_38 N  25634  25633     52
  25736 24681      510.0472    53      526.0000      510.0000   669380    3.04%          x37_36 D  25736  25735     38
  25858 24803      510.1255    71      526.0000      510.0000   670624    3.04%          x33_20 D  25858  25857     58
  25967 24912      510.1464    61      526.0000      510.0000   671812    3.04%          x49_41 D  25967  25966    115
  26028 24971      510.1361    67      526.0000      510.0000   673657    3.04%          x33_20 D  26028  26027     66
  26104 25047      510.0542    51      526.0000      510.0000   675880    3.04%          x33_15 D  26104  26103     65
Elapsed time = 782.19 sec. (1396554.10 ticks, tree = 98.63 MB, solutions = 1)
  26191 25134      510.1167    57      526.0000      510.0000   677037    3.04%          x33_41 D  26191  26190     41
  26226 25169      522.7826    66      526.0000      510.0000   679153    3.04%          x42_34 N  26226  26224     36
  26273 25209      525.0000     8      526.0000      510.0000   680696    3.04%          x46_22 U  26273  26271     42
  26369 25305      511.5000    40      526.0000      510.0000   682194    3.04%          x20_25 N  26369   3574     19
  26438 25374      521.0000    40      526.0000      510.0000   684038    3.04%          x36_38 N  26438  26436     27
  26485 25419      510.1304    71      526.0000      510.0000   686091    3.04%          x48_43 N  26485  26484     28
  26538 25472      510.1515    45      526.0000      510.0000   687662    3.04%          x48_51 D  26538  26537     37
  26624 25558      510.0192    66      526.0000      510.0000   689384    3.04%          x22_32 D  26624  26623     20
  26684 25618      517.0000    31      526.0000      510.0000   691834    3.04%          x44_46 N  26684  26683     26
  26731 25663      519.8000    44      526.0000      510.0000   693243    3.04%          x10_42 U  26731  26729     33
Elapsed time = 806.81 sec. (1436408.54 ticks, tree = 101.27 MB, solutions = 1)
  26770 25693      510.1199    86      526.0000      510.0000   694314    3.04%          x37_40 D  26770  26769     30
  26800 25723      510.0992    78      526.0000      510.0000   695348    3.04%          x39_49 D  26800  26799     24
  26890 25813      510.0492    75      526.0000      510.0000   696896    3.04%          x36_38 D  26890  26889     29
  26965 25888      510.0377    44      526.0000      510.0000   698764    3.04%           x8_12 D  26965  26964     25
  27034 25957      510.0000    22      526.0000      510.0000   700599    3.04%           x30_7 U  27034  24806     23
  27071 25994      521.7500    71      526.0000      510.0000   702662    3.04%          x33_16 U  27071  27069     20
  27101 26014      510.0319    74      526.0000      510.0000   703804    3.04%          x28_38 N  27101  24379     23
  27163 26076      510.0278    49      526.0000      510.0000   705493    3.04%          x12_16 N  27163  12904     17
  27200 26113      510.1389    74      526.0000      510.0000   707213    3.04%          x38_22 D  27200  27199     18
  27234 26147      510.0965    77      526.0000      510.0000   708862    3.04%          x46_18 D  27234  27233     28
Elapsed time = 830.43 sec. (1476512.74 ticks, tree = 103.43 MB, solutions = 1)
  27317 26228      518.0000    28      526.0000      510.0000   711247    3.04%          x46_18 U  27317  27315     28
  27346 26255      515.0000     8      526.0000      510.0000   712396    3.04%           x27_9 D  27346  27345     52
  27376 26274      524.0000    18      526.0000      510.0000   713069    3.04%           x9_41 N  27376  27375     74
  27453 26345      510.1431    80      526.0000      510.0000   714273    3.04%          x11_16 D  27453  27452     58
  27562 26454      510.1268    87      526.0000      510.0000   715716    3.04%          x33_46 D  27562  27561     30
  27640 26528      510.0000    11      526.0000      510.0000   717688    3.04%           x29_7 D  27640  27639     15
  27754 26642      519.0000     8      526.0000      510.0000   719503    3.04%          x33_16 U  27754  27752     21
  27832 26720      510.1000    33      526.0000      510.0000   721010    3.04%          x47_40 D  27832  27831     78
  27910 26798      510.1538    38      526.0000      510.0000   722702    3.04%          x16_40 D  27910  27909     22
  27950 26836      510.2222    34      526.0000      510.0000   724395    3.04%           x29_7 U  27950  27921     18
Elapsed time = 855.39 sec. (1516811.53 ticks, tree = 107.23 MB, solutions = 1)
  27977 26861        cutoff            526.0000      510.0000   726648    3.04%           x7_34 U  27977  27975     31
  28002 26882      510.0000    16      526.0000      510.0000   727242    3.04%          x23_11 D  28002  27956     16
  28031 26911      520.7000    57      526.0000      510.0000   729588    3.04%          x37_41 U  28031  28029     37
  28065 26945      517.0000    60      526.0000      510.0000   731839    3.04%          x33_43 N  28065  28063     20
  28092 26972      510.0833    41      526.0000      510.0000   733314    3.04%          x33_16 D  28092  28091     27
  28124 27004      519.2258    50      526.0000      510.0000   735025    3.04%          x42_12 U  28124  28123     29
  28143 27017      510.4208    69      526.0000      510.0000   735505    3.04%          x12_16 N  28143  28116     24
  28162 27036      513.3750    35      526.0000      510.0000   736845    3.04%          x11_26 U  28162  28160     25
  28212 27086      511.0000    24      526.0000      510.0000   738700    3.04%          x30_31 D  28212  28210     19
  28291 27165      510.1585    93      526.0000      510.0000   739885    3.04%          x39_41 N  28291  28290     73
Elapsed time = 880.02 sec. (1557227.61 ticks, tree = 108.70 MB, solutions = 1)
  28317 27189      521.5000    18      526.0000      510.0000   742156    3.04%          x22_29 U  28317  28315     38
  28339 27205      511.0000    18      526.0000      510.0000   742730    3.04%          x22_27 N  28339  28337     22
  28371 27237      512.0000    28      526.0000      510.0000   744218    3.04%          x22_27 N  28371  28369     21
  28417 27281        cutoff            526.0000      510.0000   747062    3.04%          x37_40 N  28417  28415     31
  28439 27303      516.7143    49      526.0000      510.0000   749071    3.04%          x36_41 U  28439  28437     30
  28467 27329      510.1047    58      526.0000      510.0000   750959    3.04%          x33_43 D  28467  28466     24
  28480 27342      513.0714    56      526.0000      510.0000   753589    3.04%           x7_34 N  28480  28478     13
  28499 27361      521.0000    11      526.0000      510.0000   754210    3.04%           x26_9 N  28499  28498     29
  28530 27384      523.6822    73      526.0000      510.0000   754628    3.04%          x18_40 N  28530  28528     55
  28569 27417      517.5000    22      526.0000      510.0000   756465    3.04%          x22_32 U  28569  28568     18
Elapsed time = 905.13 sec. (1599015.59 ticks, tree = 110.38 MB, solutions = 1)
  28601 27449      510.0667    58      526.0000      510.0000   758185    3.04%           x26_9 D  28601  28596     20
  28650 27496      510.0753    69      526.0000      510.0000   759681    3.04%          x33_46 D  28650  28649     28
  28685 27531      510.1739    65      526.0000      510.0000   761371    3.04%          x41_36 D  28685  28684     11
  28794 27638      510.1281    71      526.0000      510.0000   762713    3.04%           x11_7 D  28794  28793     65
  28826 27670      517.0000    44      526.0000      510.0000   765064    3.04%          x33_43 U  28826  28824     25
  28847 27691      514.4048    53      526.0000      510.0000   765800    3.04%          x38_14 D  28847  28846     38
  28875 27711      524.7778    49      526.0000      510.0000   766169    3.04%          x33_35 D  28875  28873     56
  28903 27737      510.0000    20      526.0000      510.0000   767631    3.04%          x42_38 D  28903   4190     35
  28931 27765      510.1089    75      526.0000      510.0000   769506    3.04%          x22_32 D  28931  28930     18
  29019 27853      510.0141    75      526.0000      510.0000   771059    3.04%          x36_40 D  29019  29018     20
Elapsed time = 928.66 sec. (1637845.87 ticks, tree = 112.44 MB, solutions = 1)
  29149 27983      510.1537    87      526.0000      510.0000   771983    3.04%          x10_17 D  29149  29148    150
  29180 28012      516.2500    33      526.0000      510.0000   773815    3.04%          x44_46 U  29180  29178     28
  29200 28032      510.2949    63      526.0000      510.0000   775446    3.04%          x30_31 U  29200  29199     19
  29223 28055      513.2500    21      526.0000      510.0000   776722    3.04%          x27_12 U  29223  29222     31
  29243 28075      520.3571    69      526.0000      510.0000   776962    3.04%          x16_12 D  29243  29241     46
  29290 28112      513.7500    29      526.0000      510.0000   778671    3.04%          x22_31 U  29290   4410     39
  29326 28148      511.0000     8      526.0000      510.0000   780531    3.04%          x42_22 U  29326  29324     26
  29400 28222      510.1104    63      526.0000      510.0000   781956    3.04%          x22_46 D  29400  29399     70
  29431 28253      520.8333    56      526.0000      510.0000   783933    3.04%          x36_38 N  29431  29429     33
  29446 28266        cutoff            526.0000      510.0000   786027    3.04%          x33_14 U  29446  29444     44
Elapsed time = 953.39 sec. (1678130.87 ticks, tree = 114.37 MB, solutions = 1)
  29469 28285      524.0000    19      526.0000      510.0000   786795    3.04%           x9_29 D  29469  29468     62
  29503 28311      517.2778    70      526.0000      510.0000   787851    3.04%          x44_46 N  29503  29502     43
  29567 28375      512.2500    25      526.0000      510.0000   789319    3.04%           x9_38 U  29567   3158     28
  29617 28425      525.0000     8      526.0000      510.0000   791082    3.04%          x33_26 U  29617  29615     37
  29652 28460      510.0000    21      526.0000      510.0000   792940    3.04%          x27_12 U  29652  29651     19
  29682 28490      513.0000    26      526.0000      510.0000   795221    3.04%          x22_32 N  29682  29680     22
  29699 28506      525.0000    20      526.0000      510.0000   796491    3.04%          x33_16 N  29699  29696     32
  29727 28532      510.0599    77      526.0000      510.0000   797931    3.04%          x22_32 D  29727  29726     23
  29785 28588      513.0588    49      526.0000      510.0000   799744    3.04%          x33_16 N  29785  29783     22
  29843 28644      510.0682    69      526.0000      510.0000   801469    3.04%          x15_41 U  29843  29650     18
Elapsed time = 977.87 sec. (1718231.65 ticks, tree = 116.65 MB, solutions = 1)
  29873 28674      510.0714    36      526.0000      510.0000   803057    3.04%          x16_38 D  29873  29872     22
  29932 28733      510.1005    64      526.0000      510.0000   804907    3.04%          x44_46 D  29932  29931     32
  29984 28783      513.0000    20      526.0000      510.0000   806699    3.04%          x22_31 U  29984  29982     33
  30003 28798      519.6667    25      526.0000      510.0000   807697    3.04%          x37_38 N  30003  30001     46
  30046 28834      522.8182    32      526.0000      510.0000   808553    3.04%          x13_42 N  30046  30044     82
  30090 28867      510.0113    86      526.0000      510.0000   809510    3.04%          x36_43 D  30090  30089     24
  30187 28964      510.1572    93      526.0000      510.0000   810978    3.04%          x14_21 D  30187  30186     97
  30238 29015      512.0000    26      526.0000      510.0000   812574    3.04%          x22_27 N  30238  30236     27
  30307 29084      524.0000    67      526.0000      510.0000   814624    3.04%          x48_31 N  30307  30305     25
  30398 29175      510.1305   108      526.0000      510.0000   815944    3.04%          x46_37 D  30398  30397     98
Elapsed time = 1001.41 sec. (1757922.52 ticks, tree = 119.15 MB, solutions = 1)
  30432 29209      510.4312    81      526.0000      510.0000   817827    3.04%          x30_12 N  30432  30430     26
  30480 29257      511.2500    23      526.0000      510.0000   819503    3.04%          x42_27 U  30480  30479     28
  30535 29298      521.7500    44      526.0000      510.0000   820266    3.04%          x46_30 N  30535  30534     74
  30628 29385      510.0909    66      526.0000      510.0000   821539    3.04%          x36_43 D  30628  30627     21
  30719 29476      510.1500    51      526.0000      510.0000   822938    3.04%          x46_32 N  30719  30718     87
  30755 29512      510.0409    83      526.0000      510.0000   824829    3.04%          x33_43 D  30755  30754     28
  30803 29560      514.0000    33      526.0000      510.0000   825906    3.04%          x48_51 U  30803  30801     59
  30884 29639      510.0103    83      526.0000      510.0000   827811    3.04%          x36_43 D  30884  30883     17
  30920 29675      510.1111    39      526.0000      510.0000   829845    3.04%          x33_26 D  30920  30919     28
  30989 29742      510.1033    95      526.0000      510.0000   831503    3.04%          x44_46 D  30989  30988     46
Elapsed time = 1023.68 sec. (1796446.54 ticks, tree = 122.08 MB, solutions = 1)
  31026 29779      510.0621    86      526.0000      510.0000   833246    3.04%          x33_43 D  31026  31025     30
  31063 29816      518.0492    43      526.0000      510.0000   834954    3.04%          x42_27 N  31063  31062     37
  31085 29836      523.3333    55      526.0000      510.0000   835452    3.04%          x11_21 N  31085  31084     54
  31140 29883      510.1379    84      526.0000      510.0000   836844    3.04%          x46_12 D  31140  31139     52
  31209 29952      510.1047    94      526.0000      510.0000   837440    3.04%           x8_34 D  31209  31208     76
  31321 30064      510.1667    42      526.0000      510.0000   838664    3.04%          x14_20 D  31321  31320     91
  31384 30125      517.8000    66      526.0000      510.0000   840606    3.04%          x33_16 U  31384  31382     18
  31449 30190      510.1265    84      526.0000      510.0000   841899    3.04%          x20_33 D  31449  31448     67
  31537 30278      510.0000    18      526.0000      510.0000   843208    3.04%          x41_36 U  31537  31393     12
  31590 30329      510.0259    96      526.0000      510.0000   846013    3.04%           x6_11 N  31590  31589     15
Elapsed time = 1048.62 sec. (1837534.14 ticks, tree = 124.85 MB, solutions = 1)
  31603 30342      516.5000    36      526.0000      510.0000   848430    3.04%          x44_46 U  31603  31602     25
  31693 30430      510.1511    94      526.0000      510.0000   849559    3.04%          x41_34 D  31693  31692     43
  31730 30467      510.1020    79      526.0000      510.0000   851381    3.04%          x36_41 D  31730  31729     36
  31780 30517      510.0445    86      526.0000      510.0000   853143    3.04%          x22_27 U  31780  31779     22
  31840 30577      510.0682    62      526.0000      510.0000   854945    3.04%          x33_21 D  31840  31838     24
  31870 30607      510.0286    40      526.0000      510.0000   856983    3.04%          x16_27 D  31870  31869     20
  31893 30630      512.6667    54      526.0000      510.0000   858679    3.04%          x28_38 U  31893  31890     21
  31921 30658      525.0000    10      526.0000      510.0000   859681    3.04%          x18_38 N  31921  31920     43
  32000 30733      510.0482    99      526.0000      510.0000   860762    3.04%          x37_42 D  32000  31999     87
  32091 30824      521.5000    22      526.0000      510.0000   863129    3.04%          x40_37 U  32091  32089     38
Elapsed time = 1075.23 sec. (1880272.74 ticks, tree = 127.71 MB, solutions = 1)
  32130 30863      510.0161    46      526.0000      510.0000   864882    3.04%           x7_34 D  32130  32129     19
  32222 30955      510.0000     8      526.0000      510.0000   868406    3.04%           x40_9 D  32222  32221     22
  32264 30997      518.0000    47      526.0000      510.0000   871317    3.04%           x7_34 N  32264  32262     27
  32325 31058      510.0395    92      526.0000      510.0000   872863    3.04%          x22_32 D  32325  32324     35
  32400 31133      510.0610    84      526.0000      510.0000   874644    3.04%          x48_43 D  32400  32399     28
  32488 31219      510.1371    91      526.0000      510.0000   876238    3.04%          x31_36 D  32488  32487     82
  32580 31311      510.1316    38      526.0000      510.0000   877962    3.04%          x37_46 D  32580  32579     77
  32640 31371      510.0609    47      526.0000      510.0000   879706    3.04%          x22_41 D  32640  32639     40
  32728 31459      511.0528    70      526.0000      510.0000   881451    3.04%          x33_43 D  32728  32726     24
  32793 31524      510.0851    70      526.0000      510.0000   882828    3.04%          x22_42 D  32793  32792     79
Elapsed time = 1103.60 sec. (1925188.30 ticks, tree = 131.28 MB, solutions = 1)
  32856 31587      510.0000    29      526.0000      510.0000   884405    3.04%           x26_9 N  32856  32854     20
  32879 31610      518.0000    18      526.0000      510.0000   886586    3.04%          x48_51 U  32879  32877     37
  32901 31632      522.0000    19      526.0000      510.0000   886901    3.04%          x28_38 U  32901  32898     55
  32921 31646        cutoff            526.0000      510.0000   887339    3.04%          x10_38 D  32921  32919     70
  32944 31667      510.0625    41      526.0000      510.0000   889319    3.04%          x36_43 D  32944  32943     22
  32970 31693      510.0000    20      526.0000      510.0000   891359    3.04%           x9_18 D  32970  32969     20
  33070 31793      515.0000    16      526.0000      510.0000   892344    3.04%          x22_32 U  33070  33069     26
  33144 31867      516.0000    17      526.0000      510.0000   893765    3.04%           x8_29 N  33144  33142     61
  33217 31940      510.1294    68      526.0000      510.0000   894839    3.04%          x11_16 D  33217  33216     30
  33276 31999      510.0609    83      526.0000      510.0000   896039    3.04%          x20_16 D  33276  33275     44
Elapsed time = 1127.00 sec. (1964679.53 ticks, tree = 133.55 MB, solutions = 1)
  33355 32076      510.0833    75      526.0000      510.0000   896813    3.04%          x11_20 D  33355  33354     32
  33418 32139      515.2159    59      526.0000      510.0000   897594    3.04%           x7_34 D  33418  33417     34
  33441 32153      510.0638    45      526.0000      510.0000   898498    3.04%          x41_29 N  33441  33329     20
  33521 32233      510.3214    44      526.0000      510.0000   899407    3.04%           x29_7 U  33521  33103     22
  33579 32291      510.1443    81      526.0000      510.0000   900682    3.04%          x11_23 D  33579  33578     49
  33660 32372      510.1538    68      526.0000      510.0000   901731    3.04%          x31_36 D  33660  33659     43
  33700 32412      510.1143    44      526.0000      510.0000   903206    3.04%          x36_43 D  33700  33699     22
  33784 32496      510.0968    47      526.0000      510.0000   904187    3.04%          x15_29 N  33784  33783     26
  33803 32515      518.5833    35      526.0000      510.0000   904668    3.04%           x38_7 N  33803  33802     39
  33830 32532      524.6667    22      526.0000      510.0000   904954    3.04%          x14_25 U  33830  33829     60
Elapsed time = 1149.03 sec. (2003760.54 ticks, tree = 136.10 MB, solutions = 1)
  33859 32555      515.1875    35      526.0000      510.0000   906276    3.04%          x36_43 U  33859  33857     26
  33953 32649      510.0300    52      526.0000      510.0000   907161    3.04%          x22_41 D  33953  33952     22
  34047 32743      510.0935    73      526.0000      510.0000   907942    3.04%          x22_29 D  34047  34046     39
  34128 32824      510.0147    47      526.0000      510.0000   909055    3.04%          x15_29 U  34128  34122     24
  34217 32911      516.0000    14      526.0000      510.0000   910145    3.04%          x22_32 U  34217  34215     27
  34247 32941      518.2727    44      526.0000      510.0000   911107    3.04%          x11_16 N  34247  34245     40
  34295 32981      510.1259    72      526.0000      510.0000   911772    3.04%          x13_16 D  34295  34294     53
  34377 33063      510.0856    56      526.0000      510.0000   912594    3.04%          x14_21 D  34377  34376     82
  34440 33126      510.1296    83      526.0000      510.0000   913668    3.04%          x20_16 D  34440  34439     41
  34534 33220      510.0762    88      526.0000      510.0000   915057    3.04%          x48_46 D  34534  34533     54
Elapsed time = 1171.86 sec. (2042456.20 ticks, tree = 140.81 MB, solutions = 1)
  34613 33297      510.0156    88      526.0000      510.0000   916320    3.04%          x33_43 D  34613  34612     24
  34701 33385      510.1111    30      526.0000      510.0000   917880    3.04%            x7_9 D  34701  34700     31
  34738 33422      512.0000    22      526.0000      510.0000   919591    3.04%          x22_31 U  34738  34736     29
  34834 33518      510.1322    72      526.0000      510.0000   920494    3.04%          x39_41 D  34834  34833    103
  34936 33620      510.0977    78      526.0000      510.0000   921612    3.04%          x31_32 D  34936  34935     42
  35031 33711      510.0581    61      526.0000      510.0000   922902    3.04%          x50_46 D  35031  35030     47
  35123 33803      521.0944    75      526.0000      510.0000   924468    3.04%          x40_37 N  35123  35121     37
  35167 33845      518.0000    14      526.0000      510.0000   925656    3.04%          x11_41 U  35167  35165     72
  35181 33856      524.0000    22      526.0000      510.0000   926263    3.04%          x23_46 N  35181  35179     81
  35236 33908      524.8333    71      526.0000      510.0000   928150    3.04%          x33_46 N  35236  35234     15
Elapsed time = 1196.86 sec. (2082236.63 ticks, tree = 144.39 MB, solutions = 1)
  35274 33946      510.0932    89      526.0000      510.0000   929530    3.04%          x44_46 D  35274  35273     22
  35356 34026      510.0325    67      526.0000      510.0000   930914    3.04%          x36_43 D  35356  35355     15
  35460 34130      510.0431    73      526.0000      510.0000   932065    3.04%          x33_46 D  35460  35459     18
  35540 34210      510.0794    47      526.0000      510.0000   933623    3.04%          x33_21 D  35540  35538     20
  35627 34297      510.0643    77      526.0000      510.0000   934596    3.04%          x28_41 U  35627  35553     17
  35706 34374      510.0301    85      526.0000      510.0000   936095    3.04%          x36_38 D  35706  35705     21
  35786 34454      510.0542    86      526.0000      510.0000   937038    3.04%          x31_32 D  35786  35785     50
  35869 34537      510.0124    78      526.0000      510.0000   937899    3.04%          x10_38 D  35869  35868     34
  35941 34609      515.0000    22      526.0000      510.0000   939126    3.04%          x23_20 U  35941  35940    104
  35981 34649      512.0588    27      526.0000      510.0000   940413    3.04%          x11_26 U  35981  35978     28
Elapsed time = 1221.94 sec. (2120853.95 ticks, tree = 147.99 MB, solutions = 1)
  35995 34661      520.2000    20      526.0000      510.0000   941146    3.04%          x38_22 U  35995  35993     37
  36025 34687      524.7500    65      526.0000      510.0000   943039    3.04%          x48_38 N  36025  36023     25
  36044 34704      511.1092    70      526.0000      510.0000   944669    3.04%          x10_38 U  36044  36042     22
  36126 34786      510.1472    56      526.0000      510.0000   945519    3.04%          x11_38 D  36126  36125    102
  36203 34863      510.1061    65      526.0000      510.0000   946869    3.04%          x10_17 D  36203  36202     85
  36265 34925      510.0670    94      526.0000      510.0000   947786    3.04%          x48_38 D  36265  36264     30
  36360 35020      510.1221    70      526.0000      510.0000   949006    3.04%          x50_46 D  36360  36359     52
  36402 35060      510.1433    98      526.0000      510.0000   950760    3.04%          x26_12 N  36402  36022     24
  36420 35078      521.0000     0      526.0000      510.0000   952213    3.04%          x22_42 U  36420  36418     33
  36426 35080      510.1091    68      526.0000      510.0000   954410    3.04%          x36_43 N  36426  36425     25
Elapsed time = 1247.73 sec. (2160849.89 ticks, tree = 150.10 MB, solutions = 1)
  36465 35119      518.0000     8      526.0000      510.0000   955770    3.04%          x46_38 N  36465  36463     51
  36521 35175      510.1328   101      526.0000      510.0000   956755    3.04%          x39_36 D  36521  36520     47
  36607 35259      517.0000    10      526.0000      510.0000   958543    3.04%          x42_36 U  36607  36605     39
  36653 35305      518.0000    20      526.0000      510.0000   960597    3.04%          x33_43 U  36653  36650     28
  36731 35383      510.0679    75      526.0000      510.0000   962313    3.04%          x33_46 D  36731  36730     22
  36802 35454      510.1328   100      526.0000      510.0000   963052    3.04%          x46_38 D  36802  36801     48
  36844 35496      510.0944    88      526.0000      510.0000   964536    3.04%          x39_49 D  36844  36843     25
  36897 35549      511.2439    55      526.0000      510.0000   966315    3.04%           x6_11 N  36897  36895     38
  36920 35566      511.3313    71      526.0000      510.0000   968437    3.04%          x37_36 D  36920  36918     57
  36948 35590      521.5200    44      526.0000      510.0000   969921    3.04%          x37_46 N  36948  36947     78
Elapsed time = 1272.33 sec. (2200535.25 ticks, tree = 152.89 MB, solutions = 1)
  36985 35623      519.0000    19      526.0000      510.0000   971601    3.04%           x7_34 N  36985  36983     26
  37023 35661      519.0000    22      526.0000      510.0000   973626    3.04%          x44_46 N  37023  37021     41
  37069 35707      510.0364    93      526.0000      510.0000   975458    3.04%          x12_16 U  37069  37068     12
  37078 35716      520.0000    46      526.0000      510.0000   978272    3.04%          x48_40 N  37078  37076     18
  37110 35748      510.1383    99      526.0000      510.0000   979659    3.04%          x42_27 D  37110  37109     24
  37188 35826      518.1429    55      526.0000      510.0000   982190    3.04%          x36_40 N  37188  37187     31
  37219 35857      510.0111    43      526.0000      510.0000   983372    3.04%           x6_11 U  37219  37218     15
  37242 35880      511.8333    41      526.0000      510.0000   985260    3.04%          x22_41 U  37242   3439     25
  37265 35903      513.0000    12      526.0000      510.0000   985744    3.04%          x17_14 U  37265  37264     29
  37283 35921      518.5833    31      526.0000      510.0000   986015    3.04%          x36_43 N  37283  37282     42
Elapsed time = 1300.40 sec. (2243831.71 ticks, tree = 154.52 MB, solutions = 1)
  37330 35962      510.1570    97      526.0000      510.0000   987120    3.04%          x31_38 D  37330  37329     50
  37367 35999      510.0263    72      526.0000      510.0000   989142    3.04%           x29_7 U  37367  37355     18
  37398 36030      510.1255    88      526.0000      510.0000   991358    3.04%          x11_26 D  37398  37397     29
  37431 36063      510.2286    43      526.0000      510.0000   992758    3.04%          x41_36 N  37431  37429     18
  37459 36091      510.4413    78      526.0000      510.0000   994385    3.04%          x22_30 U  37459  37458     21
  37476 36106      518.3333    23      526.0000      510.0000   996176    3.04%           x26_9 N  37476  37474     32
  37491 36121      524.0000    12      526.0000      510.0000   996521    3.04%          x42_38 U  37491  37489     42
  37514 36133      510.3333    26      526.0000      510.0000   997205    3.04%          x22_30 N  37514  37513     20
  37545 36164      510.0000    26      526.0000      510.0000   998793    3.04%          x41_36 D  37545  37544     20
  37575 36194      520.7812    58      526.0000      510.0000  1001755    3.04%          x33_43 N  37575  37572     27
Elapsed time = 1324.65 sec. (2283615.33 ticks, tree = 155.82 MB, solutions = 1)
  37592 36211      515.7917    58      526.0000      510.0000  1002791    3.04%           x26_9 U  37592  37591     32
  37621 36230        cutoff            526.0000      510.0000  1003578    3.04%          x39_36 U  37621  37618     52
  37645 36247      510.4141    65      526.0000      510.0000  1003974    3.04%          x15_41 N  37645  37643     23
  37710 36312      510.1510   103      526.0000      510.0000  1004959    3.04%          x49_38 D  37710  37709     71
  37751 36353      522.8333    34      526.0000      510.0000  1007169    3.04%          x46_22 N  37751  37749     40
  37796 36398      510.0000    31      526.0000      510.0000  1009009    3.04%          x25_28 D  37796   1560     36
  37864 36466      510.0476    42      526.0000      510.0000  1010670    3.04%          x12_16 U  37864  37863     16
  37889 36491      517.0227    55      526.0000      510.0000  1013173    3.04%          x39_49 U  37889  37887     20
  37914 36516      520.3810    41      526.0000      510.0000  1013747    3.04%          x17_22 N  37914  37913     39
  37939 36536        cutoff            526.0000      510.0000  1014230    3.04%           x7_19 D  37939  37938     59
Elapsed time = 1348.65 sec. (2324308.23 ticks, tree = 157.54 MB, solutions = 1)
  38013 36608      525.0000    20      526.0000      510.0000  1015375    3.04%          x43_46 U  38013  38011     86
  38112 36707      510.1134    75      526.0000      510.0000  1016475    3.04%           x42_7 D  38112  38111    111
  38199 36794      510.0205    80      526.0000      510.0000  1017858    3.04%          x28_38 U  38199  24336     22
  38226 36819      524.8333    55      526.0000      510.0000  1020716    3.04%          x46_13 U  38226  38224     42
  38256 36849      511.0000    22      526.0000      510.0000  1022530    3.04%          x22_27 D  38256  38254     27
  38331 36924      510.0328   114      526.0000      510.0000  1024213    3.04%          x33_40 D  38331  38330     70
  38417 37010      510.0171    77      526.0000      510.0000  1025048    3.04%          x22_27 U  38417  38416     21
  38522 37115      518.0000    26      526.0000      510.0000  1026141    3.04%           x6_38 N  38522  38520    125
  38549 37142      510.1732    70      526.0000      510.0000  1027874    3.04%          x44_46 D  38549  38548     22
  38610 37203      510.0714    38      526.0000      510.0000  1029079    3.04%          x36_38 D  38610  38609     31
Elapsed time = 1374.43 sec. (2365120.34 ticks, tree = 160.91 MB, solutions = 1)
  38670 37263      517.0000    18      526.0000      510.0000  1030491    3.04%          x17_22 D  38670  38669     27
  38697 37282      510.0566    81      526.0000      510.0000  1031556    3.04%          x12_16 U  38697  18541     17
  38755 37340      510.0431    93      526.0000      510.0000  1032790    3.04%          x21_41 U  38755  38707     16
  38849 37434      518.5000    35      526.0000      510.0000  1034516    3.04%          x47_37 N  38849  38847    102
  38913 37498      510.0779    96      526.0000      510.0000  1035887    3.04%          x36_46 D  38913  38912     71
  39027 37612      510.0920    60      526.0000      510.0000  1036676    3.04%          x47_38 D  39027  39026     78
  39140 37725      510.1243    90      526.0000      510.0000  1037531    3.04%          x20_24 D  39140  39139     98
  39201 37784      510.1304    72      526.0000      510.0000  1038673    3.04%          x22_43 D  39201  39200     46
  39292 37873      510.0317    78      526.0000      510.0000  1039931    3.04%          x37_36 D  39292  39291     45
  39398 37979      510.1185    57      526.0000      510.0000  1040466    3.04%          x18_32 D  39398  39397    151
Elapsed time = 1399.61 sec. (2404022.89 ticks, tree = 164.84 MB, solutions = 1)
  39420 38001      510.4638    67      526.0000      510.0000  1042397    3.04%          x46_36 D  39420  39419     33
  39449 38028      510.7500    77      526.0000      510.0000  1044197    3.04%           x46_9 D  39449  39447     57
  39466 38045      524.0385    45      526.0000      510.0000  1045038    3.04%          x41_29 U  39466  39464     68
  39489 38058      519.6667    48      526.0000      510.0000  1047559    3.04%          x36_38 U  39489  39487     20
  39524 38093      510.0208    43      526.0000      510.0000  1048632    3.04%          x22_28 N  39524  39523     28
  39628 38197      510.1377    53      526.0000      510.0000  1049343    3.04%          x13_21 D  39628  39627    132
  39705 38274      510.1624    77      526.0000      510.0000  1050275    3.04%          x33_24 D  39705  39704     79
  39775 38344      510.1457    56      526.0000      510.0000  1051700    3.04%          x33_26 D  39775  39774     48
  39811 38380      510.1105    93      526.0000      510.0000  1053530    3.04%           x7_34 D  39811  39810     35
  39831 38400      517.0421    71      526.0000      510.0000  1055597    3.04%          x39_49 N  39831  39829     32
Elapsed time = 1425.20 sec. (2444831.64 ticks, tree = 166.97 MB, solutions = 1)
  39870 38437      510.1579    49      526.0000      510.0000  1057232    3.04%          x44_46 D  39870  39869     37
  39950 38515      510.0649    81      526.0000      510.0000  1058565    3.04%          x33_46 D  39950  39949     24
  39999 38564      518.0000     8      526.0000      510.0000  1060026    3.04%          x38_22 D  39999  39998     28
  40013 38578      520.0000    10      526.0000      510.0000  1060680    3.04%           x41_9 U  40013  40012     36
  40032 38593      513.5000    41      526.0000      510.0000  1062280    3.04%          x36_43 N  40032  40030     22
  40041 38602      512.0000    36      526.0000      510.0000  1064186    3.04%          x22_27 D  40041  40039     29
  40080 38639      510.0520    72      526.0000      510.0000  1065851    3.04%          x33_16 D  40080  40079     17
  40168 38727      510.1064    79      526.0000      510.0000  1066936    3.04%          x32_46 D  40168  40167     37
  40198 38757      516.2000    61      526.0000      510.0000  1069121    3.04%          x33_43 U  40198  40196     22
  40240 38799      510.1560    83      526.0000      510.0000  1070325    3.04%          x46_14 D  40240  40239     43
Elapsed time = 1451.11 sec. (2486415.88 ticks, tree = 169.58 MB, solutions = 1)
  40280 38839      510.0278    40      526.0000      510.0000  1072147    3.04%          x33_43 D  40280  40279     21
  40312 38871      512.0833    50      526.0000      510.0000  1073875    3.04%          x15_17 N  40312  40310     30
  40342 38897      519.0000    18      526.0000      510.0000  1075017    3.04%          x39_36 U  40342  40340     54
  40354 38904        cutoff            526.0000      510.0000  1075349    3.04%          x30_14 D  40354  40352     61
  40410 38960      510.0912    86      526.0000      510.0000  1076637    3.04%          x48_40 D  40410  40409     32
  40458 39006      510.0000    26      526.0000      510.0000  1078672    3.04%           x30_7 U  40458  32216     17
  40512 39060      510.0752    68      526.0000      510.0000  1080436    3.04%          x22_27 U  40512  40511     39
  40539 39087      510.1111    39      526.0000      510.0000  1082662    3.04%           x42_8 N  40539  40461     21
  40570 39118      510.1000    57      526.0000      510.0000  1084122    3.04%           x7_34 D  40570  40569     16
  40591 39139      510.1667    29      526.0000      510.0000  1086201    3.04%          x15_41 U  40591  40587     19
Elapsed time = 1475.70 sec. (2526757.27 ticks, tree = 171.35 MB, solutions = 1)
  40619 39161      510.0000    20      526.0000      510.0000  1087378    3.04%           x6_11 U  40619  40564     11
  40624 39166      517.0000    67      526.0000      510.0000  1089315    3.04%          x33_43 U  40624  40622     14
  40650 39192      510.2222    49      526.0000      510.0000  1090821    3.04%          x21_41 U  40650  40644     16
  40679 39221      510.1053    51      526.0000      510.0000  1093027    3.04%          x21_41 U  40679  40667     19
  40697 39239      510.0000    21      526.0000      510.0000  1095027    3.04%           x8_40 D  40697  40690     14
  40705 39247      511.2800    61      526.0000      510.0000  1097001    3.04%          x22_27 D  40705  40703     17
  40729 39271      519.7143    43      526.0000      510.0000  1098237    3.04%          x18_40 N  40729  40727     35
  40765 39295      523.6667    32      526.0000      510.0000  1098766    3.04%          x23_35 N  40765  40764     62
  40800 39326      510.0345    67      526.0000      510.0000  1100356    3.04%          x38_22 D  40800  40799     20
  40863 39389      510.1135    55      526.0000      510.0000  1101996    3.04%          x35_26 D  40863  40862     32
Elapsed time = 1499.41 sec. (2566481.66 ticks, tree = 173.21 MB, solutions = 1)
  40917 39441      513.0476    58      526.0000      510.0000  1104116    3.04%           x7_34 N  40917  40915     25
  40931 39455      513.0000    68      526.0000      510.0000  1107862    3.04%          x36_40 U  40931  40930     25
  40953 39477      510.4141    68      526.0000      510.0000  1110194    3.04%          x21_41 U  40953  40949     25
  40982 39506      521.0000    38      526.0000      510.0000  1111611    3.04%          x48_40 N  40982  40980     28
  41003 39521        cutoff            526.0000      510.0000  1113193    3.04%          x33_40 U  41003  41001     44
  41020 39536      517.0300    88      526.0000      510.0000  1114162    3.04%          x46_40 D  41020  41019     57
  41050 39560      511.5000    48      526.0000      510.0000  1115500    3.04%          x17_22 N  41050  40957     16
  41126 39636      524.0000    34      526.0000      510.0000  1117007    3.04%          x34_33 D  41126  41124     83
  41196 39706      510.0000    22      526.0000      510.0000  1118219    3.04%           x8_40 U  41196  41195     14
  41214 39724      510.0749    81      526.0000      510.0000  1119660    3.04%          x36_38 N  41214  41213     19
Elapsed time = 1527.55 sec. (2610116.36 ticks, tree = 175.53 MB, solutions = 1)
  41274 39784      510.0990    92      526.0000      510.0000  1121122    3.04%          x37_38 D  41274  41273     36
  41350 39860      510.1389    66      526.0000      510.0000  1122251    3.04%          x46_36 D  41350  41349     45
  41400 39910      510.1334    82      526.0000      510.0000  1123876    3.04%          x40_37 D  41400  41399     55
  41454 39964      510.0774    73      526.0000      510.0000  1125507    3.04%          x48_38 D  41454  41453     24
  41490 40000      510.0758    92      526.0000      510.0000  1127122    3.04%          x39_40 D  41490  41489     30
  41537 40047      518.4615    57      526.0000      510.0000  1129559    3.04%          x36_43 U  41537  41535     15
  41560 40060      519.4074    62      526.0000      510.0000  1131052    3.04%          x46_27 N  41560  41559     32
  41585 40075        cutoff            526.0000      510.0000  1132633    3.04%          x12_16 D  41585  41583     50
  41613 40103      511.0000    18      526.0000      510.0000  1134173    3.04%           x8_12 N  41613  41611     19
  41671 40161      510.1286   109      526.0000      510.0000  1135756    3.04%          x48_51 D  41671  41670     74
Elapsed time = 1553.18 sec. (2650845.67 ticks, tree = 177.79 MB, solutions = 1)
  41756 40244      510.0847   105      526.0000      510.0000  1137230    3.04%          x45_46 D  41756  41755     73
  41790 40278      510.0026    90      526.0000      510.0000  1138833    3.04%           x6_16 D  41790  41789     18
  41898 40386      510.0170    97      526.0000      510.0000  1139672    3.04%          x49_38 D  41898  41897    126
  41979 40467      517.0358    70      526.0000      510.0000  1140727    3.04%          x36_41 N  41979  41978     24
  42000 40480      510.0000    22      526.0000      510.0000  1141683    3.04%          x28_41 N  42000  41788     17
  42114 40594      510.0994    60      526.0000      510.0000  1142720    3.04%          x11_38 D  42114  42113    131
  42178 40656      510.0357    69      526.0000      510.0000  1143315    3.04%          x36_42 D  42178  42177     41
  42297 40775      510.1018    54      526.0000      510.0000  1143933    3.04%          x18_19 D  42297  42296    160
  42340 40817      510.1073    86      526.0000      510.0000  1144951    3.04%          x48_43 D  42340  42339     24
  42400 40877      510.0280    81      526.0000      510.0000  1146503    3.04%          x46_14 D  42400  42399     41
Elapsed time = 1577.79 sec. (2690508.95 ticks, tree = 182.10 MB, solutions = 1)
  42490 40967      510.1475    62      526.0000      510.0000  1146994    3.04%          x13_21 D  42490  42489    131
  42511 40984      512.1773    61      526.0000      510.0000  1148827    3.04%          x20_46 N  42511  42508     23
  42544 41017      510.0320    85      526.0000      510.0000  1150536    3.04%          x48_41 D  42544  42543     43
  42628 41101      510.1538    55      526.0000      510.0000  1151053    3.04%           x7_16 D  42628  42627    127
  42664 41135      524.9286    71      526.0000      510.0000  1154409    3.04%          x37_38 U  42664  42662     36
  42726 41197      518.0000    22      526.0000      510.0000  1155852    3.04%          x46_38 U  42726  42724     48
  42759 41230      524.0000    19      526.0000      510.0000  1158659    3.04%          x46_36 U  42759  42757     32
  42798 41269      518.0000    19      526.0000      510.0000  1160048    3.04%          x46_38 N  42798  42796     46
  42821 41292      517.9167    56      526.0000      510.0000  1161774    3.04%          x48_43 U  42821  42819     29
  42842 41311      523.3333    58      526.0000      510.0000  1163049    3.04%           x28_7 N  42842  42840     45
Elapsed time = 1605.98 sec. (2734457.67 ticks, tree = 184.37 MB, solutions = 1)
  42861 41322      510.0746    79      526.0000      510.0000  1163873    3.04%          x36_43 N  42861  42860     13
  42900 41361      510.0952    43      526.0000      510.0000  1165706    3.04%          x41_36 N  42900  24440     11
  42930 41391      510.1517    69      526.0000      510.0000  1167450    3.04%          x33_26 D  42930  42929     38
  42962 41423      515.0000    19      526.0000      510.0000  1169532    3.04%          x37_40 U  42962  42960     34
  42990 41451      517.0000    32      526.0000      510.0000  1171313    3.04%          x22_29 N  42990  42988     24
  43009 41470      518.0000    30      526.0000      510.0000  1173235    3.04%           x7_34 N  43009  43007     20
  43016 41477      513.7143    57      526.0000      510.0000  1175342    3.04%          x44_46 N  43016  43014     19
  43035 41492        cutoff            526.0000      510.0000  1176987    3.04%          x46_13 U  43035  43033     33
  43071 41518      518.0000    22      526.0000      510.0000  1177769    3.04%          x35_43 N  43071  43069     63
  43090 41532      510.2000    53      526.0000      510.0000  1179008    3.04%          x15_41 N  43090  42993     15
Elapsed time = 1630.43 sec. (2774799.18 ticks, tree = 185.54 MB, solutions = 1)
  43103 41545      510.0215    89      526.0000      510.0000  1181119    3.04%          x33_43 N  43103  43101     18
  43149 41591      512.0354    45      526.0000      510.0000  1182545    3.04%          x20_46 N  43149  43147     20
  43201 41643      510.0528    84      526.0000      510.0000  1183891    3.04%          x36_41 D  43201  43200     23
  43256 41698      511.0000    29      526.0000      510.0000  1185391    3.04%          x14_20 U  43256  43254     26
  43338 41778      510.0918    85      526.0000      510.0000  1186710    3.04%          x33_21 D  43338  43337     38
  43416 41856      510.1330    82      526.0000      510.0000  1188172    3.04%          x33_21 D  43416  43415     55
  43496 41936      510.0759    79      526.0000      510.0000  1189295    3.04%          x36_43 D  43496  43495     30
  43503 41943      524.0000    22      526.0000      510.0000  1191148    3.04%          x46_36 U  43503  43501     35
  43523 41961      512.9286    44      526.0000      510.0000  1192178    3.04%           x9_38 D  43523  43521     48
  43543 41981      516.9000    54      526.0000      510.0000  1192726    3.04%          x18_32 N  43543  43542     63
Elapsed time = 1655.86 sec. (2813551.52 ticks, tree = 188.18 MB, solutions = 1)
  43565 42000      510.0632    44      526.0000      510.0000  1193430    3.04%          x44_46 D  43565  43564     25
  43624 42059      510.0411    86      526.0000      510.0000  1194876    3.04%          x33_43 D  43624  43623     20
  43675 42108      517.0105    52      526.0000      510.0000  1196524    3.04%          x39_49 N  43675  43673     23
  43744 42177      512.3000    41      526.0000      510.0000  1197825    3.04%          x35_25 U  43744  43742     34
  43760 42193      510.0206    44      526.0000      510.0000  1199711    3.04%          x36_43 D  43760  43759     18
  43810 42243      510.0441    75      526.0000      510.0000  1201334    3.04%          x21_41 U  43810  43775     18
  43847 42280      517.3333    40      526.0000      510.0000  1203135    3.04%          x44_46 N  43847  43845     27
  43880 42311      517.0971    87      526.0000      510.0000  1204573    3.04%          x46_38 D  43880  43879     36
  43911 42334      520.1071    45      526.0000      510.0000  1205522    3.04%           x30_8 N  43911  43909     59
  43969 42386      515.0000    27      526.0000      510.0000  1206938    3.04%          x37_36 N  43969  43967     49
Elapsed time = 1680.59 sec. (2852848.32 ticks, tree = 190.34 MB, solutions = 1)
  44000 42417      510.2308    32      526.0000      510.0000  1208393    3.04%          x10_38 D  44000  43999     26
  44022 42439      518.7500    44      526.0000      510.0000  1210519    3.04%           x7_34 N  44022  44019     24
  44050 42467      510.0625    92      526.0000      510.0000  1212071    3.04%          x48_38 D  44050  44049     35
  44117 42534      523.0000    30      526.0000      510.0000  1213658    3.04%          x34_33 D  44117  44115     98
  44156 42573      521.0000    10      526.0000      510.0000  1215612    3.04%          x33_43 U  44156  44154     28
  44179 42594        cutoff            526.0000      510.0000  1217399    3.04%          x31_36 U  44179  44177     44
  44196 42611      522.0000    12      526.0000      510.0000  1218262    3.04%          x32_21 D  44196  44195     57
  44222 42633      510.0467    57      526.0000      510.0000  1218915    3.04%          x36_41 D  44222  44221     31
  44308 42717      510.0894   101      526.0000      510.0000  1220228    3.04%           x7_32 U  44308  44307     38
  44370 42779      510.0409    80      526.0000      510.0000  1221700    3.04%          x33_43 D  44370  44369     19
Elapsed time = 1706.79 sec. (2893179.15 ticks, tree = 193.02 MB, solutions = 1)
  44448 42857      510.0861    90      526.0000      510.0000  1222722    3.04%          x36_38 D  44448  44447     42
  44508 42917      510.0846    87      526.0000      510.0000  1224270    3.04%          x15_41 U  44508  44211     21
  44588 42997      510.1391   109      526.0000      510.0000  1225529    3.04%          x49_40 D  44588  44587     83
  44672 43079        cutoff            526.0000      510.0000  1226846    3.04%          x33_40 U  44672  44670     89
  44763 43170      510.0647    89      526.0000      510.0000  1228228    3.04%          x40_22 D  44763  44762     33
  44847 43252      519.7857    65      526.0000      510.0000  1230047    3.04%          x36_40 N  44847  44845     37
  44869 43274      519.0000    16      526.0000      510.0000  1232065    3.04%           x7_34 U  44869  44867     34
  44892 43297      519.0000    16      526.0000      510.0000  1233412    3.04%          x48_43 N  44892  44889     30
  44925 43324      522.7857    42      526.0000      510.0000  1234234    3.04%           x9_38 N  44925  44923     56
  44959 43352      510.1049    76      526.0000      510.0000  1235370    3.04%          x22_30 U  44959  44958     20
Elapsed time = 1732.01 sec. (2932906.58 ticks, tree = 196.33 MB, solutions = 1)
  45010 43403      510.1429    34      526.0000      510.0000  1236648    3.04%          x48_31 D  45010  45009     29
  45063 43456      524.7174    65      526.0000      510.0000  1238155    3.04%          x33_35 U  45063  45061     47
  45143 43536      510.1513    68      526.0000      510.0000  1239457    3.04%          x13_32 D  45143  45142     88
  45200 43593      510.1095    63      526.0000      510.0000  1240693    3.04%          x28_38 N  45200  45198     14
  45215 43606      510.1111    40      526.0000      510.0000  1242665    3.04%          x44_46 N  45215  45214     16
  45260 43651      510.1692    93      526.0000      510.0000  1244225    3.04%          x44_46 D  45260  45258     19
  45321 43712      510.0766    71      526.0000      510.0000  1245731    3.04%           x29_7 U  45321  45264     12
  45389 43776      510.0081    50      526.0000      510.0000  1247422    3.04%          x22_32 D  45389  45388     17
  45407 43794      524.5714    58      526.0000      510.0000  1249505    3.04%          x22_34 N  45407  45405     30
  45430 43811      516.2090    83      526.0000      510.0000  1251202    3.04%          x31_32 D  45430  45429     48
Elapsed time = 1758.08 sec. (2973469.57 ticks, tree = 198.80 MB, solutions = 1)
  45467 43836      518.8614    80      526.0000      510.0000  1252134    3.04%           x6_11 N  45467  45466     78
  45492 43857      520.1000    23      526.0000      510.0000  1252767    3.04%          x35_46 U  45492  45490     97
  45511 43876      522.1818    35      526.0000      510.0000  1253037    3.04%          x21_11 N  45511  45510    112
  45536 43895      513.0000    47      526.0000      510.0000  1254400    3.04%          x22_28 N  45536   1410     24
  45559 43918      516.0107    59      526.0000      510.0000  1256301    3.04%          x44_46 D  45559  45558     22
  45583 43942      518.2500    73      526.0000      510.0000  1258016    3.04%          x33_43 U  45583  45581     24
  45598 43957      510.1250    38      526.0000      510.0000  1259748    3.04%          x22_32 D  45598  45597     20
  45625 43984      510.0909    62      526.0000      510.0000  1260770    3.04%           x7_34 D  45625  45624     19
  45644 44002      513.1017    65      526.0000      510.0000  1262121    3.04%          x39_36 D  45644  45643     30
  45664 44016      510.3667    71      526.0000      510.0000  1263244    3.04%          x12_16 D  45664  45662     21
Elapsed time = 1782.14 sec. (3012484.79 ticks, tree = 200.22 MB, solutions = 1)
  45713 44065      510.1386    84      526.0000      510.0000  1264313    3.04%          x46_38 D  45713  45712     52
  45743 44095      510.0431    97      526.0000      510.0000  1265914    3.04%          x33_43 D  45743  45742     21
  45820 44172      510.1017    59      526.0000      510.0000  1267546    3.04%          x13_32 D  45820  45819     95
  45902 44252      510.0471    58      526.0000      510.0000  1268562    3.04%           x46_8 D  45902  45901     28
  46000 44350      510.0875    53      526.0000      510.0000  1270007    3.04%          x15_46 D  46000  45999     32
  46067 44417      510.5385    64      526.0000      510.0000  1271200    3.04%          x22_27 U  46067  46066     17
  46094 44444      515.0000    34      526.0000      510.0000  1273019    3.04%          x44_46 N  46094  46092     23
  46112 44461      523.0000    24      526.0000      510.0000  1274849    3.04%          x37_46 U  46112  46110     38
  46131 44476      510.0216    86      526.0000      510.0000  1275558    3.04%          x38_22 N  46131  46072     16
  46188 44533      510.6190    58      526.0000      510.0000  1277321    3.04%          x41_36 U  46188  46183     12
Elapsed time = 1809.03 sec. (3054370.73 ticks, tree = 203.03 MB, solutions = 1)
  46250 44595      513.0000    19      526.0000      510.0000  1278939    3.04%           x8_38 N  46250  46248     64
  46270 44615      510.0500    40      526.0000      510.0000  1280781    3.04%          x38_22 D  46270  46269     19
  46311 44656      510.0694    67      526.0000      510.0000  1282702    3.04%          x33_43 N  46311  46310     30
  46349 44694      510.3799    79      526.0000      510.0000  1284284    3.04%          x22_30 U  46349  46348     18
  46374 44719      511.4146    71      526.0000      510.0000  1285854    3.04%          x33_21 D  46374  46372     26
  46397 44742      519.0000    12      526.0000      510.0000  1287719    3.04%          x20_28 U  46397  46395     42
  46421 44761      510.0000    20      526.0000      510.0000  1288363    3.04%          x27_12 N  46421  46417     22
  46449 44789      510.0822    79      526.0000      510.0000  1289906    3.04%          x44_46 D  46449  46447     34
  46495 44834      524.0000    50      526.0000      510.0000  1292158    3.04%          x48_38 U  46495  46493     24
  46550 44887      510.1509    69      526.0000      510.0000  1293337    3.04%          x39_36 D  46550  46549     36
Elapsed time = 1835.46 sec. (3095561.00 ticks, tree = 205.55 MB, solutions = 1)
  46615 44952      510.1405   100      526.0000      510.0000  1294667    3.04%           x33_7 D  46615  46614     74
  46673 45010      510.0267    62      526.0000      510.0000  1296453    3.04%          x15_41 N  46673  46638     21
  46720 45057      510.0513    34      526.0000      510.0000  1298092    3.04%          x28_27 D  46720  46719     23
  46763 45100      519.0000    20      526.0000      510.0000  1299847    3.04%          x37_41 U  46763  46761     45
  46780 45117      514.1290    49      526.0000      510.0000  1300863    3.04%           x38_7 D  46780  46778     32
  46801 45134      514.6518    89      526.0000      510.0000  1301603    3.04%          x39_36 D  46801  46800     48
  46827 45152      519.8514    57      526.0000      510.0000  1302986    3.04%          x35_16 N  46827  46826     66
  46870 45190      510.1404    54      526.0000      510.0000  1303477    3.04%          x44_46 D  46870  46869     36
  46911 45231      510.0000    22      526.0000      510.0000  1305198    3.04%          x29_10 U  46911  31539     15
  46932 45252      518.0000    26      526.0000      510.0000  1307275    3.04%          x37_38 N  46932  46930     35
Elapsed time = 1859.32 sec. (3136107.51 ticks, tree = 207.55 MB, solutions = 1)
  46941 45261      510.0000    22      526.0000      510.0000  1310934    3.04%           x8_40 N  46941  46911     16
  46980 45300      510.1263    94      526.0000      510.0000  1312318    3.04%          x37_38 D  46980  46979     39
  47020 45340      510.0448    63      526.0000      510.0000  1313671    3.04%          x36_43 D  47020  47019     23
  47100 45418      510.1425    77      526.0000      510.0000  1314944    3.04%          x46_38 D  47100  47099     46
  47162 45480      510.1197    60      526.0000      510.0000  1316196    3.04%          x15_41 N  47162  47116     18
  47183 45501      521.2500    43      526.0000      510.0000  1318240    3.04%          x48_41 U  47183  47181     30
  47211 45527      510.0791    76      526.0000      510.0000  1319193    3.04%          x48_38 D  47211  47210     25
  47252 45566      510.0886    78      526.0000      510.0000  1320939    3.04%          x33_21 D  47252  47251     28
  47290 45602      513.6087    34      526.0000      510.0000  1322497    3.04%          x48_41 D  47290  47289     36
  47314 45622      510.3750    46      526.0000      510.0000  1323423    3.04%          x37_43 N  47314   4122     22
Elapsed time = 1886.71 sec. (3179207.65 ticks, tree = 210.80 MB, solutions = 1)
  47381 45689      510.1520    60      526.0000      510.0000  1324423    3.04%          x39_36 D  47381  47380     73
  47414 45720      510.0568    69      526.0000      510.0000  1326218    3.04%          x21_41 U  47414  47327     20
  47493 45799      521.0000    23      526.0000      510.0000  1328014    3.04%          x50_46 U  47493  47491     57
  47546 45852      510.1460    69      526.0000      510.0000  1329541    3.04%          x42_36 N  47546  47545     32
  47587 45887      510.0000    21      526.0000      510.0000  1331376    3.04%           x30_7 D  47587  47586     18
  47618 45918      510.0000    21      526.0000      510.0000  1332748    3.04%          x15_41 D  47618  47617     20
  47662 45960      523.0000    10      526.0000      510.0000  1334648    3.04%          x33_16 U  47662  47660     29
  47676 45972      525.0000     8      526.0000      510.0000  1335937    3.04%          x12_43 D  47676  47675     39
  47704 45996      510.1000    56      526.0000      510.0000  1336829    3.04%          x48_38 D  47704  47703     22
  47755 46047      510.0776   100      526.0000      510.0000  1338359    3.04%          x33_46 D  47755  47754     48
Elapsed time = 1912.74 sec. (3219004.22 ticks, tree = 213.11 MB, solutions = 1)
  47822 46114      510.1046    87      526.0000      510.0000  1340001    3.04%          x22_30 U  47822  47821     14
  47839 46129      518.0000    41      526.0000      510.0000  1342145    3.04%           x46_7 N  47839  47836     27
  47864 46154      510.2428   100      526.0000      510.0000  1344205    3.04%          x12_16 U  47864  47863     14
  47879 46169      516.0000    52      526.0000      510.0000  1346268    3.04%          x44_46 N  47879  47877     16
  47925 46215      510.1186    98      526.0000      510.0000  1348010    3.04%          x22_30 U  47925  47924     51
  47966 46256      510.0000    22      526.0000      510.0000  1349493    3.04%          x40_12 U  47966  47884     11
  48034 46324      510.6000    32      526.0000      510.0000  1350692    3.04%          x41_17 U  48034  48032     78
  48114 46404      510.1219    66      526.0000      510.0000  1352174    3.04%          x22_30 N  48114  48113     14
  48133 46417        cutoff            526.0000      510.0000  1353782    3.04%          x48_43 U  48133  48130     17
  48204 46482      510.0000    36      526.0000      510.0000  1355018    3.04%          x22_27 U  48204  12785      7
Elapsed time = 1939.38 sec. (3258908.95 ticks, tree = 215.79 MB, solutions = 1)
  48277 46555      510.1352    57      526.0000      510.0000  1356713    3.04%          x20_23 D  48277  48276     69
  48287 46565      510.1318    94      526.0000      510.0000  1358510    3.04%          x41_17 N  48287  48283     17
  48352 46630      519.0000    26      526.0000      510.0000  1360053    3.04%           x11_7 U  48352  48350     72
  48402 46680      514.0345    77      526.0000      510.0000  1361623    3.04%          x44_46 U  48402  48400     17
  48422 46700      510.2000    36      526.0000      510.0000  1363665    3.04%          x12_16 U  48422  48421     15
  48488 46766      510.1905    84      526.0000      510.0000  1364877    3.04%            x8_9 D  48488  48486     25
  48520 46798      516.8667    57      526.0000      510.0000  1366239    3.04%          x28_38 D  48520  48519     49
  48540 46810      520.6667    25      526.0000      510.0000  1367135    3.04%          x41_46 N  48540  48539     62
  48570 46828      522.3478    66      526.0000      510.0000  1367760    3.04%          x36_46 N  48570  48568     85
  48618 46864      510.0953    81      526.0000      510.0000  1368482    3.04%          x22_31 D  48618  48617     42
Elapsed time = 1963.70 sec. (3298113.45 ticks, tree = 217.88 MB, solutions = 1)
  48655 46901      510.0000    27      526.0000      510.0000  1369846    3.04%           x6_11 U  48655  20737     20
  48690 46936      510.0354    84      526.0000      510.0000  1371309    3.04%          x48_41 D  48690  48689     30
  48751 46997      510.1508    79      526.0000      510.0000  1372588    3.04%          x36_43 D  48751  48750     27
  48800 47046      510.1135    80      526.0000      510.0000  1373439    3.04%          x36_46 D  48800  48799     60
  48832 47074        cutoff            526.0000      510.0000  1375800    3.04%          x31_38 U  48832  48830     27
  48850 47090      510.0551    83      526.0000      510.0000  1376760    3.04%          x36_38 D  48850  48849     26
  48951 47189      510.1111    35      526.0000      510.0000  1377982    3.04%          x50_46 D  48951  48950     53
  49000 47238      510.1040    83      526.0000      510.0000  1379351    3.04%          x46_14 D  49000  48999     47
  49070 47308      510.1579    98      526.0000      510.0000  1380810    3.04%          x45_46 D  49070  49069     65
  49100 47336      510.0649    85      526.0000      510.0000  1382844    3.04%          x36_38 N  49100  49098     26
Elapsed time = 1988.95 sec. (3337526.75 ticks, tree = 220.78 MB, solutions = 1)
  49115 47349      524.0000    13      526.0000      510.0000  1383891    3.04%          x26_12 U  49115  49113     36
  49130 47356        cutoff            526.0000      510.0000  1384077    3.04%          x18_27 U  49130  49127     46
  49200 47426      510.1006    83      526.0000      510.0000  1385220    3.04%          x37_38 D  49200  49199     40
  49245 47469      510.0697    79      526.0000      510.0000  1386761    3.04%          x31_38 D  49245  49244     31
  49280 47502      510.0803    84      526.0000      510.0000  1388256    3.04%          x39_49 D  49280  49279     39
  49370 47592      520.1278    85      526.0000      510.0000  1389718    3.04%          x36_48 U  49370  49368     68
  49447 47667        cutoff            526.0000      510.0000  1391295    3.04%          x34_33 D  49447  49445     89
  49520 47740      510.0611    79      526.0000      510.0000  1392348    3.04%          x48_38 D  49520  49519     26
  49606 47826      510.1048    82      526.0000      510.0000  1393438    3.04%          x37_36 D  49606  49605     47
  49660 47878      510.0647    81      526.0000      510.0000  1395030    3.04%          x31_40 D  49660  49659     26
Elapsed time = 2013.90 sec. (3377644.42 ticks, tree = 223.75 MB, solutions = 1)
  49768 47986      510.0618    91      526.0000      510.0000  1396563    3.04%          x31_40 D  49768  49767     25
  49827 48045      517.0106    57      526.0000      510.0000  1398254    3.04%          x39_49 U  49827  49825     27
  49869 48083      521.0000    22      526.0000      510.0000  1399854    3.04%          x50_46 U  49869  49867     55
  49910 48124      510.1519    87      526.0000      510.0000  1401626    3.04%          x46_14 D  49910  49909     57
  49970 48184      510.0382    94      526.0000      510.0000  1403318    3.04%           x7_34 D  49970  49969     30
  50023 48237      510.1026    90      526.0000      510.0000  1403965    3.04%          x34_33 U  50023  50022     83
  50085 48299      519.9394    75      526.0000      510.0000  1406673    3.04%           x7_34 N  50085  50083     23
  50129 48343      520.4000    68      526.0000      510.0000  1408906    3.04%          x33_43 U  50129  50127     19
  50149 48361      518.0000    20      526.0000      510.0000  1411077    3.04%          x39_36 N  50149  50147     34
  50168 48376        cutoff            526.0000      510.0000  1411417    3.04%          x36_42 U  50168  50166     49
Elapsed time = 2040.93 sec. (3420509.54 ticks, tree = 226.49 MB, solutions = 1)
  50190 48392      525.0000     0      526.0000      510.0000  1411622    3.04%           x8_19 N  50190  50188     66
  50249 48443      510.0625    65      526.0000      510.0000  1412715    3.04%          x21_41 U  50249  50123     16
  50254 48446        cutoff            526.0000      510.0000  1416311    3.04%          x33_46 U  50254  50252     19
  50280 48472      510.0602    93      526.0000      510.0000  1417750    3.04%          x39_49 D  50280  50279     25
  50380 48572      510.1207    71      526.0000      510.0000  1418872    3.04%           x46_9 D  50380  50379     61
  50430 48622      510.1312    90      526.0000      510.0000  1419930    3.04%           x46_9 D  50430  50429     56
  50498 48686      510.1026    61      526.0000      510.0000  1421587    3.04%           x42_8 U  50498  50335     17
  50553 48737        cutoff            526.0000      510.0000  1423619    3.04%          x31_38 U  50553  50551     56
  50610 48794      525.0000    26      526.0000      510.0000  1425259    3.04%          x46_36 U  50610  50608     39
  50640 48824      510.0810    62      526.0000      510.0000  1426927    3.04%           x7_34 D  50640  50639     23
Elapsed time = 2068.62 sec. (3464618.88 ticks, tree = 228.97 MB, solutions = 1)
  50670 48854      510.0980    41      526.0000      510.0000  1428673    3.04%          x37_38 D  50670  50669     32
  50720 48904      510.0833    73      526.0000      510.0000  1429972    3.04%          x33_46 D  50720  50719     22
  50761 48941        cutoff            526.0000      510.0000  1432251    3.04%          x37_38 U  50761  50759     40
  50800 48980      510.1499    90      526.0000      510.0000  1433867    3.04%          x46_47 D  50800  50799     36
  50833 49013      510.0000    19      526.0000      510.0000  1435548    3.04%           x29_7 U  50833  50822     18
  50871 49049        cutoff            526.0000      510.0000  1437057    3.04%          x48_31 U  50871  50869     26
  50891 49065      510.0725    61      526.0000      510.0000  1438566    3.04%          x28_41 N  50891  50834     20
  50946 49120      510.1252    93      526.0000      510.0000  1440100    3.04%          x33_20 D  50946  50945     53
  51004 49178      510.1402    92      526.0000      510.0000  1440765    3.04%          x33_20 D  51004  51003     54
  51042 49216      510.0874    56      526.0000      510.0000  1441921    3.04%          x22_27 N  51042  51041     19
Elapsed time = 2092.85 sec. (3504369.25 ticks, tree = 231.14 MB, solutions = 1)
  51091 49265      510.3203    75      526.0000      510.0000  1443171    3.04%          x12_16 U  51091  51089     19
  51147 49321      510.0101    89      526.0000      510.0000  1444702    3.04%          x31_40 D  51147  51146     20
  51210 49384      510.1333    60      526.0000      510.0000  1445771    3.04%          x33_16 D  51210  51209     33
  51292 49464      510.0495    69      526.0000      510.0000  1447324    3.04%          x33_43 D  51292  51291     24
  51369 49541      510.0602    78      526.0000      510.0000  1448627    3.04%          x33_43 D  51369  51368     22
  51448 49620      510.1157    83      526.0000      510.0000  1450194    3.04%          x31_32 D  51448  51447     48
  51535 49707      522.0000    22      526.0000      510.0000  1452032    3.04%          x32_43 U  51535  51533     74
  51560 49731      516.4444    44      526.0000      510.0000  1452814    3.04%          x22_43 N  51560  51559     50
  51583 49746      511.0000    26      526.0000      510.0000  1453406    3.04%          x14_20 N  51583   4081     31
  51619 49782      518.0000    42      526.0000      510.0000  1455159    3.04%          x40_37 U  51619  51617     37
Elapsed time = 2117.98 sec. (3543866.14 ticks, tree = 234.31 MB, solutions = 1)
  51646 49809      518.5000    34      526.0000      510.0000  1457255    3.04%          x39_49 U  51646  51644     16
  51658 49821      521.5000    32      526.0000      510.0000  1459447    3.04%           x7_34 N  51658  51656     21
  51709 49872      518.1375    78      526.0000      510.0000  1460379    3.04%          x36_48 U  51709  51707     63
  51777 49940      510.0596    64      526.0000      510.0000  1461606    3.04%          x39_49 D  51777  51776     21
  51865 50028      510.0607    81      526.0000      510.0000  1462719    3.04%          x33_21 D  51865  51864     19
  51974 50137      510.1343    71      526.0000      510.0000  1463814    3.04%          x31_36 D  51974  51973     44
  52030 50191      510.8095    44      526.0000      510.0000  1465440    3.04%          x38_22 U  52030  52028     13
  52051 50210      520.0000    35      526.0000      510.0000  1467039    3.04%           x10_7 N  52051  52049     30
  52091 50246        cutoff            526.0000      510.0000  1468721    3.04%          x32_43 U  52091  52089     63
  52117 50268        cutoff            526.0000      510.0000  1469964    3.04%          x20_32 U  52117  52115     85
Elapsed time = 2144.50 sec. (3584754.94 ticks, tree = 237.01 MB, solutions = 1)
  52153 50294      519.0000    10      526.0000      510.0000  1470995    3.04%          x13_42 N  52153  52151    115
  52177 50314      510.0427    78      526.0000      510.0000  1471999    3.04%          x33_21 D  52177  52176     17
  52274 50411      510.1423    67      526.0000      510.0000  1472982    3.04%          x20_30 D  52274  52273    114
  52379 50516      510.1473   114      526.0000      510.0000  1474270    3.04%          x36_48 D  52379  52378     91
  52400 50537      510.0892    82      526.0000      510.0000  1475705    3.04%          x44_46 D  52400  52399     16
  52514 50651      510.1304    45      526.0000      510.0000  1477140    3.04%          x35_21 D  52514  52513     96
  52609 50746      510.1285   113      526.0000      510.0000  1478472    3.04%          x14_16 D  52609  52608     78
  52660 50797      510.0597    92      526.0000      510.0000  1479778    3.04%          x33_16 D  52660  52659     21
  52734 50871      519.3333    50      526.0000      510.0000  1481569    3.04%           x7_34 N  52734  52732     16
  52744 50881      515.6667    51      526.0000      510.0000  1483891    3.04%          x44_46 U  52744  52742     14
Elapsed time = 2170.94 sec. (3625098.14 ticks, tree = 240.43 MB, solutions = 1)
  52777 50914      511.0000    38      526.0000      510.0000  1485179    3.04%          x48_47 U  52777  52775     26
  52812 50949      521.3333    27      526.0000      510.0000  1485983    3.04%          x35_11 U  52812  52810     50
  52834 50965      516.5000    38      526.0000      510.0000  1486585    3.04%          x36_41 U  52834  52832     29
  52860 50991      510.0439    56      526.0000      510.0000  1488310    3.04%          x33_21 D  52860  52859     17
  52930 51061      510.0533    52      526.0000      510.0000  1489653    3.04%           x9_32 D  52930  52929     17
  53030 51161      510.1255    55      526.0000      510.0000  1490509    3.04%          x11_17 D  53030  53029    117
  53083 51214      510.1485    67      526.0000      510.0000  1491233    3.04%          x46_30 D  53083  53082     32
  53140 51271      510.0258    56      526.0000      510.0000  1492684    3.04%           x7_34 D  53140  53139     16
  53236 51367      510.0000    31      526.0000      510.0000  1493857    3.04%           x9_30 D  53236  53235     14
  53294 51425      510.0983    75      526.0000      510.0000  1495282    3.04%          x46_47 D  53294  53293     48
Elapsed time = 2196.08 sec. (3664248.10 ticks, tree = 243.48 MB, solutions = 1)
  53316 51447      510.3235    46      526.0000      510.0000  1497045    3.04%          x32_21 N  53316  53315     14
  53337 51466      510.2136    69      526.0000      510.0000  1498566    3.04%          x33_16 N  53337  53335     26
  53376 51501        cutoff            526.0000      510.0000  1499786    3.04%          x45_46 U  53376  53374     60
  53393 51516      520.0000     8      526.0000      510.0000  1500450    3.04%          x15_27 U  53393  53391     72
  53412 51531      510.0395    83      526.0000      510.0000  1501058    3.04%          x48_38 D  53412  53411     16
  53492 51611      510.0873    80      526.0000      510.0000  1502247    3.04%          x37_38 D  53492  53491     30
  53537 51656      517.0000    31      526.0000      510.0000  1503672    3.04%          x11_16 U  53537  53536     74
  53582 51699        cutoff            526.0000      510.0000  1505490    3.04%          x31_38 U  53582  53580     37
  53594 51711      511.1293    74      526.0000      510.0000  1507373    3.04%          x14_20 N  53594  53592     21
  53711 51820      518.7273    34      526.0000      510.0000  1511978    3.04%          x46_38 N  53711  53710     37
Elapsed time = 2228.46 sec. (3715040.55 ticks, tree = 246.65 MB, solutions = 1)
  53910 52015      510.5000    69      526.0000      510.0000  1516613    3.04%          x39_49 D  53910  53909     33
  53994 52091      510.3256    81      526.0000      510.0000  1521837    3.04%          x28_41 D  53994  53993     26
  54032 52129      521.8947    81      526.0000      510.0000  1528636    3.04%          x48_41 U  54032  54029     34
  54121 52200      510.5316    73      526.0000      510.0000  1533544    3.04%          x28_41 N  54121  54018     26
  54216 52291        cutoff            526.0000      510.0000  1539130    3.04%          x21_32 U  54216  54214     46
  54338 52401      511.0000    26      526.0000      510.0000  1544399    3.04%          x22_27 D  54338  54336     19
  54420 52483      510.0750    55      526.0000      510.0000  1549902    3.04%          x42_36 D  54420  54419     37
  54597 52658      524.0000     8      526.0000      510.0000  1554710    3.04%          x29_10 U  54597  54595     39
  54720 52769      510.0606    84      526.0000      510.0000  1558815    3.04%          x33_46 D  54720  54719     26
  54880 52929      510.0597    87      526.0000      510.0000  1564365    3.04%          x33_18 D  54880  54879     95
Elapsed time = 2327.44 sec. (3870910.90 ticks, tree = 252.93 MB, solutions = 1)
  55096 53141      517.1957    41      526.0000      510.0000  1568621    3.04%          x41_17 U  55096  55094     49
  55198 53233      514.4000    45      526.0000      510.0000  1572992    3.04%          x44_46 U  55198  55196     23
  55431 53464      512.0000    24      526.0000      510.0000  1576877    3.04%           x30_7 D  55431  55430     23
  55585 53618      510.1231    73      526.0000      510.0000  1582890    3.04%           x46_8 D  55585  55584     45
  55800 53827      510.1242    56      526.0000      510.0000  1588062    3.04%          x50_46 D  55800  55799     51
  55900 53927      510.0508    79      526.0000      510.0000  1594613    3.04%          x48_43 D  55900  55899     21
  56118 54145      516.0000    23      526.0000      510.0000  1600192    3.04%          x44_46 U  56118  56116     27
  56211 54230      510.0000    24      526.0000      510.0000  1604659    3.04%          x29_10 U  56211  55872     19
  56400 54419      510.1180    80      526.0000      510.0000  1609581    3.04%           x46_8 D  56400  56399     46
  56650 54669      510.7286    80      526.0000      510.0000  1613829    3.04%          x14_21 D  56650  56649     29
Elapsed time = 2426.01 sec. (4025735.03 ticks, tree = 263.55 MB, solutions = 1)
  56849 54844      512.1603    81      526.0000      510.0000  1617383    3.04%          x10_38 N  56849  56847    105
  56987 54982      510.1418    66      526.0000      510.0000  1623661    3.04%          x39_49 D  56987  56986     31
  57098 55077      512.0000    32      526.0000      510.0000  1628911    3.04%          x20_46 N  57098  57096     26
  57204 55171      518.3333    48      526.0000      510.0000  1634343    3.04%          x36_50 N  57204  57203     81
  57321 55278      510.2125    69      526.0000      510.0000  1639989    3.04%          x15_41 U  57321  57262     20
  57374 55329      525.0000     8      526.0000      510.0000  1644780    3.04%          x43_28 D  57374  57373     47
  57577 55528      510.0556    35      526.0000      510.0000  1649527    3.04%          x36_43 D  57577  57576     19
  57690 55639      512.7766    84      526.0000      510.0000  1655194    3.04%          x21_32 D  57690  57689     47
  57758 55699      510.0612    73      526.0000      510.0000  1658798    3.04%          x21_41 D  57758  57757     24
  57884 55823      512.1143    66      526.0000      510.0000  1665561    3.04%          x11_26 U  57884  57882     25
Elapsed time = 2521.61 sec. (4179411.66 ticks, tree = 270.60 MB, solutions = 1)
  57986 55907      510.0990   100      526.0000      510.0000  1669765    3.04%          x46_36 D  57986  57985     48
  58073 55994      513.5000    43      526.0000      510.0000  1674425    3.04%          x36_43 N  58073  58071     22
  58275 56196      510.0505    97      526.0000      510.0000  1678628    3.04%          x46_32 D  58275  58274     71
  58401 56316      510.3333    23      526.0000      510.0000  1682227    3.04%          x28_41 D  58401  58400     18
  58500 56415      510.0476    68      526.0000      510.0000  1687848    3.04%          x36_38 D  58500  58499     19
  58763 56678      510.0558    89      526.0000      510.0000  1692851    3.04%          x44_46 D  58763  58762     22
  58930 56839      524.0000    27      526.0000      510.0000  1697447    3.04%          x10_28 N  58930  58928     73
  59060 56954      510.0000    21      526.0000      510.0000  1702130    3.04%           x9_18 U  59060  59048     16
  59223 57107      510.3333    35      526.0000      510.0000  1707948    3.04%          x15_41 U  59223  59214     13
  59329 57201      510.0521    44      526.0000      510.0000  1712012    3.04%          x28_41 D  59329  59328     21
Elapsed time = 2618.89 sec. (4333375.39 ticks, tree = 279.06 MB, solutions = 1)
  59499 57365      510.0690    38      526.0000      510.0000  1717634    3.04%           x29_7 D  59499  59498     23
  59610 57471      513.3800    41      526.0000      510.0000  1720551    3.04%           x9_21 D  59610  59609     86
  59744 57594      510.1653    88      526.0000      510.0000  1724706    3.04%          x20_16 D  59744  59743     88
  59849 57683      515.0217    71      526.0000      510.0000  1730774    3.04%          x36_43 U  59849  59847     19
  60151 57983      510.1556   109      526.0000      510.0000  1735381    3.04%          x48_42 D  60151  60150     61
  60315 58143      523.1156    54      526.0000      510.0000  1741819    3.04%          x45_48 U  60315  60313     78
  60474 58294      510.0802    82      526.0000      510.0000  1746179    3.04%          x36_46 D  60474  60473     49
  60711 58525      510.1504    99      526.0000      510.0000  1751726    3.04%          x31_38 D  60711  60710     71
  60887 58701      517.0864    71      526.0000      510.0000  1758275    3.04%          x48_43 N  60887  60885     25
  60984 58789      510.0617    44      526.0000      510.0000  1763487    3.04%          x15_41 D  60984  60983     18
Elapsed time = 2715.89 sec. (4487899.41 ticks, tree = 288.43 MB, solutions = 1)
  61198 59003      510.0915    83      526.0000      510.0000  1768297    3.04%          x48_51 D  61198  61197     65
  61377 59182      521.0606    78      526.0000      510.0000  1774434    3.04%          x36_38 N  61377  61375     20
  61511 59316      515.3148    82      526.0000      510.0000  1779692    3.04%          x48_38 D  61511  61510     25
  61681 59471      510.3758    92      526.0000      510.0000  1784421    3.04%          x21_41 N  61681  61677     22
  61770 59552        cutoff            526.0000      510.0000  1791406    3.04%          x45_46 U  61770  61768     56
  61973 59748      510.1050    67      526.0000      510.0000  1795848    3.04%          x48_43 D  61973  61972     29
  62091 59860      519.0000    10      526.0000      510.0000  1802095    3.04%          x44_46 U  62091  62090     28
  62181 59946      519.0000    13      526.0000      510.0000  1808442    3.04%          x44_46 U  62181  62179     37
  62260 60011      510.0914    60      526.0000      510.0000  1812368    3.04%          x21_41 N  62260  62198     23
  62400 60151      510.0693    89      526.0000      510.0000  1817769    3.04%          x36_38 D  62400  62399     30
Elapsed time = 2813.11 sec. (4642945.62 ticks, tree = 296.89 MB, solutions = 1)
  62682 60427        cutoff            526.0000      510.0000  1822861    3.04%          x34_33 D  62682  62680    101
  62847 60592      510.1111    50      526.0000      510.0000  1827732    3.04%          x33_16 D  62847  62846     24
  62927 60667      523.2750    56      526.0000      510.0000  1832587    3.04%          x36_43 N  62927  62926     52
  63014 60748      510.0645    68      526.0000      510.0000  1837843    3.04%          x38_22 U  63014  63009     19
  63157 60891      513.2963    68      526.0000      510.0000  1843091    3.04%          x39_49 D  63157  63156     37
  63238 60962      520.0170    77      526.0000      510.0000  1848421    3.04%          x48_41 U  63238  63236     32
  63377 61101      510.0414    71      526.0000      510.0000  1854108    3.04%          x46_38 D  63377  63376     37
  63547 61271      510.1234    71      526.0000      510.0000  1858862    3.04%          x16_38 N  63547  63533     20
  63624 61337      510.0000    22      526.0000      510.0000  1862750    3.04%          x12_16 D  63624  63552     20
  63734 61445      510.0833    37      526.0000      510.0000  1869198    3.04%           x40_9 N  63734  63711     22
Elapsed time = 2908.81 sec. (4796621.26 ticks, tree = 305.40 MB, solutions = 1)
  63836 61535      510.0956    84      526.0000      510.0000  1873812    3.04%          x46_41 D  63836  63835     49
  63945 61644      518.5000    28      526.0000      510.0000  1880257    3.04%          x39_49 U  63945  63943     20
  64040 61739      510.0000    31      526.0000      510.0000  1886360    3.04%            x8_7 U  64040  63969     11
  64093 61792      524.2500    50      526.0000      510.0000  1891648    3.04%          x29_22 D  64093  64092     52
  64340 62033      510.1237    68      526.0000      510.0000  1895292    3.04%          x35_43 D  64340  64339    129
  64484 62171      519.3077    42      526.0000      510.0000  1901547    3.04%           x46_8 N  64484  64482     50
  64660 62343      510.1261    62      526.0000      510.0000  1907409    3.04%          x48_38 D  64660  64659     33
  64756 62429        cutoff            526.0000      510.0000  1914326    3.04%           x46_8 U  64756  64754     44
  64970 62637      510.1527    70      526.0000      510.0000  1918210    3.04%          x37_46 D  64970  64969     45
  65082 62749      510.1456    78      526.0000      510.0000  1924656    3.04%          x46_36 D  65082  65081     33
Elapsed time = 3001.18 sec. (4950159.56 ticks, tree = 313.34 MB, solutions = 1)
  65189 62856      510.1203    72      526.0000      510.0000  1930455    3.04%          x33_16 D  65189  65188     23
  65284 62947      515.2917    59      526.0000      510.0000  1935079    3.04%           x26_9 U  65284  65283     77
  65397 63039      510.0404    57      526.0000      510.0000  1938257    3.04%          x21_41 N  65397  65359     15
  65532 63170      510.0000    23      526.0000      510.0000  1944503    3.04%          x42_27 D  65532  65109     11
  65610 63248      510.1667    43      526.0000      510.0000  1950494    3.04%          x50_46 D  65610  65609     30
  65800 63438      510.1185    90      526.0000      510.0000  1955607    3.04%          x16_30 D  65800  65799     98
  65890 63519      510.0785    90      526.0000      510.0000  1961264    3.04%          x48_38 D  65890  65889     32
  66082 63709      521.7143    51      526.0000      510.0000  1967061    3.04%          x48_38 N  66082  66079     25
  66266 63887      510.0816    69      526.0000      510.0000  1970595    3.04%           x7_32 U  66266  66265     28
  66513 64134      521.0000    53      526.0000      510.0000  1976743    3.04%          x33_26 U  66513  66511     24
Elapsed time = 3098.65 sec. (5106407.26 ticks, tree = 321.84 MB, solutions = 1)
  66675 64294      510.0357    78      526.0000      510.0000  1981854    3.04%          x36_43 D  66675  66674     18
  66895 64514      510.0232    76      526.0000      510.0000  1985001    3.04%          x15_41 U  66895  66762     17
  67021 64624      510.1233    54      526.0000      510.0000  1988668    3.04%          x22_32 N  67021  67020     23
  67223 64824      510.1750    75      526.0000      510.0000  1992589    3.04%           x7_34 D  67223  67222     17
  67459 65058      510.2099    49      526.0000      510.0000  1997460    3.04%          x45_46 D  67459  67458     91
  67664 65261      510.0173    80      526.0000      510.0000  2001433    3.04%          x28_41 D  67664  67663     19
  67916 65511      514.0750    62      526.0000      510.0000  2008356    3.04%          x36_41 U  67916  67914     14
  68021 65609      510.0870    62      526.0000      510.0000  2011642    3.04%           x7_34 D  68021  68020     20
  68084 65672      510.1818    34      526.0000      510.0000  2018189    3.04%           x9_18 N  68084  61628     24
  68241 65829      522.0000    28      526.0000      510.0000  2023043    3.04%          x38_10 N  68241  68239     34
Elapsed time = 3196.87 sec. (5262996.89 ticks, tree = 335.84 MB, solutions = 1)
  68305 65877      510.2000    41      526.0000      510.0000  2027557    3.04%           x26_9 N  68305  68300     19
  68549 66121      510.1539    81      526.0000      510.0000  2032046    3.04%          x46_47 D  68549  68548     75
  68694 66264      510.0563    87      526.0000      510.0000  2037015    3.04%          x33_35 D  68694  68693     24
  68882 66450      521.5000    36      526.0000      510.0000  2041856    3.04%          x39_43 U  68882  68880     35
  68990 66545      510.1527    91      526.0000      510.0000  2046330    3.04%          x33_26 D  68990  68989     74
  69190 66741      510.0446    82      526.0000      510.0000  2052373    3.04%          x41_17 U  69190  69184     15
  69467 67018      510.0008   113      526.0000      510.0000  2055931    3.04%          x12_16 N  69467  69466     20
  69823 67374      510.0758    56      526.0000      510.0000  2058348    3.04%          x20_17 D  69823  69822    189
  69992 67543      515.1151    89      526.0000      510.0000  2063522    3.04%          x48_51 U  69992  69990     81
  70026 67577      521.1439    72      526.0000      510.0000  2068536    3.04%          x36_43 U  70026  70024     37
Elapsed time = 3301.39 sec. (5418076.85 ticks, tree = 347.38 MB, solutions = 1)
  70230 67766      510.0000    18      526.0000      510.0000  2071068    3.04%          x38_14 D  70230  70229     17
  70455 67987      510.0000     8      526.0000      510.0000  2075173    3.04%          x38_14 U  70455  70076     17
  70792 68324      510.0822    94      526.0000      510.0000  2078324    3.04%          x46_47 D  70792  70791     38
  71022 68554      522.0000    48      526.0000      510.0000  2082178    3.04%          x33_16 U  71022  71020     24
  71155 68687      511.0769    32      526.0000      510.0000  2087875    3.04%          x22_27 N  71155  71153     22
  71240 68755      510.0408    51      526.0000      510.0000  2091526    3.04%          x40_37 N  71240  71239     22
  71329 68844      523.1014    70      526.0000      510.0000  2097790    3.04%          x45_48 U  71329  71327     81
  71593 69108      510.0845    72      526.0000      510.0000  2101764    3.04%          x22_27 U  71593  71592     21
  71782 69297      515.0000    28      526.0000      510.0000  2105454    3.04%          x36_40 U  71782  71780     23
  72011 69526      510.1000    60      526.0000      510.0000  2109712    3.04%           x9_32 D  72011  72010     72
Elapsed time = 3401.52 sec. (5573465.21 ticks, tree = 359.88 MB, solutions = 1)
  72199 69712      516.8000    53      526.0000      510.0000  2114585    3.04%          x44_46 N  72199  72197     32
  72255 69758      510.0458    89      526.0000      510.0000  2119499    3.04%          x22_27 N  72255  72254     21
  72460 69963      510.1529   102      526.0000      510.0000  2124023    3.04%           x46_8 D  72460  72459     54
  72650 70149      510.0489    81      526.0000      510.0000  2129209    3.04%          x33_43 D  72650  72649     30
  72802 70299      510.2917    37      526.0000      510.0000  2134051    3.04%          x11_26 D  72802  72801     26
  72958 70447      510.0715    96      526.0000      510.0000  2137594    3.04%           x7_34 N  72958  72957     20
  73200 70687      510.5499    90      526.0000      510.0000  2142629    3.04%          x39_40 D  73200  73199     42
  73423 70908      516.7143    43      526.0000      510.0000  2147689    3.04%          x48_43 U  73423  73421     27
  73564 71047      511.9000    35      526.0000      510.0000  2152935    3.04%          x19_30 D  73564  73561     41
  73672 71147      510.1370    67      526.0000      510.0000  2157295    3.04%          x36_41 D  73672  73671     36
Elapsed time = 3503.81 sec. (5728450.98 ticks, tree = 370.01 MB, solutions = 1)
  73796 71271      511.1111    39      526.0000      510.0000  2163405    3.04%          x22_27 D  73796  73794     22
  73874 71343      510.3881    65      526.0000      510.0000  2168508    3.04%          x41_17 U  73874  73867     20
  73980 71449      515.0714    58      526.0000      510.0000  2173841    3.04%          x36_43 U  73980  73978     25
  74114 71577      513.0000    41      526.0000      510.0000  2179228    3.04%          x48_42 D  74114  74112     49
  74215 71670      511.0000    28      526.0000      510.0000  2184089    3.04%          x22_27 D  74215  74213     23
  74400 71855      510.1111    63      526.0000      510.0000  2188901    3.04%          x50_46 D  74400  74399     35
  74579 72028      521.2222    27      526.0000      510.0000  2194174    3.04%          x41_46 N  74579  74578     47
  74720 72165      510.1290    87      526.0000      510.0000  2199731    3.04%          x36_50 D  74720  74719     64
  75002 72441      518.1230    55      526.0000      510.0000  2204866    3.04%          x36_48 U  75002  75000     62
  75135 72574      510.1379    81      526.0000      510.0000  2210935    3.04%          x37_36 D  75135  75134     36
Elapsed time = 3603.48 sec. (5882978.33 ticks, tree = 379.73 MB, solutions = 1)
  75272 72711      518.2500    24      526.0000      510.0000  2215783    3.04%          x12_43 N  75272  75271     33
  75420 72853      510.0739    82      526.0000      510.0000  2219495    3.04%          x36_38 D  75420  75419     33
  75586 73011      510.0739    97      526.0000      510.0000  2225165    3.04%          x44_46 D  75586  75585     16
  75787 73204      510.0782    59      526.0000      510.0000  2230309    3.04%          x36_43 N  75787  75786     22
  75890 73305      518.1009    67      526.0000      510.0000  2236490    3.04%          x17_22 N  75890  75889     33
  76004 73413      510.0504    54      526.0000      510.0000  2241521    3.04%          x36_43 D  76004  76003     21
  76146 73555      510.0556    49      526.0000      510.0000  2246986    3.04%          x21_41 N  76146  76130     17
  76256 73661      518.7500    44      526.0000      510.0000  2253473    3.04%          x36_38 N  76256  76254     22
  76360 73755      510.1047    98      526.0000      510.0000  2258100    3.04%          x31_38 D  76360  76359     41
  76482 73875      510.0841    94      526.0000      510.0000  2263576    3.04%          x11_26 N  76482  76481     25
Elapsed time = 3699.35 sec. (6037287.79 ticks, tree = 388.71 MB, solutions = 1)
  76568 73953      510.1994    79      526.0000      510.0000  2268628    3.04%           x7_32 N  76568  76567     23
  76637 74022      521.0000    43      526.0000      510.0000  2275313    3.04%          x31_32 N  76637  76635     35
  76752 74121      510.0000    10      526.0000      510.0000  2279378    3.04%          x26_13 U  76752  76730     20
  76812 74179      518.0000    23      526.0000      510.0000  2283143    3.04%          x20_11 N  76812  76809     59
  76891 74252      510.5000    25      526.0000      510.0000  2288219    3.04%           x26_9 U  76891  76889     22
  76975 74322      510.3333    26      526.0000      510.0000  2293292    3.04%           x26_9 U  76975  76974     23
  77057 74397      510.0676    69      526.0000      510.0000  2297947    3.04%          x33_16 D  77057  77056     22
  77229 74567      514.5116    64      526.0000      510.0000  2302513    3.04%          x44_46 N  77229  77228     19
  77405 74743      514.3333    31      526.0000      510.0000  2308244    3.04%          x36_43 U  77405  77402     20
  77560 74898      510.1402    78      526.0000      510.0000  2313242    3.04%          x35_43 D  77560  77559    132
Elapsed time = 3797.44 sec. (6192049.46 ticks, tree = 396.00 MB, solutions = 1)
  77606 74937      510.1333    47      526.0000      510.0000  2321537    3.04%           x42_8 N  77606  77436     18
  77660 74991      510.1549    77      526.0000      510.0000  2326339    3.04%          x33_12 D  77660  77659     66
  77717 75046      518.7500    59      526.0000      510.0000  2332637    3.04%          x36_38 N  77717  77715     24
  77758 75087      512.0000    24      526.0000      510.0000  2339633    3.04%          x11_26 N  77758  77756     21
  77890 75217      519.0045    87      526.0000      510.0000  2344937    3.04%           x7_34 U  77890  77888     18
  77975 75300      519.0000    54      526.0000      510.0000  2351599    3.04%          x33_43 U  77975  77973     16
  78028 75349      516.6000    64      526.0000      510.0000  2356820    3.04%          x44_46 U  78028  78027     34
  78205 75524      510.1161    70      526.0000      510.0000  2360917    3.04%          x46_18 D  78205  78204     66
  78407 75720      510.1429    34      526.0000      510.0000  2365359    3.04%          x40_22 D  78407  78406     27
  78683 75994      510.1587    49      526.0000      510.0000  2369780    3.04%          x20_41 D  78683  78682    132
Elapsed time = 3906.94 sec. (6354657.26 ticks, tree = 403.04 MB, solutions = 1)
  78814 76121      510.0000    30      526.0000      510.0000  2374982    3.04%           x26_9 U  78814  78813     15
  78976 76283      517.3846    61      526.0000      510.0000  2380020    3.04%          x44_46 N  78976  78974     25
  79118 76425      521.2500    45      526.0000      510.0000  2386501    3.04%          x48_41 N  79118  79116     30
  79242 76529      510.0664    63      526.0000      510.0000  2389834    3.04%          x28_41 N  79242  79238     20
  79392 76679      510.0541    77      526.0000      510.0000  2395917    3.04%          x21_41 U  79392  79294     18
  79579 76864      510.1326    77      526.0000      510.0000  2400764    3.04%          x36_50 D  79579  79578     55
  79718 76990      510.0580    85      526.0000      510.0000  2406186    3.04%          x21_41 D  79718  79717     20
  79873 77141      520.2500    34      526.0000      510.0000  2412511    3.04%          x50_46 N  79873  79871     34
  79988 77250      510.1219    82      526.0000      510.0000  2418146    3.04%          x33_21 D  79988  79987     26
  80144 77404      510.0625    80      526.0000      510.0000  2422584    3.04%          x33_16 D  80144  80142     22
Elapsed time = 4009.20 sec. (6513351.08 ticks, tree = 412.87 MB, solutions = 1)
  80225 77473      510.7500    27      526.0000      510.0000  2427856    3.04%          x26_13 N  80225  80209     16
  80343 77591      510.2222    65      526.0000      510.0000  2433148    3.04%          x41_36 N  80343  80339     12
  80400 77641      510.1415    75      526.0000      510.0000  2435700    3.04%          x36_41 D  80400  80399     16
  80493 77734      510.1558    60      526.0000      510.0000  2441291    3.04%          x37_46 N  80493  80492     60
  80591 77830        cutoff            526.0000      510.0000  2446774    3.04%          x33_20 U  80591  80589     44
  80658 77891      519.0000     8      526.0000      510.0000  2451737    3.04%          x38_22 D  80658  80657     54
  80798 78015      510.1196    79      526.0000      510.0000  2454710    3.04%          x11_26 N  80798  80797     24
  80878 78095      511.5696    70      526.0000      510.0000  2460277    3.04%          x44_46 D  80878  80876     35
  80986 78174      510.1235    92      526.0000      510.0000  2463602    3.04%          x31_32 D  80986  80985     40
  81193 78381      510.1247    70      526.0000      510.0000  2468322    3.04%          x42_44 D  81193  81192    115
Elapsed time = 4107.31 sec. (6669121.57 ticks, tree = 419.60 MB, solutions = 1)
  81293 78473      510.0000    26      526.0000      510.0000  2472914    3.04%           x29_7 U  81293  81228     28
  81422 78602      515.0000    15      526.0000      510.0000  2478251    3.04%          x20_41 U  81422  81420     27
  81548 78706      510.1538    32      526.0000      510.0000  2481961    3.04%           x26_9 D  81548  81547     21
  81748 78906      512.6667    37      526.0000      510.0000  2485295    3.04%          x11_26 N  81748   3657     20
  81823 78977      521.0000    20      526.0000      510.0000  2489287    3.04%          x13_29 N  81823  81821     74
  81915 79065      510.1522    50      526.0000      510.0000  2494656    3.04%          x46_47 D  81915  81914     47
  81991 79139      517.5000    49      526.0000      510.0000  2500174    3.04%          x44_46 N  81991  81989     28
  82070 79206      510.1036    90      526.0000      510.0000  2504345    3.04%          x36_41 N  82070  82069     35
  82243 79377      510.1111    45      526.0000      510.0000  2509357    3.04%          x34_33 U  82243  82242     93
  82383 79517      510.0919    90      526.0000      510.0000  2514580    3.04%          x33_21 D  82383  82382     36
Elapsed time = 4205.74 sec. (6823258.00 ticks, tree = 427.05 MB, solutions = 1)
  82490 79616      510.0000    19      526.0000      510.0000  2518189    3.04%            x8_7 D  82490  82489     25
  82640 79766      510.1103    92      526.0000      510.0000  2523380    3.04%          x46_12 D  82640  82639     49
  82815 79939      510.1373    82      526.0000      510.0000  2528125    3.04%          x36_48 D  82815  82814     51
  82981 80101        cutoff            526.0000      510.0000  2532741    3.04%          x40_36 U  82981  82979     58
  83106 80206      510.3448    74      526.0000      510.0000  2536508    3.04%           x26_9 N  83106  83101     19
  83162 80257      517.0000    50      526.0000      510.0000  2542922    3.04%          x36_41 N  83162  83160     18
  83262 80357      510.1338    73      526.0000      510.0000  2547653    3.04%          x31_36 D  83262  83261     27
  83440 80535      510.1505    47      526.0000      510.0000  2552341    3.04%          x48_51 D  83440  83439     56
  83547 80642      523.8333    45      526.0000      510.0000  2558831    3.04%          x31_36 U  83547  83545     28
  83609 80700      520.0000    24      526.0000      510.0000  2563023    3.04%          x50_46 N  83609  83607     42
Elapsed time = 4307.58 sec. (6979027.11 ticks, tree = 435.20 MB, solutions = 1)
  83807 80896      511.0000    71      526.0000      510.0000  2567548    3.04%          x33_43 D  83807  83806     22
  84064 81153      510.1613    68      526.0000      510.0000  2571233    3.04%          x11_17 D  84064  84063    152
  84123 81212      518.5000    22      526.0000      510.0000  2577165    3.04%          x10_38 N  84123  84122     43
  84237 81318      510.0779    86      526.0000      510.0000  2580879    3.04%          x33_16 N  84237  84236     35
  84376 81457      510.1341    68      526.0000      510.0000  2586778    3.04%          x37_41 D  84376  84375     42
  84608 81687      516.5000    34      526.0000      510.0000  2591750    3.04%          x36_41 U  84608  84606     25
  84699 81768      510.0173    71      526.0000      510.0000  2596306    3.04%           x30_7 D  84699  84698     18
  84911 81980      518.3636    70      526.0000      510.0000  2600916    3.04%          x33_43 U  84911  84909     23
  85120 82186      521.1389    59      526.0000      510.0000  2604999    3.04%           x7_19 U  85120  85118    107
  85192 82254      510.0581    61      526.0000      510.0000  2610376    3.04%          x32_21 N  85192  85175     16
Elapsed time = 4408.97 sec. (7134904.57 ticks, tree = 445.84 MB, solutions = 1)
  85283 82336      512.6154    48      526.0000      510.0000  2614268    3.04%          x10_14 U  85283  85281     47
  85469 82522      510.0426    58      526.0000      510.0000  2619488    3.04%          x28_41 U  85469  85430     20
  85550 82603      510.1000    60      526.0000      510.0000  2624525    3.04%           x7_34 D  85550  85549     29
  85619 82670        cutoff            526.0000      510.0000  2628850    3.04%          x40_37 U  85619  85616     49
  85776 82821      514.0000    24      526.0000      510.0000  2633350    3.04%          x16_22 N  85776  85774     79
  85906 82951      510.1236    87      526.0000      510.0000  2638730    3.04%          x20_33 D  85906  85905     68
  86021 83062      516.0000    21      526.0000      510.0000  2643110    3.04%          x39_36 U  86021  86019     37
  86181 83220      519.0000    12      526.0000      510.0000  2647819    3.04%          x15_17 N  86181  86180     39
  86333 83366      510.1691    94      526.0000      510.0000  2652287    3.04%          x27_12 D  86333  86332     19
  86552 83585      523.5000    29      526.0000      510.0000  2657037    3.04%          x34_33 D  86552  86550     67
Elapsed time = 4507.67 sec. (7289585.64 ticks, tree = 455.82 MB, solutions = 1)
  86750 83779      510.1796    81      526.0000      510.0000  2662011    3.04%          x33_43 D  86750  86749     20
  86872 83893      510.6667    30      526.0000      510.0000  2666985    3.04%           x9_18 N  86872  86870     18
  87025 84046      510.1156    87      526.0000      510.0000  2672079    3.04%          x14_20 D  87025  87024     27
  87220 84239      510.1534    90      526.0000      510.0000  2676168    3.04%          x39_41 D  87220  87219     72
  87287 84302      519.8448    79      526.0000      510.0000  2682595    3.04%          x37_40 N  87287  87285     40
  87320 84335      517.0000    22      526.0000      510.0000  2687925    3.04%          x42_36 U  87320  87318     33
  87412 84427      510.1444    98      526.0000      510.0000  2693875    3.04%          x46_22 D  87412  87411     51
  87519 84534      523.0000     8      526.0000      510.0000  2697172    3.04%          x39_36 N  87519  87517     52
  87578 84587      510.6923    37      526.0000      510.0000  2700332    3.04%          x12_16 U  87578  87577     16
  87723 84730      517.2500    30      526.0000      510.0000  2705372    3.04%          x44_46 N  87723  87722     17
Elapsed time = 4615.00 sec. (7449979.89 ticks, tree = 463.54 MB, solutions = 1)
  87780 84781      512.0000    30      526.0000      510.0000  2711391    3.04%          x11_26 N  87780  87778     23
  87910 84911      510.1215    82      526.0000      510.0000  2716257    3.04%          x33_40 D  87910  87909     42
  87990 84983      510.0295    85      526.0000      510.0000  2720778    3.04%          x48_40 D  87990  87989     26
  88204 85197      510.1905    62      526.0000      510.0000  2724207    3.04%          x41_36 D  88204  88203     14
  88400 85393      510.0982    85      526.0000      510.0000  2728174    3.04%          x37_36 D  88400  88399     33
  88490 85477      515.1626    52      526.0000      510.0000  2733750    3.04%          x33_32 D  88490  88488     58
  88640 85615      525.0000    20      526.0000      510.0000  2737681    3.04%          x31_32 N  88640  88638     60
  88724 85699      510.0986    74      526.0000      510.0000  2742985    3.04%          x36_38 D  88724  88723     24
  88900 85875      510.1362    89      526.0000      510.0000  2747948    3.04%          x33_16 D  88900  88899     23
  88993 85962      524.0000    28      526.0000      510.0000  2753432    3.04%           x6_11 N  88993  88992     42
Elapsed time = 4718.41 sec. (7606186.58 ticks, tree = 472.25 MB, solutions = 1)
  89195 86160      510.1074    90      526.0000      510.0000  2757659    3.04%          x36_43 D  89195  89194     27
  89286 86249      515.0222    53      526.0000      510.0000  2763755    3.04%          x44_39 N  89286  89285     34
  89448 86409      510.0132   100      526.0000      510.0000  2768439    3.04%          x33_46 D  89448  89447     24
  89663 86624      510.1523    85      526.0000      510.0000  2772274    3.04%          x43_46 D  89663  89662     57
  89796 86757      523.3333    75      526.0000      510.0000  2776745    3.04%          x28_38 D  89796  89795     37
  89990 86947      510.0000    28      526.0000      510.0000  2781526    3.04%          x42_27 D  89990  89889     14
  90077 87034      520.0000    18      526.0000      510.0000  2785760    3.04%          x32_43 U  90077  90075     35
  90240 87197      510.0244    70      526.0000      510.0000  2790972    3.04%          x21_41 N  90240  90186     19
  90347 87292      524.0000    22      526.0000      510.0000  2795510    3.04%          x34_33 D  90347  90345     74
  90523 87468      510.0284    72      526.0000      510.0000  2799776    3.04%          x11_26 D  90523  90522     19
Elapsed time = 4822.14 sec. (7764679.90 ticks, tree = 482.79 MB, solutions = 1)
  90727 87668      510.0387    89      526.0000      510.0000  2804156    3.04%          x36_46 D  90727  90726     58
  90890 87829      510.1250    42      526.0000      510.0000  2807740    3.04%          x11_26 D  90890  90889     20
  90970 87903      510.0000    22      526.0000      510.0000  2812947    3.04%          x21_41 D  90970  90969     19
  91066 87999      520.2500    17      526.0000      510.0000  2818185    3.04%          x28_38 N  91066  91065     16
  91115 88034      524.0000    43      526.0000      510.0000  2822543    3.04%          x33_16 U  91115  91113     22
  91200 88119      510.1019    71      526.0000      510.0000  2827690    3.04%          x44_46 D  91200  91199     30
  91299 88209      524.8000    33      526.0000      510.0000  2830021    3.04%          x35_30 N  91299  91298     68
  91460 88368      511.0566    60      526.0000      510.0000  2834864    3.04%          x41_27 D  91460  91459     25
  91522 88430      514.9167    60      526.0000      510.0000  2840704    3.04%          x22_42 N  91522  91520     38
  91598 88498      511.0000    25      526.0000      510.0000  2844600    3.04%          x11_26 D  91598    712     10
Elapsed time = 4919.83 sec. (7919438.13 ticks, tree = 490.41 MB, solutions = 1)
  91644 88533      510.1561    99      526.0000      510.0000  2848367    3.04%           x6_16 N  91644  63928     18
  91723 88610      510.1667    39      526.0000      510.0000  2853807    3.04%          x40_31 N  91723   1900     13
  91791 88666      512.2500    36      526.0000      510.0000  2856897    3.04%          x35_25 N  91791  91789     24
  91854 88729      511.0000    20      526.0000      510.0000  2861795    3.04%           x7_14 D  91854  91853     17
  91937 88808      517.0000    27      526.0000      510.0000  2864152    3.04%          x44_39 U  91937  91935     44
  92027 88898      513.8333    27      526.0000      510.0000  2869069    3.04%          x22_41 N  92027   3571     24
  92111 88982      520.4000    41      526.0000      510.0000  2874154    3.04%           x9_32 N  92111  92110     26
  92181 89045      516.1197    56      526.0000      510.0000  2879016    3.04%          x48_43 U  92181  92179     28
  92304 89168      522.0000    16      526.0000      510.0000  2883538    3.04%          x38_14 U  92304  92302     38
  92454 89310      510.1338    72      526.0000      510.0000  2887282    3.04%          x14_20 D  92454  92453     27
Elapsed time = 5017.75 sec. (8074159.79 ticks, tree = 496.23 MB, solutions = 1)
  92588 89442      510.1263    82      526.0000      510.0000  2892880    3.04%          x15_41 U  92588  60234     17
  92619 89467      512.0000    23      526.0000      510.0000  2897965    3.04%          x41_17 D  92619  92618     29
  92782 89630      524.3333    30      526.0000      510.0000  2902214    3.04%          x31_32 N  92782  92780     41
  92952 89800      510.0819    71      526.0000      510.0000  2907013    3.04%          x33_43 D  92952  92951     19
  93000 89833      510.0000    25      526.0000      510.0000  2911435    3.04%           x38_7 N  93000  92999     13
  93200 90033      510.1071    42      526.0000      510.0000  2913666    3.04%           x7_13 D  93200  93199     30
  93307 90140      512.0000    16      526.0000      510.0000  2918000    3.04%          x25_27 N  93307  93305     16
  93381 90210      516.5714    34      526.0000      510.0000  2921992    3.04%          x13_38 N  93381  93379     45
  93462 90277      510.0000    23      526.0000      510.0000  2925052    3.04%          x40_22 U  93462  93456     10
  93538 90353      521.0769    31      526.0000      510.0000  2927306    3.04%          x14_21 N  93538  93537     45
Elapsed time = 5122.33 sec. (8230079.09 ticks, tree = 503.90 MB, solutions = 1)
  93606 90415      510.0000    20      526.0000      510.0000  2930813    3.04%           x38_7 U  93606  93566     11
  93675 90472        cutoff            526.0000      510.0000  2934173    3.04%           x7_34 U  93675  93673     23
  93737 90534      510.0000    20      526.0000      510.0000  2939380    3.04%          x21_41 D  93737  93735     20
  93784 90581      518.0000     8      526.0000      510.0000  2944040    3.04%          x30_12 U  93784  93782     54
  93942 90730      510.1622    73      526.0000      510.0000  2946580    3.04%          x10_38 D  93942  93941     93
  93992 90780      522.8571    78      526.0000      510.0000  2952383    3.04%           x7_34 N  93992  93990     23
  94144 90932      511.0000    29      526.0000      510.0000  2955758    3.04%          x22_27 D  94144  94142     23
  94224 91012      522.0000    42      526.0000      510.0000  2960973    3.04%          x33_43 U  94224  94222     23
  94283 91059      517.0000    42      526.0000      510.0000  2963936    3.04%          x31_36 N  94283  94281     25
  94356 91132      515.0000    30      526.0000      510.0000  2969444    3.04%          x23_26 N  94356  94354     50
Elapsed time = 5225.56 sec. (8387085.78 ticks, tree = 509.82 MB, solutions = 1)
  94395 91171      515.1173    66      526.0000      510.0000  2975672    3.04%          x36_43 U  94395  94393     20
  94478 91247      518.0000     8      526.0000      510.0000  2980144    3.04%          x22_32 U  94478  94476     35
  94555 91324      510.0000    22      526.0000      510.0000  2985648    3.04%          x26_13 U  94555  94464     23
  94615 91378      524.9286    68      526.0000      510.0000  2990462    3.04%          x36_50 N  94615  94614     50
  94669 91428      510.0182    45      526.0000      510.0000  2995918    3.04%          x41_17 N  94669  57957     20
  94786 91540      517.0000    16      526.0000      510.0000  3000050    3.04%          x26_13 N  94786  94784     36
  94912 91652      510.1310    64      526.0000      510.0000  3002711    3.04%          x44_46 D  94912  94911     20
  94990 91730      510.0559    98      526.0000      510.0000  3008069    3.04%          x33_16 D  94990  94989     19
  95137 91877      524.6250    77      526.0000      510.0000  3013334    3.04%          x31_36 N  95137  95136     24
  95220 91954      516.3333    27      526.0000      510.0000  3017304    3.04%          x36_48 D  95220  95219     78
Elapsed time = 5328.13 sec. (8544951.81 ticks, tree = 515.67 MB, solutions = 1)
  95361 92089      510.0000    26      526.0000      510.0000  3021566    3.04%          x29_14 D  95361  94977      7
  95485 92213      510.1224    53      526.0000      510.0000  3025933    3.04%          x48_50 N  95485  95484     78
  95600 92326      510.0896    71      526.0000      510.0000  3029754    3.04%          x43_46 D  95600  95599     70
  95757 92483      520.0000    55      526.0000      510.0000  3034405    3.04%          x33_21 U  95757  95755     33
  95827 92545      510.0323    41      526.0000      510.0000  3038125    3.04%          x41_17 N  95827  95780     22
  95972 92690      510.1101    49      526.0000      510.0000  3042924    3.04%          x48_50 N  95972  95971     84
  96093 92805      510.0649    97      526.0000      510.0000  3048133    3.04%          x40_37 D  96093  96092     55
  96207 92919      523.8333    38      526.0000      510.0000  3053075    3.04%          x34_33 N  96207  96205     56
  96318 93026      519.2800    50      526.0000      510.0000  3057467    3.04%          x28_38 D  96318  96317     45
  96400 93104      510.1477    65      526.0000      510.0000  3060708    3.04%          x34_35 D  96400  96399     52
Elapsed time = 5431.73 sec. (8700186.97 ticks, tree = 523.82 MB, solutions = 1)
  96505 93207      523.0000    26      526.0000      510.0000  3065776    3.04%          x34_33 D  96505  96503     49
  96643 93343      512.0000    25      526.0000      510.0000  3070541    3.04%          x11_26 N  96643  96641     27
  96768 93468      511.1667    29      526.0000      510.0000  3075488    3.04%          x35_26 U  96768  96766     26
  96849 93545      510.0784    80      526.0000      510.0000  3078687    3.04%          x46_36 D  96849  96848     38
  97000 93696      510.0444    51      526.0000      510.0000  3082926    3.04%          x16_38 U  97000  96937     15
  97128 93822      510.0222    39      526.0000      510.0000  3087780    3.04%          x28_27 D  97128  97127     15
  97216 93908      512.0000    20      526.0000      510.0000  3090095    3.04%          x10_38 N  97216  97214     19
  97292 93964      517.0000    14      526.0000      510.0000  3093608    3.04%          x36_40 U  97292  97291     23
  97446 94118      510.0878    78      526.0000      510.0000  3098355    3.04%          x44_46 N  97446  97444     31
  97600 94270      510.1026    45      526.0000      510.0000  3102211    3.04%          x34_35 D  97600  97599     30
Elapsed time = 5537.60 sec. (8856944.83 ticks, tree = 532.51 MB, solutions = 1)
  97691 94361      519.0000    16      526.0000      510.0000  3107974    3.04%           x7_34 U  97691  97689     21
  97750 94412      524.2500    25      526.0000      510.0000  3110857    3.04%          x37_42 N  97750  97749     59
  97992 94646      512.6250    64      526.0000      510.0000  3114183    3.04%          x22_40 N  97992  97990     21
  98159 94811      510.0561    72      526.0000      510.0000  3118361    3.04%          x37_38 D  98159  98158     41
  98358 95010      510.0812    99      526.0000      510.0000  3122073    3.04%          x36_38 D  98358  98357     27
  98465 95113      518.5000    74      526.0000      510.0000  3126113    3.04%           x7_34 U  98465  98463     25
  98615 95259      510.0211    54      526.0000      510.0000  3131556    3.04%           x26_9 N  98615  98351     22
  98737 95378      518.7000    41      526.0000      510.0000  3136882    3.04%          x46_38 U  98737  98735     37
  98940 95581      510.0597    82      526.0000      510.0000  3139796    3.04%          x11_26 D  98940  98939     30
  99108 95745      510.1049    55      526.0000      510.0000  3144755    3.04%          x48_40 D  99108  99107     28
Elapsed time = 5642.47 sec. (9011482.16 ticks, tree = 543.05 MB, solutions = 1)
  99257 95892      510.0721    50      526.0000      510.0000  3149278    3.04%          x44_46 D  99257  99256     26
  99426 96057      510.0789    79      526.0000      510.0000  3154372    3.04%          x21_41 U  99426  99383     21
  99561 96190      510.0238    34      526.0000      510.0000  3159033    3.04%          x42_22 D  99561  99560     17
  99600 96225      511.2882    83      526.0000      510.0000  3164082    3.04%          x36_42 D  99600  99599     36
  99703 96314      517.0000    22      526.0000      510.0000  3168838    3.04%          x48_40 N  99703  99701     29
  99823 96434      523.0000    24      526.0000      510.0000  3174447    3.04%          x33_16 N  99823  99821     35
  99912 96523      510.1614    76      526.0000      510.0000  3178283    3.04%          x48_40 D  99912  99911     28
 100043 96654      510.0370    43      526.0000      510.0000  3183428    3.04%          x28_41 D 100043 100042     20
 100149 96760      519.5000    52      526.0000      510.0000  3187542    3.04%          x26_12 D 100149 100148     44
 100204 96809      510.0000    28      526.0000      510.0000  3192998    3.04%          x12_16 U 100204  99798     12
Elapsed time = 5749.98 sec. (9166189.44 ticks, tree = 559.84 MB, solutions = 1)
 100372 96977      510.1307    93      526.0000      510.0000  3197827    3.04%          x33_35 D 100372 100371     38
 100489 97094      515.0000    22      526.0000      510.0000  3203345    3.04%          x13_38 U 100489 100487     21
 100600 97197      510.1364    69      526.0000      510.0000  3207701    3.04%          x37_38 D 100600 100599     50
 100689 97286      516.0000    44      526.0000      510.0000  3213674    3.04%          x44_46 N 100689 100688     24
 100757 97354      510.0984    61      526.0000      510.0000  3219016    3.04%           x7_34 N 100757 100755     18
 100815 97408      510.0446    95      526.0000      510.0000  3221874    3.04%          x48_38 D 100815 100814     22
 100946 97539      510.2013    77      526.0000      510.0000  3226684    3.04%          x21_41 U 100946 100944     15
 101042 97635      512.0000    17      526.0000      510.0000  3231444    3.04%          x10_38 U 101042 101040     26
 101127 97706      520.0000    23      526.0000      510.0000  3235463    3.04%          x41_17 D 101127 101126     62
 101200 97769      510.0127    95      526.0000      510.0000  3239597    3.04%          x28_41 U 101200 100070     14
Elapsed time = 5855.94 sec. (9324988.71 ticks, tree = 567.59 MB, solutions = 1)
 101391 97960      510.7500    40      526.0000      510.0000  3244407    3.04%          x27_22 N 101391  99712     10
 101483 98039      510.6121    79      526.0000      510.0000  3247599    3.04%           x6_16 N 101483 101482     32
 101543 98099      510.4597    80      526.0000      510.0000  3252897    3.04%          x12_16 D 101543 101542     18
 101657 98211      517.0000     8      526.0000      510.0000  3257724    3.04%           x7_13 N 101657 101656     43
 101710 98259      510.3500    58      526.0000      510.0000  3260966    3.04%          x38_14 N 101710 101463     14
 101890 98439      510.0789    81      526.0000      510.0000  3265667    3.04%           x33_8 D 101890 101889     64
 102062 98611      510.0714    47      526.0000      510.0000  3269489    3.04%           x40_7 U 102062 101846     21
 102170 98717      517.8000    26      526.0000      510.0000  3273413    3.04%           x9_32 D 102170 102169     40
 102240 98777      510.0980    43      526.0000      510.0000  3275768    3.04%          x33_26 D 102240 102239     30
 102401 98936      510.1167    42      526.0000      510.0000  3280338    3.04%          x40_22 D 102401 102400     28
Elapsed time = 5956.59 sec. (9479919.92 ticks, tree = 576.06 MB, solutions = 1)
 102528 99063      510.0270    52      526.0000      510.0000  3285624    3.04%           x29_7 N 102528 102527     23
 102736 99271      518.8125    31      526.0000      510.0000  3288572    3.04%          x50_46 N 102736 102735     37
 102813 99323        cutoff            526.0000      510.0000  3291358    3.04%          x37_41 U 102813 102811     46
 102900 99408      510.1023    79      526.0000      510.0000  3296756    3.04%          x37_36 D 102900 102899     39
 103060 99562      510.0696    78      526.0000      510.0000  3301027    3.04%          x48_38 D 103060 103059     19
 103238 99736      510.1138    93      526.0000      510.0000  3305496    3.04%          x36_48 D 103238 103237     58
 103369 99865      510.0799    64      526.0000      510.0000  3310178    3.04%          x33_35 D 103369 103368     53
 103487 99979      519.0400    53      526.0000      510.0000  3313988    3.04%          x48_40 N 103487 103485     60
 103664 100146      510.1169    86      526.0000      510.0000  3317673    3.04%          x37_42 D 103664 103663     90
 103796 100276      510.2000    45      526.0000      510.0000  3322132    3.04%           x26_9 N 103796 103795     34
Elapsed time = 6056.79 sec. (9634932.00 ticks, tree = 586.28 MB, solutions = 1)
 103857 100335      516.0000     8      526.0000      510.0000  3325819    3.04%           x29_8 D 103857 103854     47
 103949 100415      516.0000    30      526.0000      510.0000  3329111    3.04%          x44_46 N 103949 103947     23
 104050 100516      510.0417    39      526.0000      510.0000  3334414    3.04%          x26_13 D 104050 104049     21
 104168 100632      511.2500    31      526.0000      510.0000  3339820    3.04%          x10_40 U 104168 104166     20
 104223 100682      510.0000    28      526.0000      510.0000  3343706    3.04%          x23_11 D 104223  96626     12
 104412 100867      510.0741    37      526.0000      510.0000  3348120    3.04%          x22_32 N 104412 104411     18
 104604 101058      516.0000    38      526.0000      510.0000  3352410    3.04%          x36_40 U 104604 104603     25
 104708 101160      519.0000    24      526.0000      510.0000  3357904    3.04%          x37_41 U 104708 104706     47
 104820 101272      510.1114    67      526.0000      510.0000  3362291    3.04%          x34_35 D 104820 104819     35
 104943 101393      514.0000    32      526.0000      510.0000  3366336    3.04%           x8_38 U 104943 104941     81
Elapsed time = 6164.07 sec. (9792016.11 ticks, tree = 594.47 MB, solutions = 1)
 105011 101450      510.1164    68      526.0000      510.0000  3369519    3.04%          x33_16 D 105011 105010     24
 105054 101493      510.0545    54      526.0000      510.0000  3375175    3.04%           x26_9 N 105054 105053     20
 105138 101577      517.0000    23      526.0000      510.0000  3380503    3.04%          x48_40 U 105138 105136     34
 105255 101694      524.0000    15      526.0000      510.0000  3384180    3.04%          x33_21 U 105255 105253     30
 105336 101773      517.0000    33      526.0000      510.0000  3389762    3.04%          x36_40 U 105336 105334     26
 105390 101821      517.0000    34      526.0000      510.0000  3394453    3.04%          x36_40 U 105390 105388     24
 105470 101901      510.1321    45      526.0000      510.0000  3399421    3.04%           x8_38 D 105470 105469     51
 105530 101961      521.2401    71      526.0000      510.0000  3403576    3.04%          x18_32 N 105530 105529     53
 105624 102038      516.0000    24      526.0000      510.0000  3407559    3.04%          x44_46 N 105624 105622     26
 105793 102205      510.1327    52      526.0000      510.0000  3412612    3.04%          x15_41 N 105793 105777     21
Elapsed time = 6267.67 sec. (9949733.97 ticks, tree = 600.44 MB, solutions = 1)
 105848 102248      510.0000    30      526.0000      510.0000  3418172    3.04%          x26_12 D 105848 105847     19
 105930 102326      510.1473    89      526.0000      510.0000  3423141    3.04%          x36_38 D 105930 105929     29
 106053 102447      510.1391    82      526.0000      510.0000  3427863    3.04%          x14_20 D 106053 106052     39
 106132 102518      510.1031    80      526.0000      510.0000  3431189    3.04%          x36_41 D 106132 106131     33
 106237 102623      510.1405    80      526.0000      510.0000  3435708    3.04%          x48_42 D 106237 106236     56
 106359 102743      524.0714    67      526.0000      510.0000  3440362    3.04%          x31_32 N 106359 106358     27
 106430 102809      510.0833    33      526.0000      510.0000  3444266    3.04%          x28_38 D 106430 106429     24
 106487 102866      517.0000    22      526.0000      510.0000  3450274    3.04%          x44_46 U 106487 106485     34
 106557 102920      510.2500    25      526.0000      510.0000  3454240    3.04%          x28_38 U 106557 106541     21
 106634 102997      510.0920    73      526.0000      510.0000  3459113    3.04%          x22_32 D 106634 106633     28
Elapsed time = 6370.13 sec. (10103586.76 ticks, tree = 606.29 MB, solutions = 1)
 106684 103047      510.1667    31      526.0000      510.0000  3463567    3.04%          x28_38 N 106684 106654     24
 106740 103093      510.0800    70      526.0000      510.0000  3467014    3.04%          x28_38 N 106740 106739     24
 106809 103162      522.0000    14      526.0000      510.0000  3471114    3.04%          x46_38 U 106809 106807     45
 106866 103217      523.0000    10      526.0000      510.0000  3475680    3.04%          x14_21 N 106866 106863     33
 106970 103311      510.0874    47      526.0000      510.0000  3479386    3.04%          x48_40 D 106970 106969     28
 107092 103431      519.0000    22      526.0000      510.0000  3486349    3.04%          x37_41 U 107092 107090     55
 107154 103493      519.5000    15      526.0000      510.0000  3490288    3.04%           x9_27 U 107154 107152     26
 107240 103575      510.0161    73      526.0000      510.0000  3492714    3.04%          x36_40 D 107240 107239     23
 107441 103776      510.0143    87      526.0000      510.0000  3496318    3.04%          x42_40 N 107441 107440     17
 107634 103969      510.0505    72      526.0000      510.0000  3499794    3.04%           x7_32 U 107634 107633     60
Elapsed time = 6478.56 sec. (10263849.08 ticks, tree = 613.51 MB, solutions = 1)
 107819 104154      522.0000    29      526.0000      510.0000  3504583    3.04%          x13_32 U 107819 107817     23
 107878 104209      521.9839    68      526.0000      510.0000  3508366    3.04%          x28_38 U 107878 107876     71
 107961 104282      510.0000    20      526.0000      510.0000  3512669    3.04%          x28_41 U 107961  95249     13
 108054 104375      510.1649    87      526.0000      510.0000  3516296    3.04%          x48_51 D 108054 108053     42
 108109 104420      510.3333    77      526.0000      510.0000  3520811    3.04%          x41_36 N 108109 108107     15
 108262 104573      523.5000    43      526.0000      510.0000  3525895    3.04%          x34_33 D 108262 108260     54
 108376 104687      510.0586    74      526.0000      510.0000  3531212    3.04%          x18_30 D 108376 108375     24
 108490 104797      518.9403    78      526.0000      510.0000  3534081    3.04%          x50_46 N 108490 108489     44
 108625 104924      514.8227    74      526.0000      510.0000  3537526    3.04%          x18_38 U 108625 108623     30
 108720 105019      510.1059   100      526.0000      510.0000  3542196    3.04%          x28_38 D 108720 108719     20
Elapsed time = 6581.98 sec. (10421380.10 ticks, tree = 621.80 MB, solutions = 1)
 108783 105075      510.1373    64      526.0000      510.0000  3546400    3.04%          x28_38 N 108783 108782     19
 108866 105158      519.2424    76      526.0000      510.0000  3551161    3.04%          x31_40 U 108866 108864     36
 108934 105217      518.0000    31      526.0000      510.0000  3555455    3.04%          x13_42 N 108934 108933     67
 108989 105267      510.1305    87      526.0000      510.0000  3557488    3.04%          x22_31 D 108989 108988     36
 109070 105348      519.0000    10      526.0000      510.0000  3562423    3.04%           x7_34 U 109070 109068     24
 109118 105396      518.8054    80      526.0000      510.0000  3566594    3.04%          x33_35 N 109118 109117     39
 109199 105469      516.0000    39      526.0000      510.0000  3571555    3.04%          x44_46 U 109199 109197     21
 109272 105542      510.1379    68      526.0000      510.0000  3574676    3.04%           x8_22 D 109272 109271     33
 109394 105664      519.0000    20      526.0000      510.0000  3579648    3.04%           x38_7 N 109394 109393     19
 109467 105715      510.0370    45      526.0000      510.0000  3582129    3.04%          x41_36 U 109467 109461     14
Elapsed time = 6683.29 sec. (10575060.61 ticks, tree = 626.59 MB, solutions = 1)
 109585 105833      510.1167    53      526.0000      510.0000  3586818    3.04%          x28_38 U 109585 109552     21
 109734 105982      520.1067    79      526.0000      510.0000  3591374    3.04%          x36_41 U 109734 109732     38
 109842 106085      510.2585   108      526.0000      510.0000  3595540    3.04%           x6_16 N 109842 109794     21
 109974 106217      510.1172    86      526.0000      510.0000  3600471    3.04%          x33_23 D 109974 109973     75
 110092 106335      514.0000    18      526.0000      510.0000  3603570    3.04%           x8_38 N 110092 110090     84
 110282 106525      510.0458    82      526.0000      510.0000  3607305    3.04%          x37_38 D 110282 110281     35
 110400 106643      510.0533    77      526.0000      510.0000  3610858    3.04%          x36_38 D 110400 110399     20
 110480 106703      510.0769    38      526.0000      510.0000  3615196    3.04%          x48_40 D 110480 110479     26
 110624 106847      518.5000    30      526.0000      510.0000  3620128    3.04%          x40_37 U 110624 110622     36
 110713 106936      510.0417    47      526.0000      510.0000  3625597    3.04%           x29_8 N 110713  14039     25
Elapsed time = 6790.68 sec. (10733410.16 ticks, tree = 635.83 MB, solutions = 1)
 110822 107045      510.0508    84      526.0000      510.0000  3629917    3.04%          x28_38 D 110822 110821     19
 110896 107117      519.1250    37      526.0000      510.0000  3634564    3.04%          x11_24 N 110896 110895     43
 110950 107159      510.0900    88      526.0000      510.0000  3638065    3.04%          x33_26 D 110950 110949     26
 111044 107251      510.1511    65      526.0000      510.0000  3642938    3.04%          x44_46 D 111044 111043     35
 111096 107303      511.0000    28      526.0000      510.0000  3647872    3.04%          x22_31 U 111096 111093     18
 111190 107385      510.0680    92      526.0000      510.0000  3650764    3.04%          x33_35 D 111190 111189     31
 111291 107486      510.1111    32      526.0000      510.0000  3653859    3.04%          x26_13 U 111291 111281     20
 111390 107585      510.1676    82      526.0000      510.0000  3658195    3.04%          x33_35 D 111390 111389     23
 111513 107702      510.1652   108      526.0000      510.0000  3663097    3.04%          x44_46 D 111513 111511     25
 111703 107890      510.0160    87      526.0000      510.0000  3666007    3.04%          x12_16 U 111703 111597     16
Elapsed time = 6892.79 sec. (10887433.21 ticks, tree = 643.54 MB, solutions = 1)
 111826 108013      510.0000    25      526.0000      510.0000  3670377    3.04%          x12_16 U 111826  97285     17
 111880 108067      513.0000     8      526.0000      510.0000  3675321    3.04%           x8_38 N 111880 111879     33
 111932 108113      510.1485    47      526.0000      510.0000  3678885    3.04%          x46_36 D 111932 111931     45
 112054 108233        cutoff            526.0000      510.0000  3683261    3.04%          x34_32 U 112054 112052     64
 112112 108291      510.0000    28      526.0000      510.0000  3688784    3.04%           x30_7 U 112112 112094     19
 112167 108346      513.2000    24      526.0000      510.0000  3693188    3.04%          x15_41 D 112167 112166     39
 112238 108403      510.1667    36      526.0000      510.0000  3695402    3.04%          x22_32 D 112238 112236     29
 112291 108456      519.0000    16      526.0000      510.0000  3700428    3.04%           x7_34 U 112291 112289     20
 112324 108487      510.0882    93      526.0000      510.0000  3705546    3.04%          x36_40 D 112324 112322     21
 112370 108527      510.1048    89      526.0000      510.0000  3709247    3.04%          x22_30 N 112370 112369     19
Elapsed time = 6995.12 sec. (11042704.38 ticks, tree = 648.39 MB, solutions = 1)
 112462 108617      510.1383    82      526.0000      510.0000  3712390    3.04%          x40_37 D 112462 112461     25
 112559 108713      520.0000    14      526.0000      510.0000  3717877    3.04%          x50_46 U 112559 112557     31
 112710 108864      510.0825    81      526.0000      510.0000  3721984    3.04%          x11_43 D 112710 112709     65
 112783 108937      517.5833    49      526.0000      510.0000  3726813    3.04%          x36_41 U 112783 112781     29
 112829 108979      510.0000    21      526.0000      510.0000  3729481    3.04%           x29_7 U 112829 112825     21
 112921 109069      510.1458    63      526.0000      510.0000  3733821    3.04%          x45_46 D 112921 112920     84
 112976 109124      520.6923    74      526.0000      510.0000  3739041    3.04%           x7_34 N 112976 112974     15
 113161 109309      511.0000    32      526.0000      510.0000  3742386    3.04%          x22_27 D 113161 113159     16
 113227 109363        cutoff            526.0000      510.0000  3743866    3.04%          x20_28 U 113227 113225     66
 113306 109432      515.0000    18      526.0000      510.0000  3748172    3.04%          x37_36 U 113306 113304     29
Elapsed time = 7095.93 sec. (11199093.02 ticks, tree = 655.78 MB, solutions = 1)
 113429 109555      520.0000    30      526.0000      510.0000  3755435    3.04%          x36_38 U 113429 113427     22
 113490 109612      523.5000    54      526.0000      510.0000  3760282    3.04%          x33_16 U 113490 113488     20
 113631 109751      519.0000    21      526.0000      510.0000  3764004    3.04%           x7_34 U 113631 113629     27
 113746 109866      510.0896    81      526.0000      510.0000  3768145    3.04%          x33_41 D 113746 113745     38
 113884 110004      524.0000    26      526.0000      510.0000  3773451    3.04%          x33_46 N 113884 113882     29
 113939 110053      510.0386    62      526.0000      510.0000  3778418    3.04%          x36_43 D 113939 113938     20
 114068 110178      510.0000    24      526.0000      510.0000  3782121    3.04%           x29_7 U 114068  37547     23
 114230 110340      510.2000    45      526.0000      510.0000  3786479    3.04%          x36_41 D 114230 114229     30
 114265 110371      514.6667    35      526.0000      510.0000  3790612    3.04%          x44_46 N 114265 114263     18
 114350 110454      510.0000    28      526.0000      510.0000  3794548    3.04%          x42_18 D 114350 114349     17
Elapsed time = 7205.01 sec. (11362258.95 ticks, tree = 663.66 MB, solutions = 1)
 114458 110562      510.0471    66      526.0000      510.0000  3798851    3.04%          x33_26 D 114458 114457     32
 114571 110665      518.0000    46      526.0000      510.0000  3803402    3.04%          x33_16 N 114571 114569     26
 114623 110713      510.1176    49      526.0000      510.0000  3808274    3.04%          x11_20 N 114623 114622     33
 114746 110834      510.0735    58      526.0000      510.0000  3812756    3.04%          x36_38 D 114746 114745     22
 114852 110938      517.1667    70      526.0000      510.0000  3817362    3.04%           x7_34 U 114852 114850     25
 114895 110977      510.3750    35      526.0000      510.0000  3821141    3.04%           x40_9 N 114895 114888     22
 114973 111055      510.1555    93      526.0000      510.0000  3826038    3.04%          x31_38 D 114973 114972     53
 115142 111220      510.0778    65      526.0000      510.0000  3829602    3.04%          x44_46 D 115142 115141     26
 115255 111333      515.0714    48      526.0000      510.0000  3833762    3.04%          x39_49 N 115255 115253     33
 115410 111482      510.1127    66      526.0000      510.0000  3836609    3.04%          x14_20 D 115410 115409     37
Elapsed time = 7308.88 sec. (11517407.67 ticks, tree = 672.06 MB, solutions = 1)
 115565 111637      510.0445    63      526.0000      510.0000  3840950    3.04%          x46_36 D 115565 115564     39
 115712 111782      510.0000    23      526.0000      510.0000  3845248    3.04%           x30_8 U 115712 115545     20
 115903 111973      510.0574    85      526.0000      510.0000  3849216    3.04%          x36_43 D 115903 115902     21
 115990 112060      520.0000    22      526.0000      510.0000  3854494    3.04%          x48_43 N 115990 115989     20
 116095 112155      510.1547   104      526.0000      510.0000  3857787    3.04%          x33_32 D 116095 116094     58
 116280 112340      510.7500    74      526.0000      510.0000  3863329    3.04%          x26_13 U 116280 116117     19
 116457 112515        cutoff            526.0000      510.0000  3866818    3.04%          x31_32 U 116457 116455     67
 116589 112647      510.0930    35      526.0000      510.0000  3871433    3.04%          x28_38 U 116589 116549     18
 116628 112684      521.0000    15      526.0000      510.0000  3877429    3.04%          x36_38 U 116628 116626     27
 116720 112771      510.0679    82      526.0000      510.0000  3880811    3.04%          x36_43 D 116720 116719     26
Elapsed time = 7413.55 sec. (11676514.46 ticks, tree = 682.05 MB, solutions = 1)
 116800 112849      510.0909    75      526.0000      510.0000  3885256    3.04%          x31_38 D 116800 116799     35
 116938 112987      510.1222    50      526.0000      510.0000  3889638    3.04%          x22_30 U 116938 116937     20
 117042 113090      520.0000    10      526.0000      510.0000  3894196    3.04%          x48_41 U 117042 117040     26
 117140 113180      523.0769    27      526.0000      510.0000  3897291    3.04%          x31_32 N 117140 117138     48
 117220 113260      510.0000    23      526.0000      510.0000  3901164    3.04%          x19_30 D 117220 117219     18
 117336 113376      510.0648    87      526.0000      510.0000  3905730    3.04%          x44_46 D 117336 117335     28
 117406 113446      525.0000    16      526.0000      510.0000  3910943    3.04%          x33_26 N 117406 117403     24
 117467 113493      522.7500    27      526.0000      510.0000  3915134    3.04%          x45_46 N 117467 117465     72
 117568 113588      510.1429    39      526.0000      510.0000  3919264    3.04%           x26_9 U 117568 117557     19
 117653 113673      510.4615    68      526.0000      510.0000  3923329    3.04%          x40_22 N 117653 117647     16
Elapsed time = 7520.48 sec. (11835918.98 ticks, tree = 689.07 MB, solutions = 1)
 117710 113728      522.6842    47      526.0000      510.0000  3927443    3.04%          x39_49 N 117710 117708     50
 117769 113783      510.2311    87      526.0000      510.0000  3932613    3.04%          x19_30 N 117769 117767     26
 117955 113969      510.0659    80      526.0000      510.0000  3936279    3.04%          x31_36 D 117955 117954     33
 118050 114060      520.2216    49      526.0000      510.0000  3940073    3.04%          x35_23 N 118050 118049     52
 118174 114173      511.1176    35      526.0000      510.0000  3943549    3.04%          x22_31 N 118174 118173     22
 118245 114244      510.0645    44      526.0000      510.0000  3948499    3.04%          x36_40 D 118245 118244     26
 118314 114313      512.0949    62      526.0000      510.0000  3953685    3.04%          x28_38 N 118314 118312     25
 118400 114393      510.0553    72      526.0000      510.0000  3955873    3.04%           x7_34 D 118400 118399     23
 118618 114609      510.0711    84      526.0000      510.0000  3958895    3.04%          x31_32 D 118618 118617     72
 118740 114731      524.1250    29      526.0000      510.0000  3963385    3.04%          x39_36 N 118740 118738     48
Elapsed time = 7623.00 sec. (11991974.49 ticks, tree = 697.79 MB, solutions = 1)
 118908 114895      510.1306    99      526.0000      510.0000  3967104    3.04%          x39_49 D 118908 118907     31
 119076 115063      510.1478    84      526.0000      510.0000  3971117    3.04%          x43_46 D 119076 119075     57
 119185 115162      520.2500    32      526.0000      510.0000  3973859    3.04%          x10_17 D 119185 119183     57
 119290 115261      510.1530    78      526.0000      510.0000  3976790    3.04%          x33_16 D 119290 119289     34
 119432 115403      510.0797    59      526.0000      510.0000  3981148    3.04%          x39_36 D 119432 119431     48
 119578 115549      524.0833    31      526.0000      510.0000  3985870    3.04%          x31_32 U 119578 119576     48
 119630 115601      517.7333    48      526.0000      510.0000  3991105    3.04%          x48_40 U 119630 119627     23
 119716 115655      518.3704    47      526.0000      510.0000  3994535    3.04%          x11_17 D 119716 119715     93
 119800 115728      510.0588    34      526.0000      510.0000  3998038    3.04%          x22_32 D 119800 119799     26
 119856 115784      510.0037    81      526.0000      510.0000  4002940    3.04%          x28_38 N 119856 119855     25
Elapsed time = 7726.04 sec. (12148053.91 ticks, tree = 706.48 MB, solutions = 1)
 120022 115950      510.6786    75      526.0000      510.0000  4006617    3.04%          x26_13 U 120022 119854     24
 120184 116110      510.0000    24      526.0000      510.0000  4012966    3.04%           x26_9 U 120184 119851     21
 120273 116191        cutoff            526.0000      510.0000  4016762    3.04%          x41_45 U 120273 120271     37
 120400 116318      510.1270    50      526.0000      510.0000  4020095    3.04%          x40_37 D 120400 120399     43
 120507 116425      510.1000    40      526.0000      510.0000  4024597    3.04%          x11_26 D 120507 120506     24
 120676 116592      510.1354    98      526.0000      510.0000  4028712    3.04%          x11_41 D 120676 120675     83
 120891 116806      510.0773   101      526.0000      510.0000  4031016    3.04%          x39_49 D 120891 120890     45
 120998 116905      524.4000    34      526.0000      510.0000  4034360    3.04%          x13_32 N 120998 120996     56
 121137 117035        cutoff            526.0000      510.0000  4038774    3.04%          x34_33 D 121137 121135     50
 121306 117202      510.1305    79      526.0000      510.0000  4042480    3.04%          x11_26 D 121306 121305     71
Elapsed time = 7832.49 sec. (12311008.18 ticks, tree = 717.60 MB, solutions = 1)
 121456 117352      510.1441    45      526.0000      510.0000  4046806    3.04%          x39_49 D 121456 121455     24
 121550 117446      510.1390    91      526.0000      510.0000  4050763    3.04%          x33_43 D 121550 121549     19
 121634 117530      510.0952    73      526.0000      510.0000  4054724    3.04%          x36_46 D 121634 121633     71
 121724 117620      515.0556    46      526.0000      510.0000  4059700    3.04%          x36_43 U 121724 121721     27
 121833 117716      510.0827   113      526.0000      510.0000  4062823    3.04%          x22_25 D 121833 121832     66
 121975 117858      510.0373    70      526.0000      510.0000  4066667    3.04%          x36_40 N 121975 121974     21
 122049 117932      510.2500    31      526.0000      510.0000  4071033    3.04%          x38_22 U 122049  14638     22
 122166 118047      514.8000    40      526.0000      510.0000  4075901    3.04%          x44_46 U 122166 122164     22
 122270 118149      519.3000    51      526.0000      510.0000  4080432    3.04%          x48_38 N 122270 122269     24
 122323 118196      517.0875    65      526.0000      510.0000  4085123    3.04%          x48_43 U 122323 122321     26
Elapsed time = 7937.28 sec. (12465387.49 ticks, tree = 725.45 MB, solutions = 1)
 122429 118300      510.1429    41      526.0000      510.0000  4088775    3.04%          x46_36 D 122429 122428     39
 122521 118392      510.0847    72      526.0000      510.0000  4093143    3.04%          x39_49 D 122521 122520     37
 122600 118469      511.3499    68      526.0000      510.0000  4098091    3.04%          x46_30 D 122600 122599     42
 122726 118590      510.1604   105      526.0000      510.0000  4102202    3.04%          x36_42 D 122726 122725     66
 122841 118705      510.2500    37      526.0000      510.0000  4106133    3.04%          x27_22 D 122841 122840     18
 123000 118862      518.0550    71      526.0000      510.0000  4111438    3.04%          x46_38 N 123000 122998     52
 123098 118958      515.5000    20      526.0000      510.0000  4115036    3.04%          x10_40 N 123098 123097     28
 123152 119002      511.0000    24      526.0000      510.0000  4117055    3.04%          x26_13 N 123152 123150     16
 123210 119060      510.1366    67      526.0000      510.0000  4121396    3.04%          x37_41 D 123210 123209     40
 123303 119153      525.0000    39      526.0000      510.0000  4126293    3.04%          x34_33 D 123303 123301     64
Elapsed time = 8041.44 sec. (12622402.66 ticks, tree = 733.49 MB, solutions = 1)
 123346 119196      524.0000    14      526.0000      510.0000  4132611    3.04%          x33_21 U 123346 123344     30
 123406 119247      510.0288    62      526.0000      510.0000  4136165    3.04%          x33_16 D 123406 123405     28
 123562 119403      510.0000    18      526.0000      510.0000  4140071    3.04%          x26_12 N 123562 123392     15
 123670 119511      510.1000    34      526.0000      510.0000  4145070    3.04%          x14_20 D 123670 123669     21
 123809 119646      521.3571    31      526.0000      510.0000  4149489    3.04%           x7_32 N 123809 123808     22
 123865 119698      510.1003    81      526.0000      510.0000  4154168    3.04%          x28_38 N 123865 123864     21
 123904 119735      513.0000    20      526.0000      510.0000  4158632    3.04%          x10_42 N 123904 123902     28
 124012 119841      510.1177    95      526.0000      510.0000  4162391    3.04%          x23_26 D 124012 124011     45
 124082 119907      518.0925    75      526.0000      510.0000  4166881    3.04%          x48_41 N 124082 124081     39
 124158 119968      516.3333    57      526.0000      510.0000  4170593    3.04%          x44_46 U 124158 124156     17
Elapsed time = 8147.72 sec. (12782853.10 ticks, tree = 740.40 MB, solutions = 1)
 124200 120010      510.0879    82      526.0000      510.0000  4175588    3.04%          x46_47 D 124200 124198     38
 124328 120138      510.1342    96      526.0000      510.0000  4178806    3.04%          x42_47 D 124328 124327     40
 124478 120286      510.0997   100      526.0000      510.0000  4182404    3.04%          x48_46 D 124478 124477     71
 124562 120368      510.0097    75      526.0000      510.0000  4186992    3.04%          x41_17 N 124562  32220     21
 124620 120424      523.0000    26      526.0000      510.0000  4190565    3.04%          x48_51 N 124620 124619     38
 124732 120532      510.1667    38      526.0000      510.0000  4194465    3.04%          x48_51 D 124732 124731     65
 124865 120665      520.0000    22      526.0000      510.0000  4199207    3.04%          x36_38 U 124865 124863     32
 125024 120822      510.1053    54      526.0000      510.0000  4203510    3.04%          x12_16 N 125024 125001     18
 125080 120872      525.0000    16      526.0000      510.0000  4207886    3.04%          x15_41 N 125080 125079     58
 125150 120937      510.1379    84      526.0000      510.0000  4211459    3.04%          x46_14 D 125150 125149     69
Elapsed time = 8250.99 sec. (12937436.60 ticks, tree = 748.09 MB, solutions = 1)
 125207 120994      510.1034    57      526.0000      510.0000  4216359    3.04%          x22_27 U 125207 125206     26
 125270 121057      510.0430    57      526.0000      510.0000  4220699    3.04%          x22_27 U 125270 125269     22
 125433 121220      510.0404    61      526.0000      510.0000  4224921    3.04%          x33_43 D 125433 125432     16
 125478 121265      510.0094    47      526.0000      510.0000  4229913    3.04%          x28_38 N 125478 125477     21
 125600 121387      510.0605    99      526.0000      510.0011  4233346    3.04%          x22_32 D 125600 125599     46
 125800 121585      513.5000    54      526.0000      510.0019  4239403    3.04%          x36_43 U 125800  28939     19
 125865 121650      510.1606    81      526.0000      510.0028  4243767    3.04%          x37_46 D 125865 125864     82
 125933 121718      512.3333    60      526.0000      510.0032  4247887    3.04%          x36_40 N 125933  27383     20
 125988 121773      510.1121   107      526.0000      510.0048  4252691    3.04%          x22_30 U 125988 125987     30
 126057 121842      510.0465    78      526.0000      510.0050  4257517    3.04%          x22_30 U 126057 126056     29
Elapsed time = 8375.89 sec. (13098875.15 ticks, tree = 755.91 MB, solutions = 1)
 126221 122004      512.0000    20      526.0000      510.0051  4262183    3.04%          x22_40 D 126221 126220     22
 126377 122160      510.0594    71      526.0000      510.0054  4265796    3.04%          x33_43 D 126377 126376     21
 126554 122331      510.1323    89      526.0000      510.0061  4270019    3.04%          x39_49 D 126554 126553     44
 126643 122420      518.0000    21      526.0000      510.0065  4274831    3.04%          x42_36 N 126643  69675     42
 126704 122481      510.1619    85      526.0000      510.0073  4279569    3.04%          x40_37 D 126704 126703     37
 126866 122643      515.0000    33      526.0000      510.0074  4284078    3.04%          x37_36 U 126866 126864     44
 126891 122668      516.3333    54      526.0000      510.0079  4289320    3.04%          x33_43 N 126891  17367     22
 126903 122680      510.5000    29      526.0000      510.0082  4295290    3.04%          x40_22 N 126903  45390     19
 126954 122714      518.0000    22      526.0000      510.0083  4299410    3.04%           x46_7 N 126954  69710     77
 126967 122727      510.1036    89      526.0000      510.0086  4304108    3.04%          x36_43 N 126967 126966     25
Elapsed time = 8492.06 sec. (13258600.13 ticks, tree = 762.95 MB, solutions = 1)
 127030 122790      510.5000    38      526.0000      510.0091  4308351    3.04%          x22_30 U 127030 127029     27
 127080 122838      510.0749    78      526.0000      510.0096  4313539    3.04%          x36_41 D 127080 127079     37
 127193 122951      523.0943    54      526.0000      510.0098  4317893    3.04%          x45_48 U 127193 127191     84
 127227 122985      511.0000    29      526.0000      510.0101  4322947    3.04%          x22_27 D 127227  54406     24
 127293 123051      510.1301    96      526.0000      510.0106  4327490    3.04%           x46_8 D 127293 127292     63
 127334 123090      515.3333    68      526.0000      510.0110  4334301    3.04%          x33_21 N 127334  32731     18
 127400 123156      510.0615    97      526.0000      510.0111  4338348    3.04%          x48_42 D 127400 127399     56
 127530 123286      510.1423    77      526.0000      510.0111  4342084    3.04%          x33_35 D 127530 127529     26
 127563 123317      516.2500    61      526.0000      510.0121  4347439    3.04%          x33_43 U 127563  62337     25
 127598 123352      512.2000    33      526.0000      510.0123  4352590    3.04%          x41_27 N 127598  26816     25
Elapsed time = 8602.13 sec. (13417295.50 ticks, tree = 769.25 MB, solutions = 1)
 127683 123435      511.0000    26      526.0000      510.0125  4355768    3.04%          x22_27 D 127683 127681     15
 127753 123503      510.1429    38      526.0000      510.0128  4360706    3.04%          x39_40 D 127753 127752     35
 127852 123602      511.2222    33      526.0000      510.0132  4366121    3.04%          x22_32 N 127852  13029     18
 127877 123627      511.2874    60      526.0000      510.0136  4371939    3.04%          x22_32 N 127877  95400     26
 128004 123752      512.0000    29      526.0000      510.0140  4375646    3.04%          x28_27 N 128004 104236     26
 128010 123758      511.1667    42      526.0000      510.0141  4381078    3.04%          x41_30 N 128010  95874     26
 128084 123830      510.0829    78      526.0000      510.0144  4384962    3.04%          x22_46 D 128084 128083     53
 128117 123863      512.2500    33      526.0000      510.0149  4389903    3.04%          x20_46 N 128117  58079     15
 128126 123872      517.1000    73      526.0000      510.0152  4396541    3.04%          x33_43 N 128126  40433     20
 128147 123891      523.0000    18      526.0000      510.0153  4401861    3.04%          x39_36 N 128147  81595     50
Elapsed time = 8718.84 sec. (13581322.76 ticks, tree = 774.74 MB, solutions = 1)
 128170 123912      518.0000    36      526.0000      510.0159  4407830    3.04%          x36_41 U 128170 128168     24
 128255 123997      518.0000    26      526.0000      510.0160  4410890    3.04%           x9_15 N 128255 128253     96
 128315 124055      510.1800    85      526.0000      510.0165  4415509    3.04%          x46_36 D 128315 128314     52
 128325 124065      513.1000    43      526.0000      510.0167  4421938    3.04%          x22_32 N 128325  46913     18
 128349 124089      516.0059    86      526.0000      510.0171  4427594    3.04%          x39_49 U 128349  41703     21
 128398 124138      517.0023    69      526.0000      510.0172  4434862    3.04%          x48_43 U 128398  16158     28
 128411 124151      518.6000    71      526.0000      510.0175  4440670    3.04%          x33_43 N 128411   9757     16
 128460 124198      516.0160    79      526.0000      510.0180  4446176    3.04%          x48_43 N 128460  15837     24
 128508 124242        cutoff            526.0000      510.0180  4448531    3.04%          x50_46 U 128508 128505     51
 128557 124283      516.0000    30      526.0000      510.0183  4451678    3.04%          x44_46 N 128557 128555     27
Elapsed time = 8833.00 sec. (13746754.38 ticks, tree = 778.18 MB, solutions = 1)
 128631 124357      518.0000    33      526.0000      510.0185  4456566    3.04%           x46_8 N 128631  56476     42
 128711 124437      513.0000    25      526.0000      510.0186  4461339    3.04%          x22_32 U 128711  95636     24
 128762 124488      516.5000    30      526.0000      510.0189  4466946    3.04%          x48_43 N 128762  20193     21
 128840 124564      519.0000    44      526.0000      510.0190  4470677    3.04%          x46_38 N 128840 128838     42
 128865 124587      510.5000    20      526.0000      510.0192  4475268    3.04%          x40_22 N 128865  45369     19
 128880 124602      514.0000    20      526.0000      510.0195  4481576    3.04%          x22_32 N 128880   7253     20
 128967 124689      513.5000    34      526.0000      510.0197  4485819    3.04%          x36_43 U 128967 112987     18
 129013 124735      518.0395    91      526.0000      510.0198  4491902    3.04%          x46_12 N 129013  81600     55
 129031 124753      511.0000     8      526.0000      510.0200  4497449    3.04%           x7_32 D 129031 129029     20
 129169 124889      510.1506   109      526.0000      510.0201  4500652    3.04%          x46_37 D 129169 129168     99
Elapsed time = 8946.57 sec. (13910779.10 ticks, tree = 784.24 MB, solutions = 1)
 129205 124925      510.0202    47      526.0000      510.0202  4504042    3.04%          x28_41 U 129205   7254     21
 129277 124991        cutoff            526.0000      510.0204  4509736    3.04%          x31_40 U 129277 129275     46
 129297 125011      520.0667    68      526.0000      510.0208  4516264    3.04%          x46_13 N 129297  13713     36
 129330 125044      510.1667    39      526.0000      510.0208  4521328    3.04%          x36_41 D 129330 129329     25
 129380 125094      510.1635    85      526.0000      510.0210  4525923    3.04%          x34_33 U 129380 129379     48
 129423 125137      516.3333    66      526.0000      510.0212  4531082    3.04%          x33_43 N 129423  15096     18
 129488 125202      522.5667    77      526.0000      510.0214  4536115    3.04%           x7_34 U 129488 129486     23
 129513 125227      512.5000    28      526.0000      510.0215  4541380    3.04%          x21_40 N 129513  34733     27
 129545 125259      510.1349    68      526.0000      510.0217  4547009    3.04%          x36_38 D 129545 129543     25
 129611 125325      510.0417    41      526.0000      510.0217  4551737    3.04%          x28_41 U 129611  98135     18
Elapsed time = 9055.71 sec. (14068747.62 ticks, tree = 788.07 MB, solutions = 1)
 129723 125435      510.1399    61      526.0000      510.0222  4556594    3.04%          x13_43 D 129723 129722     85
 129788 125498      511.0208    38      526.0000      510.0222  4561177    3.04%          x22_27 N 129788  24121     19
 129821 125527      510.0580    92      526.0000      510.0222  4565245    3.04%          x22_27 N 129821 129820     29
 129911 125615      511.0000    26      526.0000      510.0222  4569794    3.04%          x22_27 N 129911  63032     22
 129944 125636      512.0000    16      526.0000      510.0222  4574749    3.04%          x16_40 N 129944  99487     17
 129988 125678      512.0045    80      526.0000      510.0223  4579556    3.04%          x22_40 D 129988  40815     28
 130017 125707      518.0000    12      526.0000      510.0227  4585145    3.04%          x46_38 N 130017  98761     35
 130034 125724      524.0000    51      526.0000      510.0227  4590738    3.04%          x46_36 N 130034  89456     33
 130092 125782      510.1591    47      526.0000      510.0229  4595021    3.04%          x14_46 D 130092 130091     73
 130180 125868      523.0000    22      526.0000      510.0230  4599154    3.04%          x34_33 D 130180 130178     49
Elapsed time = 9167.08 sec. (14229031.30 ticks, tree = 793.80 MB, solutions = 1)
 130209 125888      511.2222    41      526.0000      510.0231  4602800    3.04%          x22_32 N 130209 123958     21
 130270 125947      510.0451    81      526.0000      510.0232  4606985    3.04%          x31_32 D 130270 130268     37
 130340 126017      512.0546    79      526.0000      510.0233  4611522    3.04%          x27_22 U 130340 130338     25
 130386 126063      513.5000    65      526.0000      510.0236  4618083    3.04%          x36_43 N 130386  38764     19
 130402 126079      514.0000    46      526.0000      510.0238  4622113    3.04%          x44_46 N 130402 115160     25
 130460 126137      510.1092    97      526.0000      510.0240  4626646    3.04%          x46_22 D 130460 130459     62
 130513 126188      519.0000    30      526.0000      510.0241  4630746    3.04%          x22_32 U 130513   8003     25
 130590 126265      511.0000    27      526.0000      510.0244  4634275    3.04%          x22_27 D 130590  32864     27
 130614 126289      513.0077    68      526.0000      510.0247  4639919    3.04%          x33_16 N 130614  23858     17
 130620 126295      512.6667    64      526.0000      510.0248  4645427    3.04%          x15_27 N 130620  23428     27
Elapsed time = 9279.24 sec. (14390431.38 ticks, tree = 797.53 MB, solutions = 1)
 130647 126320      517.5000    49      526.0000      510.0250  4650793    3.04%          x44_46 N 130647  58229     26
 130677 126350      522.5000    48      526.0000      510.0253  4657636    3.04%          x48_38 U 130677  53258     13
 130691 126364      514.0000    61      526.0000      510.0256  4663167    3.04%          x15_40 N 130691  24682     18
 130710 126383      510.1244    70      526.0000      510.0258  4668589    3.04%          x33_16 D 130710 130709     30
 130730 126403      516.0000    32      526.0000      510.0260  4674053    3.04%          x36_40 N 130730  96585     24
 130757 126430      512.0000    22      526.0000      510.0263  4680425    3.04%          x22_27 N 130757  31715     22
 130770 126443      517.0000    25      526.0000      510.0264  4686210    3.04%          x36_40 N 130770 104211     14
 130840 126513      510.1201    88      526.0000      510.0266  4688941    3.04%          x46_17 D 130840 130839     85
 130865 126536      515.0071    54      526.0000      510.0268  4694924    3.04%          x48_51 N 130865  56294     48
 130874 126545      511.0000    28      526.0000      510.0270  4700804    3.04%          x40_22 N 130874  38768     23
Elapsed time = 9405.65 sec. (14561677.25 ticks, tree = 799.87 MB, solutions = 1)
 130895 126566      514.1667    55      526.0000      510.0270  4706095    3.04%          x36_43 N 130895  34492     13
 130940 126602      510.0442    82      526.0000      510.0271  4708958    3.04%          x33_26 D 130940 130939     30
 131053 126713        cutoff            526.0000      510.0272  4712219    3.04%          x37_38 U 131053 131051     52
 131100 126760      512.0000    31      526.0000      510.0274  4717694    3.04%          x16_40 N 131100  10716     19
 131115 126773      516.4444    85      526.0000      510.0275  4723948    3.04%          x33_43 N 131115   8448     24
 131125 126783      512.2500    26      526.0000      510.0278  4729322    3.04%          x16_40 N 131125  96923     21
 131148 126806      511.0000    32      526.0000      510.0278  4733980    3.04%          x22_27 N 131148  30972     30
 131171 126829      519.0000    23      526.0000      510.0278  4738255    3.04%          x43_42 D 131171 131170     47
 131216 126855      514.0000    22      526.0000      510.0278  4739799    3.04%          x22_32 N 131216  96018     22
 131245 126884      514.0769    54      526.0000      510.0278  4744790    3.04%          x44_46 N 131245  67797     22
Elapsed time = 9518.22 sec. (14722729.10 ticks, tree = 803.85 MB, solutions = 1)
 131258 126897      525.0000    41      526.0000      510.0280  4751482    3.04%          x33_26 N 131258  81579     34
 131324 126963      510.0588    60      526.0000      510.0281  4755347    3.04%          x40_30 D 131324 131323     70
 131391 127030      513.5000    30      526.0000      510.0282  4759535    3.04%          x36_43 N 131391  67849     20
 131404 127041      513.0000    24      526.0000      510.0284  4765258    3.04%          x22_41 N 131404  39517     22
 131481 127104      518.6444    39      526.0000      510.0284  4766707    3.04%          x13_29 N 131481 131480     86
 131600 127219      510.0975   103      526.0000      510.0285  4767695    3.04%          x46_36 D 131600 131599     52
 131697 127316      514.0000    43      526.0000      510.0287  4771772    3.04%          x36_43 N 131697  84482     24
 131716 127335      518.2500    81      526.0000      510.0290  4777750    3.04%          x33_43 U 131716 122324     21
 131730 127349      516.0000    66      526.0000      510.0292  4783294    3.04%           x21_7 N 131730  23317     26
 131741 127360      511.0000    26      526.0000      510.0294  4789165    3.04%          x14_20 N 131741  65724     23
Elapsed time = 9627.79 sec. (14887600.28 ticks, tree = 809.00 MB, solutions = 1)
 131812 127431      513.0000    12      526.0000      510.0295  4792859    3.04%          x22_32 U 131812  98131     14
 131825 127440      518.2500    68      526.0000      510.0296  4798177    3.04%          x33_43 N 131825  66896     19
 131890 127505      510.1284    93      526.0000      510.0299  4802318    3.04%           x33_8 D 131890 131889     80
 131938 127553      511.0000    25      526.0000      510.0301  4807136    3.04%           x9_40 N 131938  51166     40
 131954 127567      511.0310    75      526.0000      510.0303  4813721    3.04%          x14_20 N 131954 125301     19
 131976 127589      510.1793    68      526.0000      510.0304  4818229    3.04%          x33_43 D 131976 131975     26
 131989 127602      519.9000    75      526.0000      510.0306  4824048    3.04%          x33_43 N 131989 118454     27
 132004 127617      511.2567    62      526.0000      510.0308  4830052    3.04%           x8_22 N 132004 101210     25
 132015 127628      518.3333    78      526.0000      510.0310  4836207    3.04%          x33_43 N 132015  84791     18
 132031 127642      511.0317    44      526.0000      510.0312  4841434    3.04%          x14_20 N 132031  85355     25
Elapsed time = 9755.69 sec. (15053962.75 ticks, tree = 812.62 MB, solutions = 1)
 132049 127660      517.0000    16      526.0000      510.0313  4846832    3.04%           x46_9 N 132049  40508     36
 132066 127675      516.7500    82      526.0000      510.0315  4852885    3.04%          x33_43 N 132066  10378     20
 132084 127693      513.0000    24      526.0000      510.0316  4858451    3.04%          x22_31 N 132084  34321     28
 132110 127719      510.0918    96      526.0000      510.0318  4863782    3.04%          x40_37 D 132110 132109     51
 132172 127781      520.1667    59      526.0000      510.0320  4867968    3.04%          x22_47 N 132172  87991     28
 132196 127803      512.0000    39      526.0000      510.0323  4873500    3.04%          x22_32 U 132196 109318     25
 132287 127894      514.3333    49      526.0000      510.0323  4877315    3.04%          x36_43 N 132287 118876     24
 132301 127908      512.0000    24      526.0000      510.0325  4882661    3.04%          x15_27 N 132301 110144     21
 132323 127930      510.0956    63      526.0000      510.0326  4887223    3.04%          x36_43 D 132323 132322     33
 132382 127989      511.0000    30      526.0000      510.0328  4892378    3.04%          x22_27 D 132382  42919     28
Elapsed time = 9874.44 sec. (15212463.32 ticks, tree = 816.79 MB, solutions = 1)
 132393 128000      517.5000    42      526.0000      510.0331  4897786    3.04%          x33_21 N 132393 122069     18
 132402 128009      518.0000    30      526.0000      510.0332  4902773    3.04%          x46_40 N 132402  69310     52
 132430 128035      521.7470    67      526.0000      510.0333  4907296    3.04%          x33_46 D 132430 132429     29
 132501 128097      510.3018    80      526.0000      510.0333  4910244    3.04%          x22_30 N 132501 132500     18
 132525 128121      518.0000    25      526.0000      510.0333  4914183    3.04%          x15_41 U 132525 132523     53
 132562 128154      518.3333    50      526.0000      510.0333  4918439    3.04%          x33_43 N 132562 117582     21
 132583 128175      513.0000    28      526.0000      510.0336  4924009    3.04%          x22_28 U 132583  33714     31
 132597 128187      512.0000    34      526.0000      510.0337  4930191    3.04%          x22_27 N 132597  73175     18
 132607 128197      513.5000    28      526.0000      510.0339  4935265    3.04%          x14_20 N 132607  22245     19
 132629 128219      511.0476    61      526.0000      510.0340  4940550    3.04%          x22_31 N 132629  32600     29
Elapsed time = 9993.18 sec. (15372608.74 ticks, tree = 818.97 MB, solutions = 1)
 132712 128302      516.0167    54      526.0000      510.0343  4944751    3.04%          x48_43 N 132712  57502     22
 132771 128361      510.1602   105      526.0000      510.0345  4948694    3.04%          x36_46 D 132771 132770     60
 132900 128488      510.0407    98      526.0000      510.0345  4951416    3.04%          x44_39 D 132900 132899     39
 132987 128575      517.0000    21      526.0000      510.0345  4954377    3.04%          x26_13 N 132987 132985     49
 133026 128608      523.1500    45      526.0000      510.0345  4956279    3.04%          x20_21 N 133026 133025     77
 133041 128616      513.5000    40      526.0000      510.0346  4961844    3.04%          x36_43 N 133041   8385     16
 133050 128625      514.8333    57      526.0000      510.0347  4968243    3.04%          x36_40 N 133050  69469     23
 133067 128640      511.0000    32      526.0000      510.0351  4974457    3.04%          x10_38 N 133067  82176     27
 133087 128660      511.0000    25      526.0000      510.0353  4979714    3.04%          x22_31 N 133087 126323     24
 133178 128749      511.0000    22      526.0000      510.0353  4983361    3.04%          x41_30 U 133178  78579     29
Elapsed time = 10102.11 sec. (15532641.38 ticks, tree = 824.14 MB, solutions = 1)
 133187 128758      517.7500    46      526.0000      510.0354  4988896    3.04%          x36_38 N 133187  66839     26
 133195 128766      519.0000    26      526.0000      510.0356  4994088    3.04%          x46_10 N 133195  14659     35
 133207 128778      510.2482    74      526.0000      510.0357  4999369    3.04%          x22_30 N 133207 133206     22
 133244 128815      520.1250    61      526.0000      510.0357  5004963    3.04%          x33_43 N 133244  22941     23
 133294 128851      522.2222    72      526.0000      510.0357  5007517    3.04%          x42_34 D 133294 133292     60
 133350 128892      510.0768    88      526.0000      510.0359  5011080    3.04%          x31_36 D 133350 133349     34
 133427 128967      510.1298    76      526.0000      510.0360  5014781    3.03%          x48_43 D 133427 133426     30
 133474 129014      511.0000    27      526.0000      510.0361  5020038    3.03%           x30_8 N 133474  14999     20
 133487 129025      518.1111    74      526.0000      510.0364  5025794    3.03%          x33_43 N 133487  51056     25
 133517 129055      511.0000    31      526.0000      510.0364  5031024    3.03%          x22_30 N 133517  20708     21
Elapsed time = 10215.79 sec. (15694395.08 ticks, tree = 827.96 MB, solutions = 1)
 133590 129128      518.0000    12      526.0000      510.0366  5035524    3.03%          x22_29 U 133590  69480     34
 133601 129137        cutoff            526.0000      510.0368  5040968    3.03%          x48_31 U 133601  17026     20
 133670 129206      514.0000    25      526.0000      510.0370  5045511    3.03%          x22_41 N 133670  70881     27
 133706 129240      511.0389    83      526.0000      510.0370  5050325    3.03%          x14_20 U 133706 121014     32
 133740 129274      513.4286    39      526.0000      510.0370  5054743    3.03%          x42_38 D 133740 133739     40
 133796 129322      511.0000    31      526.0000      510.0370  5057257    3.03%          x41_18 N 133796  62439     27
 133845 129357      524.0000    16      526.0000      510.0370  5060167    3.03%          x15_41 D 133845 133844     61
 133936 129442      510.1492   105      526.0000      510.0370  5062740    3.03%          x33_20 D 133936 133935     53
 133978 129484      511.0400    45      526.0000      510.0370  5069923    3.03%          x14_20 N 133978 122809     21
 134006 129511      524.1659    62      526.0000      510.0370  5071722    3.03%          x41_17 N 134006 134005     41
Elapsed time = 10326.68 sec. (15857111.73 ticks, tree = 834.47 MB, solutions = 1)
 134018 129519      522.0000    60      526.0000      510.0373  5078205    3.03%          x36_38 N 134018  27648     24
 134032 129533      515.0000    60      526.0000      510.0375  5084925    3.03%          x33_21 N 134032  55122     18
 134044 129545      517.0000    50      526.0000      510.0376  5090627    3.03%          x36_41 N 134044  56455     21
 134056 129557      516.3333    60      526.0000      510.0377  5096352    3.03%          x33_43 N 134056  19107     29
 134069 129570      510.5000    22      526.0000      510.0379  5101831    3.03%          x40_22 N 134069  22429     19
 134136 129635      518.0000    23      526.0000      510.0380  5105605    3.03%           x46_7 N 134136  64249     39
 134150 129649      511.0000    30      526.0000      510.0383  5110879    3.03%          x14_20 N 134150 111713     27
 134163 129662      512.1023    67      526.0000      510.0385  5116765    3.03%          x21_40 N 134163  58085     21
 134224 129723      512.0000    31      526.0000      510.0385  5120796    3.03%          x22_27 N 134224 127607     25
 134268 129756      517.2000    43      526.0000      510.0385  5122995    3.03%          x36_41 N 134268  61062     27
Elapsed time = 10447.89 sec. (16026298.29 ticks, tree = 836.85 MB, solutions = 1)
 134331 129819      513.5000    40      526.0000      510.0385  5126592    3.03%          x36_43 N 134331  30908     17
 134402 129888      517.2500    49      526.0000      510.0385  5131140    3.03%          x36_43 N 134402  56010     20
 134414 129898      521.6667    53      526.0000      510.0388  5137214    3.03%          x33_16 N 134414  94003     26
 134427 129911      513.0000    24      526.0000      510.0390  5142432    3.03%          x41_30 N 134427  98284     27
 134434 129918      524.0000    35      526.0000      510.0390  5148651    3.03%          x46_36 N 134434  69495     49
 134446 129930      515.5000    22      526.0000      510.0392  5154445    3.03%          x37_36 N 134446  98755     29
 134490 129974      510.1440    69      526.0000      510.0392  5158823    3.03%           x46_9 D 134490 134489     49
 134548 130028      522.3639    74      526.0000      510.0392  5162995    3.03%          x31_36 N 134548 134546     56
 134569 130043      520.0000    59      526.0000      510.0392  5168323    3.03%          x48_41 N 134569 115557     32
 134583 130055      524.0000    50      526.0000      510.0395  5173773    3.03%          x48_38 N 134583  25136     30
Elapsed time = 10563.83 sec. (16188515.87 ticks, tree = 839.60 MB, solutions = 1)
 134617 130089      512.0342    76      526.0000      510.0397  5179021    3.03%          x11_26 N 134617 121013     31
 134625 130097      515.0000    34      526.0000      510.0398  5184978    3.03%          x37_36 N 134625  57416     36
 134702 130173      511.0000    25      526.0000      510.0400  5188859    3.03%          x22_30 N 134702  14926     17
 134740 130211      511.0816    73      526.0000      510.0400  5192949    3.03%          x33_20 D 134740 134739     77
 134762 130229      511.0000    24      526.0000      510.0400  5197464    3.03%          x22_27 N 134762  16019     27
 134800 130267      513.5814    64      526.0000      510.0400  5201310    3.03%          x39_49 D 134800 134799     44
 134839 130302      517.5000    34      526.0000      510.0400  5206407    3.03%          x36_38 N 134839 130156     27
 134929 130392      514.3333    35      526.0000      510.0400  5209159    3.03%          x36_43 N 134929  76186     21
 134946 130407      514.1667    61      526.0000      510.0400  5215053    3.03%          x36_43 N 134946  32260     25
 135014 130472      524.1053    58      526.0000      510.0400  5218689    3.03%          x39_49 N 135014 135013     31
Elapsed time = 10680.94 sec. (16354327.93 ticks, tree = 843.34 MB, solutions = 1)
 135060 130514      510.1710   112      526.0000      510.0400  5222458    3.03%          x21_33 D 135060 135059    104
 135078 130530      514.5385    77      526.0000      510.0402  5227815    3.03%           x7_34 N 135078  34614     26
 135112 130562      522.3455    68      526.0000      510.0402  5230608    3.03%          x33_35 N 135112 135111     40
 135139 130580      517.0000    44      526.0000      510.0403  5235194    3.03%           x7_34 N 135139  10989     28
 135146 130587      517.0000    48      526.0000      510.0404  5241346    3.03%          x36_38 N 135146  16626     21
 135176 130617      511.0000    20      526.0000      510.0405  5245767    3.03%           x30_7 N 135176  44968     22
 135188 130628      524.8750    59      526.0000      510.0407  5252086    3.03%          x31_36 N 135188 132900     40
 135197 130635      516.4231    68      526.0000      510.0408  5258758    3.03%          x36_40 N 135197 119495     21
 135207 130645      515.0206    59      526.0000      510.0410  5264268    3.03%          x36_43 N 135207  61260     23

Zero-half cuts applied:  8
Gomory fractional cuts applied:  1
User cuts applied:  65469

Root node processing (before b&c):
  Real time             =    0.15 sec. (246.16 ticks)
Sequential b&c:
  Real time             = 10799.98 sec. (16515648.63 ticks)
                          ------------
Total (root+branch&cut) = 10800.13 sec. (16515894.79 ticks)

