Version identifier: 22.1.0.0 | 2022-03-09 | 1a383f8ce
CPXPARAM_Preprocessing_Reduce                    1
CPXPARAM_Threads                                 1
CPXPARAM_Preprocessing_Reformulations            0
CPXPARAM_Emphasis_MIP                            2
CPXPARAM_MIP_Limits_CutPasses                    1000
CPXPARAM_TimeLimit                               10800
CPXPARAM_MIP_Tolerances_AbsMIPGap                0.999
CPXPARAM_MIP_Limits_TreeMemory                   20000
Legacy callback                                  BbLUID
         Disabling repeat represolve because of lazy constraint/incumbent callback.
1 of 1 MIP starts provided solutions.
MIP start 'm1' defined initial solution with objective 2017.0000.
Tried aggregator 1 time.
MIP Presolve eliminated 10377 rows and 0 columns.
MIP Presolve modified 1192 coefficients.
Reduced MIP has 1576 rows, 6065 columns, and 23774 nonzeros.
Reduced MIP has 6065 binaries, 0 generals, 0 SOSs, and 0 indicators.
Presolve time = 0.01 sec. (20.84 ticks)
Probing time = 0.00 sec. (3.30 ticks)
Clique table members: 1576.
MIP emphasis: optimality.
MIP search method: traditional branch-and-cut.
Parallel mode: none, using 1 thread.
Root relaxation solution time = 0.02 sec. (30.24 ticks)

        Nodes                                         Cuts/
   Node  Left     Objective  IInf  Best Integer    Best Bound    ItCnt     Gap         Variable B NodeID Parent  Depth

*     0+    0                         2017.0000        0.0000           100.00%
      0     0     1930.5000    38     2017.0000     1930.5000     1677    4.29%
      0     0     1953.0000    46     2017.0000     Cuts: 152     1964    3.17%
      0     0     1953.0000    72     2017.0000      Cuts: 75     2019    3.17%
      0     0     1965.0000    77     2017.0000      Cuts: 99     2105    2.58%
      0     0     1966.0000   101     2017.0000      Cuts: 39     2176    2.53%
      0     0     1966.2500   154     2017.0000      Cuts: 55     2200    2.52%
      0     0     1966.5000   135     2017.0000      Cuts: 11     2225    2.50%
      0     0     1966.5000   135     2017.0000      User: 14     2233    2.50%
      0     0     1966.5000   135     2017.0000      User: 13     2234    2.50%
      0     0     1967.1000   181     2017.0000       User: 6     2264    2.47%
      0     0     1967.5000   131     2017.0000      Cuts: 34     2278    2.45%
      0     0     1968.0000   170     2017.0000      Cuts: 21     2302    2.43%
      0     0     1968.0000   171     2017.0000      Cuts: 19     2342    2.43%
      0     0     1968.0000   190     2017.0000       Cuts: 9     2362    2.43%
      0     0     1968.5000   176     2017.0000      Cuts: 20     2392    2.40%
      0     0     1968.5000   178     2017.0000      Cuts: 28     2421    2.40%
      0     0     1968.5000   167     2017.0000      Cuts: 17     2426    2.40%
      0     0     1968.5000   190     2017.0000      Cuts: 15     2445    2.40%
      0     0     1968.5000   191     2017.0000      Cuts: 36     2510    2.40%
      0     0     1968.5000   195     2017.0000      Cuts: 14     2539    2.40%
      0     0     1968.5000   163     2017.0000      Cuts: 16     2583    2.40%
      0     0     1968.5000   209     2017.0000      Cuts: 39     2672    2.40%
      0     0     1968.5000   138     2017.0000      Cuts: 19     2746    2.40%
      0     0     1968.7000   209     2017.0000      Cuts: 16     2834    2.39%
      0     0     1968.8333   239     2017.0000      Cuts: 28     2925    2.39%
      0     0     1968.8500   239     2017.0000      Cuts: 22     2962    2.39%
      0     0     1968.9375   234     2017.0000      Cuts: 24     2996    2.38%
      0     0     1968.9375   234     2017.0000      Cuts: 13     3052    2.38%
      0     0     1969.0000   233     2017.0000      Cuts: 18     3100    2.38%
      0     0     1969.0000   170     2017.0000      Cuts: 19     3145    2.38%
      0     0     1969.0455   251     2017.0000      Cuts: 26     3272    2.38%
      0     0     1969.5000   222     2017.0000      Cuts: 14     3346    2.35%
      0     0     1969.5000   230     2017.0000      Cuts: 36     3405    2.35%
      0     0     1969.5000   218     2017.0000      Cuts: 18     3487    2.35%
      0     0     1969.5000   216     2017.0000      Cuts: 18     3556    2.35%
      0     0     1969.5000   209     2017.0000      Cuts: 20     3586    2.35%
      0     0     1969.5000   221     2017.0000      Cuts: 14     3676    2.35%
      0     0     1969.5000   215     2017.0000      Cuts: 15     3761    2.35%
      0     0     1970.0000   234     2017.0000      Cuts: 15     3827    2.33%
      0     0     1970.5000   211     2017.0000      Cuts: 33     3911    2.31%
      0     0     1970.5000   223     2017.0000      Cuts: 20     4029    2.31%
      0     0     1970.5000   217     2017.0000      Cuts: 25     4068    2.31%
      0     0     1970.5000   227     2017.0000      Cuts: 15     4149    2.31%
      0     0     1970.5000   235     2017.0000      Cuts: 22     4231    2.31%
      0     0     1970.5000   235     2017.0000      Cuts: 19     4281    2.31%
      0     0     1970.5000   237     2017.0000      Cuts: 15     4335    2.31%
      0     0     1971.0833   283     2017.0000      Cuts: 44     4407    2.28%
      0     0     1971.1000   255     2017.0000      Cuts: 26     4494    2.28%
      0     0     1971.5000   202     2017.0000      Cuts: 24     4560    2.26%
      0     0     1971.7727   259     2017.0000      Cuts: 26     4598    2.24%
      0     0     1972.0000   228     2017.0000      Cuts: 30     4668    2.23%
      0     0     1972.5000   209     2017.0000      Cuts: 18     4749    2.21%
      0     0     1972.7500   245     2017.0000      Cuts: 24     4796    2.19%
      0     0     1972.9000   236     2017.0000      Cuts: 27     4851    2.19%
      0     0     1973.0000   138     2017.0000      Cuts: 21     4880    2.18%
      0     0     1973.6429   194     2017.0000      Cuts: 59     4928    2.15%
      0     0     1973.6667   254     2017.0000      Cuts: 21     5002    2.15%
      0     0     1973.8529   254     2017.0000      Cuts: 25     5093    2.14%
      0     0     1973.8529   279     2017.0000      Cuts: 36     5163    2.14%
      0     0     1973.8529   279     2017.0000      Cuts: 17     5192    2.14%
      0     0     1974.3333   269     2017.0000      Cuts: 18     5250    2.12%
      0     0     1974.3750   271     2017.0000      Cuts: 13     5303    2.11%
      0     0     1974.3750   228     2017.0000      Cuts: 11     5313    2.11%
      0     0     1974.6667   221     2017.0000      Cuts: 35     5382    2.10%
      0     0     1974.7857   280     2017.0000      Cuts: 15     5443    2.09%
      0     0     1974.7857   275     2017.0000      Cuts: 16     5473    2.09%
      0     0     1974.9167   269     2017.0000      Cuts: 23     5499    2.09%
      0     0     1974.9286   303     2017.0000      Cuts: 23     5558    2.09%
      0     0     1974.9286   299     2017.0000      Cuts: 15     5625    2.09%
      0     0     1974.9286   294     2017.0000      Cuts: 16     5685    2.09%
      0     0     1974.9286   300     2017.0000      Cuts: 12     5726    2.09%
      0     0     1974.9286   287     2017.0000      Cuts: 19     5778    2.09%
      0     0     1974.9286   285     2017.0000      Cuts: 21     5834    2.09%
      0     0     1974.9286   306     2017.0000      Cuts: 12     5947    2.09%
      0     0     1974.9286   248     2017.0000      Cuts: 28     5984    2.09%
      0     0     1974.9286   278     2017.0000      Cuts: 26     6031    2.09%
      0     0     1975.0000   279     2017.0000      Cuts: 22     6087    2.08%
      0     0     1975.0714   298     2017.0000      Cuts: 20     6180    2.08%
      0     0     1975.0714   305     2017.0000      Cuts: 15     6243    2.08%
      0     0     1975.2593   299     2017.0000      Cuts: 30     6306    2.07%
      0     0     1975.2593   285     2017.0000      Cuts: 17     6344    2.07%
      0     0     1975.5714   292     2017.0000      Cuts: 18     6392    2.05%
      0     0     1975.6458   295     2017.0000      Cuts: 24     6462    2.05%
      0     0     1975.6667   252     2017.0000      Cuts: 24     6542    2.05%
      0     0     1975.6957   314     2017.0000      Cuts: 22     6571    2.05%
      0     0     1975.7630   334     2017.0000      Cuts: 19     6665    2.04%
      0     0     1975.7630   335     2017.0000      Cuts: 21     6745    2.04%
      0     0     1975.7630   328     2017.0000      Cuts: 17     6798    2.04%
      0     0     1975.7630   317     2017.0000      Cuts: 18     6860    2.04%
      0     0     1975.7630   314     2017.0000      Cuts: 27     6885    2.04%
      0     0     1975.7630   264     2017.0000       Cuts: 9     6978    2.04%
      0     0     1975.7630   324     2017.0000      Cuts: 18     7008    2.04%
      0     0     1975.7630   302     2017.0000      Cuts: 17     7114    2.04%
      0     0     1975.7630   325     2017.0000      Cuts: 18     7196    2.04%
      0     0     1975.7630   317     2017.0000      Cuts: 17     7286    2.04%
      0     0     1975.7630   298     2017.0000       Cuts: 6     7309    2.04%
      0     0     1975.8047   337     2017.0000      Cuts: 23     7373    2.04%
      0     0     1975.8047   346     2017.0000      Cuts: 15     7400    2.04%
      0     0     1975.8047   346     2017.0000       Cuts: 7     7444    2.04%
      0     0     1975.8463   340     2017.0000  ZeroHalf: 11     7498    2.04%
      0     0     1976.0130   349     2017.0000  ZeroHalf: 15     7600    2.03%
      0     0     1976.0487   351     2017.0000      Cuts: 10     7615    2.03%
      0     0     1976.0487   352     2017.0000       Cuts: 3     7624    2.03%
      0     0     1976.0963   350     2017.0000   ZeroHalf: 7     7646    2.03%
      0     0     1976.0963   350     2017.0000       Cuts: 7     7698    2.03%
      0     0     1976.0963   334     2017.0000  ZeroHalf: 13     7748    2.03%
      0     0     1976.0963   331     2017.0000      Cuts: 22     7789    2.03%
      0     0     1976.0963   340     2017.0000  ZeroHalf: 16     7834    2.03%
      0     0     1976.0963   324     2017.0000      Cuts: 18     7895    2.03%
      0     0     1976.0963   340     2017.0000      Cuts: 29     7981    2.03%
      0     0     1976.0963   328     2017.0000      Cuts: 15     8024    2.03%
      0     0     1976.0963   341     2017.0000      Cuts: 12     8064    2.03%
      0     0     1976.0963   345     2017.0000   ZeroHalf: 8     8089    2.03%
      0     0     1976.0963   337     2017.0000   ZeroHalf: 9     8125    2.03%
      0     0     1976.0963   324     2017.0000       Cuts: 6     8158    2.03%
      0     0     1976.0963   335     2017.0000      Cuts: 15     8205    2.03%
      0     0     1976.0963   341     2017.0000      Cuts: 21     8301    2.03%
      0     0     1976.0963   343     2017.0000  ZeroHalf: 14     8404    2.03%
      0     0     1976.0963   302     2017.0000      Cuts: 23     8452    2.03%
      0     0     1976.0963   330     2017.0000      Cuts: 18     8531    2.03%
      0     0     1976.0963   332     2017.0000      Cuts: 18     8574    2.03%
      0     0     1976.0963   330     2017.0000      Cuts: 17     8646    2.03%
      0     0     1976.0963   343     2017.0000  ZeroHalf: 20     8690    2.03%
      0     0     1976.0963   336     2017.0000   ZeroHalf: 4     8738    2.03%
      0     0     1976.0963   333     2017.0000   ZeroHalf: 4     8767    2.03%
      0     0     1976.0963   337     2017.0000      Cuts: 22     8814    2.03%
      0     0     1976.0963   336     2017.0000  ZeroHalf: 15     8885    2.03%
      0     0     1976.0963   337     2017.0000   ZeroHalf: 7     8934    2.03%
      0     0     1976.0963   334     2017.0000      Cuts: 26     8979    2.03%
      0     0     1976.0963   335     2017.0000       Cuts: 7     9054    2.03%
      0     0     1976.0963   331     2017.0000      Cuts: 26     9139    2.03%
      0     0     1976.0963   322     2017.0000      Cuts: 16     9189    2.03%
      0     0     1976.0963   339     2017.0000      Cuts: 21     9262    2.03%
      0     0     1976.0963   333     2017.0000      Cuts: 20     9340    2.03%
      0     0     1976.0963   323     2017.0000      Cuts: 19     9410    2.03%
      0     0     1976.0963   336     2017.0000      Cuts: 15     9455    2.03%
      0     0     1976.0963   336     2017.0000      Cuts: 25     9510    2.03%
      0     0     1976.0963   327     2017.0000      Cuts: 19     9554    2.03%
      0     0     1976.0963   342     2017.0000      Cuts: 23     9623    2.03%
      0     0     1976.0963   344     2017.0000  ZeroHalf: 23     9703    2.03%
      0     0     1976.0963   339     2017.0000  ZeroHalf: 20     9824    2.03%
      0     0     1976.1630   328     2017.0000      Cuts: 28     9927    2.02%
      0     0     1976.1630   324     2017.0000      Cuts: 17     9978    2.02%
      0     0     1976.1630   334     2017.0000       Cuts: 6    10064    2.02%
      0     0     1976.1630   332     2017.0000   ZeroHalf: 5    10102    2.02%
      0     0     1976.1630   334     2017.0000       Cuts: 6    10121    2.02%
      0     0     1976.1630   334     2017.0000   ZeroHalf: 4    10134    2.02%
      0     0     1976.1630   338     2017.0000   ZeroHalf: 9    10170    2.02%
      0     0     1976.1630   330     2017.0000      Cuts: 15    10200    2.02%
      0     0     1976.1630   340     2017.0000  ZeroHalf: 10    10248    2.02%
      0     0     1976.1630   335     2017.0000      Cuts: 13    10270    2.02%
      0     0     1976.1630   335     2017.0000      Cuts: 11    10292    2.02%
      0     0     1976.1630   334     2017.0000      Cuts: 16    10359    2.02%
      0     0     1976.1630   324     2017.0000      Cuts: 15    10382    2.02%
      0     0     1976.3344   321     2017.0000      Cuts: 15    10414    2.02%
      0     0     1976.3344   336     2017.0000      Cuts: 10    10430    2.02%
      0     0     1976.3344   336     2017.0000       Cuts: 4    10453    2.02%
      0     0     1976.3344   315     2017.0000  ZeroHalf: 18    10490    2.02%
      0     0     1976.3344   332     2017.0000      Cuts: 24    10510    2.02%
      0     0     1976.3784   322     2017.0000  ZeroHalf: 10    10540    2.01%
      0     0     1976.3784   327     2017.0000       Cuts: 7    10573    2.01%
      0     0     1976.3784   330     2017.0000      Cuts: 17    10590    2.01%
      0     0     1976.3784   325     2017.0000       Cuts: 9    10601    2.01%
      0     0     1976.3784   330     2017.0000   ZeroHalf: 9    10623    2.01%
      0     0     1976.3784   332     2017.0000       Cuts: 9    10649    2.01%
      0     0     1976.3784   310     2017.0000   ZeroHalf: 5    10666    2.01%
      0     0     1976.3784   304     2017.0000      Cuts: 33    10688    2.01%
      0     0     1976.3784   329     2017.0000      Cuts: 13    10727    2.01%
      0     0     1976.3784   329     2017.0000  ZeroHalf: 12    10760    2.01%
      0     0     1976.3784   334     2017.0000      Cuts: 12    10782    2.01%
      0     0     1976.3784   328     2017.0000   ZeroHalf: 4    10803    2.01%
      0     0     1976.3784   323     2017.0000   ZeroHalf: 4    10827    2.01%
      0     0     1976.3784   330     2017.0000  ZeroHalf: 12    10861    2.01%
      0     0     1976.3784   320     2017.0000  ZeroHalf: 14    10887    2.01%
      0     0     1976.3784   318     2017.0000  ZeroHalf: 13    10904    2.01%
      0     0     1976.3784   323     2017.0000      Cuts: 16    10929    2.01%
      0     0     1976.3784   324     2017.0000   ZeroHalf: 7    10951    2.01%
      0     0     1976.3784   326     2017.0000      Cuts: 22    10980    2.01%
      0     0     1976.3784   334     2017.0000      Cuts: 14    10992    2.01%
      0     0     1976.3784   338     2017.0000  ZeroHalf: 15    11009    2.01%
      0     0     1976.3784   330     2017.0000  ZeroHalf: 11    11029    2.01%
      0     0     1976.3784   333     2017.0000      Cuts: 13    11043    2.01%
      0     0     1976.3784   331     2017.0000      Cuts: 15    11086    2.01%
      0     0     1976.3784   331     2017.0000      Cuts: 14    11106    2.01%
      0     0     1976.3784   329     2017.0000       Cuts: 7    11134    2.01%
      0     0     1976.3784   335     2017.0000   ZeroHalf: 7    11160    2.01%
      0     0     1976.3806   335     2017.0000      Cuts: 18    11204    2.01%
      0     0     1976.3837   332     2017.0000   ZeroHalf: 4    11220    2.01%
      0     0     1976.3888   344     2017.0000   ZeroHalf: 4    11238    2.01%
      0     0     1976.3888   342     2017.0000       Cuts: 8    11246    2.01%
      0     0     1976.3983   337     2017.0000   ZeroHalf: 8    11282    2.01%
      0     0     1976.3983   338     2017.0000   ZeroHalf: 5    11287    2.01%
      0     0     1976.3983   340     2017.0000   ZeroHalf: 5    11292    2.01%
      0     0     1976.3983   339     2017.0000   ZeroHalf: 1    11295    2.01%
      0     0     1976.3983   340     2017.0000   ZeroHalf: 7    11299    2.01%
      0     0     1976.3983   339     2017.0000   ZeroHalf: 2    11303    2.01%
      0     0     1976.3983   339     2017.0000       Cuts: 8    11306    2.01%
      0     0     1976.3983   338     2017.0000   ZeroHalf: 3    11313    2.01%
      0     0     1976.3983   333     2017.0000       Cuts: 6    11331    2.01%
      0     0     1976.3983   334     2017.0000   ZeroHalf: 2    11342    2.01%
      0     2     1976.3983   334     2017.0000     1976.4964    11342    2.01%                        0             0
Elapsed time = 6.41 sec. (9128.22 ticks, tree = 0.01 MB, solutions = 1)
      1     3     1976.6353   327     2017.0000     1976.6353    11392    2.00%        x121_122 N      1      0      1
      2     4     1976.8020   326     2017.0000     1976.7271    11426    2.00%        x126_127 N      2      1      2
      3     4     2001.4353   317     2017.0000     1976.8020    12106    1.99%        x126_127 N      3      1      2
      4     5     2001.4353   297     2017.0000     1976.8020    12109    1.99%        x129_121 N      4      3      3
      6     7     2002.5686   299     2017.0000     1976.8020    12155    1.99%        x143_141 N      6      5      5
      8     9     2003.1464   293     2017.0000     1976.8020    12621    1.99%        x141_149 N      8      7      7
     10    11     2004.4686   265     2017.0000     1976.8020    12924    1.99%        x127_120 N     10      9      8
     11    12     2006.1197   321     2017.0000     1976.8020    13058    1.99%        x132_129 N     11     10      9
     14    15     2008.1353   299     2017.0000     1976.8020    13421    1.99%          x97_95 N     14     12     10
     30    26     2014.0728   292     2017.0000     1976.8020    14395    1.99%        x127_139 D     30     29     24
Elapsed time = 9.51 sec. (14066.60 ticks, tree = 0.13 MB, solutions = 1)
     49    39     1981.2290   300     2017.0000     1977.0242    15489    1.98%        x138_143 N     49     46     12
     63    53     1983.5263   252     2017.0000     1977.0242    16209    1.98%        x104_109 N     63     61     24
     84    73     1989.3371   252     2017.0000     1977.0242    17079    1.98%        x100_121 D     84     81     39
    106    93     2006.3750   238     2017.0000     1977.0242    17750    1.98%        x141_129 N    106    105     58
    125   109     2008.4583   236     2017.0000     1977.0242    18424    1.98%        x132_133 N    125    124     75
    133   112     1979.5263   287     2017.0000     1977.6353    20177    1.95%        x137_134 N    133     39      6
    138   117     1980.6296   282     2017.0000     1979.0000    22726    1.88%        x107_100 D    138     48     13
    153   132     1990.0000   229     2017.0000     1979.7368    24122    1.85%        x133_127 N    153    144     16
    164   143     1998.0952   289     2017.0000     1980.3059    25891    1.82%        x133_127 N    164    149      8
    184   163     1983.9551   278     2017.0000     1980.7500    28526    1.80%        x137_145 U    184    182      8
Elapsed time = 17.35 sec. (24360.11 ticks, tree = 1.58 MB, solutions = 1)
    202   181     1994.0000   230     2017.0000     1980.8125    30595    1.79%         x109_98 N    202    167     13
    213   192     1982.1311   315     2017.0000     1981.1471    33417    1.78%         x109_98 N    213    172     13
    224   203     1994.5000   218     2017.0000     1981.2500    34879    1.77%         x109_98 N    224    172     13
    229   208     1992.9714   269     2017.0000     1981.3772    36438    1.77%        x122_128 N    229    199     19
    245   224     1993.5000   236     2017.0000     1981.5191    38661    1.76%        x106_109 N    245    162     19
    254   233     1982.5000   252     2017.0000     1981.7917    40422    1.75%        x120_113 U    254    252     25
    276   255     1989.2000   230     2017.0000     1981.9000    42582    1.74%        x104_127 N    276    274     14
    287   266     1993.6875   262     2017.0000     1981.9632    46253    1.74%         x109_98 N    287    246     14
    305   284     1983.0000   278     2017.0000     1982.0000    48247    1.74%        x132_134 D    305    227     14
    309   288     1982.1589   280     2017.0000     1982.1429    53760    1.73%        x141_129 N    309    213     14
Elapsed time = 26.49 sec. (37278.54 ticks, tree = 3.75 MB, solutions = 1)
    320   299     1992.3500   271     2017.0000     1982.2868    55948    1.72%        x122_128 U    320    291     21
    343   322     1990.0000   249     2017.0000     1982.3636    57819    1.72%         x109_98 N    343    222      4
    360   339     1983.6667   227     2017.0000     1982.5000    59700    1.71%        x137_134 D    360    359     16
    374   353     1982.7667   268     2017.0000     1982.6126    62128    1.70%        x106_105 U    374    289     16
    392   371     1984.0924   318     2017.0000     1982.7436    64389    1.70%        x137_134 N    392    390      8
    397   376     1991.9500   265     2017.0000     1982.8000    66395    1.70%        x144_145 N    397     55     18
    402   381     1987.0833   220     2017.0000     1982.8333    69637    1.69%        x127_120 N    402    349     19
    412   391     1990.7333   238     2017.0000     1982.9000    75726    1.69%        x104_108 N    412     54     17
    429   408     1993.8347   285     2017.0000     1982.9444    77378    1.69%        x122_128 U    429    427     18
    446   425     1983.1422   254     2017.0000     1982.9900    78498    1.69%        x113_128 D    446    267     25
Elapsed time = 35.98 sec. (50480.93 ticks, tree = 7.69 MB, solutions = 1)
    457   436     1984.2321   290     2017.0000     1983.0000    80076    1.69%        x137_134 D    457    238     10
    472   451     1994.3359   319     2017.0000     1983.0000    81606    1.69%        x141_129 N    472    158      7
    494   473     1989.3333   241     2017.0000     1983.0000    82452    1.69%         x97_109 N    494    493     35
    515   491     2006.5000   213     2017.0000     1983.0000    83129    1.69%        x120_132 N    515    514     54
    539   506     2011.0000   196     2017.0000     1983.0000    83389    1.69%        x120_128 U    539    538     78
    554   513     1983.7581   295     2017.0000     1983.0000    84757    1.69%         x99_121 D    554    354     12
    560   519     1983.4514   284     2017.0000     1983.0690    85950    1.68%         x98_121 D    560    283     18
    568   527     1992.0081   265     2017.0000     1983.1667    87850    1.68%        x110_127 N    568    262      6
    580   539     1984.0081   276     2017.0000     1983.2500    90146    1.67%        x113_123 D    580    401     11
    583   542     1991.6866   293     2017.0000     1983.2667    93195    1.67%        x144_143 N    583    376     19
Elapsed time = 43.70 sec. (60833.93 ticks, tree = 12.07 MB, solutions = 1)
    593   552     1999.5470   319     2017.0000     1983.3680    95065    1.67%        x141_129 N    593    338     17
    609   568     1983.9581   266     2017.0000     1983.5000    96688    1.66%        x122_128 D    609    282     17
    624   583     1984.0914   284     2017.0000     1983.5455    98303    1.66%        x106_107 N    624    388      7
    638   597     1984.5762   276     2017.0000     1983.6667   100047    1.65%         x109_98 U    638    266     18
    649   608     1989.1500   258     2017.0000     1983.7333   101967    1.65%        x118_128 N    649     70     30
    664   623     1985.5831   265     2017.0000     1983.8409   103910    1.64%        x104_109 U    664    663     22
    676   635     1988.6674   331     2017.0000     1984.0000   105551    1.64%        x132_127 U    676    452     11
    686   645     1989.6866   275     2017.0000     1984.0581   112146    1.63%          x97_95 N    686    480     27
    699   658     1985.4429   298     2017.0000     1984.1628   114155    1.63%        x104_109 D    699    610     12
    719   678     1986.4247   274     2017.0000     1984.2000   115981    1.63%        x114_100 N    719    216     19
Elapsed time = 53.38 sec. (73147.26 ticks, tree = 18.16 MB, solutions = 1)
    730   688     1985.2581   235     2017.0000     1984.2581   117692    1.62%        x104_109 U    730    609     18
    750   708     1988.2581   275     2017.0000     1984.3333   119403    1.62%        x127_120 N    750    318     18
    761   719     1985.3581   324     2017.0000     1984.4167   120713    1.62%        x104_109 D    761    759     18
    778   736     1990.2581   268     2017.0000     1984.5081   122708    1.61%        x106_105 D    778    680     22
    794   752     1985.7819   294     2017.0000     1984.5914   124324    1.61%        x104_109 N    794    667     18
    801   759     1996.7581   252     2017.0000     1984.6122   125505    1.61%        x138_136 N    801    131      5
    825   783     1984.7370   296     2017.0000     1984.6747   127242    1.60%        x131_130 N    825    824     13
    840   798     2001.0103   301     2017.0000     1984.7581   129314    1.60%        x141_129 D    840    642     15
    858   816     1987.1603   295     2017.0000     1984.8095   130964    1.60%        x139_131 N    858    595     16
    868   826     1986.1807   355     2017.0000     1984.9269   132587    1.59%        x106_107 D    868    658     11
Elapsed time = 62.13 sec. (83028.33 ticks, tree = 25.35 MB, solutions = 1)
    884   842     1989.9894   300     2017.0000     1985.0000   134195    1.59%        x106_105 N    884    638     19
    898   855     1985.6492   235     2017.0000     1985.0358   135545    1.58%        x129_126 U    898    897     33
    910   867     1989.5981   284     2017.0000     1985.0723   137358    1.58%          x97_95 N    910    698     13
    929   886     1991.2603   290     2017.0000     1985.1250   139138    1.58%        x145_143 N    929    870     17
    941   898     1999.6055   321     2017.0000     1985.1944   140919    1.58%        x141_129 D    941    571     20
    958   915     1985.8150   314     2017.0000     1985.2560   142859    1.57%        x127_120 D    958    284     18
    973   930     1987.2603   244     2017.0000     1985.2581   144398    1.57%        x132_134 U    973    813     12
    986   943     2004.8372   306     2017.0000     1985.2581   146432    1.57%        x141_129 N    986    984     13
    988   945     1998.7603   308     2017.0000     1985.2603   161328    1.57%        x145_143 N    988    656      8
   1001   956     1988.1503   338     2017.0000     1985.3462   162730    1.57%        x145_143 D   1001    436      8
Elapsed time = 73.76 sec. (99521.22 ticks, tree = 32.75 MB, solutions = 1)
   1016   971     1993.2603   268     2017.0000     1985.4050   164997    1.57%        x116_108 U   1016     56     19
   1036   991     2002.0103   287     2017.0000     1985.4374   167346    1.56%        x137_138 U   1036    163     19
   1049  1004     1997.9746   270     2017.0000     1985.4581   168198    1.56%        x104_113 N   1049   1046     26
   1058  1013     1998.9714   287     2017.0000     1985.4968   169974    1.56%        x141_129 N   1058    637     18
   1067  1022     1997.3599   331     2017.0000     1985.5030   172114    1.56%        x141_129 D   1067    677     12
   1083  1038     1997.9030   356     2017.0000     1985.5519   174302    1.56%        x104_108 N   1083    953     12
   1099  1054     1988.1353   283     2017.0000     1985.6061   175991    1.56%         x96_109 D   1099   1098     25
   1113  1068     1997.9812   281     2017.0000     1985.6582   177585    1.55%        x104_127 N   1113    627     24
   1120  1075     1985.8019   279     2017.0000     1985.6853   178592    1.55%        x104_108 D   1120    831     21
   1137  1092     1996.3317   274     2017.0000     1985.7500   180803    1.55%        x104_108 U   1137    476     23
Elapsed time = 82.94 sec. (110285.90 ticks, tree = 40.60 MB, solutions = 1)
   1148  1103     1986.5103   263     2017.0000     1985.7581   182585    1.55%        x104_109 U   1148    681     22
   1170  1125     1989.4603   274     2017.0000     1985.7603   184386    1.55%          x97_95 U   1170   1168     29
   1189  1144     1988.2603   259     2017.0000     1985.8377   186222    1.54%         x101_97 U   1189   1028     14
   1204  1158     1987.2246   297     2017.0000     1985.8750   187681    1.54%        x141_129 U   1204    234     12
   1229  1183     1992.5936   278     2017.0000     1985.9269   189497    1.54%        x106_107 N   1229   1227      8
   1245  1199     1989.9269   268     2017.0000     1985.9664   191058    1.54%          x97_95 N   1245    605     21
   1261  1215     2000.4114   332     2017.0000     1986.0103   192969    1.54%        x128_123 D   1261    913     12
   1284  1236     1998.0103   288     2017.0000     1986.0680   194826    1.53%        x104_127 N   1284    852     21
   1300  1252     1988.5936   246     2017.0000     1986.0938   196222    1.53%        x140_139 N   1300   1298     19
   1346  1297     1989.6303   285     2017.0000     1986.2571   205887    1.52%        x110_127 N   1346    207     12
Elapsed time = 95.61 sec. (124324.96 ticks, tree = 52.31 MB, solutions = 1)
   1376  1326     1996.6103   293     2017.0000     1986.2603   212768    1.52%        x104_108 N   1376    831     21
   1456  1400     1986.8103   302     2017.0000     1986.3750   217336    1.52%        x140_139 N   1456   1116     24
   1519  1462     1999.2603   283     2017.0000     1986.5081   223658    1.51%        x104_113 N   1519    780     24
   1590  1531     2000.6436   308     2017.0000     1986.6053   229329    1.51%        x141_129 D   1590    983     13
   1642  1583     1991.5936   249     2017.0000     1986.7126   235295    1.50%        x131_130 N   1642   1180     15
   1712  1649     1998.5460   276     2017.0000     1986.7603   241239    1.50%         x103_96 U   1712   1710     30
   1761  1688     1987.4748   307     2017.0000     1986.8057   247137    1.50%        x103_104 D   1761   1496     22
   1814  1739     1988.3571   244     2017.0000     1986.9269   253893    1.49%         x96_109 N   1814   1530     21
   1859  1782     1992.7750   304     2017.0000     1987.0302   260315    1.49%         x101_97 U   1859   1643     22
   1907  1829     1999.5676   283     2017.0000     1987.1580   266501    1.48%        x104_127 N   1907    902     11
Elapsed time = 130.47 sec. (162776.87 ticks, tree = 87.08 MB, solutions = 1)
   1967  1889     1990.2273   260     2017.0000     1987.2603   273490    1.47%          x97_95 N   1967   1622     12
   1977  1899     1996.3580   301     2017.0000     1987.2603   280673    1.47%        x132_133 U   1977    992     19
   2034  1937     1987.7853   282     2017.0000     1987.3129   283908    1.47%         x92_102 U   2034   1810     24
   2093  1996     1988.3750   253     2017.0000     1987.4269   290616    1.47%        x104_109 U   2093    858     17
   2144  2046     1987.8750   230     2017.0000     1987.5103   297015    1.46%          x97_95 D   2144   1508     22
   2204  2104     2000.2500   231     2017.0000     1987.6769   303734    1.45%        x104_113 N   2204   1594     25
   2253  2151     1991.0899   282     2017.0000     1987.7603   309997    1.45%         x92_102 D   2253   1683     33
   2331  2220     1993.1562   303     2017.0000     1987.8250   316047    1.45%        x131_130 N   2331   1181     15
   2390  2277     1990.6000   268     2017.0000     1987.9342   321868    1.44%         x92_102 U   2390   1782     15
   2438  2323     1991.9335   320     2017.0000     1988.0000   331446    1.44%        x138_132 N   2438    223     14
Elapsed time = 164.53 sec. (203792.52 ticks, tree = 111.40 MB, solutions = 1)
   2496  2380     1998.7000   272     2017.0000     1988.0909   337248    1.43%        x120_131 N   2496   2057     12
   2562  2442     1990.4643   296     2017.0000     1988.2287   342898    1.43%        x113_128 D   2562     87     42
   2630  2510     1992.8714   305     2017.0000     1988.3125   349514    1.42%        x111_122 N   2630   1278     17
   2682  2560     1998.8977   253     2017.0000     1988.3853   355280    1.42%          x97_95 N   2682   1249     27
   2755  2621     2003.0000   254     2017.0000     1988.5000   360937    1.41%        x104_127 N   2755    489     33
   2781  2647     1992.5000   296     2017.0000     1988.5000   371768    1.41%        x137_145 N   2781   2773     14
   2864  2718     2002.5625   287     2017.0000     1988.5000   375947    1.41%        x128_123 U   2864   2863     36
   2939  2778     1990.6995   332     2017.0000     1988.5936   381292    1.41%        x104_109 D   2939   2232     14
   2995  2828     1989.5926   274     2017.0000     1988.7269   386529    1.40%        x105_107 N   2995   2994     20
   3053  2884     1991.8765   276     2017.0000     1988.8108   392446    1.40%          x97_95 U   3053   2444     26
Elapsed time = 202.26 sec. (245256.79 ticks, tree = 163.10 MB, solutions = 1)
   3124  2953     1991.7171   324     2017.0000     1988.9231   397644    1.39%        x105_107 D   3124    952     22
   3190  3017     2013.1105   304     2017.0000     1989.0000   402716    1.39%          x91_98 D   3190   3189     33
   3281  3098     1991.1250   273     2017.0000     1989.0000   406686    1.39%         x92_102 U   3281   3279     22
   3336  3149     1992.2273   285     2017.0000     1989.0833   412028    1.38%        x144_145 N   3336   1375     20
   3400  3212     1993.9130   298     2017.0000     1989.1791   417207    1.38%         x92_102 U   3400   1965     21
   3467  3278     1993.4762   268     2017.0000     1989.2603   421922    1.38%        x111_122 U   3467   1603     29
   3520  3326        cutoff           2017.0000     1989.3654   427001    1.37%          x96_98 U   3520   3518     30
   3580  3386     1992.2468   306     2017.0000     1989.4603   432309    1.37%        x100_128 D   3580     84     40
   3654  3456     2013.6667   222     2017.0000     1989.5000   436956    1.36%        x113_116 N   3654   3653     50
   3736  3531     2009.2381   260     2017.0000     1989.5000   441943    1.36%         x99_109 N   3736   3735     67
Elapsed time = 239.46 sec. (283977.22 ticks, tree = 221.65 MB, solutions = 1)
   3817  3602     2005.4162   305     2017.0000     1989.5598   446867    1.36%        x136_145 N   3817     94     48
   3877  3661     1989.9518   313     2017.0000     1989.6556   452391    1.36%        x105_100 D   3877   2666     20
   3944  3726     1993.8958   277     2017.0000     1989.7143   457718    1.35%        x140_139 U   3944   3942     32
   4001  3771     1991.1429   296     2017.0000     1989.7692   463584    1.35%        x104_109 D   4001    843     17
   4042  3811     1990.5000   290     2017.0000     1989.8333   468845    1.35%          x97_95 D   4042   1540     18
   4115  3872     1991.9000   215     2017.0000     1989.8704   473709    1.35%          x10_20 N   4115   4113     31
   4175  3928     1990.0000   262     2017.0000     1989.9355   479437    1.34%        x106_105 U   4175   3034     25
   4246  3994     1994.0000   219     2017.0000     1990.0000   484158    1.34%          x20_19 U   4246   4244     25
   4251  3999     1997.4762   269     2017.0000     1990.0000   490012    1.34%        x114_100 N   4251   4250     29
   4321  4062     1993.4493   276     2017.0000     1990.0000   492739    1.34%        x104_109 N   4321   2040     23
Elapsed time = 274.40 sec. (322877.91 ticks, tree = 259.85 MB, solutions = 1)
   4418  4147     2002.6667   231     2017.0000     1990.0000   497101    1.34%        x118_113 N   4418   4416     52
   4500  4219     1993.1364   280     2017.0000     1990.0250   501329    1.34%        x140_139 N   4500   2752     23
   4562  4271     1990.9167   289     2017.0000     1990.0851   506431    1.33%        x104_108 D   4562   2220     17
   4610  4319     1997.9228   291     2017.0000     1990.1353   511322    1.33%        x106_105 D   4610   3034     25
   4669  4374     2002.7168   306     2017.0000     1990.2222   517114    1.33%        x122_120 N   4669    211     17
   4719  4421     1997.8623   271     2017.0000     1990.2603   522110    1.33%         x101_97 U   4719   1454     36
   4776  4470     2000.5000   253     2017.0000     1990.3077   527148    1.32%        x103_104 U   4776   4774     26
   4834  4521     1991.6995   308     2017.0000     1990.3714   532293    1.32%        x102_105 D   4834   1922     19
   4882  4561     1992.4900   279     2017.0000     1990.4167   537517    1.32%         x92_102 U   4882   2177     28
   4935  4610     2001.5000   233     2017.0000     1990.4667   542388    1.32%         x109_98 D   4935   4192     18
Elapsed time = 312.11 sec. (361919.41 ticks, tree = 315.99 MB, solutions = 1)
   5000  4670     2005.6667   206     2017.0000     1990.5000   546960    1.31%        x130_132 U   5000   4998     38
   5071  4722     2008.2787   296     2017.0000     1990.5000   551448    1.31%        x104_126 D   5071   5070     19
   5095  4738     2000.6667   255     2017.0000     1990.5000   556682    1.31%          x96_95 U   5095   3799     33
   5169  4799     1991.1588   289     2017.0000     1990.5000   560776    1.31%        x104_102 D   5169   2934     28
   5250  4857     2008.7014   327     2017.0000     1990.5116   564737    1.31%        x122_128 U   5250    925     15
   5313  4914        cutoff           2017.0000     1990.5750   569655    1.31%        x105_100 U   5313   3930     26
   5373  4970     1995.2000   250     2017.0000     1990.6250   574630    1.31%         x99_103 U   5373   5371     21
   5430  5023     1991.5000   278     2017.0000     1990.6875   579345    1.30%        x102_105 D   5430   3833     31
   5502  5093     2006.5833   255     2017.0000     1990.7500   584085    1.30%        x105_109 U   5502   2432     17
   5589  5159     1991.7500   277     2017.0000     1990.7581   587994    1.30%        x102_105 U   5589    778     23
Elapsed time = 346.92 sec. (400469.04 ticks, tree = 368.86 MB, solutions = 1)
   5625  5191     1992.9833   258     2017.0000     1990.8000   592937    1.30%        x139_131 U   5625   4140     31
   5684  5242     1992.4598   332     2017.0000     1990.8704   598205    1.30%         x104_98 U   5684    575     10
   5764  5315     2002.7000   263     2017.0000     1990.9000   602716    1.29%        x101_102 D   5764   5762     45
   5838  5373     1998.2222   272     2017.0000     1990.9167   607238    1.29%          x97_95 U   5838   4562     18
   5855  5387     2009.7000   278     2017.0000     1990.9286   614218    1.29%        x141_129 N   5855   2052     27
   5940  5462     1998.9561   309     2017.0000     1990.9918   618903    1.29%        x104_108 N   5940   2379     22
   6004  5519     1995.5000   261     2017.0000     1991.0000   622949    1.29%          x20_19 D   6004   6003     36
   6120  5617     2001.3333   194     2017.0000     1991.0000   626627    1.29%          x10_14 D   6120   6119     50
   6203  5680     1991.5526   260     2017.0000     1991.0000   630760    1.29%         x99_103 D   6203   6202     26
   6268  5734     1992.1124   309     2017.0000     1991.0316   635333    1.29%        x104_109 D   6268   6267     25
Elapsed time = 382.85 sec. (440650.13 ticks, tree = 423.82 MB, solutions = 1)
   6307  5769     1991.1753   289     2017.0000     1991.0870   639897    1.28%        x132_127 D   6307   5254     26
   6370  5823     1991.2949   324     2017.0000     1991.1264   644726    1.28%          x97_95 D   6370   5246     14
   6429  5876     2002.5000   248     2017.0000     1991.1667   649055    1.28%          x97_95 U   6429   6427     19
   6506  5920        cutoff           2017.0000     1991.2000   653676    1.28%         x100_95 U   6506   6504     19
   6568  5982     1993.0833   251     2017.0000     1991.2208   658599    1.28%         x104_98 D   6568    570     15
   6647  6045     2004.6522   287     2017.0000     1991.2500   663139    1.28%         x101_97 N   6647   2508     18
   6701  6095     1992.6833   301     2017.0000     1991.2667   667972    1.28%         x98_103 U   6701   6699     41
   6731  6119     2007.5000   279     2017.0000     1991.2944   673941    1.27%        x143_141 N   6731   4009     21
   6742  6130     1999.5000   191     2017.0000     1991.3000   681435    1.27%         x109_98 N   6742   6740     20
   6790  6173     1991.7000   291     2017.0000     1991.3304   686336    1.27%        x122_128 D   6790   6789     15
Elapsed time = 416.56 sec. (481169.86 ticks, tree = 467.44 MB, solutions = 1)
   6858  6233     1992.9375   283     2017.0000     1991.3416   690847    1.27%        x104_122 D   6858   3150     25
   6909  6277     2000.1667   255     2017.0000     1991.3793   695707    1.27%         x98_103 U   6909   6907     24
   6973  6336     1992.0283   286     2017.0000     1991.4066   700536    1.27%         x92_102 U   6973   4035     14
   7029  6381     1995.1458   311     2017.0000     1991.4437   704990    1.27%         x103_97 U   7029   4890     18
   7091  6438     2005.4594   327     2017.0000     1991.5000   709816    1.26%         x103_97 U   7091   4508     32
   7166  6498     1992.1452   266     2017.0000     1991.5000   713627    1.26%        x104_102 D   7166   3532     25
   7254  6563     2006.4538   310     2017.0000     1991.5000   717237    1.26%        x127_136 N   7254   7251     45
   7350  6641     2001.6169   280     2017.0000     1991.5000   721269    1.26%         x103_96 N   7350   4371     28
   7419  6698     1997.0636   279     2017.0000     1991.5000   725362    1.26%        x140_139 N   7419   2566     27
   7467  6740     1991.5407   284     2017.0000     1991.5417   729866    1.26%        x104_108 D   7467   6540     23
Elapsed time = 451.56 sec. (519776.46 ticks, tree = 532.36 MB, solutions = 1)
   7521  6790     2006.0000   272     2017.0000     1991.5750   735082    1.26%          x97_95 U   7521   5173     21
   7569  6828     2013.8000   278     2017.0000     1991.5957   740436    1.26%        x105_109 U   7569   5651     33
   7634  6890     2007.5000   232     2017.0000     1991.6252   745256    1.26%        x132_127 U   7634   4522     35
   7674  6922     2008.1964   323     2017.0000     1991.6627   751257    1.26%         x101_95 N   7674   7672     22
   7749  6986     2004.8647   280     2017.0000     1991.6806   755872    1.26%        x130_122 U   7749   6479     26
   7811  7046     1997.9013   286     2017.0000     1991.7041   760602    1.25%         x99_103 U   7811   6729     24
   7869  7096        cutoff           2017.0000     1991.7333   765170    1.25%         x105_99 D   7869   5449     40
   7930  7149     1994.8333   249     2017.0000     1991.7500   769623    1.25%        x104_109 D   7930   7928     24
   7993  7198     1995.0226   296     2017.0000     1991.7500   773389    1.25%          x97_95 N   7993   7991     20
   8038  7243     1998.1500   297     2017.0000     1991.7636   777635    1.25%         x103_96 N   8038   8036     29
Elapsed time = 485.57 sec. (559187.24 ticks, tree = 586.61 MB, solutions = 1)
   8099  7300     1993.3519   286     2017.0000     1991.8000   782160    1.25%        x140_139 N   8099   4059     14
   8150  7347     2004.1875   301     2017.0000     1991.8333   786788    1.25%          x97_95 U   8150   6790     16
   8208  7394     1992.8700   295     2017.0000     1991.8583   791456    1.25%         x92_102 D   8208   6077     25
   8268  7448     1993.5000   244     2017.0000     1991.8854   796004    1.25%        x128_123 U   8268   1174     16
   8330  7504     1992.2750   281     2017.0000     1991.9167   800572    1.24%         x105_99 N   8330   8329     27
   8375  7539     1995.1429   261     2017.0000     1991.9583   805587    1.24%         x92_102 D   8375   8373     17
   8438  7602     1993.8571   200     2017.0000     1992.0000   810662    1.24%          x20_17 U   8438   2534     23
   8523  7675     1994.6538   257     2017.0000     1992.0000   814778    1.24%        x103_109 D   8523   8522     32
   8599  7743     2005.1364   279     2017.0000     1992.0000   819198    1.24%         x101_97 N   8599   8597     13
   8659  7796     2006.9286   298     2017.0000     1992.0000   824094    1.24%         x101_95 N   8659   8657     25
Elapsed time = 520.29 sec. (597871.25 ticks, tree = 645.90 MB, solutions = 1)
   8761  7878     1992.2133   288     2017.0000     1992.0000   827167    1.24%         x103_96 D   8761   5826     34
   8837  7942     1992.2400   283     2017.0000     1992.0152   831067    1.24%         x109_98 U   8837   8836     21
   8839  7944     2004.2000   291     2017.0000     1992.0152   836827    1.24%          x97_95 N   8839   8837     22
   8892  7993     1998.0000   279     2017.0000     1992.0521   841409    1.24%        x104_109 U   8892   7001     23
   8946  8047     2011.9000   278     2017.0000     1992.0714   846240    1.24%        x106_130 N   8946   2739     16
   9011  8108     2003.0000   245     2017.0000     1992.1034   850998    1.23%          x97_95 U   9011   6082     15
   9071  8164     2004.2917   238     2017.0000     1992.1250   855995    1.23%        x120_102 D   9071   9070     39
   9133  8210     2011.7222   290     2017.0000     1992.1389   862184    1.23%        x141_129 N   9133   9131     14
   9183  8252     1997.7143   276     2017.0000     1992.1667   867106    1.23%         x99_103 U   9183   5271     24
   9252  8305     2002.8125   289     2017.0000     1992.1667   871832    1.23%          x97_95 N   9252   8185     29
Elapsed time = 553.23 sec. (637436.14 ticks, tree = 694.82 MB, solutions = 1)
   9333  8373     2005.5000   252     2017.0000     1992.1875   876022    1.23%        x104_102 U   9333   7305     29
   9387  8419     2009.1352   252     2017.0000     1992.2083   880129    1.23%        x116_115 N   9387   9386     31
   9440  8470     1992.3286   288     2017.0000     1992.2500   885090    1.23%        x141_129 U   9440   3580     41
   9518  8531     1992.3333   292     2017.0000     1992.2569   889059    1.23%        x105_100 D   9518   5038     26
   9579  8592     2000.7857   278     2017.0000     1992.2778   893614    1.23%         x101_97 N   9579   5512     23
   9615  8626     2004.0000   217     2017.0000     1992.2991   904761    1.22%        x132_127 N   9615   9511     29
   9663  8670     2013.2500   247     2017.0000     1992.3113   909747    1.22%        x106_124 N   9663   7969     25
   9724  8727     1999.5000   238     2017.0000     1992.3333   913980    1.22%          x97_95 U   9724   8009     19
   9788  8781     2006.7778   272     2017.0000     1992.3553   918300    1.22%         x103_97 U   9788   6588     32
   9825  8816        cutoff           2017.0000     1992.3711   924823    1.22%        x105_109 U   9825   2268     22
Elapsed time = 589.39 sec. (681655.83 ticks, tree = 753.94 MB, solutions = 1)
   9880  8867     1998.6136   250     2017.0000     1992.4000   929303    1.22%          x10_19 U   9880   4114     32
   9936  8919     2011.6000   285     2017.0000     1992.4231   933995    1.22%        x130_120 U   9936   9934     17
   9987  8964     2001.2273   274     2017.0000     1992.4545   938590    1.22%        x106_105 D   9987   2628     32
  10039  9016     1998.6966   339     2017.0000     1992.4792   943356    1.22%        x106_109 U  10039   5684     11
  10104  9068     1995.5000   226     2017.0000     1992.5000   947550    1.21%          x10_20 U  10104   4403     41
  10180  9137     1994.8333   229     2017.0000     1992.5000   951762    1.21%          x10_20 U  10180   4144     32
  10272  9209     2011.3096   276     2017.0000     1992.5000   955217    1.21%        x100_121 N  10272  10270     52
  10340  9256     1997.5000   257     2017.0000     1992.5000   959686    1.21%         x92_102 D  10340   2255     21
  10396  9296     1996.5000   278     2017.0000     1992.5000   963874    1.21%         x92_102 D  10396   6514     25
  10447  9328     1992.5000   282     2017.0000     1992.5000   967853    1.21%        x130_122 D  10447   7829     24
Elapsed time = 623.88 sec. (720199.82 ticks, tree = 817.90 MB, solutions = 1)
  10489  9362     2000.9167   244     2017.0000     1992.5238   972106    1.21%         x105_99 D  10489   6724     24
  10540  9407     1995.9048   306     2017.0000     1992.5500   976615    1.21%         x96_109 U  10540  10538     30
  10589  9450     1993.1250   286     2017.0000     1992.5784   981589    1.21%        x138_132 D  10589    945     28
  10642  9500     2005.0153   306     2017.0000     1992.5909   986031    1.21%         x103_97 U  10642   6372     17
  10667  9525     1994.0000   228     2017.0000     1992.6000   991869    1.21%         x104_98 N  10667    155      5
  10716  9556     1998.3686   294     2017.0000     1992.6129   996180    1.21%         x98_103 U  10716  10714     31
  10765  9600     2011.9139   305     2017.0000     1992.6273  1000915    1.21%        x101_123 U  10765  10759     20
  10816  9646     1992.6779   314     2017.0000     1992.6584  1005145    1.21%        x104_113 D  10816  10815     32
  10886  9708     2010.4792   268     2017.0000     1992.6667  1009164    1.21%         x95_109 U  10886  10883     34
  10950  9761     2004.5000   260     2017.0000     1992.6870  1013368    1.21%        x132_127 U  10950   5424     26
Elapsed time = 657.39 sec. (759439.81 ticks, tree = 868.58 MB, solutions = 1)
  11008  9809     1996.4737   269     2017.0000     1992.7000  1018083    1.20%         x105_99 D  11008  11006     26
  11059  9857     2011.0000   262     2017.0000     1992.7368  1022200    1.20%         x101_97 U  11059  10932     26
  11116  9907     2002.1667   268     2017.0000     1992.7500  1026430    1.20%          x97_95 U  11116   5880     25
  11167  9945     1994.3333   262     2017.0000     1992.7593  1029879    1.20%        x104_109 N  11167    568      7
  11222  9994     2007.8333   283     2017.0000     1992.7821  1034518    1.20%          x97_95 N  11222   8263     30
  11279 10045     2010.5000   256     2017.0000     1992.8077  1039305    1.20%        x106_105 D  11279   6275     24
  11322 10072     1999.0000   221     2017.0000     1992.8333  1044070    1.20%         x98_103 U  11322  11320     30
  11405 10147     1994.3654   287     2017.0000     1992.8333  1047840    1.20%         x98_103 D  11405  11404     22
  11485 10214     2015.1429   237     2017.0000     1992.8333  1052100    1.20%         x104_99 N  11485   6996     22
  11522 10244     2006.8611   270     2017.0000     1992.8500  1057594    1.20%        x141_129 N  11522   4703     13
Elapsed time = 689.73 sec. (798264.90 ticks, tree = 927.95 MB, solutions = 1)
  11569 10288     2002.8243   267     2017.0000     1992.8750  1062209    1.20%          x97_95 U  11569   9621     28
  11615 10327     2003.6707   317     2017.0000     1992.8901  1066742    1.20%        x138_132 U  11615    857     17
  11680 10379     2009.7037   299     2017.0000     1992.9015  1070690    1.19%        x106_105 D  11680   9895     27
  11735 10430     2000.4031   296     2017.0000     1992.9281  1075075    1.19%        x101_102 U  11735   3214     36
  11795 10480     1998.5000   247     2017.0000     1992.9464  1079096    1.19%        x131_130 D  11795   2768     21
  11859 10537     1994.8618   304     2017.0000     1992.9750  1083296    1.19%         x98_103 D  11859  11858     25
  11911 10585     1995.3333   243     2017.0000     1993.0000  1087467    1.19%         x92_102 U  11911   7780     16
  11968 10627     1995.9091   268     2017.0000     1993.0000  1091597    1.19%         x98_103 U  11968   9352     24
  12019 10668     2002.1484   287     2017.0000     1993.0000  1095136    1.19%        x101_102 U  12019   2640     26
  12082 10722     1999.2143   255     2017.0000     1993.0000  1099635    1.19%        x128_123 D  12082  12080     18
Elapsed time = 723.16 sec. (836829.87 ticks, tree = 971.72 MB, solutions = 1)
  12147 10776     1996.9318   278     2017.0000     1993.0000  1103616    1.19%         x103_96 U  12147   9007     26
  12215 10836     1995.7857   281     2017.0000     1993.0000  1107522    1.19%        x104_108 D  12215  12213     27
  12230 10851     1996.8333   234     2017.0000     1993.0000  1112274    1.19%          x10_20 N  12230  12228     34
  12327 10922     1998.1970   293     2017.0000     1993.0000  1115841    1.19%        x140_139 U  12327    386     21
  12375 10970     2005.8609   325     2017.0000     1993.0382  1120116    1.19%        x102_105 U  12375   4716     18
  12423 11008     1997.0556   273     2017.0000     1993.0556  1124237    1.19%          x97_95 U  12423  10921     21
  12469 11052     1998.2653   317     2017.0000     1993.0800  1128835    1.19%          x97_95 N  12469  12376     21
  12520 11103     2001.7500   247     2017.0000     1993.0913  1133105    1.19%        x106_107 U  12520   9958     25
  12574 11153     1993.1141   309     2017.0000     1993.1146  1137452    1.18%         x109_98 U  12574   8125     12
  12615 11192     2012.8750   283     2017.0000     1993.1389  1141706    1.18%        x130_122 U  12615  10394     31
Elapsed time = 756.56 sec. (875542.08 ticks, tree = 1029.21 MB, solutions = 1)
  12670 11247     1994.0732   324     2017.0000     1993.1643  1146129    1.18%        x105_100 D  12670   3372     10
  12723 11294     1997.2845   356     2017.0000     1993.1667  1151887    1.18%         x103_97 N  12723  12079     17
  12754 11318     1999.3089   327     2017.0000     1993.1710  1157175    1.18%         x98_103 U  12754  11620     19
  12806 11365     1994.6580   317     2017.0000     1993.1970  1161324    1.18%         x98_103 D  12806  10769     32
  12837 11394     2001.5000   294     2017.0000     1993.2000  1169990    1.18%         x109_98 N  12837   1919     20
  12886 11441     1996.1429   276     2017.0000     1993.2222  1174132    1.18%         x96_109 N  12886  12885     21
  12930 11483     1993.6667   266     2017.0000     1993.2464  1178489    1.18%        x106_105 U  12930   3993     25
  12995 11538     2004.5625   265     2017.0000     1993.2500  1182019    1.18%        x132_127 N  12995  12993     20
  13062 11592     1993.5514   300     2017.0000     1993.2576  1185653    1.18%          x97_95 D  13062  11070     19
  13100 11627     1993.3889   282     2017.0000     1993.2713  1189425    1.18%        x141_129 U  13100  13099     16
Elapsed time = 792.51 sec. (919234.71 ticks, tree = 1079.31 MB, solutions = 1)
  13157 11676     1993.5000   268     2017.0000     1993.2976  1193538    1.18%         x101_95 D  13157  11533     22
  13205 11716     2009.6583   275     2017.0000     1993.3056  1197203    1.17%        x101_123 N  13205  12551     37
  13263 11767        cutoff           2017.0000     1993.3333  1201223    1.17%         x98_103 U  13263   8554     33
  13336 11827        cutoff           2017.0000     1993.3333  1205113    1.17%        x139_143 U  13336  13334     20
  13396 11881     1993.6468   314     2017.0000     1993.3594  1209383    1.17%        x130_122 D  13396  11894     18
  13437 11918     2002.0500   252     2017.0000     1993.3757  1213558    1.17%        x132_133 U  13437   1906     21
  13477 11958     2003.0909   265     2017.0000     1993.4000  1218007    1.17%         x103_97 U  13477   6310     27
  13536 12009     1996.6973   347     2017.0000     1993.4261  1221725    1.17%        x143_141 N  13536    193      7
  13584 12051     2002.7500   281     2017.0000     1993.4375  1225742    1.17%        x103_109 U  13584  12405     30
  13628 12091     2007.6908   310     2017.0000     1993.4613  1230272    1.17%        x141_129 N  13628   1319     20
Elapsed time = 826.90 sec. (958047.62 ticks, tree = 1142.37 MB, solutions = 1)
  13680 12133     1993.5000   265     2017.0000     1993.4958  1234524    1.17%         x99_103 D  13680  10118     34
  13755 12203     1998.2143   229     2017.0000     1993.5000  1238303    1.17%         x98_103 U  13755  10830     25
  13814 12254     1994.7963   266     2017.0000     1993.5000  1241865    1.17%         x98_103 D  13814  13813     24
  13898 12323     2008.7115   253     2017.0000     1993.5000  1245268    1.17%         x105_99 D  13898  13897     22
  13960 12367     2003.1778   280     2017.0000     1993.5000  1249193    1.17%         x103_96 U  13960   8205     34
  14024 12419     2005.5000   255     2017.0000     1993.5000  1252361    1.17%        x132_127 U  14024   7603     31
  14098 12480     2001.4853   286     2017.0000     1993.5000  1255892    1.17%        x101_102 U  14098  14095     32
  14181 12536     2000.7632   255     2017.0000     1993.5000  1259099    1.17%        x132_126 D  14181  14180     43
  14240 12577     1999.5000   226     2017.0000     1993.5000  1264042    1.17%          x97_95 N  14240  13500     29
  14280 12604     2006.6250   277     2017.0000     1993.5022  1267143    1.16%        x120_103 N  14280   4700     38
Elapsed time = 859.98 sec. (997267.75 ticks, tree = 1209.18 MB, solutions = 1)
  14330 12653     2005.6818   268     2017.0000     1993.5312  1271152    1.16%         x101_97 U  14330  11849     28
  14377 12697     1993.8333   267     2017.0000     1993.5556  1275530    1.16%        x132_133 D  14377  14376     16
  14422 12741     1993.6377   303     2017.0000     1993.5800  1279729    1.16%         x109_98 U  14422  13269     31
  14480 12793     1994.7857   283     2017.0000     1993.6000  1283461    1.16%        x102_105 U  14480   2195     17
  14522 12830     2000.7857   300     2017.0000     1993.6207  1287796    1.16%         x103_96 U  14522  11794     37
  14565 12866     1993.9239   296     2017.0000     1993.6353  1291744    1.16%        x139_143 D  14565  14564     37
  14616 12913     1995.6167   261     2017.0000     1993.6500  1295878    1.16%         x99_103 U  14616  13567     22
  14668 12959     2012.0000   254     2017.0000     1993.6667  1300046    1.16%        x130_122 U  14668  14665     36
  14742 13011     2015.0000   235     2017.0000     1993.6667  1303149    1.16%          x10_20 U  14742  14739     54
  14793 13052     2007.9539   308     2017.0000     1993.6976  1307306    1.16%         x109_98 N  14793   9767     23
Elapsed time = 892.97 sec. (1035826.34 ticks, tree = 1262.57 MB, solutions = 1)
  14856 13105        cutoff           2017.0000     1993.7000  1310344    1.16%          x18_12 U  14856  14854     39
  14907 13144     2012.7500   234     2017.0000     1993.7108  1313859    1.15%        x105_109 U  14907   4500     24
  14963 13194     2002.3542   286     2017.0000     1993.7346  1317819    1.15%        x101_123 U  14963  14961     23
  15010 13238     1994.6429   257     2017.0000     1993.7500  1321798    1.15%        x105_107 D  15010  15009     25
  15087 13290     1994.3611   288     2017.0000     1993.7500  1324873    1.15%         x98_103 D  15087  15086     28
  15130 13323     1998.0000   265     2017.0000     1993.7603  1329252    1.15%        x106_105 D  15130   8667     21
  15178 13361     2003.0000   221     2017.0000     1993.7857  1333297    1.15%        x104_108 U  15178   2657     26
  15224 13405     1999.0000   261     2017.0000     1993.8000  1337263    1.15%         x103_96 U  15224  15222     29
  15270 13447     2007.0000   277     2017.0000     1993.8125  1341398    1.15%        x104_122 U  15270  10403     33
  15323 13494     2007.0000   250     2017.0000     1993.8333  1345784    1.15%         x101_97 N  15323  14377     17
Elapsed time = 926.25 sec. (1074556.03 ticks, tree = 1317.18 MB, solutions = 1)
  15380 13548     2008.8409   299     2017.0000     1993.8333  1349775    1.15%         x101_97 D  15380  15379     28
  15428 13585     2007.9000   291     2017.0000     1993.8333  1354265    1.15%         x105_97 N  15428  15426     34
  15470 13616     1999.3611   301     2017.0000     1993.8444  1357155    1.15%         x103_97 U  15470  11299     26
  15519 13661     1994.0952   280     2017.0000     1993.8725  1360977    1.15%        x104_103 D  15519  12621     45
  15557 13697     1996.7769   294     2017.0000     1993.8810  1365153    1.15%        x106_105 D  15557   4518     33
  15599 13732     2011.0000   269     2017.0000     1993.9007  1369550    1.15%         x101_95 U  15599   7985     29
  15626 13757     1995.0357   270     2017.0000     1993.9167  1373191    1.14%         x109_98 U  15626  15625     34
  15682 13806     1994.7544   277     2017.0000     1993.9375  1376921    1.14%        x101_102 D  15682   2463     33
  15724 13846     2008.2692   287     2017.0000     1993.9470  1387381    1.14%        x104_122 N  15724  15722     40
  15773 13887     1994.3941   282     2017.0000     1993.9667  1391468    1.14%         x103_96 D  15773  15772     22
Elapsed time = 960.83 sec. (1118180.37 ticks, tree = 1358.50 MB, solutions = 1)
  15829 13940     2013.3333   326     2017.0000     1993.9881  1398163    1.14%        x130_122 N  15829  12500     31
  15858 13967     1999.0000   240     2017.0000     1994.0000  1404986    1.14%          x97_95 N  15858  15856      8
  15912 14008        cutoff           2017.0000     1994.0000  1408430    1.14%          x96_98 U  15912   6093     26
  15998 14070     2014.1333   260     2017.0000     1994.0000  1411435    1.14%        x137_135 D  15998  15997     63
  16069 14128     2012.6667   224     2017.0000     1994.0000  1414634    1.14%          x96_95 N  16069  16067     58
  16146 14193     2006.7500   253     2017.0000     1994.0000  1417934    1.14%        x132_136 U  16146  16145     58
  16214 14245     2002.2500   263     2017.0000     1994.0000  1421182    1.14%        x103_109 U  16214  14825     31
  16286 14300     2002.5000   295     2017.0000     1994.0000  1424729    1.14%        x111_102 U  16286  16284     31
  16344 14342     2015.5062   310     2017.0000     1994.0000  1428407    1.14%        x104_127 N  16344  16342     31
  16405 14385     1994.6446   299     2017.0000     1994.0000  1431992    1.14%        x130_122 D  16405  16404     22
Elapsed time = 997.07 sec. (1161573.21 ticks, tree = 1427.60 MB, solutions = 1)
  16458 14432     2004.4688   296     2017.0000     1994.0299  1435840    1.14%         x109_98 N  16458  11843     19
  16515 14487     2002.6667   277     2017.0000     1994.0455  1439808    1.14%         x109_98 N  16515  10217     27
  16565 14523     1998.1319   298     2017.0000     1994.0667  1443938    1.14%         x104_98 U  16565    173     13
  16608 14556        cutoff           2017.0000     1994.0833  1447837    1.14%         x101_97 U  16608  12225     32
  16672 14608     2004.5000   213     2017.0000     1994.0923  1451302    1.14%         x109_98 N  16672  16670     17
  16712 14642     2013.1676   309     2017.0000     1994.1013  1455387    1.14%        x106_124 U  16712   2406     17
  16755 14682     2001.6667   287     2017.0000     1994.1154  1459202    1.13%        x137_145 U  16755  11704     25
  16819 14738     1994.1402   282     2017.0000     1994.1405  1462821    1.13%        x143_134 D  16819  15299     23
  16869 14784     1995.7778   239     2017.0000     1994.1667  1466643    1.13%        x104_109 U  16869  11321     31
  16926 14823     1995.2500   264     2017.0000     1994.1667  1470138    1.13%         x98_103 D  16926  14440     34
Elapsed time = 1031.02 sec. (1200445.02 ticks, tree = 1489.35 MB, solutions = 1)
  16988 14875     2005.5000   264     2017.0000     1994.1667  1474069    1.13%         x109_98 N  16988  15158     18
  17037 14920     1999.3529   328     2017.0000     1994.1905  1477848    1.13%         x92_102 D  17037   5926     37
  17095 14970     2010.2368   290     2017.0000     1994.2105  1481936    1.13%         x101_97 U  17095  10938     28
  17145 15015        cutoff           2017.0000     1994.2222  1485576    1.13%        x105_100 U  17145   6754     28
  17192 15053     2006.2333   271     2017.0000     1994.2442  1489718    1.13%         x103_96 U  17192  13244     25
  17242 15098     2007.2500   250     2017.0000     1994.2500  1493481    1.13%        x104_122 U  17242   2378     28
  17296 15143     2008.0000   261     2017.0000     1994.2500  1497146    1.13%        x104_108 U  17296  14475     22
  17353 15187     1995.5000   209     2017.0000     1994.2600  1501096    1.13%         x104_98 N  17353    553     16
  17393 15223     2008.7500   313     2017.0000     1994.2708  1505488    1.13%         x103_97 U  17393  17391     26
  17445 15259     2001.9444   241     2017.0000     1994.2917  1509052    1.13%         x109_98 N  17445   9523     21
Elapsed time = 1064.92 sec. (1239368.55 ticks, tree = 1551.82 MB, solutions = 1)
  17523 15324     2005.1176   301     2017.0000     1994.3000  1512484    1.13%         x105_99 N  17523  17521     15
  17578 15369        cutoff           2017.0000     1994.3182  1516256    1.12%         x98_103 U  17578  11090     30
  17620 15406     2006.0000   269     2017.0000     1994.3299  1520247    1.12%          x97_95 U  17620   9832     31
  17692 15464     1994.5000   234     2017.0000     1994.3333  1523792    1.12%        x102_105 D  17692   4488      9
  17740 15499     2005.2500   301     2017.0000     1994.3354  1527692    1.12%        x104_102 U  17740   4744     22
  17783 15536     2008.0083   297     2017.0000     1994.3562  1531626    1.12%        x139_143 N  17783  17410     19
  17833 15582     2005.6933   297     2017.0000     1994.3730  1535746    1.12%          x97_95 U  17833  13496     16
  17868 15615     2005.8835   317     2017.0000     1994.3750  1540431    1.12%         x95_109 N  17868  17866     26
  17943 15667     2004.3849   296     2017.0000     1994.3800  1543813    1.12%         x101_97 U  17943  17081     27
  17978 15699     2005.0600   286     2017.0000     1994.3889  1548059    1.12%         x103_96 U  17978  15206     30
Elapsed time = 1097.66 sec. (1278214.27 ticks, tree = 1612.84 MB, solutions = 1)
  18029 15739     2015.6250   266     2017.0000     1994.4005  1552041    1.12%        x132_126 U  18029   3294     21
  18088 15791     1994.4586   297     2017.0000     1994.4200  1555720    1.12%        x113_123 D  18088   9422     30
  18137 15840     2013.5357   279     2017.0000     1994.4375  1559748    1.12%         x109_98 D  18137   7292     27
  18183 15878     2001.1667   253     2017.0000     1994.4500  1563655    1.12%         x105_99 D  18183  18061     33
  18200 15893     1998.2917   272     2017.0000     1994.4583  1567825    1.12%         x92_102 U  18200  18199     33
  18205 15898     2007.1111   272     2017.0000     1994.4595  1576047    1.12%        x103_104 U  18205  18203     33
  18244 15933     1995.6667   258     2017.0000     1994.4744  1580526    1.12%          x10_20 D  18244   1493     17
  18292 15972     1995.0051   308     2017.0000     1994.4913  1584327    1.12%        x104_108 D  18292   9803     32
  18353 16022     2010.4500   234     2017.0000     1994.5000  1587826    1.12%        x116_102 D  18353  18351     42
  18414 16070     2010.2500   244     2017.0000     1994.5000  1591043    1.12%        x111_102 U  18414  18412     42
Elapsed time = 1130.59 sec. (1320571.04 ticks, tree = 1644.71 MB, solutions = 1)
  18479 16126     2010.3333   233     2017.0000     1994.5000  1593918    1.12%        x143_141 D  18479  18478     11
  18530 16159     2001.7143   318     2017.0000     1994.5000  1597897    1.12%        x141_129 U  18530  18529      9
  18584 16196     1998.3333   285     2017.0000     1994.5000  1601781    1.12%         x92_102 D  18584   1847     15
  18646 16235     1997.5000   278     2017.0000     1994.5000  1605426    1.12%        x126_139 U  18646    405     21
  18707 16275     1998.0312   270     2017.0000     1994.5000  1609247    1.12%         x103_97 U  18707  16736     20
  18768 16316     2010.3571   265     2017.0000     1994.5000  1612817    1.12%         x101_97 U  18768  17468     29
  18825 16359     2015.6667   221     2017.0000     1994.5000  1616184    1.12%        x122_128 D  18825  18823     42
  18879 16404     1996.6250   250     2017.0000     1994.5000  1619809    1.12%         x105_99 U  18879   9628     29
  18925 16436     2011.1667   272     2017.0000     1994.5000  1623738    1.12%         x103_97 U  18925  17927     35
  18974 16465     2007.1429   233     2017.0000     1994.5086  1627590    1.12%        x132_127 U  18974  16607     22
Elapsed time = 1161.58 sec. (1359188.27 ticks, tree = 1687.91 MB, solutions = 1)
  19027 16507     1998.3958   320     2017.0000     1994.5303  1631112    1.11%         x105_99 N  19027  19025     32
  19078 16552     2007.2762   284     2017.0000     1994.5463  1635081    1.11%         x101_97 U  19078   4549     31
  19120 16582     2007.6667   272     2017.0000     1994.5625  1639237    1.11%        x122_128 U  19120    279     14
  19174 16625     1998.5000   257     2017.0000     1994.5786  1642859    1.11%        x104_109 U  19174  12763     21
  19221 16672     1995.9000   230     2017.0000     1994.5909  1646457    1.11%         x103_96 D  19221  17213     26
  19258 16706     2010.6042   297     2017.0000     1994.6000  1650678    1.11%        x130_122 U  19258  12952     23
  19321 16754     1998.8807   302     2017.0000     1994.6000  1654191    1.11%          x97_95 U  19321  15593     13
  19368 16801     2003.0715   311     2017.0000     1994.6176  1657907    1.11%         x103_96 U  19368   6528     29
  19423 16844        cutoff           2017.0000     1994.6250  1661509    1.11%        x101_104 U  19423  19420     37
  19465 16880     2005.0476   276     2017.0000     1994.6339  1666959    1.11%        x104_102 N  19465  10347     39
Elapsed time = 1195.24 sec. (1399318.37 ticks, tree = 1740.17 MB, solutions = 1)
  19518 16928     1994.6482   301     2017.0000     1994.6494  1670611    1.11%        x132_126 D  19518  15288     41
  19567 16972     1995.8333   249     2017.0000     1994.6667  1674181    1.11%        x104_128 D  19567  13763     22
  19627 17018     1995.1667   270     2017.0000     1994.6667  1677230    1.11%        x140_139 D  19627  19625     46
  19721 17088     1995.1111   277     2017.0000     1994.6667  1680035    1.11%          x97_95 D  19721  14155     29
  19756 17121     2005.3492   307     2017.0000     1994.6781  1684261    1.11%        x113_123 N  19756   9422     30
  19801 17164     1995.1071   225     2017.0000     1994.6905  1687977    1.11%         x103_97 D  19801  17786     26
  19846 17205     1996.0800   273     2017.0000     1994.7000  1691393    1.11%         x98_103 D  19846  15004     27
  19911 17256     2001.5957   310     2017.0000     1994.7024  1695114    1.11%        x143_141 N  19911    472      8
  19950 17287     2013.5000   284     2017.0000     1994.7162  1698632    1.10%         x101_97 U  19950  15100     26
  19991 17327     2011.2935   242     2017.0000     1994.7273  1702788    1.10%        x130_122 U  19991   7484     24
Elapsed time = 1227.95 sec. (1437848.27 ticks, tree = 1793.03 MB, solutions = 1)
  20032 17358     2014.3000   276     2017.0000     1994.7424  1706527    1.10%        x141_129 D  20032   8874     26
  20088 17402     2000.8824   287     2017.0000     1994.7500  1709671    1.10%         x103_96 U  20088  20086     24
  20138 17441    infeasible           2017.0000     1994.7500  1713144    1.10%         x98_103 U  20138  13180     38
  20193 17482        cutoff           2017.0000     1994.7500  1716874    1.10%        x105_100 U  20193  13930     25
  20259 17524     2003.1176   281     2017.0000     1994.7605  1720474    1.10%        x103_105 U  20259   1662     25
  20279 17544     2001.0000   239     2017.0000     1994.7647  1731637    1.10%        x132_121 U  20279  20277     23
  20320 17581     1994.7910   282     2017.0000     1994.7813  1735256    1.10%        x130_122 D  20320  15266     23
  20369 17628     2002.3000   280     2017.0000     1994.8000  1739049    1.10%         x103_96 U  20369  19457     23
  20408 17660     2015.2562   296     2017.0000     1994.8100  1743165    1.10%         x105_99 N  20408  20406     21
  20454 17698     1997.5000   258     2017.0000     1994.8333  1746705    1.10%         x98_103 U  20454  17267     17
Elapsed time = 1264.37 sec. (1484663.33 ticks, tree = 1843.16 MB, solutions = 1)
  20512 17746     1996.1364   270     2017.0000     1994.8333  1750213    1.10%         x98_103 U  20512   7575     21
  20571 17793     1994.8333   258     2017.0000     1994.8333  1753641    1.10%         x105_99 U  20571  12558     25
  20623 17833     1995.3933   280     2017.0000     1994.8376  1757265    1.10%          x97_95 D  20623  18004     13
  20672 17876     2001.3571   229     2017.0000     1994.8571  1761143    1.10%         x98_103 U  20672  11897     18
  20723 17921     2003.1667   249     2017.0000     1994.8750  1764447    1.10%         x92_109 U  20723  20721     36
  20761 17948     2002.7941   291     2017.0000     1994.8793  1770621    1.10%         x103_96 U  20761  20759     24
  20811 17990     1995.4167   262     2017.0000     1994.8929  1773930    1.10%        x139_143 D  20811  14314     39
  20863 18036     1998.2418   283     2017.0000     1994.9000  1776998    1.10%        x142_136 D  20863  20861     37
  20912 18069     2000.0909   267     2017.0000     1994.9091  1780669    1.10%         x98_103 D  20912   7549     38
  20970 18119     2007.0000   248     2017.0000     1994.9242  1784161    1.09%        x132_127 U  20970  20243     22
Elapsed time = 1298.46 sec. (1524702.20 ticks, tree = 1906.85 MB, solutions = 1)
  21009 18156     2003.7564   280     2017.0000     1994.9333  1787660    1.09%         x105_99 D  21009  21007     33
  21054 18200     1995.0882   291     2017.0000     1994.9468  1791153    1.09%        x120_102 D  21054  12041     32
  21096 18237     2012.5357   278     2017.0000     1994.9583  1794807    1.09%         x109_98 D  21096   5989     26
  21124 18259     2004.6667   273     2017.0000     1994.9697  1798882    1.09%        x104_108 U  21124  12335     25
  21166 18298     2008.7143   311     2017.0000     1994.9821  1802352    1.09%         x103_96 U  21166  21164     25
  21182 18313     2014.6296   264     2017.0000     1994.9874  1807787    1.09%        x106_127 N  21182  21180     19
  21242 18364     2004.0000   202     2017.0000     1995.0000  1811186    1.09%         x102_96 U  21242  13756     26
  21305 18417     1995.3333   255     2017.0000     1995.0000  1814140    1.09%         x98_103 D  21305   7926     32
  21376 18474     1995.2500   235     2017.0000     1995.0000  1816988    1.09%        x101_102 D  21376   3609     22
  21431 18523     2005.4167   259     2017.0000     1995.0000  1819988    1.09%         x105_97 U  21431  21430     32
Elapsed time = 1332.68 sec. (1564107.89 ticks, tree = 1969.73 MB, solutions = 1)
  21487 18560     1998.5000   241     2017.0000     1995.0000  1822891    1.09%          x97_95 U  21487  12024     19
  21542 18598     2000.1667   275     2017.0000     1995.0000  1825899    1.09%        x104_109 U  21542  21541     17
  21600 18641     1996.5909   277     2017.0000     1995.0000  1829094    1.09%        x132_121 D  21600  21599     23
  21621 18662     1995.0000   259     2017.0000     1995.0000  1833921    1.09%        x113_123 D  21621  19440     21
  21675 18703     1997.9000   279     2017.0000     1995.0000  1837434    1.09%          x10_20 D  21675  17269     35
  21723 18739     2013.6667   273     2017.0000     1995.0000  1840902    1.09%        x132_127 U  21723  17549     31
  21772 18779     1999.5000   266     2017.0000     1995.0000  1844606    1.09%         x103_96 N  21772  21767     24
  21830 18819     1997.2500   218     2017.0000     1995.0093  1848060    1.09%         x96_109 D  21830  16858     25
  21869 18854     1997.3095   279     2017.0000     1995.0208  1851882    1.09%        x111_102 U  21869  19451     30
  21875 18858     1998.9392   361     2017.0000     1995.0231  1856239    1.09%        x104_109 D  21875    772     17
Elapsed time = 1364.29 sec. (1603374.88 ticks, tree = 2022.14 MB, solutions = 1)
  21915 18890     2008.2778   274     2017.0000     1995.0333  1860150    1.09%        x132_127 U  21915  17082     28
  21955 18914        cutoff           2017.0000     1995.0490  1864244    1.09%         x105_99 D  21955  14604     31
  21992 18941     1996.6071   246     2017.0000     1995.0571  1867936    1.09%         x98_103 D  21992  11901     28
  22028 18968     2007.3889   281     2017.0000     1995.0714  1871925    1.09%        x104_108 U  22028  10573     29
  22073 19011     2003.6327   257     2017.0000     1995.0833  1875259    1.09%        x102_105 U  22073   9394     28
  22127 19058        cutoff           2017.0000     1995.0833  1878500    1.09%        x128_132 U  22127  22124     50
  22177 19089     1999.0775   303     2017.0000     1995.0882  1881758    1.09%        x104_113 N  22177  19384     36
  22193 19103     2005.9244   307     2017.0000     1995.0926  1886828    1.09%         x103_96 U  22193  10041     35
  22225 19133     1997.5000   277     2017.0000     1995.1000  1890562    1.09%        x104_108 N  22225  20434     26
  22265 19160     2015.4556   277     2017.0000     1995.1154  1894377    1.09%        x132_121 U  22265  20658     37
Elapsed time = 1396.17 sec. (1643310.92 ticks, tree = 2070.19 MB, solutions = 1)
Nodefile size = 22.51 MB (20.02 MB after compression)
  22310 19201     2002.8333   253     2017.0000     1995.1250  1897950    1.08%         x109_98 N  22310  22308     17
  22355 19236     2003.1429   267     2017.0000     1995.1429  1901524    1.08%        x101_102 U  22355   3699     38
  22395 19268     2012.5000   217     2017.0000     1995.1548  1905353    1.08%         x109_98 D  22395  22393     24
  22443 19312     2006.6667   248     2017.0000     1995.1667  1908396    1.08%        x120_102 U  22443  22441     30
  22499 19349     1998.9000   276     2017.0000     1995.1667  1911734    1.08%         x105_99 D  22499  18301     21
  22550 19391     1995.1667   286     2017.0000     1995.1667  1915048    1.08%        x130_120 D  22550  14627     24
  22609 19435     2012.7727   265     2017.0000     1995.1731  1918538    1.08%        x141_129 N  22609  12994     21
  22656 19476     2002.4583   323     2017.0000     1995.1875  1921962    1.08%        x132_121 U  22656  22654     19
  22700 19504     2014.2500   265     2017.0000     1995.2000  1925907    1.08%        x138_133 U  22700  20959     25
  22745 19539     1995.8611   286     2017.0000     1995.2115  1929285    1.08%         x103_97 D  22745  19337     40
Elapsed time = 1429.94 sec. (1682301.73 ticks, tree = 2129.96 MB, solutions = 1)
Nodefile size = 82.64 MB (73.59 MB after compression)
  22800 19586     2008.5856   279     2017.0000     1995.2222  1932857    1.08%        x130_122 U  22800  22030     26
  22841 19623     1995.4917   298     2017.0000     1995.2368  1936731    1.08%        x138_132 D  22841   1443     15
  22880 19654     2011.2500   267     2017.0000     1995.2500  1940482    1.08%         x98_103 U  22880   7908     30
  22940 19695     1996.0000   281     2017.0000     1995.2500  1943655    1.08%         x98_103 D  22940  22939     35
  22995 19733     2007.3571   298     2017.0000     1995.2500  1947031    1.08%         x105_99 D  22995  17277     20
  23042 19775     2001.0058   310     2017.0000     1995.2500  1950044    1.08%         x103_96 U  23042  23040     22
  23079 19802        cutoff           2017.0000     1995.2619  1953654    1.08%        x105_109 U  23079   7826     30
  23125 19839     1995.4000   241     2017.0000     1995.2778  1956940    1.08%         x101_97 N  23125   7430     30
  23161 19875     2012.0833   275     2017.0000     1995.2857  1960858    1.08%         x102_96 U  23161  23159     18
  23206 19914     1999.7500   298     2017.0000     1995.3000  1964370    1.08%        x104_127 D  23206  11810     26
Elapsed time = 1463.78 sec. (1721102.93 ticks, tree = 2184.80 MB, solutions = 1)
Nodefile size = 137.43 MB (122.28 MB after compression)
  23257 19944     2001.8333   318     2017.0000     1995.3071  1967778    1.08%          x87_98 N  23257  22776     29
  23292 19970     1995.6000   287     2017.0000     1995.3222  1971269    1.07%        x104_108 D  23292   1373     14
  23323 19997     2010.0614   266     2017.0000     1995.3333  1975477    1.07%         x103_96 U  23323  20500     27
  23370 20028     2008.6562   270     2017.0000     1995.3333  1979047    1.07%         x105_99 D  23370  23368     23
  23414 20061     1995.4286   302     2017.0000     1995.3370  1982778    1.07%        x130_122 D  23414   8351     32
  23454 20093     2008.5714   280     2017.0000     1995.3500  1986197    1.07%         x101_97 U  23454  13480     37
  23510 20137     2001.0764   298     2017.0000     1995.3571  1989513    1.07%         x103_96 U  23510  23508     22
  23548 20165     2009.4048   298     2017.0000     1995.3750  1993352    1.07%        x142_136 N  23548  23546     33
  23596 20203     2002.1856   305     2017.0000     1995.3800  1996468    1.07%         x103_96 N  23596  19514     24
  23637 20238     2014.1121   296     2017.0000     1995.3889  1999923    1.07%        x104_127 U  23637  11810     26
Elapsed time = 1495.78 sec. (1760162.11 ticks, tree = 2225.81 MB, solutions = 1)
Nodefile size = 178.51 MB (158.83 MB after compression)
  23660 20259     2001.8154   319     2017.0000     1995.3988  2005813    1.07%         x92_109 N  23660  19433     30
  23697 20288     1996.0119   309     2017.0000     1995.4118  2009434    1.07%          x97_95 D  23697  23696     17
  23738 20314     1998.2500   289     2017.0000     1995.4167  2013284    1.07%         x103_96 U  23738  21849     30
  23777 20347     2002.2024   299     2017.0000     1995.4286  2017245    1.07%        x120_102 U  23777  21742     44
  23826 20392     2011.4902   311     2017.0000     1995.4429  2020688    1.07%        x102_123 U  23826  22832     53
  23861 20425     1999.5563   306     2017.0000     1995.4608  2024304    1.07%          x97_95 U  23861   1385     17
  23890 20452     2014.5000   261     2017.0000     1995.4744  2028645    1.07%        x101_123 U  23890  23627     26
  23930 20488     1996.5000   255     2017.0000     1995.5000  2032678    1.07%         x99_103 U  23930  23928     31
  23988 20528     1997.5000   222     2017.0000     1995.5000  2035313    1.07%          x88_98 N  23988  23478     30
  24015 20548     1996.5000   277     2017.0000     1995.5000  2046776    1.07%        x104_127 D  24015   6604     13
Elapsed time = 1531.95 sec. (1807607.31 ticks, tree = 2266.59 MB, solutions = 1)
Nodefile size = 219.50 MB (195.34 MB after compression)
  24076 20599     1998.5000   211     2017.0000     1995.5000  2049869    1.07%          x10_20 U  24076  21259     38
  24136 20649     2001.4167   264     2017.0000     1995.5000  2053333    1.07%         x103_97 U  24136  15369     23
  24205 20707     2000.5000   239     2017.0000     1995.5000  2056067    1.07%        x132_121 U  24205  24203     23
  24256 20744     1999.7250   293     2017.0000     1995.5000  2059255    1.07%         x92_102 D  24256   2245     27
  24302 20779     1998.5000   235     2017.0000     1995.5000  2062559    1.07%          x10_20 U  24302  21499     39
  24342 20811     1996.4167   259     2017.0000     1995.5000  2066373    1.07%         x103_96 D  24342  18861     28
  24411 20865     2012.3125   248     2017.0000     1995.5000  2069403    1.07%         x101_97 U  24411  22369     36
  24471 20910     2000.6667   269     2017.0000     1995.5000  2072677    1.07%        x132_121 U  24471  24469     35
  24517 20936     2010.2500   280     2017.0000     1995.5000  2076305    1.07%          x99_95 D  24517  24516     35
  24567 20967        cutoff           2017.0000     1995.5000  2079649    1.07%         x92_109 U  24567  24565     32
Elapsed time = 1563.78 sec. (1845988.95 ticks, tree = 2331.22 MB, solutions = 1)
Nodefile size = 283.98 MB (252.62 MB after compression)
  24602 20998     1995.5460   295     2017.0000     1995.5000  2083533    1.07%          x97_95 D  24602  22841     16
  24657 21035     1996.9333   267     2017.0000     1995.5000  2086827    1.07%         x95_109 D  24657  17558     35
  24689 21057     2011.5969   291     2017.0000     1995.5085  2090866    1.07%         x101_97 U  24689  20438     20
  24723 21083     1996.3333   307     2017.0000     1995.5244  2094296    1.06%        x101_104 D  24723  19914     29
  24778 21122     1995.9231   304     2017.0000     1995.5381  2097365    1.06%         x109_98 U  24778  11290     15
  24813 21152     1996.4100   300     2017.0000     1995.5485  2100186    1.06%         x103_96 D  24813  24812     27
  24855 21189     1995.7727   300     2017.0000     1995.5588  2103890    1.06%         x103_96 D  24855  21765     26
  24888 21218     2014.8462   273     2017.0000     1995.5714  2107456    1.06%        x103_123 N  24888  23629     28
  24920 21238     2010.2000   262     2017.0000     1995.5811  2110859    1.06%        x104_103 U  24920  14035     28
  24956 21270     1995.9667   246     2017.0000     1995.5884  2114275    1.06%        x132_121 D  24956  23153     27
Elapsed time = 1595.77 sec. (1884673.18 ticks, tree = 2379.18 MB, solutions = 1)
Nodefile size = 331.55 MB (295.03 MB after compression)
  25004 21318     1996.1949   310     2017.0000     1995.5957  2117303    1.06%          x20_17 D  25004   7573     20
  25043 21351     1997.1096   313     2017.0000     1995.6071  2120775    1.06%        x107_100 D  25043  21970     39
  25074 21377     2010.7426   306     2017.0000     1995.6131  2124930    1.06%         x101_97 U  25074  22819     23
  25109 21406        cutoff           2017.0000     1995.6250  2128568    1.06%        x102_123 U  25109  24960     36
  25154 21439     1998.7778   275     2017.0000     1995.6269  2132160    1.06%         x92_102 U  25154   2039     20
  25191 21463     2008.2731   279     2017.0000     1995.6365  2135718    1.06%         x98_102 U  25191  25189     42
  25236 21504     1995.7000   274     2017.0000     1995.6500  2138891    1.06%        x105_100 D  25236   6755     27
  25266 21529     2014.1000   285     2017.0000     1995.6603  2142756    1.06%        x132_121 N  25266  24412     45
  25320 21565     2000.5556   261     2017.0000     1995.6667  2145891    1.06%         x98_103 U  25320  18245     25
  25371 21610     2012.0625   238     2017.0000     1995.6667  2148267    1.06%        x130_124 N  25371  25370     51
Elapsed time = 1629.92 sec. (1923543.07 ticks, tree = 2436.19 MB, solutions = 1)
Nodefile size = 388.27 MB (345.46 MB after compression)
  25426 21651     2008.8889   282     2017.0000     1995.6667  2150909    1.06%        x142_136 N  25426  23631     30
  25469 21688     2003.0000   240     2017.0000     1995.6875  2154293    1.06%        x102_105 U  25469   4366     26
  25518 21727     2009.2000   248     2017.0000     1995.7000  2157690    1.06%          x10_20 U  25518   4992     34
  25557 21752     1998.9195   303     2017.0000     1995.7059  2161274    1.06%        x109_100 D  25557  18216     28
  25600 21791     1998.9583   270     2017.0000     1995.7196  2164680    1.06%        x104_109 D  25600  12947     34
  25645 21833     2006.8667   268     2017.0000     1995.7308  2168118    1.05%         x103_97 U  25645  16518     25
  25689 21870     1996.0556   279     2017.0000     1995.7400  2171521    1.05%         x99_103 D  25689   7073     23
  25731 21910     2011.1500   257     2017.0000     1995.7500  2174908    1.05%         x98_103 U  25731  22874     30
  25784 21945     1999.0799   296     2017.0000     1995.7500  2178328    1.05%          x97_95 U  25784  17250     20
  25833 21979     2012.2500   237     2017.0000     1995.7500  2181608    1.05%        x130_120 N  25833  10425     17
Elapsed time = 1664.34 sec. (1962364.17 ticks, tree = 2497.66 MB, solutions = 1)
Nodefile size = 450.08 MB (400.50 MB after compression)
  25886 22019     2003.9091   283     2017.0000     1995.7500  2185003    1.05%        x104_127 N  25886   6433     23
  25930 22048     1995.9286   260     2017.0000     1995.7647  2188180    1.05%        x106_105 U  25930  18613     33
  25959 22075     2010.7165   297     2017.0000     1995.7759  2191869    1.05%        x104_128 U  25959  20854     31
  25999 22111     2003.3516   332     2017.0000     1995.7857  2195294    1.05%        x130_120 U  25999  12518     17
  26042 22150     2010.0937   285     2017.0000     1995.7963  2198460    1.05%        x130_122 U  26042  26040     18
  26094 22192     1997.5000   251     2017.0000     1995.8016  2201932    1.05%        x105_100 D  26094   3815     15
  26135 22223     2006.6556   296     2017.0000     1995.8182  2205613    1.05%        x132_121 U  26135  25707     23
  26170 22250     2009.8046   285     2017.0000     1995.8306  2208902    1.05%        x103_104 U  26170   8128     30
  26226 22304     2015.5000   172     2017.0000     1995.8333  2212168    1.05%          x15_12 U  26226  26224     38
  26286 22353        cutoff           2017.0000     1995.8333  2215286    1.05%         x97_109 U  26286  26284     48
Elapsed time = 1698.56 sec. (2001380.05 ticks, tree = 2559.85 MB, solutions = 1)
Nodefile size = 512.33 MB (455.79 MB after compression)
  26336 22399     2009.9318   271     2017.0000     1995.8333  2218301    1.05%        x101_123 D  26336  26335     45
  26393 22438     2005.3778   255     2017.0000     1995.8333  2221449    1.05%         x103_96 U  26393  26391     27
  26431 22463     2013.8333   190     2017.0000     1995.8333  2224740    1.05%          x10_20 U  26431  26430     35
  26467 22492     2008.6667   281     2017.0000     1995.8462  2228359    1.05%        x103_123 U  26467  25493     37
  26499 22510     2000.2418   250     2017.0000     1995.8571  2232054    1.05%         x92_102 D  26499  23115     26
  26517 22526     2003.0000   232     2017.0000     1995.8604  2243946    1.05%        x132_127 N  26517  26515     11
  26552 22551     2003.7966   323     2017.0000     1995.8696  2247606    1.05%        x111_102 U  26552  19725     29
  26603 22594     1999.2273   274     2017.0000     1995.8750  2250631    1.05%          x98_95 D  26603  26602     43
  26658 22640     1997.2500   277     2017.0000     1995.8793  2253848    1.05%         x101_97 D  26658  11341     30
  26702 22672        cutoff           2017.0000     1995.9000  2257186    1.05%         x105_99 D  26702  26700     32
Elapsed time = 1735.61 sec. (2048618.66 ticks, tree = 2594.45 MB, solutions = 1)
Nodefile size = 546.71 MB (486.36 MB after compression)
  26742 22696     2006.7202   280     2017.0000     1995.9048  2260740    1.05%        x105_100 N  26742  20093     22
  26785 22728     2003.5000   258     2017.0000     1995.9167  2274222    1.05%        x132_121 U  26785  26783     16
  26819 22759     2006.0417   272     2017.0000     1995.9221  2277633    1.05%         x103_97 U  26819  26817     24
  26861 22790        cutoff           2017.0000     1995.9333  2281163    1.04%        x103_104 U  26861  11301     43
  26897 22820     2003.7000   261     2017.0000     1995.9444  2285454    1.04%        x120_123 U  26897  25483     33
  26943 22858     1998.8571   274     2017.0000     1995.9545  2288870    1.04%          x96_98 U  26943   4173     13
  26978 22891     2006.7500   283     2017.0000     1995.9643  2292624    1.04%         x103_96 U  26978  21649     33
  27029 22936     1996.3415   280     2017.0000     1995.9815  2295622    1.04%         x103_96 D  27029  25474     34
  27075 22982     1998.0000   204     2017.0000     1996.0000  2299099    1.04%         x98_103 D  27075  19618     32
  27133 23022     2009.7500   282     2017.0000     1996.0000  2302281    1.04%        x101_103 U  27133  27131     37
Elapsed time = 1772.28 sec. (2096121.31 ticks, tree = 2650.95 MB, solutions = 1)
Nodefile size = 603.51 MB (536.97 MB after compression)
  27200 23067     1998.3846   280     2017.0000     1996.0000  2304978    1.04%         x103_96 D  27200  17419     30
  27268 23118     2006.0000   243     2017.0000     1996.0000  2307692    1.04%         x103_96 U  27268  16212     27
  27300 23142     2004.7037   299     2017.0000     1996.0000  2311294    1.04%         x98_103 U  27300  18850     36
  27351 23180    infeasible           2017.0000     1996.0000  2314345    1.04%         x98_103 U  27351  19402     41
  27421 23237     2009.9675   282     2017.0000     1996.0000  2315840    1.04%        x137_142 D  27421  27420     82
  27475 23276     2006.9500   264     2017.0000     1996.0000  2318838    1.04%        x130_120 U  27475  12339     19
  27522 23313     1996.5556   270     2017.0000     1996.0000  2322292    1.04%         x101_97 D  27522  27520     29
  27568 23350     1996.0000   265     2017.0000     1996.0000  2325516    1.04%        x101_109 N  27568  24467     26
  27621 23392     2001.5000   249     2017.0000     1996.0000  2328479    1.04%         x92_102 U  27621   2067     28
  27682 23427        cutoff           2017.0000     1996.0000  2331512    1.04%        x102_106 U  27682  18868     30
Elapsed time = 1805.23 sec. (2134982.45 ticks, tree = 2717.42 MB, solutions = 1)
Nodefile size = 669.84 MB (596.08 MB after compression)
  27739 23474     2013.7264   260     2017.0000     1996.0000  2334883    1.04%        x126_139 U  27739  27736     63
  27791 23510     2003.5000   255     2017.0000     1996.0000  2337383    1.04%        x104_113 D  27791  27789     36
  27849 23548     1996.0543   319     2017.0000     1996.0000  2340362    1.04%          x97_95 D  27849  22050     28
  27885 23576     2009.5000   306     2017.0000     1996.0077  2347691    1.04%        x104_102 N  27885  27883     27
  27914 23599     2002.3529   268     2017.0000     1996.0210  2351458    1.04%        x104_108 D  27914   5105     25
  27959 23640     2014.7143   286     2017.0000     1996.0294  2354946    1.04%        x103_104 U  27959  25700     33
  28007 23685     1997.2125   313     2017.0000     1996.0414  2357897    1.04%        x132_121 D  28007  24908     28
  28038 23712     1998.7000   249     2017.0000     1996.0478  2361268    1.04%         x98_103 U  28038  28036     19
  28080 23754     2005.3000   243     2017.0000     1996.0556  2364937    1.04%        x132_121 U  28080  25609     32
  28115 23779     2010.5200   266     2017.0000     1996.0714  2368800    1.04%        x104_102 U  28115  10023     30
Elapsed time = 1839.13 sec. (2176590.55 ticks, tree = 2775.67 MB, solutions = 1)
Nodefile size = 728.31 MB (648.22 MB after compression)
  28156 23817     2001.1032   289     2017.0000     1996.0818  2372161    1.04%        x103_104 D  28156  25700     33
  28186 23845     1998.0000   254     2017.0000     1996.0867  2376833    1.04%          x96_98 N  28186  23936     18
  28221 23872     1999.9167   281     2017.0000     1996.0962  2379780    1.04%         x101_97 U  28221    900     10
  28262 23909     1996.2200   282     2017.0000     1996.1000  2383367    1.04%         x101_97 D  28262  19920     28
  28311 23940        cutoff           2017.0000     1996.1071  2386442    1.04%         x105_99 D  28311  18985     32
  28355 23980     1996.1481   285     2017.0000     1996.1143  2389879    1.04%        x130_120 D  28355  25887     31
  28401 24021     1999.7500   212     2017.0000     1996.1247  2392977    1.03%          x97_95 U  28401  22870     25
  28436 24056     2009.4455   270     2017.0000     1996.1316  2396560    1.03%        x130_122 U  28436   9877     33
  28476 24096     2002.7163   250     2017.0000     1996.1382  2400181    1.03%         x99_103 U  28476   3906     29
  28527 24145     2009.3571   223     2017.0000     1996.1491  2403585    1.03%        x130_122 U  28527  24683     39
Elapsed time = 1872.71 sec. (2216199.80 ticks, tree = 2836.89 MB, solutions = 1)
Nodefile size = 789.39 MB (702.62 MB after compression)
  28562 24172     1996.1571   256     2017.0000     1996.1571  2406948    1.03%        x103_123 D  28562  24927     36
  28605 24213     2005.2500   262     2017.0000     1996.1667  2410119    1.03%        x111_102 D  28605  28604     50
  28661 24253     1996.2500   254     2017.0000     1996.1667  2412975    1.03%         x103_96 D  28661  17656     17
  28712 24289     2011.4000   268     2017.0000     1996.1667  2415897    1.03%         x102_96 N  28712  20770     38
  28748 24319     2006.4846   285     2017.0000     1996.1667  2418729    1.03%          x12_23 D  28748  28747     30
  28799 24352     1996.3000   294     2017.0000     1996.1667  2421765    1.03%        x126_127 D  28799  28798     26
  28835 24378     2010.3564   315     2017.0000     1996.1786  2424110    1.03%        x130_122 U  28835  28833     18
  28886 24409     1996.2826   263     2017.0000     1996.1923  2426912    1.03%         x99_103 D  28886  16629     29
  28934 24443     2015.3333   275     2017.0000     1996.2000  2429581    1.03%        x113_102 D  28934  28933     58
  28980 24470     1997.3333   258     2017.0000     1996.2083  2432690    1.03%        x104_102 D  28980  12886     22
Elapsed time = 1905.18 sec. (2254659.91 ticks, tree = 2892.90 MB, solutions = 1)
Nodefile size = 845.22 MB (752.37 MB after compression)
  29018 24506     2008.5000   222     2017.0000     1996.2143  2436231    1.03%        x130_120 N  29018  11184     11
  29055 24535     1997.0000   269     2017.0000     1996.2314  2439423    1.03%        x120_102 D  29055  27509     28
  29099 24575     1998.4767   309     2017.0000     1996.2397  2443115    1.03%         x105_99 U  29099  16591     21
  29139 24608     1996.4167   216     2017.0000     1996.2500  2446524    1.03%        x107_100 D  29139  25716     25
  29204 24656        cutoff           2017.0000     1996.2500  2449645    1.03%          x12_23 U  29204  29202     64
  29256 24692     2002.0833   265     2017.0000     1996.2500  2452747    1.03%         x98_103 U  29256  20052     14
  29322 24739     2011.5000   249     2017.0000     1996.2500  2455323    1.03%         x105_99 D  29322  29320     34
  29386 24791     2002.6071   278     2017.0000     1996.2500  2458458    1.03%        x102_105 U  29386  29384     17
  29460 24840     1996.5222   271     2017.0000     1996.2500  2461139    1.03%        x132_133 D  29460  29459     33
  29510 24878     1997.5500   288     2017.0000     1996.2500  2464161    1.03%         x103_96 N  29510  14209     25
Elapsed time = 1937.67 sec. (2293433.56 ticks, tree = 2960.01 MB, solutions = 1)
Nodefile size = 912.83 MB (812.74 MB after compression)
  29540 24901     1999.1667   288     2017.0000     1996.2603  2466920    1.03%        x111_122 N  29540   1310     14
  29575 24928     2008.3333   255     2017.0000     1996.2706  2470418    1.03%        x104_108 U  29575  27473     31
  29616 24957     2008.5652   282     2017.0000     1996.2778  2473268    1.03%          x97_95 U  29616  19806     16
  29655 24993     2004.2653   316     2017.0000     1996.2870  2476616    1.03%         x103_96 U  29655  28307     30
  29692 25026     1997.4643   283     2017.0000     1996.3000  2480019    1.03%         x102_96 D  29692  29691     29
  29760 25068     1996.7319   278     2017.0000     1996.3000  2482661    1.03%        x103_123 D  29760  14360     30
  29789 25093     2002.0000   273     2017.0000     1996.3077  2486083    1.03%        x132_127 U  29789  26078     17
  29835 25132     1997.3095   296     2017.0000     1996.3235  2489392    1.03%        x105_100 N  29835  11051     29
  29877 25169     2008.8333   267     2017.0000     1996.3333  2492996    1.02%        x103_104 U  29877  29875     27
  29939 25223     2007.9333   279     2017.0000     1996.3333  2495993    1.02%         x103_96 U  29939  29937     25
Elapsed time = 1970.10 sec. (2332271.16 ticks, tree = 3018.57 MB, solutions = 1)
Nodefile size = 971.25 MB (864.88 MB after compression)
  30000 25262     1997.3364   287     2017.0000     1996.3333  2498595    1.02%         x105_99 U  30000  27937     29
  30038 25289     2001.3889   302     2017.0000     1996.3333  2502080    1.02%         x98_103 N  30038  18253     33
  30089 25326     2009.1429   247     2017.0000     1996.3377  2505204    1.02%        x138_136 N  30089  28332     24
  30130 25363     1996.4691   286     2017.0000     1996.3475  2508619    1.02%          x97_95 N  30130  22868     25
  30167 25392     2002.2738   228     2017.0000     1996.3571  2512297    1.02%         x98_103 U  30167  10056     30
  30224 25438     2014.1833   290     2017.0000     1996.3571  2515051    1.02%          x18_12 D  30224  30222     50
  30265 25469     1996.5237   282     2017.0000     1996.3667  2518207    1.02%         x102_96 D  30265  14338     38
  30308 25509     2000.3421   273     2017.0000     1996.3718  2521793    1.02%         x92_102 D  30308  30306     28
  30353 25550     1996.7059   293     2017.0000     1996.3750  2525156    1.02%         x103_96 D  30353  25889     26
  30400 25591     1996.8200   267     2017.0000     1996.3833  2528082    1.02%        x132_121 D  30400  22453     34
Elapsed time = 2001.80 sec. (2371857.64 ticks, tree = 3079.12 MB, solutions = 1)
Nodefile size = 1031.48 MB (918.74 MB after compression)
  30439 25629     2002.6667   289     2017.0000     1996.3889  2531768    1.02%        x132_121 U  30439  30437     18
  30485 25663        cutoff           2017.0000     1996.4000  2534741    1.02%         x105_99 D  30485  19511     32
  30540 25699     2014.7500   247     2017.0000     1996.4000  2537599    1.02%        x141_138 D  30540  30539     43
  30585 25727     1996.6429   243     2017.0000     1996.4091  2540764    1.02%        x102_105 D  30585   9196     30
  30626 25764        cutoff           2017.0000     1996.4165  2544268    1.02%        x141_129 D  30626  29123     12
  30682 25810     2011.4167   197     2017.0000     1996.4167  2547439    1.02%        x132_121 N  30682  30116     31
  30713 25831     2014.8574   282     2017.0000     1996.4265  2551379    1.02%        x130_120 U  30713  29069     23
  30769 25878     2002.6200   252     2017.0000     1996.4333  2554307    1.02%        x120_103 U  30769  29042     39
  30803 25907     2014.5922   283     2017.0000     1996.4375  2556734    1.02%         x101_97 N  30803  16882     40
  30846 25946     2010.2839   297     2017.0000     1996.4444  2560050    1.02%        x104_113 N  30846  11045     27
Elapsed time = 2033.61 sec. (2410984.92 ticks, tree = 3138.28 MB, solutions = 1)
Nodefile size = 1090.55 MB (971.66 MB after compression)
  30886 25984     1997.3553   298     2017.0000     1996.4500  2563602    1.02%        x104_108 D  30886  11530     19
  30914 26008        cutoff           2017.0000     1996.4603  2567896    1.02%        x106_116 U  30914  25250     26
  30964 26051     1998.4933   297     2017.0000     1996.4722  2570887    1.02%         x98_103 D  30964  30963     34
  31008 26087     2003.1106   294     2017.0000     1996.4833  2574372    1.02%        x132_121 U  31008  26678     41
  31038 26109     1998.8382   279     2017.0000     1996.5000  2578067    1.02%        x120_102 U  31038  27446     22
  31085 26148        cutoff           2017.0000     1996.5000  2581401    1.02%        x126_127 U  31085  31082     18
  31160 26205     1999.0000   270     2017.0000     1996.5000  2583750    1.02%         x92_102 D  31160  15005      9
  31198 26235     1999.6429   222     2017.0000     1996.5000  2586215    1.02%         x96_109 U  31198  23863     26
  31247 26265     2014.1000   255     2017.0000     1996.5000  2589248    1.02%          x12_23 N  31247  31245     34
  31290 26291     2009.3333   270     2017.0000     1996.5000  2592207    1.02%          x97_95 U  31290  13272     27
Elapsed time = 2065.53 sec. (2450454.83 ticks, tree = 3184.46 MB, solutions = 1)
Nodefile size = 1138.81 MB (1014.72 MB after compression)
  31348 26332     2002.0000   248     2017.0000     1996.5000  2594931    1.02%         x92_102 N  31348  31346     22
  31397 26367     2003.6492   285     2017.0000     1996.5000  2598257    1.02%         x102_96 U  31397   2846     20
  31445 26400        cutoff           2017.0000     1996.5000  2601452    1.02%         x100_95 U  31445  30243     24
  31495 26438     2006.4420   248     2017.0000     1996.5000  2604650    1.02%        x111_102 U  31495  31492     35
  31538 26467     2008.5000   273     2017.0000     1996.5000  2608104    1.02%         x103_97 U  31538  31535     21
  31595 26505     1996.5000   261     2017.0000     1996.5000  2610985    1.02%          x99_95 D  31595  28259     31
  31632 26529        cutoff           2017.0000     1996.5000  2614133    1.02%        x133_127 U  31632  31629     41
  31677 26571     2004.3846   280     2017.0000     1996.5000  2617432    1.02%          x12_23 D  31677  31675     38
  31712 26598     2007.0346   301     2017.0000     1996.5000  2620895    1.02%        x100_104 U  31712  31711     36
  31749 26617     2006.0000   244     2017.0000     1996.5000  2624271    1.02%        x102_105 U  31749   6431     21
Elapsed time = 2097.21 sec. (2489387.84 ticks, tree = 3223.08 MB, solutions = 1)
Nodefile size = 1177.74 MB (1049.25 MB after compression)
  31769 26628     2000.4020   301     2017.0000     1996.5000  2633511    1.02%          x97_95 U  31769  31767     18
  31802 26651     2001.4340   292     2017.0000     1996.5000  2636277    1.02%         x103_96 U  31802  24595     28
  31850 26683        cutoff           2017.0000     1996.5000  2639275    1.02%        x105_109 U  31850  19341     29
  31922 26743     1997.1992   319     2017.0000     1996.5000  2642212    1.02%         x100_95 D  31922   9488     23
  31950 26767     1999.7000   257     2017.0000     1996.5031  2645833    1.02%        x139_131 D  31950  15258     34
  31990 26805     2006.8472   326     2017.0000     1996.5195  2650145    1.02%        x130_143 N  31990  30797     36
  32031 26842     2000.6412   298     2017.0000     1996.5278  2653332    1.01%         x92_102 U  32031   4637     19
  32085 26890        cutoff           2017.0000     1996.5351  2656503    1.01%        x106_105 D  32085  22337     38
  32123 26920     2005.7667   288     2017.0000     1996.5444  2659936    1.01%        x132_121 N  32123  30258     20
  32161 26950     2009.9000   293     2017.0000     1996.5556  2663631    1.01%        x104_103 U  32161  30029     28
Elapsed time = 2132.33 sec. (2535277.06 ticks, tree = 3277.87 MB, solutions = 1)
Nodefile size = 1230.22 MB (1096.15 MB after compression)
  32208 26987     1999.6120   309     2017.0000     1996.5655  2666271    1.01%        x132_143 N  32208  32206     45
  32245 27018     1998.4925   287     2017.0000     1996.5714  2669671    1.01%         x92_102 D  32245  17044     47
  32294 27059     2014.0309   294     2017.0000     1996.5777  2673065    1.01%        x106_116 U  32294  25885     18
  32328 27086     2011.4167   207     2017.0000     1996.5833  2676655    1.01%        x132_121 U  32328  32168     31
  32368 27123     1996.7279   295     2017.0000     1996.5916  2680012    1.01%        x105_100 D  32368   7556     33
  32398 27150     2008.9762   257     2017.0000     1996.5977  2683758    1.01%        x130_122 U  32398  13758     39
  32454 27189     2007.9357   312     2017.0000     1996.6000  2686515    1.01%        x120_123 U  32454  31972     28
  32490 27216     1997.8125   254     2017.0000     1996.6111  2689746    1.01%          x97_95 D  32490   5488     32
  32535 27256     1997.5444   308     2017.0000     1996.6151  2692980    1.01%         x98_103 U  32535  26840     17
  32571 27288        cutoff           2017.0000     1996.6250  2696861    1.01%         x109_98 D  32571  29150     27
Elapsed time = 2164.40 sec. (2574483.61 ticks, tree = 3336.03 MB, solutions = 1)
Nodefile size = 1288.78 MB (1148.50 MB after compression)
  32621 27324        cutoff           2017.0000     1996.6250  2699696    1.01%        x106_130 U  32621  32618     32
  32657 27356     2003.2524   319     2017.0000     1996.6333  2703272    1.01%        x100_128 N  32657   3768     22
  32698 27393     1998.0806   312     2017.0000     1996.6429  2706736    1.01%         x98_103 D  32698  21679     26
  32745 27436     2003.7769   279     2017.0000     1996.6481  2709998    1.01%        x132_121 U  32745  26812     26
  32782 27468     1996.9750   290     2017.0000     1996.6576  2713460    1.01%        x103_104 D  32782   2791     23
  32814 27496     2013.0714   206     2017.0000     1996.6667  2716314    1.01%        x130_122 U  32814  26866     24
  32873 27547        cutoff           2017.0000     1996.6667  2719235    1.01%        x128_123 D  32873  32871     51
  32932 27593     2010.3333   257     2017.0000     1996.6667  2722445    1.01%         x98_103 U  32932  32930     21
  32994 27641     2000.2772   301     2017.0000     1996.6667  2725311    1.01%         x92_102 D  32994  27646     24
  33045 27675        cutoff           2017.0000     1996.6694  2728552    1.01%         x105_99 D  33045  33043     32
Elapsed time = 2196.04 sec. (2613074.56 ticks, tree = 3400.65 MB, solutions = 1)
Nodefile size = 1353.42 MB (1206.22 MB after compression)
  33080 27707     2011.6333   291     2017.0000     1996.6818  2731999    1.01%        x130_122 N  33080  33078     16
  33119 27741     2003.3000   249     2017.0000     1996.6898  2735043    1.01%        x106_105 N  33119  33117     30
  33157 27774     2008.4953   251     2017.0000     1996.6944  2738770    1.01%        x102_105 U  33157   6898     24
  33200 27813     2006.8333   248     2017.0000     1996.7000  2741971    1.01%         x102_96 U  33200  33198     24
  33264 27861     1999.4444   294     2017.0000     1996.7000  2744978    1.01%         x105_99 U  33264  13119     28
  33301 27886     2015.6667   279     2017.0000     1996.7000  2748666    1.01%        x120_123 D  33301  33300     34
  33334 27902     2008.7083   309     2017.0000     1996.7083  2752126    1.01%        x103_109 U  33334  22008     34
  33366 27932     2009.0000   218     2017.0000     1996.7143  2755832    1.01%        x100_104 U  33366  33364     25
  33424 27977     1997.2500   259     2017.0000     1996.7167  2758848    1.01%         x101_97 D  33424  33423     32
  33464 28011     1996.9545   279     2017.0000     1996.7241  2761990    1.01%         x105_99 U  33464  10401     34
Elapsed time = 2227.24 sec. (2652297.26 ticks, tree = 3458.09 MB, solutions = 1)
Nodefile size = 1410.79 MB (1257.63 MB after compression)
  33504 28043     1996.7321   277     2017.0000     1996.7333  2765579    1.00%         x101_97 D  33504  30709     26
  33544 28077     2010.6890   305     2017.0000     1996.7419  2769210    1.00%        x132_127 U  33544  25635     38
  33587 28112     2001.8000   238     2017.0000     1996.7500  2772556    1.00%        x120_102 U  33587  33585     30
  33626 28141     1999.7500   268     2017.0000     1996.7500  2775594    1.00%         x92_102 D  33626  20089     35
  33685 28177     1998.1176   273     2017.0000     1996.7500  2778416    1.00%        x103_102 D  33685  29264     25
  33731 28216     1999.3182   331     2017.0000     1996.7500  2781249    1.00%        x137_134 U  33731  14340     13
  33773 28246     2011.6667   270     2017.0000     1996.7500  2784572    1.00%         x109_98 D  33773  18516     30
  33818 28279     2005.8056   296     2017.0000     1996.7500  2788007    1.00%         x101_97 U  33818   9506     32
  33862 28304     2014.8214   279     2017.0000     1996.7500  2791175    1.00%        x106_124 U  33862   5692     20
  33920 28346     1997.0000   255     2017.0000     1996.7500  2793721    1.00%         x109_98 U  33920  27595     39
Elapsed time = 2257.80 sec. (2691048.26 ticks, tree = 3515.05 MB, solutions = 1)
Nodefile size = 1467.33 MB (1308.29 MB after compression)
  33957 28377     1999.5303   293     2017.0000     1996.7581  2797311    1.00%        x144_143 N  33957    801      6
  33991 28405     2010.7697   279     2017.0000     1996.7619  2800466    1.00%        x111_102 U  33991  33988     33
  34038 28427        cutoff           2017.0000     1996.7667  2802545    1.00%         x105_99 D  34038  20964     40
  34069 28454     2003.2407   270     2017.0000     1996.7778  2806108    1.00%         x99_103 U  34069   9391     28
  34128 28497     2004.7778   308     2017.0000     1996.7787  2809347    1.00%        x111_102 U  34128  34126     35
  34162 28527        cutoff           2017.0000     1996.7857  2812533    1.00%        x105_100 U  34162  25209     33
  34220 28584     2010.1667   288     2017.0000     1996.7963  2815805    1.00%         x103_96 U  34220  34218     18
  34255 28613     2008.4444   265     2017.0000     1996.8000  2819387    1.00%         x102_96 U  34255  24585     27
  34317 28656     1998.0000   254     2017.0000     1996.8006  2822490    1.00%        x120_102 D  34317  34316     33
  34363 28700     2003.5000   241     2017.0000     1996.8125  2825738    1.00%         x105_99 N  34363  34361     26
Elapsed time = 2290.05 sec. (2730390.95 ticks, tree = 3575.82 MB, solutions = 1)
Nodefile size = 1528.68 MB (1363.08 MB after compression)
  34407 28737     2005.3939   255     2017.0000     1996.8182  2829085    1.00%        x116_102 U  34407  34405     35
  34450 28766     1997.2500   234     2017.0000     1996.8281  2832129    1.00%         x105_99 U  34450  18175     38
  34487 28801     1999.1364   241     2017.0000     1996.8333  2835469    1.00%         x98_103 U  34487  30585     31
  34554 28847     1997.6111   222     2017.0000     1996.8333  2838275    1.00%         x103_96 D  34554  34553     22
  34611 28893     2013.5556   264     2017.0000     1996.8333  2841276    1.00%        x130_122 U  34611  17098     33
  34656 28938     2004.9202   283     2017.0000     1996.8333  2844623    1.00%        x104_128 D  34656  34654     32
  34716 28980     2002.8333   277     2017.0000     1996.8333  2847774    1.00%         x102_96 U  34716  34713     29
  34759 29010     2006.2500   248     2017.0000     1996.8333  2851190    1.00%        x103_104 U  34759  28567     35
  34811 29052     2015.1667   245     2017.0000     1996.8333  2854178    1.00%        x101_102 D  34811  34810     39
  34843 29070     1997.9687   266     2017.0000     1996.8469  2857426    1.00%        x101_104 D  34843  28189     24
Elapsed time = 2320.79 sec. (2768932.35 ticks, tree = 3638.27 MB, solutions = 1)
Nodefile size = 1590.82 MB (1418.85 MB after compression)
  34882 29105     1998.2525   260     2017.0000     1996.8571  2860700    1.00%         x98_103 D  34882  11902     28
  34912 29130     2006.8667   259     2017.0000     1996.8629  2864242    1.00%        x132_127 U  34912  27023     25
  34953 29159     2002.7000   264     2017.0000     1996.8718  2867639    1.00%         x92_109 U  34953  18499     37
  34986 29190     2004.8750   253     2017.0000     1996.8750  2871025    1.00%        x102_105 U  34986  34984     24
  35027 29221        cutoff           2017.0000     1996.8764  2874239    1.00%        x104_117 U  35027   3225     45
  35030 29224     2011.5000   333     2017.0000     1996.8770  2879564    1.00%          x97_95 N  35030  33925     13
  35062 29246     2009.0000   241     2017.0000     1996.8840  2883211    1.00%        x101_123 U  35062  33041     30
  35105 29286     1999.0000   280     2017.0000     1996.8929  2886229    1.00%         x105_99 U  35105  13425     34
  35144 29311     1998.5658   306     2017.0000     1996.9000  2889404    1.00%          x97_95 D  35144  35143     26
  35193 29345     2009.0000   288     2017.0000     1996.9000  2892390    1.00%        x113_123 U  35193  33039     28
Elapsed time = 2352.75 sec. (2808627.34 ticks, tree = 3687.97 MB, solutions = 1)
Nodefile size = 1640.54 MB (1463.38 MB after compression)
  35220 29363     1999.0370   272     2017.0000     1996.9075  2894985    1.00%        x130_120 D  35220  12345     27
  35257 29396     1997.0000   240     2017.0000     1996.9167  2898460    1.00%         x103_97 D  35257  15134     24
  35300 29435     2008.7515   323     2017.0000     1996.9221  2901936    1.00%        x141_129 N  35300  25398     31
  35326 29452     1998.5000   245     2017.0000     1996.9286  2905550    1.00%          x96_98 D  35326   3340     12
  35362 29480     1997.1641   325     2017.0000     1996.9338  2908950    0.99%        x132_127 D  35362  35360     32
  35391 29500     2011.6623   303     2017.0000     1996.9404  2912396    0.99%        x141_129 D  35391  25661     34
  35425 29527     2015.5141   300     2017.0000     1996.9476  2916173    0.99%        x122_123 U  35425  30796     35
  35455 29553     2005.2857   300     2017.0000     1996.9507  2919835    0.99%        x104_102 U  35455   9323     27
  35492 29587     2007.7500   267     2017.0000     1996.9583  2923055    0.99%        x132_121 U  35492  35055     28
  35528 29617     1997.1561   314     2017.0000     1996.9643  2926224    0.99%        x106_105 U  35528  35527     30
Elapsed time = 2383.42 sec. (2847956.71 ticks, tree = 3736.44 MB, solutions = 1)
Nodefile size = 1688.55 MB (1506.49 MB after compression)
  35570 29647     1997.9936   277     2017.0000     1996.9719  2929402    0.99%        x141_129 N  35570   8834     25
  35600 29675     1997.0000   290     2017.0000     1996.9813  2932860    0.99%         x101_97 D  35600  35599     26
  35636 29704     2007.8509   297     2017.0000     1996.9900  2936223    0.99%        x132_121 U  35636  35634     27
  35668 29728     1997.6765   229     2017.0000     1997.0000  2939740    0.99%          x96_98 D  35668  29028     21
  35710 29758     2000.3696   287     2017.0000     1997.0000  2943021    0.99%         x105_97 D  35710  35709     25
  35770 29800     2000.2400   270     2017.0000     1997.0000  2945878    0.99%        x106_105 U  35770   3435     23
  35826 29846     1997.7833   270     2017.0000     1997.0000  2949043    0.99%         x98_103 D  35826  35825     27
  35869 29880     2000.3571   256     2017.0000     1997.0000  2952075    0.99%         x92_102 U  35869   3429     36
  35918 29920     2014.0000   221     2017.0000     1997.0000  2954937    0.99%          x12_23 D  35918  35917     43
  35989 29969     2005.3636   287     2017.0000     1997.0000  2957670    0.99%        x132_121 U  35989  24485     19
Elapsed time = 2415.93 sec. (2887239.20 ticks, tree = 3798.87 MB, solutions = 1)
Nodefile size = 1751.53 MB (1562.74 MB after compression)
  36023 29999     1998.0000   247     2017.0000     1997.0000  2960237    0.99%         x109_98 U  36023   2218     35
  36089 30058     2014.9000   257     2017.0000     1997.0000  2962785    0.99%         x89_109 D  36089  36087     69
  36135 30086     2007.5714   283     2017.0000     1997.0000  2965866    0.99%        x102_106 N  36135  28167     39
  36186 30130     2013.0000   243     2017.0000     1997.0000  2968886    0.99%        x116_139 U  36186  36184     62
  36240 30155     2004.6111   278     2017.0000     1997.0000  2971599    0.99%         x103_97 N  36240  30955     31
  36283 30188     2004.5000   239     2017.0000     1997.0000  2974175    0.99%        x111_102 U  36283  34204     32
  36327 30220     2013.7024   309     2017.0000     1997.0000  2977327    0.99%        x120_102 U  36327  36325     38
  36373 30252     2001.7143   281     2017.0000     1997.0000  2980287    0.99%        x103_109 U  36373  21672     28
  36407 30279     2011.3333   251     2017.0000     1997.0000  2983545    0.99%        x142_136 U  36407  34438     30
  36447 30302     2011.8457   318     2017.0000     1997.0000  2986922    0.99%         x105_99 D  36447  20411     32
Elapsed time = 2447.46 sec. (2926242.34 ticks, tree = 3857.77 MB, solutions = 1)
Nodefile size = 1809.92 MB (1614.83 MB after compression)
  36490 30333     1997.1667   248     2017.0000     1997.0000  2990167    0.99%        x141_129 U  36490  17026     20
  36530 30350        cutoff           2017.0000     1997.0000  2993542    0.99%        x141_129 D  36530  16978     30
  36565 30373     2005.5000   224     2017.0000     1997.0000  2996762    0.99%         x109_98 N  36565  36563     18
  36594 30396     2012.1464   327     2017.0000     1997.0102  3000204    0.99%        x120_123 U  36594  32054     29
  36639 30430        cutoff           2017.0000     1997.0205  3003299    0.99%         x101_97 U  36639  28114     31
  36673 30455     1997.1429   272     2017.0000     1997.0278  3006503    0.99%         x109_98 U  36673  36672     33
  36720 30493     2014.9000   258     2017.0000     1997.0395  3009623    0.99%        x130_122 U  36720  28432     32
  36763 30528     2002.5313   298     2017.0000     1997.0469  3012676    0.99%         x105_97 D  36763  36761     27
  36796 30553     2014.3750   254     2017.0000     1997.0556  3016186    0.99%        x106_127 U  36796  23916     32
  36839 30592     1998.0417   277     2017.0000     1997.0625  3018919    0.99%        x107_100 D  36839   8931     23
Elapsed time = 2479.22 sec. (2965257.14 ticks, tree = 3910.08 MB, solutions = 1)
Nodefile size = 1862.93 MB (1662.30 MB after compression)
  36870 30615     1999.0152   290     2017.0000     1997.0667  3022307    0.99%         x98_103 D  36870  33456     27
  36897 30638     2009.1389   261     2017.0000     1997.0714  3025520    0.99%         x103_96 U  36897  18862     28
  36951 30666        cutoff           2017.0000     1997.0714  3028466    0.99%        x140_139 U  36951  36949     53
  36980 30686     2012.7247   240     2017.0000     1997.0795  3032000    0.99%         x101_97 U  36980  27449     42
  37018 30713        cutoff           2017.0000     1997.0833  3034987    0.99%         x109_98 D  37018  23691     30
  37080 30749     2003.8636   282     2017.0000     1997.0862  3037489    0.99%         x105_99 D  37080  26151     32
  37125 30774     2009.1429   243     2017.0000     1997.0924  3040648    0.99%         x103_96 U  37125  32286     27
  37161 30806     2002.6875   253     2017.0000     1997.1000  3044034    0.99%         x92_102 U  37161  29921     38
  37202 30841     2004.5274   252     2017.0000     1997.1000  3047069    0.99%        x132_121 U  37202  24572     33
  37262 30883     1997.3235   283     2017.0000     1997.1000  3049259    0.99%         x103_96 D  37262  37261     30
Elapsed time = 2509.15 sec. (3004103.91 ticks, tree = 3961.07 MB, solutions = 1)
Nodefile size = 1913.43 MB (1707.55 MB after compression)
  37295 30912     1998.8667   243     2017.0000     1997.1111  3052541    0.99%        x141_129 U  37295   1732     45
  37330 30941     1997.1250   261     2017.0000     1997.1211  3056055    0.99%        x138_136 D  37330  34828     27
  37365 30968     2001.3684   286     2017.0000     1997.1250  3059371    0.99%        x111_102 N  37365  30489     33
  37395 30988        cutoff           2017.0000     1997.1333  3061828    0.98%         x100_95 U  37395  21832     20
  37436 31025     1997.2143   294     2017.0000     1997.1400  3065176    0.98%        x106_124 D  37436   9997     24
  37475 31053     2001.5172   282     2017.0000     1997.1458  3068461    0.98%         x103_96 U  37475  13915     28
  37527 31096     2015.7222   261     2017.0000     1997.1523  3071767    0.98%        x105_100 U  37527   7151     23
  37556 31119     2008.9696   307     2017.0000     1997.1627  3075643    0.98%        x130_143 U  37556  32060     35
  37593 31154     1998.3889   256     2017.0000     1997.1667  3079226    0.98%        x100_104 N  37593  34362     27
  37642 31195     1997.9571   305     2017.0000     1997.1667  3082100    0.98%        x102_105 D  37642   6409     24
Elapsed time = 2540.75 sec. (3043118.64 ticks, tree = 4006.82 MB, solutions = 1)
Nodefile size = 1959.27 MB (1748.60 MB after compression)
  37706 31237     1997.9545   280     2017.0000     1997.1667  3084606    0.98%        x111_102 N  37706  31832     24
  37740 31259        cutoff           2017.0000     1997.1667  3087273    0.98%         x101_97 U  37740  37738     15
  37776 31283        cutoff           2017.0000     1997.1667  3090016    0.98%          x97_95 D  37776  37774     20
  37787 31292     2001.6667   302     2017.0000     1997.1667  3099015    0.98%         x103_96 U  37787  37785     21
  37835 31326     1999.8636   290     2017.0000     1997.1667  3101573    0.98%          x20_17 U  37835  14242     39
  37877 31356     2004.6667   278     2017.0000     1997.1667  3104451    0.98%         x92_109 U  37877  37875     43
  37908 31382     2010.6316   281     2017.0000     1997.1731  3107738    0.98%        x141_129 D  37908  35615     21
  37939 31407     2000.5909   273     2017.0000     1997.1863  3111014    0.98%          x20_19 U  37939   4305     32
  37984 31439     2010.7000   270     2017.0000     1997.1921  3113814    0.98%        x104_103 U  37984  31021     34
  38004 31453     2005.9722   296     2017.0000     1997.1957  3116351    0.98%         x95_109 U  38004  32009     36
Elapsed time = 2574.70 sec. (3088490.34 ticks, tree = 4053.16 MB, solutions = 1)
Nodefile size = 2006.23 MB (1790.65 MB after compression)
  38043 31483     2007.0000   252     2017.0000     1997.2000  3119629    0.98%        x111_102 U  38043  36205     42
  38090 31509     2002.3750   306     2017.0000     1997.2005  3122531    0.98%        x138_136 D  38090  16355     41
  38129 31539     1997.2708   242     2017.0000     1997.2111  3125835    0.98%          x18_12 D  38129  32913     35
  38170 31575     1998.2059   255     2017.0000     1997.2143  3129093    0.98%         x98_103 D  38170  38169     24
  38228 31614     2015.3877   334     2017.0000     1997.2187  3132196    0.98%        x106_125 U  38228  37899     22
  38277 31661     2006.6404   303     2017.0000     1997.2240  3135177    0.98%         x101_97 U  38277  34396     29
  38316 31694     1998.1190   320     2017.0000     1997.2322  3138310    0.98%         x103_96 D  38316  25656     36
  38354 31724     2009.3500   245     2017.0000     1997.2429  3141438    0.98%        x113_123 N  38354  37496     24
  38383 31749     2002.0794   319     2017.0000     1997.2500  3144991    0.98%        x120_102 U  38383  35130     39
  38431 31782     2014.0000   272     2017.0000     1997.2500  3147559    0.98%        x110_113 D  38431  38429     28
Elapsed time = 2606.26 sec. (3127390.65 ticks, tree = 4111.23 MB, solutions = 1)
Nodefile size = 2064.18 MB (1842.67 MB after compression)
  38483 31813     2009.5000   249     2017.0000     1997.2500  3150517    0.98%         x105_99 D  38483  28037     20
  38532 31847     1997.2500   228     2017.0000     1997.2500  3153688    0.98%         x105_99 U  38532  23673     37
  38579 31874     2007.1000   285     2017.0000     1997.2500  3156503    0.98%         x103_96 N  38579  27329     25
  38625 31905     2009.3750   278     2017.0000     1997.2500  3159134    0.98%        x100_104 U  38625  33323     28
  38680 31947     2014.3833   261     2017.0000     1997.2500  3161780    0.98%        x104_116 D  38680  38679     51
  38723 31978        cutoff           2017.0000     1997.2500  3164989    0.98%        x102_106 D  38723  38721     28
  38762 32005     2000.8000   313     2017.0000     1997.2500  3168181    0.98%        x137_145 N  38762  23164     27
  38806 32039     2008.4000   274     2017.0000     1997.2594  3170857    0.98%        x100_104 U  38806  32671     42
  38838 32065     1998.1250   311     2017.0000     1997.2652  3174291    0.98%         x105_99 N  38838  33342      9
  38880 32103     2005.3205   276     2017.0000     1997.2714  3177611    0.98%         x101_97 U  38880  14294     27
Elapsed time = 2636.56 sec. (3165912.54 ticks, tree = 4168.30 MB, solutions = 1)
Nodefile size = 2120.67 MB (1893.26 MB after compression)
  38928 32147     2009.6667   279     2017.0000     1997.2778  3180657    0.98%        x104_113 U  38928  37873     41
  38956 32167     2004.5333   236     2017.0000     1997.2833  3184576    0.98%          x97_95 U  38956  28900     10
  38984 32187     2007.6389   280     2017.0000     1997.2917  3187816    0.98%        x130_143 U  38984  36860     29
  39023 32214     1999.3750   284     2017.0000     1997.3000  3190814    0.98%        x102_105 D  39023   8331     28
  39070 32239     2006.0476   284     2017.0000     1997.3000  3193565    0.98%        x120_102 U  39070  39068     36
  39102 32264     2002.3789   305     2017.0000     1997.3036  3196875    0.98%        x103_104 U  39102  30780     30
  39150 32307     2001.0915   244     2017.0000     1997.3115  3200059    0.98%         x103_97 U  39150  23392     20
  39187 32338     1997.8750   290     2017.0000     1997.3148  3203125    0.98%        x104_127 D  39187  34846     30
  39225 32367     1997.4985   318     2017.0000     1997.3214  3206619    0.98%         x101_97 D  39225  30867     23
  39264 32401     2009.9247   286     2017.0000     1997.3333  3209799    0.98%        x127_123 N  39264  37439     29
Elapsed time = 2667.15 sec. (3204738.14 ticks, tree = 4221.49 MB, solutions = 1)
Nodefile size = 2174.11 MB (1941.11 MB after compression)
  39315 32442     1997.8000   231     2017.0000     1997.3333  3212976    0.98%        x132_121 D  39315  39314     26
  39360 32472     2004.9000   304     2017.0000     1997.3333  3216042    0.98%        x132_143 U  39360  33938     29
  39410 32510     1999.1731   290     2017.0000     1997.3333  3218882    0.98%         x102_96 U  39410  39408     27
  39456 32544     1998.9000   279     2017.0000     1997.3333  3222111    0.98%        x104_109 U  39456  28727     13
  39470 32552     2008.2857   297     2017.0000     1997.3357  3225843    0.97%        x130_120 U  39470  36704     11
  39505 32581     1997.3679   309     2017.0000     1997.3398  3229248    0.97%        x101_123 D  39505  35459     30
  39542 32612     1997.8077   305     2017.0000     1997.3485  3232635    0.97%         x101_97 D  39542  39541     25
  39579 32640     1997.3553   315     2017.0000     1997.3571  3235889    0.97%        x105_100 D  39579  30886     20
  39624 32673     2014.5321   256     2017.0000     1997.3571  3238365    0.97%         x96_109 U  39624  39622     29
  39666 32697        cutoff           2017.0000     1997.3611  3241534    0.97%        x105_100 U  39666   5251     16
Elapsed time = 2697.19 sec. (3243294.81 ticks, tree = 4274.34 MB, solutions = 1)
Nodefile size = 2227.16 MB (1988.65 MB after compression)
  39706 32721     2009.7667   281     2017.0000     1997.3667  3244900    0.97%         x101_97 U  39706  16790     30
  39744 32745     2006.7500   260     2017.0000     1997.3714  3248085    0.97%         x105_99 D  39744  25816     20
  39784 32777     2010.5000   237     2017.0000     1997.3750  3251460    0.97%        x104_108 N  39784  33333     24
  39820 32804     2004.0000   275     2017.0000     1997.3769  3254678    0.97%         x101_97 U  39820   1595     25
  39859 32837     2010.4167   267     2017.0000     1997.3889  3257748    0.97%        x100_104 U  39859  32721     27
  39892 32868     2005.6778   300     2017.0000     1997.3929  3261156    0.97%         x101_97 U  39892  30867     23
  39940 32906     2007.6000   258     2017.0000     1997.4000  3264236    0.97%        x120_102 U  39940  35370     28
  39977 32926     2000.8125   288     2017.0000     1997.4000  3267749    0.97%        x104_109 D  39977  26411     32
  40012 32947     2008.2500   266     2017.0000     1997.4080  3270467    0.97%        x101_104 U  40012  40010     40
  40045 32973     2002.3571   311     2017.0000     1997.4167  3273901    0.97%         x103_97 U  40045  38008     20
Elapsed time = 2728.22 sec. (3282408.87 ticks, tree = 4324.87 MB, solutions = 1)
Nodefile size = 2277.11 MB (2033.50 MB after compression)
  40096 33010     2015.6667   233     2017.0000     1997.4167  3276743    0.97%         x92_102 D  40096  40093     42
  40136 33030        cutoff           2017.0000     1997.4193  3279988    0.97%         x109_98 D  40136  40134     28
  40164 33050     1998.1875   289     2017.0000     1997.4286  3283497    0.97%        x105_109 D  40164   9245     35
  40198 33080     2008.4444   256     2017.0000     1997.4318  3286578    0.97%        x101_103 N  40198  40196     32
  40237 33107     1997.5000   304     2017.0000     1997.4391  3289896    0.97%        x105_116 D  40237  40236     33
  40266 33128        cutoff           2017.0000     1997.4453  3293418    0.97%         x100_95 U  40266  36734     24
  40306 33155     2007.6122   278     2017.0000     1997.4536  3296424    0.97%         x98_102 U  40306  40304     32
  40338 33181    infeasible           2017.0000     1997.4606  3299604    0.97%         x103_97 U  40338  24418     50
  40378 33213     2003.9474   290     2017.0000     1997.4667  3302917    0.97%        x104_109 N  40378   6863     22
  40410 33236     2000.8470   311     2017.0000     1997.4710  3306216    0.97%        x103_104 D  40410  19922     36
Elapsed time = 2758.28 sec. (3321109.06 ticks, tree = 4372.99 MB, solutions = 1)
Nodefile size = 2325.74 MB (2077.20 MB after compression)
  40445 33260     2005.3333   246     2017.0000     1997.4800  3309422    0.97%        x132_121 N  40445  21791     42
  40474 33283     2008.0208   271     2017.0000     1997.4868  3313039    0.97%        x132_127 U  40474  40038     18
  40508 33305     1998.1233   289     2017.0000     1997.5000  3316294    0.97%        x107_100 N  40508  34478     18
  40560 33343     1997.8333   225     2017.0000     1997.5000  3319002    0.97%        x107_100 D  40560  34472     17
  40601 33378     2003.8750   285     2017.0000     1997.5000  3322237    0.97%         x103_96 U  40601  26015     29
  40642 33409     1998.3000   236     2017.0000     1997.5000  3325537    0.97%        x100_104 D  40642  34964     33
  40680 33439     1998.2500   258     2017.0000     1997.5000  3328745    0.97%         x99_103 D  40680   7104     30
  40724 33475     1999.3889   275     2017.0000     1997.5000  3331719    0.97%        x105_109 N  40724  40723     30
  40778 33508        cutoff           2017.0000     1997.5000  3334299    0.97%         x105_99 D  40778  40776     39
  40820 33546        cutoff           2017.0000     1997.5000  3337230    0.97%        x101_104 D  40820  40819     41
Elapsed time = 2789.66 sec. (3360108.77 ticks, tree = 4429.91 MB, solutions = 1)
Nodefile size = 2382.32 MB (2127.72 MB after compression)
  40858 33574     2001.1852   247     2017.0000     1997.5000  3340457    0.97%         x105_99 U  40858  40857     27
  40910 33607        cutoff           2017.0000     1997.5000  3342848    0.97%        x122_133 U  40910  40907     55
  40955 33648     2005.2000   287     2017.0000     1997.5000  3345732    0.97%         x105_97 N  40955  40953     26
  41006 33684     2000.1047   269     2017.0000     1997.5000  3348208    0.97%         x92_102 D  41006  41004     22
  41042 33711     1999.7000   229     2017.0000     1997.5000  3351440    0.97%         x92_102 U  41042  27197     28
  41080 33737     2006.3750   302     2017.0000     1997.5000  3358305    0.97%         x105_99 D  41080  23474     27
  41121 33768     2001.5000   248     2017.0000     1997.5000  3361334    0.97%        x132_127 U  41121  41117     22
  41151 33792        cutoff           2017.0000     1997.5000  3364823    0.97%         x105_99 U  41151  41150     22
  41175 33805     1997.8696   254     2017.0000     1997.5000  3370489    0.97%        x105_100 D  41175   4251     30
  41202 33830     2001.5625   283     2017.0000     1997.5000  3373225    0.97%        x106_127 D  41202  41201     25
Elapsed time = 2822.77 sec. (3405031.41 ticks, tree = 4482.12 MB, solutions = 1)
Nodefile size = 2434.33 MB (2174.22 MB after compression)
  41252 33860        cutoff           2017.0000     1997.5000  3375886    0.97%        x106_125 U  41252  41074     32
  41296 33882        cutoff           2017.0000     1997.5000  3378364    0.97%         x105_99 D  41296  41294     36
  41338 33908     2003.1667   269     2017.0000     1997.5000  3381492    0.97%         x105_99 D  41338  26832     27
  41396 33950     1998.3750   292     2017.0000     1997.5000  3384324    0.97%         x109_98 U  41396  23212     24
  41445 33980     2002.6447   302     2017.0000     1997.5000  3387256    0.97%         x103_96 U  41445  18163     25
  41478 34007     1998.4615   295     2017.0000     1997.5000  3390468    0.97%          x97_95 D  41478  41477     28
  41525 34033     2003.3095   295     2017.0000     1997.5000  3393479    0.97%        x126_130 U  41525  28776     18
  41572 34058     1999.1471   283     2017.0000     1997.5000  3396369    0.97%        x120_102 U  41572  34607     29
  41610 34080     2010.4643   296     2017.0000     1997.5000  3398960    0.97%          x97_95 U  41610  31851     30
  41645 34103     2006.5000   212     2017.0000     1997.5000  3402196    0.97%        x106_105 U  41645  41644     21
Elapsed time = 2853.22 sec. (3443528.41 ticks, tree = 4533.07 MB, solutions = 1)
Nodefile size = 2485.55 MB (2220.22 MB after compression)
  41680 34124     2004.5000   232     2017.0000     1997.5000  3405300    0.97%        x111_102 U  41680  37832     34
  41714 34150     2000.8125   274     2017.0000     1997.5000  3408477    0.97%        x102_105 D  41714  13612     16
  41754 34172     2015.8081   248     2017.0000     1997.5068  3411035    0.97%        x103_104 U  41754  41752     33
  41785 34200     2009.6429   249     2017.0000     1997.5175  3414259    0.97%        x138_136 U  41785  34828     27
  41813 34223     2012.5000   262     2017.0000     1997.5211  3417743    0.97%        x100_104 U  41813  32956     43
  41852 34253     2007.1146   300     2017.0000     1997.5275  3420886    0.97%        x130_143 U  41852  41850     36
  41884 34279     2012.7222   245     2017.0000     1997.5333  3423859    0.97%        x101_104 N  41884  34910     31
  41921 34311     2011.0091   298     2017.0000     1997.5394  3426987    0.96%         x103_96 U  41921  41919     23
  41951 34333     1999.8846   266     2017.0000     1997.5500  3430255    0.96%        x102_105 U  41951  35774     29
  42000 34376     2000.6958   286     2017.0000     1997.5529  3432923    0.96%         x105_97 U  42000  41999     13
Elapsed time = 2883.61 sec. (3482438.96 ticks, tree = 4583.64 MB, solutions = 1)
Nodefile size = 2535.80 MB (2265.31 MB after compression)
  42037 34401     2010.2332   296     2017.0000     1997.5581  3435877    0.96%         x105_99 D  42037  15239     25
  42070 34430     2011.8529   263     2017.0000     1997.5663  3439146    0.96%        x118_123 U  42070  42065     36
  42112 34462     1997.6429   273     2017.0000     1997.5714  3441782    0.96%         x101_97 D  42112  34095     40
  42154 34491     1997.9062   273     2017.0000     1997.5741  3444542    0.96%          x20_19 N  42154  17388     41
  42188 34518     2000.3000   255     2017.0000     1997.5833  3447654    0.96%         x98_103 D  42188  18651     33
  42223 34542     2014.4444   251     2017.0000     1997.5833  3451002    0.96%        x143_141 N  42223  33549     17
  42257 34571     2008.5793   286     2017.0000     1997.5909  3454295    0.96%         x103_97 U  42257  42254     22
  42290 34591     1997.6818   297     2017.0000     1997.5965  3457368    0.96%          x99_95 D  42290  38344     30
  42335 34628     1999.5417   287     2017.0000     1997.6000  3460438    0.96%         x97_109 D  42335  38086     40
  42374 34659     2012.2500   279     2017.0000     1997.6000  3462856    0.96%        x130_122 N  42374  31778     22
Elapsed time = 2915.29 sec. (3521549.64 ticks, tree = 4636.87 MB, solutions = 1)
Nodefile size = 2589.96 MB (2313.95 MB after compression)
  42406 34681     2009.3958   284     2017.0000     1997.6099  3465790    0.96%        x130_122 U  42406  32554     14
  42456 34714        cutoff           2017.0000     1997.6111  3468282    0.96%        x130_122 U  42456  12825     28
  42485 34741     1997.6429   297     2017.0000     1997.6178  3471274    0.96%        x105_109 D  42485  36391     24
  42521 34773        cutoff           2017.0000     1997.6233  3474324    0.96%         x101_95 U  42521  17706     39
  42564 34809     2011.0294   271     2017.0000     1997.6250  3477297    0.96%        x104_113 U  42564  28891     33
  42601 34842     2006.0250   298     2017.0000     1997.6250  3480662    0.96%        x120_102 U  42601  42598     43
  42659 34882     1999.1404   287     2017.0000     1997.6286  3483183    0.96%        x103_104 D  42659  42658     34
  42691 34912     2011.4286   345     2017.0000     1997.6349  3487726    0.96%        x132_127 N  42691  35484     25
  42723 34940     2009.9730   311     2017.0000     1997.6400  3491296    0.96%          x97_95 U  42723  32283     17
  42762 34973     2014.2500   257     2017.0000     1997.6429  3494098    0.96%        x120_102 D  42762  42761     28
Elapsed time = 2946.93 sec. (3561546.64 ticks, tree = 4693.68 MB, solutions = 1)
Nodefile size = 2645.87 MB (2364.35 MB after compression)
  42805 35004     1998.1571   263     2017.0000     1997.6500  3496642    0.96%         x98_103 U  42805  42804     34
  42855 35038     1997.8333   297     2017.0000     1997.6500  3499055    0.96%        x130_122 D  42855  15595     13
  42896 35066     2009.8636   279     2017.0000     1997.6571  3502269    0.96%         x101_97 U  42896  27990     27
  42935 35095     2008.1500   255     2017.0000     1997.6667  3505365    0.96%          x97_95 U  42935  35242     22
  42976 35128     2007.6250   292     2017.0000     1997.6667  3508388    0.96%        x112_102 N  42976  40264     32
  43031 35169     2005.5556   262     2017.0000     1997.6667  3510882    0.96%         x102_96 U  43031  32901     29
  43077 35201     1999.0000   249     2017.0000     1997.6667  3513691    0.96%          x20_19 D  43077  22981     26
  43116 35226        cutoff           2017.0000     1997.6667  3516639    0.96%        x106_105 D  43116  43114     48
  43168 35268     2005.5222   291     2017.0000     1997.6667  3519464    0.96%         x103_96 U  43168  18011     29
  43227 35318        cutoff           2017.0000     1997.6667  3522265    0.96%         x99_121 D  43227  43225     70
Elapsed time = 2979.43 sec. (3600532.56 ticks, tree = 4757.54 MB, solutions = 1)
Nodefile size = 2709.54 MB (2421.30 MB after compression)
  43275 35350     2010.3333   233     2017.0000     1997.6667  3525012    0.96%         x101_97 U  43275  43273     33
  43304 35370     2015.5879   303     2017.0000     1997.6765  3528384    0.96%         x105_99 U  43304  35648     29
  43339 35399     1999.0893   297     2017.0000     1997.6833  3531305    0.96%        x103_102 N  43339  34455     45
  43381 35431     1998.4363   260     2017.0000     1997.6944  3534285    0.96%        x132_127 D  43381  31224     32
  43422 35462        cutoff           2017.0000     1997.7000  3537460    0.96%        x102_123 U  43422  35047     28
  43456 35491        cutoff           2017.0000     1997.7000  3540721    0.96%        x130_122 U  43456  43454     44
  43495 35515        cutoff           2017.0000     1997.7000  3543225    0.96%        x105_109 U  43495  17322     16
  43537 35533     1998.8493   281     2017.0000     1997.7037  3546305    0.96%        x100_121 U  43537  43535     24
  43576 35566     1997.8416   317     2017.0000     1997.7071  3549414    0.96%        x100_104 D  43576  43575     36
  43613 35599     2010.9062   266     2017.0000     1997.7125  3551731    0.96%        x127_123 N  43613  43609     34
Elapsed time = 3010.71 sec. (3639532.22 ticks, tree = 4805.19 MB, solutions = 1)
Nodefile size = 2758.20 MB (2464.87 MB after compression)
  43653 35634     2004.0455   300     2017.0000     1997.7170  3554819    0.96%        x132_121 U  43653  34775     27
  43696 35669     2010.9615   259     2017.0000     1997.7222  3558093    0.96%         x101_97 U  43696  32195     27
  43739 35704     2011.3273   296     2017.0000     1997.7273  3561044    0.96%        x134_132 N  43739   5035     21
  43767 35730     1997.7308   284     2017.0000     1997.7308  3564163    0.96%        x120_123 D  43767  28890     39
  43800 35761     2005.5833   269     2017.0000     1997.7362  3567831    0.96%        x113_102 U  43800  43798     43
  43831 35788     2013.7579   299     2017.0000     1997.7460  3571379    0.95%        x132_122 U  43831  37965     35
  43864 35814     2007.5000   231     2017.0000     1997.7500  3574569    0.95%        x103_104 D  43864  18066     38
  43923 35852     2005.8333   251     2017.0000     1997.7500  3577034    0.95%        x101_109 U  43923  36019     41
  43944 35869     2004.5000   239     2017.0000     1997.7500  3587983    0.95%         x102_96 U  43944  43942     21
  43992 35897        cutoff           2017.0000     1997.7500  3590532    0.95%        x102_106 U  43992  43990     34
Elapsed time = 3046.12 sec. (3687185.97 ticks, tree = 4852.35 MB, solutions = 1)
Nodefile size = 2805.08 MB (2506.96 MB after compression)
  44030 35911     2010.8929   280     2017.0000     1997.7500  3593355    0.95%         x105_99 D  44030   6075     24
  44073 35943        cutoff           2017.0000     1997.7500  3596272    0.95%        x106_105 D  44073  44071     41
  44112 35973     2014.8333   262     2017.0000     1997.7500  3599445    0.95%        x130_122 U  44112  38856     20
  44150 35993     1998.0714   297     2017.0000     1997.7500  3602332    0.95%         x103_96 D  44150  44149     20
  44203 36032     2011.4000   234     2017.0000     1997.7500  3605025    0.95%        x109_100 N  44203  44200     47
  44256 36070     2005.6905   318     2017.0000     1997.7551  3607506    0.95%        x103_104 U  44256  44254     22
  44291 36093     2008.7826   324     2017.0000     1997.7619  3610444    0.95%        x101_123 U  44291  44289     29
  44326 36120     2014.7814   292     2017.0000     1997.7667  3613779    0.95%        x130_122 U  44326  34473     30
  44371 36156     2000.6667   224     2017.0000     1997.7727  3616390    0.95%          x10_20 U  44371  44369     16
  44507 36263     2012.2500   214     2017.0000     1997.7978  3629048    0.95%        x118_123 U  44507  44505     40
Elapsed time = 3086.56 sec. (3737607.22 ticks, tree = 4921.48 MB, solutions = 1)
Nodefile size = 2874.22 MB (2569.20 MB after compression)
  44699 36425        cutoff           2017.0000     1997.8143  3640228    0.95%         x101_95 U  44699  29398     38
  44853 36528     1997.8667   242     2017.0000     1997.8333  3651400    0.95%         x103_97 D  44853  34229     29
  45040 36669     2000.4500   275     2017.0000     1997.8333  3662219    0.95%        x103_104 D  45040  45039     30
  45190 36779     2010.9444   259     2017.0000     1997.8509  3674123    0.95%        x104_113 U  45190  15128     40
  45336 36887        cutoff           2017.0000     1997.8636  3684630    0.95%         x105_99 D  45336  45334     33
  45479 36995     2011.7500   278     2017.0000     1997.8750  3697052    0.95%        x132_121 U  45479  37128     40
  45640 37120     2010.7569   291     2017.0000     1997.8889  3709198    0.95%        x130_143 U  45640  45629     45
  45786 37227     2008.5000   250     2017.0000     1997.9000  3720909    0.95%        x120_103 D  45786  45785     48
  45941 37345     2014.7500   262     2017.0000     1997.9167  3732811    0.95%         x101_97 U  45941  27312     22
  46089 37457     2012.1208   308     2017.0000     1997.9286  3744411    0.95%        x141_129 N  46089  33102     15
Elapsed time = 3207.61 sec. (3891319.31 ticks, tree = 5144.40 MB, solutions = 1)
Nodefile size = 3097.12 MB (2769.63 MB after compression)
  46246 37574     2009.1406   281     2017.0000     1997.9474  3754923    0.94%        x104_108 U  46246  21025     36
  46404 37693     2004.8333   280     2017.0000     1997.9659  3766562    0.94%        x132_121 U  46404  39645     19
  46548 37807     2007.0000   265     2017.0000     1997.9848  3779006    0.94%        x113_123 N  46548  45865     27
  46695 37908        cutoff           2017.0000     1998.0000  3790895    0.94%        x111_102 U  46695  46693     44
  46906 38067     2001.5000   228     2017.0000     1998.0000  3800195    0.94%         x98_103 U  46906  20310     32
  47078 38195     2013.3333   285     2017.0000     1998.0000  3811385    0.94%         x103_96 U  47078  47076     29
  47250 38324     2001.0000   243     2017.0000     1998.0000  3820582    0.94%         x99_103 U  47250   5176     29
  47434 38448     2001.7000   252     2017.0000     1998.0000  3831437    0.94%         x105_99 D  47434  38808     15
  47612 38565     2015.0865   286     2017.0000     1998.0000  3842619    0.94%        x100_104 N  47612  32407     25
  47791 38686     1999.0000   233     2017.0000     1998.0000  3852962    0.94%         x103_96 D  47791  20841     17
Elapsed time = 3330.24 sec. (4044817.07 ticks, tree = 5378.58 MB, solutions = 1)
Nodefile size = 3331.19 MB (2979.49 MB after compression)
  47968 38790     2014.1230   286     2017.0000     1998.0000  3864139    0.94%        x103_102 N  47968  47966     50
  48110 38895     2006.2387   313     2017.0000     1998.0152  3875386    0.94%        x103_104 U  48110  48108     24
  48259 39004     2007.7031   290     2017.0000     1998.0357  3887053    0.94%         x103_96 N  48259  48257     22
  48397 39096     2001.3462   289     2017.0000     1998.0556  3898597    0.94%         x92_102 D  48397  48395     20
  48585 39237     2000.1060   322     2017.0000     1998.0667  3908413    0.94%          x96_98 N  48585  35435     20
  48706 39327     2010.1529   292     2017.0000     1998.0814  3921386    0.94%        x101_104 N  48706  35089     33
  48865 39434     1999.1710   302     2017.0000     1998.0952  3932304    0.94%        x105_100 D  48865   9022     33
  48980 39529     1998.1222   262     2017.0000     1998.1020  3944723    0.94%        x113_123 D  48980  44068     30
  49115 39639     2010.1429   268     2017.0000     1998.1184  3957606    0.94%          x89_98 U  49115  45134     27
  49272 39755     2009.5000   275     2017.0000     1998.1250  3968092    0.94%        x120_102 D  49272  49271     53
Elapsed time = 3451.11 sec. (4198942.99 ticks, tree = 5584.49 MB, solutions = 1)
Nodefile size = 3536.81 MB (3164.76 MB after compression)
  49420 39875     2008.3409   266     2017.0000     1998.1429  3979921    0.93%        x100_104 U  49420  39850     25
  49564 39973     1999.5627   297     2017.0000     1998.1582  3991269    0.93%        x107_100 U  49564   5864     34
  49730 40087     2002.3750   285     2017.0000     1998.1667  4002359    0.93%         x96_109 U  49730  49728     28
  49894 40196     2002.6818   293     2017.0000     1998.1667  4013086    0.93%        x140_139 U  49894   8038     30
  50040 40294     2012.5000   270     2017.0000     1998.1859  4024587    0.93%        x132_121 U  50040  30875     29
  50183 40403     2004.2000   252     2017.0000     1998.2000  4036463    0.93%        x113_102 U  50183  50181     38
  50337 40526        cutoff           2017.0000     1998.2143  4047692    0.93%        x105_100 U  50337  14650     19
  50478 40637     1998.7000   310     2017.0000     1998.2250  4059539    0.93%        x105_109 N  50478  22569     15
  50638 40773     2011.6182   288     2017.0000     1998.2444  4070999    0.93%        x130_122 U  50638  44336     20
  50800 40889     2016.0000   232     2017.0000     1998.2500  4081366    0.93%        x120_113 U  50800  50798     57
Elapsed time = 3575.20 sec. (4352608.79 ticks, tree = 5808.68 MB, solutions = 1)
Nodefile size = 3760.96 MB (3366.36 MB after compression)
  50896 40956     2006.8611   312     2017.0000     1998.2500  4095525    0.93%          x97_95 N  50896  50894     22
  51070 41076     2002.0625   283     2017.0000     1998.2500  4106059    0.93%        x103_104 D  51070  51069     38
  51197 41151     2006.8333   265     2017.0000     1998.2692  4118133    0.93%        x116_102 U  51197  50166     26
  51336 41239     1998.4846   309     2017.0000     1998.2812  4128697    0.93%          x97_95 N  51336  51335     22
  51452 41315     2009.0000   279     2017.0000     1998.2963  4139978    0.93%        x103_109 U  51452  51450     36
  51595 41423     1998.4750   289     2017.0000     1998.3036  4151423    0.93%         x105_99 N  51595  48303     15
  51736 41526     2014.5000   267     2017.0000     1998.3182  4162679    0.93%        x104_122 U  51736  51733     27
  51876 41635     1998.6000   252     2017.0000     1998.3333  4173709    0.93%         x101_97 D  51876  32490     33
  52046 41760     2015.0000   282     2017.0000     1998.3333  4184392    0.93%        x103_104 N  52046  19437     33
  52206 41871        cutoff           2017.0000     1998.3455  4197020    0.92%        x130_122 U  52206  45333     32
Elapsed time = 3697.71 sec. (4509662.58 ticks, tree = 6003.05 MB, solutions = 1)
Nodefile size = 3956.22 MB (3542.16 MB after compression)
  52352 41989        cutoff           2017.0000     1998.3619  4208094    0.92%        x106_127 U  52352  48329     18
  52500 42103     2001.2455   305     2017.0000     1998.3750  4219150    0.92%         x109_98 U  52500  25461     17
  52603 42170     1998.5476   275     2017.0000     1998.3889  4231610    0.92%        x130_122 N  52603  52602     24
  52773 42278     2007.5581   284     2017.0000     1998.4000  4242239    0.92%         x105_99 D  52773   7778     28
  52920 42373     2015.8333   269     2017.0000     1998.4167  4252804    0.92%         x109_98 N  52920  29945     26
  53076 42502     2012.8619   309     2017.0000     1998.4213  4263031    0.92%        x106_130 U  53076  36887     20
  53220 42602     2000.9583   247     2017.0000     1998.4333  4274358    0.92%        x111_102 U  53220  51863     23
  53332 42675     2010.4062   317     2017.0000     1998.4444  4287165    0.92%        x132_133 U  53332  53330     41
  53470 42790     2014.0143   284     2017.0000     1998.4583  4298165    0.92%         x101_97 U  53470   5838     19
  53593 42871        cutoff           2017.0000     1998.4739  4310280    0.92%        x106_105 D  53593  42951     36
Elapsed time = 3815.82 sec. (4663068.87 ticks, tree = 6202.07 MB, solutions = 1)
Nodefile size = 4155.00 MB (3721.26 MB after compression)
  53737 42989        cutoff           2017.0000     1998.5000  4321053    0.92%        x105_107 U  53737  24665     19
  53907 43106     2005.8333   257     2017.0000     1998.5000  4331664    0.92%        x111_102 U  53907  53905     36
  54082 43232     2008.0498   248     2017.0000     1998.5000  4341606    0.92%        x132_121 U  54082  39935     25
  54247 43360        cutoff           2017.0000     1998.5000  4352447    0.92%        x105_100 U  54247   6272     24
  54403 43469     2002.5000   243     2017.0000     1998.5000  4362472    0.92%         x105_99 N  54403  16274     33
  54594 43597     2012.7273   299     2017.0000     1998.5000  4372816    0.92%        x101_103 U  54594  39531     38
  54749 43706     2014.5652   279     2017.0000     1998.5000  4383499    0.92%        x105_100 D  54749  54747     21
  54880 43787     2001.0323   288     2017.0000     1998.5000  4393740    0.92%         x98_103 N  54880  54878     33
  55047 43909     2000.2500   325     2017.0000     1998.5000  4404752    0.92%         x109_98 U  55047  14380     25
  55203 44010     2013.5789   279     2017.0000     1998.5076  4417643    0.92%        x132_127 N  55203  32472     17
Elapsed time = 3942.97 sec. (4819850.88 ticks, tree = 6432.52 MB, solutions = 1)
Nodefile size = 4385.30 MB (3927.54 MB after compression)
  55315 44094     1999.2917   310     2017.0000     1998.5278  4429427    0.92%        x106_105 U  55315  55314     16
  55434 44181     2010.0000   254     2017.0000     1998.5364  4441535    0.92%        x122_128 U  55434  13940     44
  55521 44231     2010.1667   285     2017.0000     1998.5510  4453724    0.91%        x141_129 D  55521  43781     19
  55671 44350        cutoff           2017.0000     1998.5684  4465232    0.91%        x130_122 U  55671  55669     34
  55815 44443        cutoff           2017.0000     1998.5789  4475330    0.91%        x106_127 U  55815  48810     24
  55957 44540     2009.6733   273     2017.0000     1998.5904  4486013    0.91%        x101_103 U  55957  43912     42
  56088 44642     2010.8000   290     2017.0000     1998.6000  4497442    0.91%        x105_100 N  56088  20091     21
  56240 44737     2015.0000   239     2017.0000     1998.6111  4508591    0.91%        x130_136 D  56240  56239     48
  56369 44830     1999.2048   279     2017.0000     1998.6250  4519879    0.91%        x130_122 D  56369  50619     16
  56496 44939     1998.7182   277     2017.0000     1998.6364  4531075    0.91%         x103_96 D  56496  49534     28
Elapsed time = 4058.77 sec. (4973140.30 ticks, tree = 6619.58 MB, solutions = 1)
Nodefile size = 4572.28 MB (4096.01 MB after compression)
  56613 45020     2010.3333   266     2017.0000     1998.6463  4543200    0.91%        x143_132 U  56613  56611     30
  56758 45131        cutoff           2017.0000     1998.6587  4554707    0.91%        x143_132 U  56758  55178     44
  56921 45244     2003.0000   269     2017.0000     1998.6667  4564930    0.91%         x98_103 U  56921  43716     33
  57081 45359     2005.4046   284     2017.0000     1998.6667  4574615    0.91%        x120_102 U  57081  51652     38
  57207 45443     2015.6288   257     2017.0000     1998.6818  4586072    0.91%        x130_122 U  57207  42021     21
  57334 45539     2006.5185   272     2017.0000     1998.7000  4597352    0.91%        x132_121 U  57334  57332     21
  57503 45657     2011.1957   285     2017.0000     1998.7000  4607618    0.91%        x103_123 U  57503  51279     38
  57616 45741     2013.5000   272     2017.0000     1998.7143  4618980    0.91%        x132_127 U  57616  42504     30
  57750 45827     1999.2041   323     2017.0000     1998.7286  4628662    0.91%        x105_100 D  57750  13239     22
  57874 45923     1999.1000   258     2017.0000     1998.7449  4640067    0.91%         x101_97 D  57874  43406     43
Elapsed time = 4178.78 sec. (5126601.56 ticks, tree = 6821.31 MB, solutions = 1)
Nodefile size = 4773.99 MB (4277.84 MB after compression)
  58041 46048     1999.1000   273     2017.0000     1998.7500  4650118    0.90%        x101_103 D  58041  53002     35
  58189 46151        cutoff           2017.0000     1998.7500  4660978    0.90%        x106_105 D  58189  58187     28
  58361 46278        cutoff           2017.0000     1998.7500  4671462    0.90%         x105_99 D  58361  55825     32
  58490 46360     1999.5857   290     2017.0000     1998.7676  4682414    0.90%        x103_104 D  58490  58489     30
  58581 46420        cutoff           2017.0000     1998.7778  4695184    0.90%        x106_125 U  58581  47906     31
  58715 46504     2009.6393   315     2017.0000     1998.7904  4706837    0.90%        x113_123 U  58715   9963     29
  58879 46603     2005.2250   291     2017.0000     1998.8000  4716189    0.90%         x95_109 U  58879  48775     37
  59020 46707     2000.0000   257     2017.0000     1998.8146  4726984    0.90%        x145_143 D  59020   9793     11
  59165 46818     2005.3333   227     2017.0000     1998.8333  4738182    0.90%        x103_102 U  59165  59163     29
  59327 46924     2013.4048   284     2017.0000     1998.8333  4748775    0.90%        x132_121 U  59327  52218     34
Elapsed time = 4298.85 sec. (5280181.95 ticks, tree = 6994.47 MB, solutions = 1)
Nodefile size = 4946.85 MB (4433.00 MB after compression)
  59462 47010     2011.7500   272     2017.0000     1998.8347  4760541    0.90%         x103_96 U  59462  59460     20
  59588 47104     2004.3529   253     2017.0000     1998.8529  4772532    0.90%        x132_127 U  59588  55547     16
  59720 47193     1999.7500   299     2017.0000     1998.8571  4783125    0.90%        x106_105 U  59720  54360     22
  59860 47298     2000.5000   270     2017.0000     1998.8684  4793917    0.90%        x143_132 D  59860  54362     23
  60025 47396     2007.7000   283     2017.0000     1998.8750  4803488    0.90%         x95_109 N  60025  30199     35
  60163 47482     1999.5000   285     2017.0000     1998.8889  4813989    0.90%        x101_104 D  60163  53587     40
  60298 47596        cutoff           2017.0000     1998.9000  4825291    0.90%        x102_123 U  60298  60296     28
  60444 47696     2009.3701   307     2017.0000     1998.9057  4836285    0.90%         x101_97 U  60444  58445     22
  60546 47762     2011.7000   267     2017.0000     1998.9167  4849985    0.90%         x101_97 U  60546  60544     29
  60645 47819     2014.8167   344     2017.0000     1998.9194  4862943    0.90%        x105_109 N  60645  56707     29
Elapsed time = 4418.15 sec. (5439216.05 ticks, tree = 7172.20 MB, solutions = 1)
Nodefile size = 5124.86 MB (4593.57 MB after compression)
  60799 47939     1998.9295   292     2017.0000     1998.9296  4873326    0.90%        x105_100 D  60799  35852     25
  60936 48035     2007.0833   259     2017.0000     1998.9444  4883881    0.90%        x101_109 U  60936  53301     38
  61081 48138     2000.1079   285     2017.0000     1998.9583  4895230    0.89%         x98_103 D  61081   8889     32
  61218 48240        cutoff           2017.0000     1998.9687  4906007    0.89%        x130_122 N  61218  50437     25
  61360 48355     1999.1103   324     2017.0000     1998.9871  4916708    0.89%         x103_96 D  61360  52373     22
  61507 48457     2003.9565   252     2017.0000     1999.0000  4927468    0.89%        x113_102 U  61507  61505     25
  61655 48576     2007.4333   276     2017.0000     1999.0000  4937094    0.89%        x103_109 D  61655  61654     29
  61827 48687     2011.7500   251     2017.0000     1999.0000  4947115    0.89%         x105_99 D  61827   8132     25
  61992 48801     2002.8140   298     2017.0000     1999.0000  4956543    0.89%         x104_98 D  61992  36031     24
  62167 48923     2006.1667   248     2017.0000     1999.0000  4966172    0.89%         x98_102 U  62167  40791     35
Elapsed time = 4540.10 sec. (5592475.34 ticks, tree = 7397.87 MB, solutions = 1)
Nodefile size = 5350.24 MB (4796.20 MB after compression)
  62349 49044     2015.6667   260     2017.0000     1999.0000  4975459    0.89%        x116_102 N  62349  62348     34
  62538 49164     2000.3889   278     2017.0000     1999.0000  4984848    0.89%        x104_105 N  62538  62537     24
  62708 49269        cutoff           2017.0000     1999.0000  4994229    0.89%          x98_97 U  62708  62705     27
  62822 49341     2010.7000   267     2017.0000     1999.0000  5005216    0.89%        x101_102 U  62822  62820     35
  62958 49422     2005.1667   268     2017.0000     1999.0000  5015195    0.89%        x132_121 U  62958  55376     18
  63078 49493     2000.1964   283     2017.0000     1999.0079  5025150    0.89%        x101_104 D  63078  63077     35
  63194 49575     1999.7500   258     2017.0000     1999.0227  5036982    0.89%        x139_134 U  63194  55201     27
  63333 49663     1999.0488   319     2017.0000     1999.0346  5047974    0.89%        x126_127 D  63333  47553     12
  63467 49765     2002.5000   239     2017.0000     1999.0455  5058682    0.89%          x97_95 U  63467  63465     22
  63622 49878     1999.5652   289     2017.0000     1999.0571  5069013    0.89%        x137_135 D  63622  63621     44
Elapsed time = 4659.19 sec. (5745521.75 ticks, tree = 7598.88 MB, solutions = 1)
Nodefile size = 5551.66 MB (4977.65 MB after compression)
  63755 49967     2007.7348   320     2017.0000     1999.0714  5079815    0.89%        x101_104 D  63755  63754     26
  63895 50046     2011.3485   291     2017.0000     1999.0833  5090798    0.89%         x103_96 U  63895  59649     29
  64017 50133        cutoff           2017.0000     1999.0932  5100502    0.89%        x100_104 U  64017  64015     28
  64165 50244     2011.2813   298     2017.0000     1999.1000  5110777    0.89%         x102_96 U  64165  20702     24
  64329 50350     2011.7793   328     2017.0000     1999.1115  5120325    0.89%        x132_121 U  64329  42160     23
  64412 50407     1999.1301   300     2017.0000     1999.1212  5133395    0.89%        x105_107 D  64412  58423     28
  64537 50478     2015.0036   307     2017.0000     1999.1250  5144340    0.89%        x101_123 N  64537  57286     24
  64667 50576        cutoff           2017.0000     1999.1429  5155318    0.89%         x109_98 D  64667  64665     27
  64782 50653        cutoff           2017.0000     1999.1521  5168897    0.88%        x106_125 U  64782  64778     31
  64906 50750     1999.3333   227     2017.0000     1999.1667  5178504    0.88%         x105_99 U  64906  53742     28
Elapsed time = 4779.27 sec. (5902834.64 ticks, tree = 7782.65 MB, solutions = 1)
Nodefile size = 5735.01 MB (5143.40 MB after compression)
  65067 50857     2003.9167   256     2017.0000     1999.1667  5187938    0.88%        x116_102 U  65067  56549     42
  65223 50969        cutoff           2017.0000     1999.1667  5198336    0.88%        x132_121 U  65223  58874     44
  65355 51053     2010.0667   301     2017.0000     1999.1676  5209297    0.88%        x100_104 N  65355  65353     23
  65477 51138     2013.0000   257     2017.0000     1999.1867  5220761    0.88%        x130_122 N  65477  65475     14
  65612 51229     2006.1111   231     2017.0000     1999.2000  5231279    0.88%          x10_19 U  65612  46950     35
  65762 51330     2005.8332   288     2017.0000     1999.2083  5241956    0.88%         x97_109 U  65762  65760     44
  65891 51414     2009.3125   307     2017.0000     1999.2182  5253090    0.88%        x106_105 D  65891   3855     28
  66020 51498     2000.0556   252     2017.0000     1999.2308  5263222    0.88%        x105_107 D  66020  23154     25
  66150 51597        cutoff           2017.0000     1999.2463  5274098    0.88%        x105_109 U  66150   3950     25
  66288 51702     2003.5417   264     2017.0000     1999.2500  5284511    0.88%        x116_102 U  66288  66286     31
Elapsed time = 4899.18 sec. (6056752.17 ticks, tree = 7986.12 MB, solutions = 1)
Nodefile size = 5939.21 MB (5327.42 MB after compression)
  66456 51825     2006.0000   242     2017.0000     1999.2500  5293382    0.88%         x105_99 U  66456  19259     34
  66605 51925     2012.0000   279     2017.0000     1999.2500  5304186    0.88%         x101_97 U  66605  23263     19
  66792 52038     1999.6250   264     2017.0000     1999.2542  5313457    0.88%        x132_134 D  66792  60201     25
  66916 52142        cutoff           2017.0000     1999.2674  5323695    0.88%        x130_122 U  66916  49725     29
  67033 52227     2007.1667   230     2017.0000     1999.2778  5335348    0.88%        x117_109 U  67033  55818     27
  67154 52305     2009.0909   290     2017.0000     1999.2897  5346281    0.88%        x132_121 U  67154  53272     29
  67288 52407     2005.6000   260     2017.0000     1999.3000  5357280    0.88%          x10_19 U  67288  21217     26
  67418 52494     1999.6328   279     2017.0000     1999.3039  5367468    0.88%         x103_96 D  67418  40408     29
  67537 52578     2012.1389   283     2017.0000     1999.3182  5378165    0.88%        x104_108 U  67537  65958     24
  67670 52677     2003.0000   259     2017.0000     1999.3333  5388964    0.88%         x102_96 D  67670  67669     29
Elapsed time = 5017.42 sec. (6210485.15 ticks, tree = 8187.15 MB, solutions = 1)
Nodefile size = 6139.52 MB (5508.32 MB after compression)
  67840 52803     2004.4062   271     2017.0000     1999.3333  5397993    0.88%        x104_105 N  67840  54012     32
  67992 52905     2002.9583   291     2017.0000     1999.3333  5408533    0.88%        x104_105 U  67992  67990     24
  68149 53004        cutoff           2017.0000     1999.3344  5418530    0.88%          x99_95 U  68149  23357     20
  68263 53094     1999.3536   308     2017.0000     1999.3511  5429344    0.88%         x101_97 D  68263  61819     31
  68416 53200        cutoff           2017.0000     1999.3571  5439690    0.87%        x105_100 U  68416  15831     27
  68558 53287     2010.9000   268     2017.0000     1999.3654  5450199    0.87%          x97_95 U  68558  39172     29
  68691 53384     1999.6667   253     2017.0000     1999.3750  5460462    0.87%        x111_102 D  68691  63099     38
  68805 53457     2002.6587   292     2017.0000     1999.3810  5470813    0.87%         x103_96 U  68805  52604     26
  68920 53541     2000.5148   317     2017.0000     1999.3889  5482220    0.87%        x139_134 D  68920  68919     36
  69067 53657     2001.7333   249     2017.0000     1999.4000  5492559    0.87%          x10_20 U  69067  57408     35
Elapsed time = 5135.61 sec. (6363767.78 ticks, tree = 8385.33 MB, solutions = 1)
Nodefile size = 6338.17 MB (5687.80 MB after compression)
  69188 53738     2009.8333   270     2017.0000     1999.4091  5503165    0.87%        x104_103 N  69188  54592     33
  69316 53833     1999.7016   298     2017.0000     1999.4167  5512099    0.87%        x113_123 N  69316  52374     31
  69442 53900     2000.2412   281     2017.0000     1999.4309  5521326    0.87%          x97_95 D  69442  69441     33
  69575 54007        cutoff           2017.0000     1999.4412  5531845    0.87%        x106_105 D  69575  53219     24
  69708 54115     2015.4711   277     2017.0000     1999.4479  5542510    0.87%        x106_130 N  69708  42044     24
  69825 54185        cutoff           2017.0000     1999.4615  5552456    0.87%        x105_100 U  69825  49198     18
  69964 54288     2008.2857   285     2017.0000     1999.4740  5562628    0.87%         x95_109 U  69964  63935     41
  70084 54373     2007.0303   247     2017.0000     1999.4888  5573576    0.87%        x103_102 U  70084  70082     34
  70133 54406     1999.5000   238     2017.0000     1999.5000  5586142    0.87%        x107_100 D  70133   6742     21
  70261 54495     2000.4091   249     2017.0000     1999.5000  5596103    0.87%        x107_100 U  70261  50384     32
Elapsed time = 5255.12 sec. (6519818.89 ticks, tree = 8559.05 MB, solutions = 1)
Nodefile size = 6511.54 MB (5844.42 MB after compression)
  70430 54615     2000.2500   247     2017.0000     1999.5000  5605091    0.87%        x103_102 D  70430  57893     35
  70596 54732     2009.0000   232     2017.0000     1999.5000  5615213    0.87%        x127_134 N  70596  63290     41
  70753 54834     2010.0000   227     2017.0000     1999.5000  5625043    0.87%        x100_104 U  70753  48907     18
  70909 54944     2008.8667   268     2017.0000     1999.5000  5634884    0.87%         x98_103 U  70909  54364     32
  71079 55056     2003.5635   266     2017.0000     1999.5000  5644117    0.87%        x103_105 D  71079  71077     36
  71232 55163     2014.5769   263     2017.0000     1999.5000  5654443    0.87%        x132_122 N  71232  46348     38
  71423 55293     2000.3333   261     2017.0000     1999.5000  5663583    0.87%         x105_99 U  71423  71422     27
  71561 55375     2008.5000   240     2017.0000     1999.5000  5673196    0.87%          x20_19 U  71561  71559     42
  71693 55457        cutoff           2017.0000     1999.5000  5681760    0.87%        x105_100 U  71693   6873     22
  71837 55550     2011.3449   300     2017.0000     1999.5000  5692420    0.87%        x104_108 U  71837  50925     31
Elapsed time = 5371.34 sec. (6672896.24 ticks, tree = 8784.38 MB, solutions = 1)
Nodefile size = 6736.60 MB (6046.57 MB after compression)
  71969 55631     2000.1765   255     2017.0000     1999.5000  5703057    0.87%         x103_96 D  71969  71968     23
  72115 55735     2012.7124   335     2017.0000     1999.5000  5712530    0.87%         x103_96 U  72115  31521     17
  72256 55816     2002.9000   269     2017.0000     1999.5000  5722908    0.87%        x111_102 D  72256  72254     31
  72385 55880     2008.3571   295     2017.0000     1999.5000  5744240    0.87%         x101_97 U  72385  28359     17
  72492 55938     1999.5167   259     2017.0000     1999.5167  5754738    0.87%          x87_98 D  72492  64433     29
  72634 56033     2011.1912   304     2017.0000     1999.5294  5764605    0.87%         x102_96 U  72634  72632     31
  72767 56133     1999.6667   273     2017.0000     1999.5417  5774853    0.87%        x103_102 D  72767  52878     31
  72898 56225     2000.2608   303     2017.0000     1999.5513  5785041    0.87%        x106_105 D  72898  66379     28
  73048 56338        cutoff           2017.0000     1999.5647  5794763    0.86%        x137_138 U  73048  69713     33
  73195 56433     2003.4500   276     2017.0000     1999.5714  5804794    0.86%         x105_99 D  73195  73192     19
Elapsed time = 5494.43 sec. (6836110.99 ticks, tree = 8973.03 MB, solutions = 1)
Nodefile size = 6926.11 MB (6218.16 MB after compression)
  73328 56527     2005.7078   302     2017.0000     1999.5833  5814017    0.86%         x102_96 U  73328  46267     41
  73475 56616     1999.6579   299     2017.0000     1999.5876  5823561    0.86%        x132_121 D  73475  49564     35
  73616 56707     2000.7833   270     2017.0000     1999.6000  5833699    0.86%        x111_102 D  73616  68249     31
  73765 56830     2012.4688   276     2017.0000     1999.6071  5843996    0.86%        x130_122 U  73765  61002     21
  73896 56932     1999.6259   314     2017.0000     1999.6169  5854071    0.86%        x104_103 D  73896  68569     34
  74031 57013     2002.9000   286     2017.0000     1999.6250  5863831    0.86%          x97_95 U  74031  54166     29
  74166 57100     2009.9409   312     2017.0000     1999.6319  5873205    0.86%          x97_95 U  74166  74164     25
  74296 57189     2012.4200   320     2017.0000     1999.6429  5883530    0.86%        x130_122 U  74296  40180     15
  74437 57279     2000.9404   279     2017.0000     1999.6538  5893466    0.86%        x105_107 D  74437  45697     23
  74510 57325     2010.1156   265     2017.0000     1999.6613  5906066    0.86%        x143_132 U  74510  50652     40
Elapsed time = 5612.66 sec. (6989630.08 ticks, tree = 9168.41 MB, solutions = 1)
Nodefile size = 7120.99 MB (6394.63 MB after compression)
  74685 57450     1999.6667   262     2017.0000     1999.6667  5914963    0.86%        x111_102 D  74685  64078     30
  74842 57542     2002.6154   269     2017.0000     1999.6667  5924434    0.86%        x112_123 N  74842  72751     39
  74966 57616     1999.8681   302     2017.0000     1999.6667  5933849    0.86%        x100_104 D  74966  74965     36
  75098 57690     2002.3750   251     2017.0000     1999.6765  5943808    0.86%         x103_97 D  75098  21988     30
  75241 57789     2010.3529   249     2017.0000     1999.6863  5953460    0.86%        x108_123 N  75241  69913     27
  75364 57887     2008.4167   279     2017.0000     1999.6957  5963448    0.86%         x103_97 U  75364  43063     27
  75490 57971     1999.7727   251     2017.0000     1999.7000  5973685    0.86%        x132_122 D  75490  67762     42
  75612 58052     2014.5000   244     2017.0000     1999.7027  5981305    0.86%        x115_105 U  75612  70673     34
  75738 58142     2010.5692   293     2017.0000     1999.7143  5991933    0.86%        x106_105 U  75738  75736     35
  75887 58236     2001.3447   302     2017.0000     1999.7222  6002265    0.86%         x102_96 U  75887   3355     26
Elapsed time = 5729.54 sec. (7143102.20 ticks, tree = 9367.36 MB, solutions = 1)
Nodefile size = 7320.01 MB (6574.67 MB after compression)
  76027 58328     1999.8750   303     2017.0000     1999.7353  6011483    0.86%        x104_128 D  76027  76026     39
  76152 58407     2002.3788   261     2017.0000     1999.7500  6021989    0.86%        x102_105 D  76152  16612     25
  76301 58500     2010.1667   226     2017.0000     1999.7500  6030711    0.86%        x100_104 U  76301  62169     26
  76449 58596     2009.1789   338     2017.0000     1999.7500  6038667    0.86%          x97_95 U  76449  68011     10
  76590 58683     2005.6667   290     2017.0000     1999.7500  6048778    0.86%        x101_104 D  76590  76589     34
  76755 58780     2000.1250   270     2017.0000     1999.7500  6058089    0.86%         x102_96 D  76755  64992     37
  76905 58890     2003.0000   232     2017.0000     1999.7639  6068092    0.85%        x103_102 U  76905  75130     29
  77029 58973     2010.8143   290     2017.0000     1999.7727  6078456    0.85%        x104_108 U  77029  68813     27
  77133 59051        cutoff           2017.0000     1999.7830  6089512    0.85%        x106_125 U  77133  75408     27
  77280 59154     2011.4444   300     2017.0000     1999.7889  6099736    0.85%        x132_143 U  77280  77142     39
Elapsed time = 5846.30 sec. (7296607.47 ticks, tree = 9567.91 MB, solutions = 1)
Nodefile size = 7520.14 MB (6755.77 MB after compression)
  77395 59212     2000.1964   280     2017.0000     1999.7981  6109782    0.85%        x102_105 D  77395  73813     33
  77543 59298     2000.4404   324     2017.0000     1999.8027  6119108    0.85%         x105_99 D  77543  42276     22
  77669 59375     2014.1250   272     2017.0000     1999.8129  6129000    0.85%          x88_98 U  77669  76826     37
  77788 59462     2009.9237   268     2017.0000     1999.8250  6139694    0.85%        x116_102 U  77788  77786     37
  77813 59481     2010.5000   232     2017.0000     1999.8269  6153258    0.85%        x137_128 U  77813  77811     38
  77956 59586     2000.4753   303     2017.0000     1999.8333  6162392    0.85%        x132_121 D  77956  64388     23
  78098 59680     2010.1667   245     2017.0000     1999.8333  6171198    0.85%        x104_113 U  78098  63839     35
  78211 59740     2008.5000   244     2017.0000     1999.8333  6179525    0.85%         x109_98 N  78211  60237     22
  78354 59828     2005.0833   270     2017.0000     1999.8333  6189371    0.85%         x105_99 D  78354  68360     17
  78443 59877        cutoff           2017.0000     1999.8437  6201329    0.85%        x106_130 U  78443  24876     17
Elapsed time = 5962.97 sec. (7452826.84 ticks, tree = 9728.28 MB, solutions = 1)
Nodefile size = 7681.30 MB (6901.54 MB after compression)
  78585 59972     2003.1446   291     2017.0000     1999.8529  6211570    0.85%         x105_97 U  78585  78584     31
  78751 60087     2010.6667   293     2017.0000     1999.8571  6220952    0.85%        x141_129 D  78751  26524     28
  78883 60178     2000.1250   266     2017.0000     1999.8636  6230418    0.85%        x101_102 D  78883  78882     40
  79002 60242     2000.0714   264     2017.0000     1999.8750  6240907    0.85%         x98_103 D  79002  64122     31
  79142 60328     2000.3444   312     2017.0000     1999.8750  6250431    0.85%         x105_99 U  79142  26408     24
  79266 60404     2000.2798   295     2017.0000     1999.8889  6260730    0.85%         x102_96 D  79266  64879     36
  79402 60503     2001.5000   246     2017.0000     1999.9000  6270509    0.85%         x98_103 U  79402  14026     32
  79549 60591     2000.3150   283     2017.0000     1999.9008  6280200    0.85%        x100_104 D  79549  45330     30
  79659 60680     2013.3782   256     2017.0000     1999.9125  6290621    0.85%        x115_123 N  79659  76792     42
  79803 60771     2009.7857   286     2017.0000     1999.9167  6300524    0.85%        x101_102 U  79803  79801     38
Elapsed time = 6079.85 sec. (7605918.01 ticks, tree = 9925.90 MB, solutions = 1)
Nodefile size = 7878.85 MB (7080.49 MB after compression)
  79927 60860     2015.2401   317     2017.0000     1999.9271  6311465    0.85%        x101_123 U  79927  65421     36
  80076 60958     2006.4363   285     2017.0000     1999.9364  6320318    0.85%         x101_97 U  80076  75256     19
  80177 61034     2010.0556   303     2017.0000     1999.9429  6332178    0.85%         x109_98 N  80177  49688     18
  80296 61115     2001.9023   336     2017.0000     1999.9500  6342075    0.85%         x100_95 D  80296  11804     21
  80416 61187        cutoff           2017.0000     1999.9583  6351521    0.84%         x100_95 U  80416  66481     48
  80543 61264     2000.9667   279     2017.0000     1999.9667  6361711    0.84%        x101_109 D  80543  28291     47
  80677 61350     2014.2500   275     2017.0000     1999.9787  6371907    0.84%        x118_123 U  80677  79311     36
  80800 61421     2007.9256   320     2017.0000     1999.9940  6382056    0.84%        x143_132 U  80800  72795     22
  80948 61518     2000.5000   225     2017.0000     2000.0000  6391573    0.84%        x100_104 D  80948  61512     18
  81091 61620     2001.5000   246     2017.0000     2000.0000  6400355    0.84%         x95_102 D  81091  63996     30
Elapsed time = 6197.51 sec. (7761122.13 ticks, tree = 10117.06 MB, solutions = 1)
Nodefile size = 8069.57 MB (7252.92 MB after compression)
  81250 61724     2000.1111   263     2017.0000     2000.0000  6409930    0.84%         x98_103 D  81250  50930     27
  81407 61836     2000.1111   235     2017.0000     2000.0000  6418036    0.84%        x132_122 N  81407  40665     38
  81539 61920     2003.4665   315     2017.0000     2000.0000  6427356    0.84%         x92_102 U  81539  81538     31
  81684 62011        cutoff           2017.0000     2000.0000  6435757    0.84%        x104_116 U  81684  81682     50
  81843 62102     2005.1667   249     2017.0000     2000.0000  6444781    0.84%        x112_102 D  81843  81841     30
  82015 62220     2014.0714   289     2017.0000     2000.0000  6453903    0.84%         x102_96 U  82015  64022     24
  82166 62282        cutoff           2017.0000     2000.0000  6462225    0.84%         x105_99 U  82166  42276     22
  82311 62385     2000.0000   241     2017.0000     2000.0000  6471911    0.84%        x130_122 D  82311  70849     39
  82443 62453     2005.9375   304     2017.0000     2000.0000  6480243    0.84%        x132_121 D  82443  82441     33
  82575 62505        cutoff           2017.0000     2000.0000  6490184    0.84%         x105_99 U  82575  72602     41
Elapsed time = 6313.80 sec. (7914154.81 ticks, tree = 10318.11 MB, solutions = 1)
Nodefile size = 8271.22 MB (7434.48 MB after compression)
  82707 62588     2010.6905   286     2017.0000     2000.0000  6499631    0.84%         x98_103 U  82707   9360     28
  82828 62636     2000.7880   273     2017.0000     2000.0055  6509993    0.84%         x102_96 D  82828  82827     30
  82946 62718     2011.5556   254     2017.0000     2000.0183  6520626    0.84%         x98_103 U  82946  82944     20
  83067 62807     2014.5000   245     2017.0000     2000.0278  6530732    0.84%        x130_122 U  83067  75563     17
  83194 62894     2014.1667   248     2017.0000     2000.0417  6541080    0.84%        x102_106 U  83194  73628     39
  83329 63001     2000.1364   283     2017.0000     2000.0500  6550890    0.84%        x103_104 D  83329  83328     42
  83474 63095     2003.3533   308     2017.0000     2000.0556  6560619    0.84%         x102_96 U  83474  83472     38
  83604 63168        cutoff           2017.0000     2000.0661  6570459    0.84%          x99_95 U  83604  72793     20
  83745 63257     2000.9838   330     2017.0000     2000.0714  6580176    0.84%        x100_104 D  83745  83744     21
  83871 63339     2000.1381   260     2017.0000     2000.0784  6590572    0.84%         x104_98 N  83871  82902     31
Elapsed time = 6431.44 sec. (8067859.31 ticks, tree = 10505.53 MB, solutions = 1)
Nodefile size = 8458.25 MB (7604.20 MB after compression)
  84022 63457     2011.7500   241     2017.0000     2000.0833  6599859    0.84%        x103_102 D  84022  84021     40
  84171 63558     2009.7500   290     2017.0000     2000.0897  6609623    0.84%         x109_98 D  84171  49254     12
  84319 63652     2013.5000   284     2017.0000     2000.0974  6618890    0.84%        x100_104 U  84319  84317     32
  84452 63726     2015.7857   285     2017.0000     2000.1000  6628701    0.84%        x101_123 U  84452  75037     38
  84582 63796        cutoff           2017.0000     2000.1108  6638250    0.84%          x99_95 U  84582  37561     35
  84714 63891     2000.3889   254     2017.0000     2000.1190  6648304    0.84%        x130_121 D  84714  84713     28
  84842 63963        cutoff           2017.0000     2000.1250  6657741    0.84%         x105_99 D  84842  82855     42
  84978 64040     2013.5000   310     2017.0000     2000.1346  6667748    0.84%        x100_104 U  84978  74125     18
  85115 64134     2013.1508   266     2017.0000     2000.1471  6677034    0.84%        x104_108 U  85115  67460     35
  85235 64210     2000.2500   304     2017.0000     2000.1521  6686299    0.84%        x137_138 D  85235  85234     33
Elapsed time = 6549.36 sec. (8221257.09 ticks, tree = 10703.00 MB, solutions = 1)
Nodefile size = 8655.72 MB (7783.03 MB after compression)
  85329 64268        cutoff           2017.0000     2000.1601  6697713    0.83%        x101_123 U  85329  80173     26
  85476 64367     2006.0606   245     2017.0000     2000.1667  6706741    0.83%        x112_102 U  85476  70599     42
  85623 64464     2013.5000   219     2017.0000     2000.1667  6715828    0.83%        x139_131 N  85623  85621     41
  85766 64563     2014.4003   303     2017.0000     2000.1667  6725366    0.83%        x130_143 U  85766  59563     45
  85936 64682     2008.5625   311     2017.0000     2000.1667  6734415    0.83%        x111_102 U  85936  85934     36
  86079 64750        cutoff           2017.0000     2000.1667  6746322    0.83%        x130_122 U  86079  17042     30
  86205 64826     2000.2000   292     2017.0000     2000.1747  6756055    0.83%         x109_98 U  86205  55520     34
  86332 64902     2000.4062   274     2017.0000     2000.1863  6765581    0.83%        x132_143 N  86332  76016     32
  86456 64990     2015.4524   289     2017.0000     2000.1949  6775271    0.83%         x101_97 U  86456  69150     31
  86589 65096     2011.2187   300     2017.0000     2000.2000  6785144    0.83%        x120_102 N  86589  69524     34
Elapsed time = 6669.28 sec. (8378427.07 ticks, tree = 10904.37 MB, solutions = 1)
Nodefile size = 8856.74 MB (7964.97 MB after compression)
  86741 65198     2011.6538   265     2017.0000     2000.2013  6793989    0.83%        x113_123 U  86741  79845     30
  86832 65256     2011.7500   257     2017.0000     2000.2100  6804151    0.83%        x101_123 U  86832  84942     33
  86967 65350     2009.1032   297     2017.0000     2000.2143  6813870    0.83%         x103_96 U  86967  48013     25
  87090 65423     2011.5071   293     2017.0000     2000.2222  6823469    0.83%         x102_96 U  87090  87088     37
  87200 65499     2006.2000   294     2017.0000     2000.2276  6833662    0.83%         x105_99 D  87200  87198     30
  87274 65555        cutoff           2017.0000     2000.2350  6844800    0.83%        x105_107 U  87274  19822     31
  87416 65667     2012.6324   320     2017.0000     2000.2446  6853881    0.83%        x130_122 N  87416  68483     15
  87559 65776     2011.9318   281     2017.0000     2000.2500  6863287    0.83%        x103_104 U  87559  33719     24
  87685 65853        cutoff           2017.0000     2000.2500  6872136    0.83%        x111_102 U  87685  72744     51
  87848 65955     2002.0000   278     2017.0000     2000.2500  6881199    0.83%        x132_121 D  87848  79084     36
Elapsed time = 6785.97 sec. (8531952.81 ticks, tree = 11101.21 MB, solutions = 1)
Nodefile size = 9053.98 MB (8143.54 MB after compression)
  87989 66024     2015.1228   282     2017.0000     2000.2500  6890553    0.83%        x102_123 U  87989  87923     29
  88123 66112     2000.4789   283     2017.0000     2000.2552  6899174    0.83%        x141_129 U  88123  49084     41
  88240 66190        cutoff           2017.0000     2000.2647  6909515    0.83%        x132_143 U  88240  76016     32
  88353 66263     2011.4167   284     2017.0000     2000.2714  6919899    0.83%         x98_103 U  88353  58096     30
  88486 66345        cutoff           2017.0000     2000.2778  6928765    0.83%        x108_102 D  88486  88485     49
  88618 66424     2000.4167   288     2017.0000     2000.2857  6938325    0.83%         x98_102 D  88618  71887     35
  88730 66489     2005.9074   219     2017.0000     2000.2949  6948602    0.83%        x132_136 U  88730  88728     41
  88825 66548     2009.5000   222     2017.0000     2000.3000  6958176    0.83%        x113_123 U  88825  85552     26
  88950 66617     2010.4933   303     2017.0000     2000.3000  6968793    0.83%        x104_102 U  88950  85211     23
  89052 66683     2000.6667   255     2017.0000     2000.3125  6979116    0.83%          x96_95 D  89052  11246     34
Elapsed time = 6899.85 sec. (8685234.56 ticks, tree = 11269.12 MB, solutions = 1)
Nodefile size = 9221.46 MB (8295.72 MB after compression)
  89200 66786     2000.6752   313     2017.0000     2000.3194  6988012    0.83%        x111_102 D  89200  84863     38
  89337 66870     2000.8333   218     2017.0000     2000.3333  6997666    0.83%          x10_17 D  89337  77427     35
  89499 66958     2009.0909   225     2017.0000     2000.3333  7006134    0.83%          x16_17 N  89499  89498     28
  89640 67023        cutoff           2017.0000     2000.3333  7014840    0.83%         x105_99 D  89640  13530     22
  89786 67100     2012.1364   303     2017.0000     2000.3333  7023717    0.83%        x106_105 D  89786  21838     30
  89913 67203     2013.8238   271     2017.0000     2000.3438  7033596    0.83%         x103_96 U  89913  89911     25
  90020 67258     2010.1387   305     2017.0000     2000.3529  7043734    0.83%        x141_129 D  90020  28118     46
  90151 67337        cutoff           2017.0000     2000.3571  7053387    0.83%        x105_109 U  90151  23327     19
  90272 67418     2000.7000   272     2017.0000     2000.3632  7062792    0.82%        x103_104 D  90272  65213     29
  90416 67513     2011.5000   234     2017.0000     2000.3667  7072440    0.82%          x97_95 N  90416  89170     24
Elapsed time = 7017.40 sec. (8839376.29 ticks, tree = 11461.40 MB, solutions = 1)
Nodefile size = 9413.64 MB (8469.95 MB after compression)
  90515 67586     2008.7500   281     2017.0000     2000.3750  7083547    0.82%         x97_109 U  90515  90513     52
  90663 67674        cutoff           2017.0000     2000.3750  7091421    0.82%        x132_121 U  90663  79881     45
  90787 67751        cutoff           2017.0000     2000.3889  7101085    0.82%         x96_100 U  90787  90785     23
  90900 67819     2008.6678   326     2017.0000     2000.3966  7109647    0.82%        x101_109 U  90900  70054     52
  91027 67885        cutoff           2017.0000     2000.4000  7119360    0.82%        x106_127 U  91027  80086     35
  91152 67984     2000.6000   290     2017.0000     2000.4091  7129015    0.82%        x120_123 D  91152  91151     29
  91295 68060     2008.2500   238     2017.0000     2000.4167  7137825    0.82%        x130_136 U  91295  91293     36
  91446 68160        cutoff           2017.0000     2000.4167  7146467    0.82%        x142_136 U  91446  91444     31
  91453 68163     2007.7500   262     2017.0000     2000.4167  7157893    0.82%          x97_95 U  91453  24070     15
  91576 68240     2011.9286   251     2017.0000     2000.4286  7167779    0.82%          x97_95 U  91576  71969     24
Elapsed time = 7133.00 sec. (8993857.44 ticks, tree = 11626.84 MB, solutions = 1)
Nodefile size = 9579.42 MB (8620.25 MB after compression)
  91713 68314     2011.5500   282     2017.0000     2000.4375  7177399    0.82%        x120_123 U  91713  87017     30
  91846 68408     2000.5946   298     2017.0000     2000.4451  7187125    0.82%        x143_132 D  91846  91845     39
  91995 68504     2010.7949   255     2017.0000     2000.4513  7196059    0.82%        x137_128 U  91995  91993     37
  92105 68575     2000.6667   267     2017.0000     2000.4583  7205615    0.82%        x132_122 D  92105  78651     38
  92225 68658     2010.8921   305     2017.0000     2000.4667  7215638    0.82%         x102_96 U  92225  82462     26
  92310 68721        cutoff           2017.0000     2000.4750  7226468    0.82%          x97_95 U  92310  92308     14
  92431 68808     2011.3333   234     2017.0000     2000.4836  7236232    0.82%        x132_121 U  92431  53296     29
  92557 68900     2015.9520   279     2017.0000     2000.4972  7246353    0.82%        x101_123 U  92557  87124     30
  92681 68982        cutoff           2017.0000     2000.5000  7257313    0.82%        x104_113 U  92681  92679     29
  92840 69091     2003.0000   234     2017.0000     2000.5000  7265138    0.82%         x101_95 D  92840  92838     43
Elapsed time = 7249.38 sec. (9149200.52 ticks, tree = 11814.10 MB, solutions = 1)
Nodefile size = 9766.89 MB (8790.29 MB after compression)
  92978 69180        cutoff           2017.0000     2000.5000  7274171    0.82%          x98_91 U  92978  92976     44
  93129 69268     2002.0000   237     2017.0000     2000.5000  7283727    0.82%         x99_103 U  93129  81738     24
  93279 69370        cutoff           2017.0000     2000.5000  7292931    0.82%         x105_99 D  93279  68415     28
  93423 69457     2014.1222   300     2017.0000     2000.5000  7302133    0.82%         x103_97 U  93423  86254     23
  93562 69538        cutoff           2017.0000     2000.5000  7311059    0.82%         x105_99 U  93562  18149     26
  93701 69629     2012.5000   221     2017.0000     2000.5000  7319342    0.82%        x120_123 U  93701  93204     27
  93865 69724     2010.0000   258     2017.0000     2000.5000  7328044    0.82%        x103_123 U  93865  90577     30
  94004 69820     2015.5859   305     2017.0000     2000.5000  7337414    0.82%        x103_123 U  94004  93205     28
  94142 69895        cutoff           2017.0000     2000.5000  7346647    0.82%         x98_103 U  94142  14008     32
  94274 69974     2008.4333   273     2017.0000     2000.5000  7356307    0.82%        x116_102 D  94274  94272     40
Elapsed time = 7368.66 sec. (9302731.97 ticks, tree = 12023.30 MB, solutions = 1)
Nodefile size = 9975.85 MB (8978.37 MB after compression)
  94402 70048     2011.8333   247     2017.0000     2000.5000  7364088    0.82%          x88_98 U  94402  93081     37
  94496 70102     2009.0000   295     2017.0000     2000.5000  7375531    0.82%         x109_98 D  94496  78741     18
  94641 70184     2014.9259   278     2017.0000     2000.5000  7384358    0.82%        x102_105 U  94641  19343     30
  94762 70244     2004.5000   277     2017.0000     2000.5000  7392819    0.82%        x100_101 U  94762  94160     24
  94801 70268     2010.8333   254     2017.0000     2000.5000  7407006    0.82%        x137_138 N  94801  94799     42
  94925 70350     2010.8684   292     2017.0000     2000.5000  7416554    0.82%        x100_104 N  94925  94923     30
  95028 70401        cutoff           2017.0000     2000.5000  7426208    0.82%        x130_120 U  95028  74536     31
  95135 70462        cutoff           2017.0000     2000.5000  7435980    0.82%         x105_97 D  95135  95133     38
  95227 70519     2015.2929   339     2017.0000     2000.5107  7447377    0.82%        x106_127 U  95227  88650     27
  95334 70592     2013.6863   265     2017.0000     2000.5196  7457733    0.82%        x130_121 U  95334  86345     43
Elapsed time = 7484.17 sec. (9464515.58 ticks, tree = 12157.21 MB, solutions = 1)
Nodefile size = 10109.56 MB (9099.39 MB after compression)
  95472 70686     2006.4636   282     2017.0000     2000.5294  7467321    0.82%        x120_102 U  95472  42734     39
  95612 70765        cutoff           2017.0000     2000.5355  7475676    0.82%        x130_122 U  95612  92291     29
  95748 70844     2001.1736   307     2017.0000     2000.5433  7484721    0.82%         x105_99 U  95748  34901     22
  95860 70911     2014.7222   270     2017.0000     2000.5513  7493887    0.82%         x102_96 U  95860  73686     23
  95982 71001     2004.7500   257     2017.0000     2000.5577  7503483    0.82%        x100_101 U  95982  95980     37
  96102 71074     2000.7255   310     2017.0000     2000.5652  7512915    0.81%         x101_97 D  96102  80512     30
  96226 71169     2008.2037   287     2017.0000     2000.5714  7521813    0.81%         x95_109 U  96226  96224     44
  96350 71254     2009.5200   280     2017.0000     2000.5748  7530698    0.81%        x101_123 U  96350  94797     40
  96491 71334     2007.5000   278     2017.0000     2000.5833  7539360    0.81%         x109_98 D  96491  41333     18
  96633 71422     2015.0937   265     2017.0000     2000.5862  7548502    0.81%         x103_97 U  96633  96631     35
Elapsed time = 7611.84 sec. (9618492.77 ticks, tree = 12352.57 MB, solutions = 1)
Nodefile size = 10304.93 MB (9276.71 MB after compression)
  96754 71491     2008.3000   301     2017.0000     2000.5952  7557694    0.81%        x103_109 U  96754  32016     36
  96897 71596     2009.7500   262     2017.0000     2000.6000  7565934    0.81%        x102_123 U  96897  91024     26
  97041 71688        cutoff           2017.0000     2000.6087  7575033    0.81%         x100_95 U  97041  97039     37
  97172 71767        cutoff           2017.0000     2000.6143  7583727    0.81%         x100_95 U  97172  22783     16
  97282 71840        cutoff           2017.0000     2000.6212  7593390    0.81%        x130_120 U  97282  32133      9
  97410 71928        cutoff           2017.0000     2000.6250  7602751    0.81%        x130_122 U  97410  89871     33
  97547 72023     2000.7922   238     2017.0000     2000.6288  7611861    0.81%        x101_123 D  97547  97546     35
  97673 72097     2015.5000   263     2017.0000     2000.6377  7621174    0.81%        x114_123 N  97673  96078     65
  97782 72155     2009.7500   275     2017.0000     2000.6429  7630066    0.81%         x98_103 U  97782  84060     52
  97899 72230        cutoff           2017.0000     2000.6510  7639439    0.81%          x99_95 U  97899  66827     24
Elapsed time = 7732.03 sec. (9772389.12 ticks, tree = 12546.66 MB, solutions = 1)
Nodefile size = 10499.50 MB (9453.44 MB after compression)
  98012 72308     2001.9000   307     2017.0000     2000.6603  7648740    0.81%        x143_141 D  98012   1033     13
  98144 72402     2002.7473   277     2017.0000     2000.6667  7658400    0.81%         x105_99 D  98144  42887     34
  98252 72477     2003.6667   259     2017.0000     2000.6667  7668318    0.81%        x100_104 U  98252  82586     23
  98384 72573     2002.8373   300     2017.0000     2000.6667  7677877    0.81%        x139_134 N  98384  60346     42
  98521 72663     2004.0000   288     2017.0000     2000.6667  7686332    0.81%        x111_102 U  98521  98519     25
  98654 72737     2012.0104   306     2017.0000     2000.6667  7694578    0.81%        x130_122 N  98654  72841     19
  98777 72807     2009.4306   240     2017.0000     2000.6714  7703491    0.81%          x18_20 N  98777  79711     43
  98867 72867     2012.1875   340     2017.0000     2000.6795  7714672    0.81%        x130_122 N  98867  66007     14
  98960 72918        cutoff           2017.0000     2000.6854  7724367    0.81%         x105_99 D  98960  60801     28
  99099 72991     2003.2222   299     2017.0000     2000.6923  7733335    0.81%         x92_102 U  99099  35223     26
Elapsed time = 7849.67 sec. (9926480.08 ticks, tree = 12729.79 MB, solutions = 1)
Nodefile size = 10681.95 MB (9618.84 MB after compression)
  99243 73089     2003.5000   213     2017.0000     2000.7000  7742231    0.81%        x116_102 N  99243  99241     35
  99393 73188     2009.1818   273     2017.0000     2000.7000  7749759    0.81%        x103_109 U  99393  99391     47
  99515 73257     2011.0000   236     2017.0000     2000.7071  7759225    0.81%        x113_123 U  99515  32305     21
  99567 73295     2011.8333   335     2017.0000     2000.7083  7771039    0.81%         x109_98 D  99567  72895     22
  99689 73354     2012.4524   260     2017.0000     2000.7152  7779828    0.81%        x104_102 N  99689  92466     33
  99816 73448     2009.5000   240     2017.0000     2000.7222  7788969    0.81%        x120_123 U  99816  96989     22
  99960 73551     2005.8000   265     2017.0000     2000.7273  7797834    0.81%         x102_96 D  99960  52936     29
 100052 73619     2001.4167   288     2017.0000     2000.7333  7807982    0.81%         x98_103 U 100052  21779     23
 100172 73697     2010.3864   312     2017.0000     2000.7414  7818055    0.81%        x137_145 N 100172  88337     20
 100290 73766        cutoff           2017.0000     2000.7500  7827844    0.81%         x104_99 U 100290  50702     30
Elapsed time = 7967.16 sec. (10083273.16 ticks, tree = 12913.46 MB, solutions = 1)
Nodefile size = 10865.84 MB (9785.87 MB after compression)
 100430 73835     2001.0000   249     2017.0000     2000.7500  7835920    0.81%        x106_105 U 100430 100429     26
 100567 73928     2002.5000   258     2017.0000     2000.7500  7843865    0.81%         x102_96 D 100567  42205     25
 100693 73997     2012.7500   291     2017.0000     2000.7500  7853319    0.81%        x132_143 N 100693  86029     49
 100814 74052        cutoff           2017.0000     2000.7500  7862141    0.81%         x103_97 U 100814  59098     33
 100941 74122        cutoff           2017.0000     2000.7596  7871414    0.81%        x130_122 U 100941  88435     32
 101045 74191     2005.0000   292     2017.0000     2000.7667  7881108    0.80%         x101_97 N 101045  20920     31
 101162 74258        cutoff           2017.0000     2000.7727  7890423    0.80%         x98_103 U 101162  34926     49
 101288 74344        cutoff           2017.0000     2000.7778  7899737    0.80%        x106_105 U 101288 101287     50
 101397 74411     2010.0000   226     2017.0000     2000.7848  7909717    0.80%        x113_123 U 101397  40760     22
 101540 74517     2003.2000   275     2017.0000     2000.7879  7917564    0.80%         x105_99 D 101540  80805     17
Elapsed time = 8082.85 sec. (10236750.17 ticks, tree = 13096.01 MB, solutions = 1)
Nodefile size = 11048.94 MB (9952.00 MB after compression)
 101644 74585     2004.5414   308     2017.0000     2000.7981  7927157    0.80%         x103_96 N 101644 100153     16
 101778 74671     2006.5000   252     2017.0000     2000.8000  7935953    0.80%        x100_101 U 101778 101776     47
 101892 74743     2008.0374   297     2017.0000     2000.8063  7945006    0.80%         x105_99 D 101892 101890     24
 102023 74821     2015.7143   292     2017.0000     2000.8148  7953618    0.80%        x104_127 U 102023 102021     36
 102143 74902     2000.8729   278     2017.0000     2000.8214  7962927    0.80%        x126_130 N 102143  90271     36
 102237 74959        cutoff           2017.0000     2000.8286  7972615    0.80%        x132_122 U 102237 102235     40
 102382 75062     2000.8333   231     2017.0000     2000.8333  7980571    0.80%         x105_99 U 102382  92532     36
 102525 75148        cutoff           2017.0000     2000.8333  7989111    0.80%          x96_99 U 102525  66783     40
 102680 75265     2007.0897   276     2017.0000     2000.8333  7996995    0.80%        x113_123 U 102680  93918     25
 102801 75340        cutoff           2017.0000     2000.8333  8005702    0.80%         x103_98 U 102801  76842     53
Elapsed time = 8197.40 sec. (10390195.27 ticks, tree = 13292.64 MB, solutions = 1)
Nodefile size = 11245.75 MB (10130.47 MB after compression)
 102952 75441     2011.1316   298     2017.0000     2000.8333  8013601    0.80%        x137_138 U 102952  89999     40
 103057 75494        cutoff           2017.0000     2000.8375  8023551    0.80%         x105_99 U 103057  88409     28
 103144 75533        cutoff           2017.0000     2000.8462  8034178    0.80%        x104_108 U 103144 102383     38
 103248 75594     2004.6000   269     2017.0000     2000.8529  8043830    0.80%        x102_105 D 103248  13768     26
 103384 75678     2000.8736   274     2017.0000     2000.8571  8052218    0.80%        x112_123 N 103384 103383     25
 103494 75730     2007.1970   237     2017.0000     2000.8636  8061777    0.80%        x132_133 U 103494  98795     36
 103602 75804     2008.3594   288     2017.0000     2000.8646  8069264    0.80%        x132_133 U 103602 103600     40
 103697 75871     2012.3750   289     2017.0000     2000.8712  8079314    0.80%         x95_109 N 103697  87925     31
 103808 75932     2002.8125   279     2017.0000     2000.8750  8088799    0.80%        x101_104 D 103808 103807     32
 103931 75999     2001.0333   301     2017.0000     2000.8779  8098126    0.80%        x137_145 D 103931 103930     19
Elapsed time = 8309.63 sec. (10545440.07 ticks, tree = 13451.60 MB, solutions = 1)
Nodefile size = 11404.17 MB (10274.50 MB after compression)
 104046 76073     2014.2727   289     2017.0000     2000.8848  8107524    0.80%        x100_104 U 104046  89037     40
 104177 76163        cutoff           2017.0000     2000.8929  8116339    0.80%        x106_105 D 104177  83523     35
 104312 76232     2001.9565   281     2017.0000     2000.9000  8124822    0.80%        x116_102 D 104312  91510     29
 104448 76306     2000.9000   281     2017.0000     2000.9000  8133085    0.80%        x104_108 D 104448   8200     22
 104556 76368     2000.9135   252     2017.0000     2000.9098  8142953    0.80%        x122_123 D 104556 100148     30
 104700 76467     2001.4250   297     2017.0000     2000.9167  8151615    0.80%         x100_95 D 104700  48905     23
 104862 76582     2001.5000   289     2017.0000     2000.9167  8159419    0.80%         x101_97 N 104862  13966     23
 104981 76657     2007.6111   278     2017.0000     2000.9230  8168862    0.80%         x92_102 D 104981  90237     26
 105098 76736     2009.0000   265     2017.0000     2000.9286  8178658    0.80%        x116_102 U 105098 105096     37
 105217 76808     2002.3333   236     2017.0000     2000.9333  8187803    0.80%        x130_132 U 105217 105215     43
Elapsed time = 8426.10 sec. (10698941.58 ticks, tree = 13648.21 MB, solutions = 1)
Nodefile size = 11600.43 MB (10452.49 MB after compression)
 105356 76888        cutoff           2017.0000     2000.9375  8197073    0.80%        x105_100 U 105356  68473     26
 105486 76965     2001.1581   242     2017.0000     2000.9444  8206595    0.80%        x139_131 D 105486  63539     58
 105605 77031     2007.0000   277     2017.0000     2000.9455  8214719    0.80%        x111_102 U 105605  99749     35
 105730 77099     2010.2083   263     2017.0000     2000.9545  8223948    0.80%         x101_97 U 105730  27472     26
 105865 77180     2004.4167   294     2017.0000     2000.9615  8232429    0.80%         x98_103 U 105865 102061     34
 105973 77246     2015.5595   259     2017.0000     2000.9667  8241660    0.79%         x101_97 U 105973  26776     39
 106074 77299     2009.4000   282     2017.0000     2000.9750  8250884    0.79%        x101_102 U 106074 103333     32
 106195 77379        cutoff           2017.0000     2000.9848  8260202    0.79%        x132_122 U 106195  70110     44
 106300 77438     2014.3648   325     2017.0000     2000.9970  8269984    0.79%         x101_97 U 106300   5857     34
 106439 77531     2009.5000   213     2017.0000     2001.0000  8278866    0.79%        x101_104 U 106439 102392     25
Elapsed time = 8542.02 sec. (10852584.16 ticks, tree = 13825.57 MB, solutions = 1)
Nodefile size = 11777.89 MB (10613.93 MB after compression)
 106589 77648     2006.5000   232     2017.0000     2001.0000  8287569    0.79%        x104_103 U 106589  37455     33
 106734 77737     2014.2193   233     2017.0000     2001.0000  8295367    0.79%        x113_102 U 106734 106732     53
 106890 77866     2008.5172   283     2017.0000     2001.0000  8303148    0.79%        x134_133 U 106890 106889     38
 107037 77959     2004.5000   204     2017.0000     2001.0000  8310986    0.79%        x100_104 N 107037 107035     37
 107180 78062     2014.6429   222     2017.0000     2001.0000  8319385    0.79%          x10_20 N 107180 107178     45
 107301 78126     2015.9881   313     2017.0000     2001.0000  8327634    0.79%         x105_99 N 107301 107299     34
 107443 78193     2009.0000   268     2017.0000     2001.0000  8335693    0.79%        x143_132 U 107443  94455     28
 107570 78270     2002.9860   310     2017.0000     2001.0000  8345182    0.79%        x120_102 D 107570  57945     25
 107717 78358        cutoff           2017.0000     2001.0000  8352928    0.79%         x99_109 U 107717 107715     42
 107847 78435     2003.3333   246     2017.0000     2001.0000  8361577    0.79%        x111_102 D 107847 107845     40
Elapsed time = 8660.21 sec. (11006057.60 ticks, tree = 14046.33 MB, solutions = 1)
Nodefile size = 11998.82 MB (10813.49 MB after compression)
 107981 78496     2011.0357   267     2017.0000     2001.0000  8369249    0.79%         x105_99 U 107981   4776     27
 108127 78567     2013.7857   264     2017.0000     2001.0000  8377473    0.79%        x116_102 U 108127 108124     40
 108270 78631     2001.6333   283     2017.0000     2001.0000  8386089    0.79%         x103_96 D 108270  27125     28
 108390 78684     2001.3415   308     2017.0000     2001.0000  8394769    0.79%        x105_109 D 108390  98561     11
 108524 78739     2015.9742   299     2017.0000     2001.0000  8403399    0.79%        x108_105 N 108524 105441     34
 108658 78815     2006.0093   275     2017.0000     2001.0000  8412261    0.79%        x104_109 N 108658  50895     23
 108781 78887     2001.0250   285     2017.0000     2001.0143  8421320    0.79%        x102_105 D 108781  30873     35
 108897 78947     2001.3434   339     2017.0000     2001.0222  8429921    0.79%        x103_104 N 108897  75768     14
 109017 79019     2012.2803   252     2017.0000     2001.0303  8438797    0.79%        x103_104 U 109017  49613     36
 109122 79081     2007.7946   312     2017.0000     2001.0363  8448221    0.79%        x104_105 N 109122  84737     24
Elapsed time = 8775.43 sec. (11159516.03 ticks, tree = 14209.91 MB, solutions = 1)
Nodefile size = 12163.17 MB (10962.81 MB after compression)
 109210 79133     2013.9988   265     2017.0000     2001.0417  8458098    0.79%         x103_96 U 109210  79462     28
 109278 79181     2014.2667   260     2017.0000     2001.0450  8468972    0.79%        x100_104 U 109278 109276     30
 109386 79241     2001.0867   290     2017.0000     2001.0538  8478362    0.79%         x98_103 D 109386 109385     21
 109513 79319        cutoff           2017.0000     2001.0593  8487074    0.79%        x132_122 U 109513 109511     30
 109606 79379     2006.1667   221     2017.0000     2001.0652  8497263    0.79%        x112_102 N 109606  99735     24
 109736 79433     2006.4570   271     2017.0000     2001.0714  8505390    0.79%        x139_131 U 109736  93202     39
 109863 79480     2013.3000   233     2017.0000     2001.0779  8513758    0.79%        x120_123 N 109863 106832     34
 110000 79565     2008.3535   306     2017.0000     2001.0833  8522667    0.79%        x120_102 U 110000 109638     59
 110160 79673     2009.8636   291     2017.0000     2001.0870  8530998    0.79%        x104_103 U 110160 110158     36
 110299 79765     2002.3667   285     2017.0000     2001.0958  8540142    0.79%          x97_95 N 110299 110298     27
Elapsed time = 8890.92 sec. (11313526.15 ticks, tree = 14378.39 MB, solutions = 1)
Nodefile size = 12330.65 MB (11115.00 MB after compression)
 110408 79838        cutoff           2017.0000     2001.1000  8549615    0.79%         x105_99 U 110408  43819     26
 110546 79918     2015.5727   291     2017.0000     2001.1000  8558043    0.79%        x132_134 N 110546 110544     43
 110675 79991     2004.1140   292     2017.0000     2001.1087  8566704    0.79%        x128_131 U 110675 110673     35
 110804 80068     2001.3636   250     2017.0000     2001.1136  8574191    0.79%        x103_104 N 110804  49018     32
 110907 80146     2002.1463   289     2017.0000     2001.1202  8583580    0.79%         x103_97 D 110907  12350     29
 111018 80215     2004.2576   276     2017.0000     2001.1250  8591749    0.79%        x104_105 D 111018  75480     28
 111137 80284     2007.6134   278     2017.0000     2001.1250  8599807    0.79%        x100_104 U 111137  84034     37
 111220 80335     2004.2000   292     2017.0000     2001.1316  8608615    0.79%        x104_109 D 111220  69111     15
 111253 80362     2003.2121   295     2017.0000     2001.1329  8619322    0.79%         x105_99 U 111253  39326     30
 111312 80406     2015.2466   321     2017.0000     2001.1375  8630113    0.79%        x104_103 U 111312 100027     32
Elapsed time = 9009.48 sec. (11468621.13 ticks, tree = 14514.35 MB, solutions = 1)
Nodefile size = 12466.93 MB (11238.71 MB after compression)
 111424 80475        cutoff           2017.0000     2001.1429  8637655    0.79%        x130_122 U 111424  98713     27
 111517 80517     2002.0389   290     2017.0000     2001.1500  8645681    0.79%        x106_105 U 111517  64739     24
 111624 80583     2015.3750   298     2017.0000     2001.1563  8653393    0.79%         x103_97 U 111624   3671     15
 111728 80643     2007.2381   286     2017.0000     2001.1667  8662916    0.78%         x105_97 D 111728  97670     37
 111799 80688     2014.1667   268     2017.0000     2001.1667  8673080    0.78%        x104_102 U 111799 101033     31
 111878 80743     2015.8333   253     2017.0000     2001.1667  8690352    0.78%        x101_104 U 111878 111876     44
 112000 80808        cutoff           2017.0000     2001.1667  8697945    0.78%        x102_106 U 112000 111998     34
 112150 80903     2001.4167   268     2017.0000     2001.1667  8705266    0.78%        x105_109 D 112150  52488     27
 112275 80973     2001.9107   274     2017.0000     2001.1667  8713273    0.78%         x101_95 N 112275  93561     47
 112412 81064     2002.0714   247     2017.0000     2001.1667  8721175    0.78%        x132_133 D 112412 112411     38
Elapsed time = 9141.38 sec. (11633131.43 ticks, tree = 14611.22 MB, solutions = 1)
Nodefile size = 12563.79 MB (11326.13 MB after compression)
 112533 81137     2012.3333   271     2017.0000     2001.1667  8728803    0.78%        x100_104 U 112533  91586     31
 112610 81177        cutoff           2017.0000     2001.1667  8736938    0.78%         x109_98 D 112610  44970     37
 112706 81232     2014.9949   285     2017.0000     2001.1682  8745294    0.78%        x104_122 N 112706 104053     30
 112801 81293     2013.0000   248     2017.0000     2001.1774  8754337    0.78%        x108_130 U 112801 106139     50
 112900 81345     2005.1863   269     2017.0000     2001.1863  8762805    0.78%         x103_97 U 112900 110856     19
 112992 81398        cutoff           2017.0000     2001.1884  8772379    0.78%        x106_122 U 112992 109809     39
 113034 81426     2009.7000   303     2017.0000     2001.1910  8786318    0.78%         x103_96 N 113034  20011     15
 113147 81483     2001.9242   271     2017.0000     2001.2000  8794173    0.78%         x101_95 D 113147   8306     19
 113229 81537     2009.1250   281     2017.0000     2001.2000  8802466    0.78%        x101_104 D 113229 113227     33
 113365 81622     2015.6216   281     2017.0000     2001.2043  8810282    0.78%        x104_113 U 113365  91633     35
Elapsed time = 9269.23 sec. (11789436.37 ticks, tree = 14715.88 MB, solutions = 1)
Nodefile size = 12668.45 MB (11420.78 MB after compression)
 113478 81705        cutoff           2017.0000     2001.2083  8819025    0.78%        x102_106 U 113478  90155     25
 113584 81781     2002.0000   265     2017.0000     2001.2143  8827424    0.78%        x143_132 D 113584  97829     28
 113666 81809     2002.1875   274     2017.0000     2001.2167  8836129    0.78%        x132_136 D 113666 113665     27
 113762 81865     2009.3750   226     2017.0000     2001.2222  8844901    0.78%        x103_104 U 113762  65169     47
 113858 81933     2001.2812   265     2017.0000     2001.2286  8854070    0.78%        x137_145 D 113858 113857     17
 113973 82005     2003.4646   319     2017.0000     2001.2333  8862999    0.78%         x105_97 D 113973 106253     25
 114000 82020     2004.8306   351     2017.0000     2001.2351  8872989    0.78%        x104_105 N 114000 113998     15
 114114 82093     2006.8381   293     2017.0000     2001.2423  8881131    0.78%         x101_97 U 114114 103491     28
 114224 82162     2003.4964   309     2017.0000     2001.2500  8888777    0.78%         x105_97 D 114224  65375     22
 114346 82240     2002.8500   256     2017.0000     2001.2500  8895546    0.78%        x104_105 U 114346  91329     26
Elapsed time = 9396.10 sec. (11943940.43 ticks, tree = 14783.34 MB, solutions = 1)
Nodefile size = 12736.21 MB (11482.43 MB after compression)
 114470 82316     2006.1667   273     2017.0000     2001.2500  8902980    0.78%         x98_103 U 114470   9787     29
 114608 82405     2001.6429   281     2017.0000     2001.2500  8909609    0.78%        x101_103 D 114608 114607     44
 114716 82460     2005.2500   293     2017.0000     2001.2500  8919456    0.78%        x120_102 U 114716  35273     28
 114805 82509        cutoff           2017.0000     2001.2500  8933934    0.78%        x105_100 U 114805  25774     21
 114921 82574     2002.6982   283     2017.0000     2001.2571  8942390    0.78%        x102_105 D 114921  20254     29
 115023 82626     2003.2083   252     2017.0000     2001.2639  8950769    0.78%        x132_136 U 115023 105724     37
 115143 82702     2001.5811   278     2017.0000     2001.2692  8958877    0.78%         x98_102 D 115143 101582     44
 115247 82746     2009.1118   294     2017.0000     2001.2755  8967776    0.78%         x102_96 N 115247 115245     33
 115329 82794     2009.1667   278     2017.0000     2001.2778  8977025    0.78%        x104_102 D 115329 115327     32
 115442 82859        cutoff           2017.0000     2001.2846  8986295    0.78%         x102_96 U 115442 103090     60
Elapsed time = 9527.73 sec. (12106530.81 ticks, tree = 14913.98 MB, solutions = 1)
Nodefile size = 12866.52 MB (11599.90 MB after compression)
 115549 82934        cutoff           2017.0000     2001.2857  8994590    0.78%         x105_99 U 115549  71731     33
 115574 82944     2002.3974   295     2017.0000     2001.2885  9006732    0.78%         x102_96 U 115574 115572     27
 115707 83030     2008.1667   298     2017.0000     2001.2931  9013118    0.78%         x101_97 U 115707  25867     23
 115819 83106        cutoff           2017.0000     2001.3000  9021039    0.78%        x130_122 U 115819  48104     17
 115942 83174     2001.5556   289     2017.0000     2001.3000  9029280    0.78%         x105_99 U 115942  95750     25
 116024 83209     2002.1880   300     2017.0000     2001.3036  9037285    0.78%        x143_132 D 116024  58696     44
 116116 83269     2011.2353   287     2017.0000     2001.3095  9048608    0.78%         x106_99 N 116116 116114     28
 116156 83291     2009.2800   293     2017.0000     2001.3125  9059179    0.78%        x113_123 N 116156 115751     40
 116247 83341        cutoff           2017.0000     2001.3182  9067622    0.78%        x139_143 U 116247  20872     44
 116339 83403     2009.3750   290     2017.0000     2001.3264  9075779    0.78%         x101_97 U 116339  30355     16
Elapsed time = 9658.35 sec. (12266139.43 ticks, tree = 14998.08 MB, solutions = 1)
Nodefile size = 12950.77 MB (11676.02 MB after compression)
 116435 83466     2009.0000   278     2017.0000     2001.3333  9083931    0.78%        x104_113 U 116435 116433     36
 116565 83544        cutoff           2017.0000     2001.3333  9091963    0.78%        x130_132 U 116565 116562     38
 116692 83637     2012.2222   257     2017.0000     2001.3333  9099380    0.78%        x143_132 U 116692  59758     28
 116774 83686     2011.8333   216     2017.0000     2001.3333  9117313    0.78%        x136_145 U 116774  51902     27
 116882 83755     2007.8000   264     2017.0000     2001.3333  9123793    0.78%         x92_109 D 116882 116881     44
 117001 83826     2001.3611   284     2017.0000     2001.3333  9131638    0.78%        x130_122 N 117001  92222     39
 117111 83882     2001.9015   361     2017.0000     2001.3355  9139197    0.78%        x132_133 D 117111   6385     15
 117215 83951        cutoff           2017.0000     2001.3429  9147833    0.78%        x106_124 U 117215  15334     38
 117324 84028     2004.6071   278     2017.0000     2001.3500  9155661    0.78%        x103_123 N 117324  41351     29
 117433 84078        cutoff           2017.0000     2001.3529  9163614    0.78%         x103_96 U 117433  38870     31
Elapsed time = 9795.18 sec. (12431866.58 ticks, tree = 15102.94 MB, solutions = 1)
Nodefile size = 13055.56 MB (11770.34 MB after compression)
 117487 84099     2004.4983   328     2017.0000     2001.3571  9175515    0.78%         x92_102 D 117487  20672     19
 117600 84165     2001.6346   237     2017.0000     2001.3611  9183636    0.78%          x10_20 D 117600  84980     31
 117694 84225     2002.2493   308     2017.0000     2001.3641  9192215    0.78%         x92_102 U 117694  92181     33
 117792 84274        cutoff           2017.0000     2001.3683  9201816    0.77%        x100_104 U 117792 117790     44
 117843 84307     2014.1678   324     2017.0000     2001.3750  9219097    0.77%        x104_108 U 117843 117841     22
 117944 84385     2002.0909   285     2017.0000     2001.3750  9227934    0.77%          x96_99 D 117944 110433     21
 118073 84470     2001.9667   297     2017.0000     2001.3750  9234426    0.77%         x105_99 N 118073  97312     29
 118195 84548     2001.5000   246     2017.0000     2001.3831  9242252    0.77%        x103_104 D 118195  37609     44
 118279 84597     2011.4086   252     2017.0000     2001.3889  9251190    0.77%         x103_96 U 118279 102306     27
 118405 84672     2011.7500   240     2017.0000     2001.3908  9258859    0.77%         x98_103 U 118405 118403     35
Elapsed time = 9926.85 sec. (12598712.20 ticks, tree = 15214.17 MB, solutions = 1)
Nodefile size = 13166.80 MB (11871.12 MB after compression)
 118514 84732        cutoff           2017.0000     2001.3977  9267087    0.77%        x101_102 U 118514 118512     42
 118641 84822        cutoff           2017.0000     2001.4000  9274575    0.77%        x104_125 U 118641 118055     59
 118746 84877     2002.6667   253     2017.0000     2001.4048  9281995    0.77%        x101_103 D 118746  60438     37
 118839 84932     2003.7571   311     2017.0000     2001.4127  9290024    0.77%        x100_101 D 118839 118838     49
 118949 84996     2002.8333   273     2017.0000     2001.4167  9299027    0.77%         x102_96 D 118949 118948     28
 119058 85046     2010.5794   265     2017.0000     2001.4167  9318061    0.77%        x100_104 U 119058 119056     31
 119163 85105        cutoff           2017.0000     2001.4231  9325745    0.77%        x105_100 U 119163  33393     39
 119260 85168     2013.5000   239     2017.0000     2001.4286  9334195    0.77%        x102_105 N 119260  13635     26
 119367 85229     2009.2500   274     2017.0000     2001.4333  9341949    0.77%        x143_132 U 119367 119365     45
 119481 85295     2015.8333   289     2017.0000     2001.4375  9350171    0.77%         x105_99 N 119481 119479     32
Elapsed time = 10063.71 sec. (12766505.09 ticks, tree = 15320.20 MB, solutions = 1)
Nodefile size = 13272.65 MB (11966.81 MB after compression)
 119600 85364        cutoff           2017.0000     2001.4444  9356990    0.77%        x100_104 U 119600  56274     32
 119701 85427     2011.3501   341     2017.0000     2001.4500  9376863    0.77%        x103_123 N 119701 119699     24
 119819 85500     2001.5000   279     2017.0000     2001.4545  9384704    0.77%        x105_100 D 119819 119818     29
 119927 85564     2003.1034   312     2017.0000     2001.4595  9392730    0.77%         x96_109 U 119927 119925     46
 120017 85614        cutoff           2017.0000     2001.4656  9400091    0.77%         x101_97 U 120017  91222     34
 120135 85681     2014.9194   275     2017.0000     2001.4716  9407995    0.77%        x102_106 U 120135 106018     43
 120234 85748        cutoff           2017.0000     2001.4784  9416183    0.77%         x102_96 U 120234 120232     24
 120330 85784     2001.5370   268     2017.0000     2001.4854  9424046    0.77%        x132_143 D 120330 120329     46
 120413 85825     2010.9040   312     2017.0000     2001.4944  9432320    0.77%        x106_105 D 120413  27852     31
 120417 85829     2014.9454   370     2017.0000     2001.4952  9445006    0.77%        x137_145 U 120417 120415     27
Elapsed time = 10206.63 sec. (12940091.68 ticks, tree = 15421.31 MB, solutions = 1)
Nodefile size = 13373.50 MB (12058.50 MB after compression)
 120530 85889     2011.2500   243     2017.0000     2001.5000  9452360    0.77%        x110_107 U 120530 120528     51
 120652 85951     2010.3333   249     2017.0000     2001.5000  9459650    0.77%         x109_98 D 120652  51355     15
 120750 85999     2002.2500   244     2017.0000     2001.5000  9466163    0.77%         x102_96 U 120750  77342     25
 120881 86055     2009.5000   198     2017.0000     2001.5000  9472662    0.77%        x103_104 D 120881 120879     33
 120998 86139     2012.3077   262     2017.0000     2001.5000  9480204    0.77%          x97_95 U 120998 120996     27
 121131 86246     2015.5000   208     2017.0000     2001.5000  9487425    0.77%        x113_121 U 121131 121129     30
 121251 86318     2012.5000   232     2017.0000     2001.5000  9494206    0.77%         x103_96 U 121251  31068     25
 121362 86390     2002.6512   328     2017.0000     2001.5000  9510347    0.77%         x102_96 N 121362   3335     21
 121472 86453     2007.4113   304     2017.0000     2001.5000  9517089    0.77%         x98_103 U 121472  41121     23
 121606 86555     2014.8000   244     2017.0000     2001.5000  9524621    0.77%         x102_96 U 121606  31289     18
Elapsed time = 10346.75 sec. (13103142.29 ticks, tree = 15436.79 MB, solutions = 1)
Nodefile size = 13389.18 MB (12071.21 MB after compression)
 121729 86638     2012.6667   239     2017.0000     2001.5000  9532330    0.77%        x114_102 D 121729 121728     40
 121863 86729     2014.6083   287     2017.0000     2001.5000  9539396    0.77%        x111_102 U 121863  66337     44
 121964 86796     2006.7500   262     2017.0000     2001.5000  9547487    0.77%        x104_113 D 121964 121962     34
 122109 86888        cutoff           2017.0000     2001.5000  9554477    0.77%           x10_5 U 122109 122106     53
 122215 86947        cutoff           2017.0000     2001.5000  9563976    0.77%         x109_98 D 122215  41349     27
 122337 87004     2003.5667   254     2017.0000     2001.5000  9571873    0.77%        x139_134 D 122337  67176     31
 122369 87010     2011.2500   262     2017.0000     2001.5000  9586135    0.77%        x104_127 U 122369 122367     38
 122496 87091     2011.4048   274     2017.0000     2001.5000  9594203    0.77%         x101_97 U 122496  61509     10
 122601 87150     2010.2143   272     2017.0000     2001.5000  9601541    0.77%         x102_96 U 122601 108893     28
 122721 87227     2006.5000   250     2017.0000     2001.5000  9609905    0.77%         x105_99 D 122721  54882     35
Elapsed time = 10476.38 sec. (13263398.07 ticks, tree = 15610.69 MB, solutions = 1)
Nodefile size = 13562.75 MB (12227.38 MB after compression)
 122835 87289     2010.0000   266     2017.0000     2001.5000  9616692    0.77%        x132_121 D 122835 122834     31
 122963 87369     2009.7000   274     2017.0000     2001.5000  9623662    0.77%          x12_23 U 122963 108245     48
 123079 87428     2014.8333   267     2017.0000     2001.5000  9630836    0.77%        x101_104 U 123079 122921     19
 123169 87474     2010.0833   287     2017.0000     2001.5000  9640506    0.77%         x105_99 N 123169  24748     24
 123251 87514     2011.8636   246     2017.0000     2001.5000  9654309    0.77%          x20_17 U 123251 123248     36
 123298 87537     2002.7667   235     2017.0000     2001.5000  9664093    0.77%         x105_99 N 123298  12033     32
 123404 87589     2012.2222   275     2017.0000     2001.5000  9671776    0.77%          x97_95 U 123404 109260     19
 123476 87631     2010.8571   328     2017.0000     2001.5000  9679921    0.77%        x104_108 N 123476  66724     23
 123563 87654     2001.7428   272     2017.0000     2001.5032  9686977    0.77%        x141_129 U 123563 123562     34
 123570 87657     2006.4821   307     2017.0000     2001.5038  9696956    0.77%         x103_97 U 123570  86656     27
Elapsed time = 10605.88 sec. (13424091.14 ticks, tree = 15735.17 MB, solutions = 1)
Nodefile size = 13687.84 MB (12340.17 MB after compression)
 123661 87712     2002.8854   303     2017.0000     2001.5125  9705556    0.77%        x100_104 U 123661 111481     27
 123776 87787        cutoff           2017.0000     2001.5214  9713330    0.77%        x104_107 U 123776 103927     25
 123873 87850        cutoff           2017.0000     2001.5286  9721203    0.77%        x130_120 U 123873  18477     11
 123992 87940     2011.8333   229     2017.0000     2001.5333  9728955    0.77%        x137_128 U 123992  54351     36
 124112 88013     2003.0847   312     2017.0000     2001.5398  9736437    0.77%        x105_107 D 124112  44230     18
 124126 88016     2014.9470   260     2017.0000     2001.5412  9747679    0.77%        x141_129 D 124126 113889     30
 124224 88077     2003.2744   277     2017.0000     2001.5476  9755142    0.77%        x100_101 D 124224 111158     51
 124335 88133     2013.4474   270     2017.0000     2001.5500  9762508    0.77%        x143_132 U 124335 124333     22
 124437 88198     2003.2333   251     2017.0000     2001.5556  9771036    0.77%         x92_102 D 124437 124435     31
 124557 88272     2002.1505   306     2017.0000     2001.5602  9778510    0.77%         x92_102 U 124557 124556     21
Elapsed time = 10736.97 sec. (13579319.96 ticks, tree = 15855.25 MB, solutions = 1)
Nodefile size = 13807.76 MB (12448.43 MB after compression)
 124671 88332     2014.9464   258     2017.0000     2001.5652  9785510    0.77%        x107_123 U 124671 123591     40
 124773 88392     2001.9734   318     2017.0000     2001.5681  9794259    0.77%        x106_105 U 124773 112897     27
 124875 88448     2011.3095   253     2017.0000     2001.5714  9803024    0.76%        x120_123 U 124875 124872     30
 124944 88482     2009.8056   302     2017.0000     2001.5744  9818462    0.76%        x103_104 N 124944 124942     40

Clique cuts applied:  2
Cover cuts applied:  2
Zero-half cuts applied:  60
User cuts applied:  27550

Root node processing (before b&c):
  Real time             =    6.40 sec. (9109.85 ticks)
Sequential b&c:
  Real time             = 10793.62 sec. (13648920.70 ticks)
                          ------------
Total (root+branch&cut) = 10800.02 sec. (13658030.55 ticks)

