Version identifier: 22.1.0.0 | 2022-03-09 | 1a383f8ce
CPXPARAM_Preprocessing_Reduce                    1
CPXPARAM_Threads                                 1
CPXPARAM_Preprocessing_Reformulations            0
CPXPARAM_Emphasis_MIP                            2
CPXPARAM_MIP_Limits_CutPasses                    1000
CPXPARAM_TimeLimit                               10800
CPXPARAM_MIP_Tolerances_AbsMIPGap                0.999
CPXPARAM_MIP_Limits_TreeMemory                   20000
Legacy callback                                  BbLUID
         Disabling repeat represolve because of lazy constraint/incumbent callback.
1 of 1 MIP starts provided solutions.
MIP start 'm1' defined initial solution with objective 2189.0000.
Tried aggregator 1 time.
MIP Presolve eliminated 13335 rows and 0 columns.
MIP Presolve modified 1440 coefficients.
Reduced MIP has 1904 rows, 7657 columns, and 29410 nonzeros.
Reduced MIP has 7657 binaries, 0 generals, 0 SOSs, and 0 indicators.
Presolve time = 0.01 sec. (26.15 ticks)
Probing time = 0.00 sec. (3.63 ticks)
Clique table members: 1904.
MIP emphasis: optimality.
MIP search method: traditional branch-and-cut.
Parallel mode: none, using 1 thread.
Root relaxation solution time = 0.01 sec. (30.26 ticks)

        Nodes                                         Cuts/
   Node  Left     Objective  IInf  Best Integer    Best Bound    ItCnt     Gap         Variable B NodeID Parent  Depth

*     0+    0                         2189.0000        0.0000           100.00%
      0     0     2108.5000    32     2189.0000     2108.5000     1707    3.68%
      0     0     2125.0000    18     2189.0000      Cuts: 66     1783    2.92%
      0     0     2125.5000    48     2189.0000      Cuts: 47     1879    2.90%
      0     0     2126.5000    30     2189.0000      Cuts: 40     1914    2.86%
      0     0     2126.5000    46     2189.0000       Cuts: 4     1920    2.86%
      0     0     2126.6667    82     2189.0000       Cuts: 3     1956    2.85%
      0     0     2126.6667    92     2189.0000       Cuts: 6     1972    2.85%
      0     0     2127.0000    96     2189.0000      Cuts: 16     1985    2.83%
      0     0     2136.0000   100     2189.0000      Cuts: 11     2027    2.42%
      0     0     2137.8333    94     2189.0000      Cuts: 10     2058    2.34%
      0     0     2138.1667    98     2189.0000      Cuts: 27     2083    2.32%
      0     0     2138.1667   106     2189.0000      Cuts: 19     2094    2.32%
      0     0     2139.0000    88     2189.0000      Cuts: 16     2128    2.28%
      0     0     2139.4000   119     2189.0000      Cuts: 16     2139    2.27%
      0     0     2139.8000   156     2189.0000       Cuts: 8     2156    2.25%
      0     0     2141.2143   116     2189.0000      Cuts: 11     2197    2.18%
      0     0     2142.0000    64     2189.0000      Cuts: 26     2224    2.15%
      0     0     2142.0833   128     2189.0000      Cuts: 22     2248    2.14%
      0     0     2143.0000   109     2189.0000      Cuts: 20     2268    2.10%
      0     0     2144.2222   123     2189.0000      Cuts: 25     2311    2.05%
      0     0     2144.3333    99     2189.0000      Cuts: 32     2345    2.04%
      0     0     2144.5000   178     2189.0000      Cuts: 84     2422    2.03%
      0     0     2144.5000   104     2189.0000      Cuts: 13     2429    2.03%
      0     0     2144.5000   200     2189.0000       Cuts: 9     2447    2.03%
      0     0     2144.5000   203     2189.0000      Cuts: 12     2457    2.03%
      0     0     2144.5857   216     2189.0000      Cuts: 11     2489    2.03%
      0     0     2144.7333   222     2189.0000      Cuts: 10     2502    2.02%
      0     0     2144.8571   227     2189.0000      Cuts: 32     2554    2.02%
      0     0     2144.8636   234     2189.0000      Cuts: 22     2607    2.02%
      0     0     2145.0000   229     2189.0000      Cuts: 30     2651    2.01%
      0     0     2145.0000   225     2189.0000      Cuts: 24     2755    2.01%
      0     0     2145.0000   242     2189.0000      Cuts: 25     2799    2.01%
      0     0     2145.0000   142     2189.0000      Cuts: 33     2841    2.01%
      0     0     2145.0000   135     2189.0000      Cuts: 17     2853    2.01%
      0     0     2145.0714   221     2189.0000       Cuts: 9     2884    2.01%
      0     0     2145.0714   220     2189.0000      Cuts: 11     2909    2.01%
      0     0     2145.0714   212     2189.0000       Cuts: 4     2918    2.01%
      0     0     2145.1667   178     2189.0000      Cuts: 19     2939    2.00%
      0     0     2145.1667   199     2189.0000      Cuts: 16     2967    2.00%
      0     0     2145.1667   201     2189.0000      Cuts: 11     2976    2.00%
      0     0     2145.2000   177     2189.0000       Cuts: 9     3001    2.00%
      0     0     2145.2500   219     2189.0000      Cuts: 15     3026    2.00%
      0     0     2145.3333   232     2189.0000       Cuts: 9     3045    1.99%
      0     0     2145.3333   223     2189.0000      User: 19     3087    1.99%
      0     0     2145.3333   223     2189.0000       User: 8     3090    1.99%
      0     0     2145.3333   283     2189.0000      User: 21     3198    1.99%
      0     0     2145.3333   222     2189.0000      User: 17     3215    1.99%
      0     0     2145.3333   242     2189.0000      Cuts: 34     3265    1.99%
      0     0     2145.3333   301     2189.0000      Cuts: 33     3310    1.99%
      0     0     2145.3333   307     2189.0000      Cuts: 23     3376    1.99%
      0     0     2145.3333   330     2189.0000       Cuts: 9     3453    1.99%
      0     0     2145.3333   328     2189.0000      User: 11     3481    1.99%
      0     0     2145.3333   323     2189.0000       Cuts: 7     3505    1.99%
      0     0     2145.3333   332     2189.0000      Cuts: 15     3539    1.99%
      0     0     2145.3333   328     2189.0000       User: 4     3551    1.99%
      0     0     2145.3333   326     2189.0000      User: 15     3676    1.99%
      0     0     2145.3333   310     2189.0000      Cuts: 12     3761    1.99%
      0     0     2145.3333   291     2189.0000      Cuts: 20     3786    1.99%
      0     0     2145.3333   278     2189.0000      User: 11     3829    1.99%
      0     0     2145.3333   285     2189.0000       User: 5     3849    1.99%
      0     0     2145.3333   270     2189.0000      Cuts: 12     3868    1.99%
      0     0     2145.3333   272     2189.0000       User: 4     3878    1.99%
      0     0     2145.3333   270     2189.0000      User: 15     3887    1.99%
      0     0     2145.3333   286     2189.0000      Cuts: 21     3963    1.99%
      0     0     2145.3333   288     2189.0000       Cuts: 6     3994    1.99%
      0     0     2145.3333   283     2189.0000      User: 13     4000    1.99%
      0     0     2145.3333   287     2189.0000      Cuts: 10     4004    1.99%
      0     0     2145.3333   273     2189.0000       Cuts: 7     4015    1.99%
      0     0     2145.3333   272     2189.0000      Cuts: 17     4028    1.99%
      0     0     2145.3333   269     2189.0000      Cuts: 21     4057    1.99%
      0     0     2145.3333   280     2189.0000      User: 12     4098    1.99%
      0     0     2145.3333   273     2189.0000      Cuts: 11     4127    1.99%
      0     0     2145.3333   277     2189.0000      Cuts: 18     4140    1.99%
      0     0     2145.3333   275     2189.0000      Cuts: 14     4162    1.99%
      0     0     2145.3333   279     2189.0000      User: 15     4207    1.99%
      0     0     2145.3333   291     2189.0000       User: 8     4211    1.99%
      0     0     2145.3333   281     2189.0000      Cuts: 10     4224    1.99%
      0     0     2145.3333   303     2189.0000      Cuts: 16     4259    1.99%
      0     0     2145.3333   286     2189.0000       Cuts: 9     4286    1.99%
      0     0     2145.3333   289     2189.0000       Cuts: 9     4329    1.99%
      0     0     2145.3333   301     2189.0000       Cuts: 9     4386    1.99%
      0     0     2145.3333   284     2189.0000       Cuts: 7     4401    1.99%
      0     0     2145.3333   321     2189.0000      Cuts: 13     4437    1.99%
      0     0     2145.3333   320     2189.0000       Cuts: 6     4463    1.99%
      0     0     2145.3333   322     2189.0000       Cuts: 3     4473    1.99%
      0     0     2145.3333   327     2189.0000       Cuts: 6     4522    1.99%
      0     0     2145.3333   315     2189.0000      Cuts: 10     4635    1.99%
      0     0     2145.3333   320     2189.0000      Cuts: 13     4672    1.99%
      0     0     2145.3333   320     2189.0000      Cuts: 17     4737    1.99%
      0     0     2145.3333   323     2189.0000       Cuts: 8     4744    1.99%
      0     0     2145.3333   290     2189.0000       Cuts: 7     4787    1.99%
      0     0     2145.3333   331     2189.0000      Cuts: 13     4833    1.99%
      0     0     2145.3333   316     2189.0000      Cuts: 17     4844    1.99%
      0     0     2145.3333   309     2189.0000      Cuts: 10     4867    1.99%
      0     0     2145.3333   287     2189.0000       Cuts: 8     4911    1.99%
      0     0     2145.3333   307     2189.0000      Cuts: 15     4971    1.99%
      0     0     2145.3333   311     2189.0000       Cuts: 8     4992    1.99%
      0     0     2145.3333   321     2189.0000       User: 4     4995    1.99%
      0     0     2147.3333   339     2189.0000       Cuts: 3     5023    1.90%
      0     0     2149.3333   315     2189.0000   ZeroHalf: 6     5080    1.81%
      0     0     2149.3333   330     2189.0000      Cuts: 19     5107    1.81%
      0     0     2149.5833   356     2189.0000       Cuts: 7     5160    1.80%
      0     0     2149.5833   359     2189.0000      Cuts: 22     5190    1.80%
      0     0     2149.6667   347     2189.0000       Cuts: 8     5198    1.80%
      0     0     2150.3333   309     2189.0000      Cuts: 15     5241    1.77%
      0     0     2150.3333   312     2189.0000      Cuts: 22     5274    1.77%
      0     0     2150.3333   313     2189.0000      Cuts: 15     5301    1.77%
      0     0     2150.3333   306     2189.0000      Cuts: 14     5331    1.77%
      0     0     2150.3333   293     2189.0000      Cuts: 17     5346    1.77%
      0     0     2150.3333   292     2189.0000       Cuts: 8     5401    1.77%
      0     0     2150.3333   294     2189.0000      Cuts: 17     5437    1.77%
      0     0     2150.3333   297     2189.0000      Cuts: 16     5463    1.77%
      0     0     2150.3333   317     2189.0000      Cuts: 12     5501    1.77%
      0     0     2150.3333   296     2189.0000      Cuts: 14     5515    1.77%
      0     0     2150.3333   269     2189.0000      Cuts: 19     5582    1.77%
      0     0     2150.3333   265     2189.0000      Cuts: 22     5618    1.77%
      0     0     2150.3333   327     2189.0000      Cuts: 17     5688    1.77%
      0     0     2150.3333   310     2189.0000       Cuts: 6     5738    1.77%
      0     0     2150.3333   317     2189.0000       Cuts: 9     5776    1.77%
      0     0     2150.3333   301     2189.0000      Cuts: 13     5826    1.77%
      0     0     2150.3333   318     2189.0000       Cuts: 6     5878    1.77%
      0     0     2150.3333   307     2189.0000       Cuts: 7     5929    1.77%
      0     0     2150.3333   308     2189.0000      Cuts: 15     5956    1.77%
      0     0     2151.3333   319     2189.0000       Cuts: 3     6012    1.72%
      0     0     2152.0000   340     2189.0000   ZeroHalf: 7     6039    1.69%
      0     0     2152.3333   316     2189.0000      Cuts: 27     6084    1.68%
      0     0     2153.8333   368     2189.0000      Cuts: 13     6165    1.61%
      0     0     2154.0833   360     2189.0000      Cuts: 19     6207    1.60%
      0     0     2154.0833   369     2189.0000      Cuts: 20     6277    1.60%
      0     0     2154.1667   374     2189.0000      Cuts: 14     6325    1.59%
      0     0     2154.8333   364     2189.0000      Cuts: 21     6384    1.56%
      0     0     2154.8333   376     2189.0000      Cuts: 11     6412    1.56%
      0     0     2155.0000   390     2189.0000      Cuts: 13     6438    1.55%
      0     0     2155.3333   345     2189.0000      Cuts: 14     6470    1.54%
      0     0     2156.3333   368     2189.0000       Cuts: 7     6508    1.49%
      0     0     2156.3333   367     2189.0000      Cuts: 10     6551    1.49%
      0     0     2156.3333   358     2189.0000   ZeroHalf: 4     6603    1.49%
      0     0     2156.3333   386     2189.0000      Cuts: 10     6664    1.49%
      0     0     2156.3333   337     2189.0000       Cuts: 7     6693    1.49%
      0     0     2156.3333   330     2189.0000      Cuts: 13     6728    1.49%
      0     0     2156.3333   335     2189.0000      Cuts: 10     6754    1.49%
      0     0     2156.3333   341     2189.0000       Cuts: 6     6774    1.49%
      0     0     2156.3333   339     2189.0000       Cuts: 9     6782    1.49%
      0     0     2156.3333   338     2189.0000       Cuts: 9     6806    1.49%
      0     0     2156.3333   334     2189.0000       Cuts: 2     6827    1.49%
      0     0     2156.4103   381     2189.0000       Cuts: 3     6837    1.49%
      0     0     2156.4762   379     2189.0000      Cuts: 20     6850    1.49%
      0     0     2156.5333   375     2189.0000   ZeroHalf: 3     6865    1.48%
      0     0     2156.5333   382     2189.0000       Cuts: 7     6872    1.48%
      0     0     2156.5333   393     2189.0000   ZeroHalf: 2     6879    1.48%
      0     0     2156.5833   374     2189.0000   ZeroHalf: 1     6887    1.48%
      0     0     2156.8333   365     2189.0000   ZeroHalf: 8     6905    1.47%
      0     0     2156.8333   343     2189.0000       Cuts: 6     6913    1.47%
      0     0     2156.8333   354     2189.0000   ZeroHalf: 7     6939    1.47%
      0     0     2156.8333   362     2189.0000   ZeroHalf: 1     6942    1.47%
      0     0     2156.8333   366     2189.0000       Cuts: 4     6944    1.47%
      0     0     2156.8333   369     2189.0000   ZeroHalf: 2     6963    1.47%
      0     0     2157.0000   359     2189.0000       Cuts: 8     6977    1.46%
      0     0     2157.0000   370     2189.0000      Cuts: 12     6991    1.46%
      0     0     2157.1333   368     2189.0000       Cuts: 8     7013    1.46%
      0     0     2157.1515   374     2189.0000   ZeroHalf: 4     7027    1.45%
      0     0     2157.3333   345     2189.0000   ZeroHalf: 3     7093    1.45%
      0     0     2157.6190   371     2189.0000       Cuts: 8     7131    1.43%
      0     0     2157.6190   372     2189.0000  ZeroHalf: 10     7146    1.43%
      0     0     2157.6190   379     2189.0000   ZeroHalf: 5     7164    1.43%
      0     0     2157.6190   380     2189.0000   ZeroHalf: 4     7176    1.43%
      0     0     2157.6333   382     2189.0000      Cuts: 17     7215    1.43%
      0     0     2157.6533   380     2189.0000      Cuts: 10     7238    1.43%
      0     0     2157.8333   375     2189.0000   ZeroHalf: 6     7268    1.42%
      0     0     2157.8596   353     2189.0000   ZeroHalf: 4     7298    1.42%
      0     0     2157.8889   379     2189.0000       Cuts: 5     7324    1.42%
      0     0     2157.8889   379     2189.0000   ZeroHalf: 2     7325    1.42%
      0     2     2157.8889   391     2189.0000     2157.8889     7325    1.42%                        0             0
Elapsed time = 6.07 sec. (7919.21 ticks, tree = 0.01 MB, solutions = 1)
      1     3     2158.5198   369     2189.0000     2158.5556     7396    1.39%          x50_44 N      1      0      1
      2     4     2158.6786   354     2189.0000     2158.5556     7426    1.39%        x210_215 D      2      1      2
      3     5     2158.9643   353     2189.0000     2158.5556     7445    1.39%        x214_213 U      3      2      3
      4     6     2159.3643   344     2189.0000     2158.5556     7509    1.39%        x209_210 N      4      3      4
      5     7     2159.5111   301     2189.0000     2158.5556     7690    1.39%          x22_20 N      5      4      5
      7     9     2160.0000   295     2189.0000     2158.5556     7803    1.39%          x58_55 N      7      6      7
     10    12     2161.5863   334     2189.0000     2158.5556     8342    1.39%          x52_45 N     10      9     10
     14    16     2164.4200   299     2189.0000     2158.5556     8870    1.39%          x43_45 N     14     12     12
     20    22     2164.3472   286     2189.0000     2158.5556     8949    1.39%        x217_214 D     20     19     18
     34    36     2181.9000   271     2189.0000     2158.5556     9666    1.39%          x43_35 N     34     31     27
Elapsed time = 9.31 sec. (13707.81 ticks, tree = 0.24 MB, solutions = 1)
     54    56     2174.2857   227     2189.0000     2158.5556    10645    1.39%          x33_15 N     54     53     42
     75    69     2182.3929   270     2189.0000     2158.5556    11118    1.39%          x56_58 N     75     74     63
     92    73     2158.8889   334     2189.0000     2158.8734    11987    1.38%          x50_44 N     92      0      1
    100    81     2162.0370   287     2189.0000     2158.8734    12497    1.38%          x43_45 N    100     98      7
    112    93     2164.8750   263     2189.0000     2158.8734    13378    1.38%          x18_10 N    112    111     16
    132   108     2177.9286   302     2189.0000     2158.8734    14456    1.38%          x45_43 N    132    131     33
    158   121     2166.2939   349     2189.0000     2158.8889    43063    1.38%        x214_213 N    158      2      3
    162   125     2177.7846   333     2189.0000     2159.6310    44775    1.34%          x22_20 N    162      4      5
    165   128     2168.2505   345     2189.0000     2159.8000    49965    1.33%        x214_213 N    165     97      6
    170   133     2162.1871   344     2189.0000     2160.9222    51937    1.28%          x52_47 N    170     11     11
Elapsed time = 24.19 sec. (39094.57 ticks, tree = 0.70 MB, solutions = 1)
    181   144     2161.4118   334     2189.0000     2161.4118    53657    1.26%        x216_217 N    181    174      8
    195   156     2171.6667   293     2189.0000     2162.3500    79171    1.22%          x50_41 N    195     10     11
    204   164     2162.6333   310     2189.0000     2162.6333    80770    1.20%          x39_43 D    204    196     13
    216   173     2169.7667   332     2189.0000     2163.1214    82143    1.18%           x18_9 N    216    107     13
    224   181     2170.6667   319     2189.0000     2163.4301    83805    1.17%          x18_10 N    224     17     16
    237   194     2176.6639   319     2189.0000     2163.8265    87008    1.15%          x43_54 N    237    171      5
    250   207     2164.7778   338     2189.0000     2164.2478    89026    1.13%          x50_41 D    250    228     12
    259   215     2174.9667   362     2189.0000     2164.4615    90847    1.12%          x45_56 N    259     14     13
    270   226     2167.2946   306     2189.0000     2164.6000    92591    1.11%          x11_14 N    270    110     15
    274   230     2167.6333   412     2189.0000     2164.6667   106172    1.11%          x39_53 N    274    273     19
Elapsed time = 40.12 sec. (66692.99 ticks, tree = 2.39 MB, solutions = 1)
    289   245     2170.8823   328     2189.0000     2164.8333   107963    1.10%          x45_56 N    289    263     13
    300   255     2165.8000   357     2189.0000     2165.0333   109099    1.09%        x212_214 D    300    231     16
    317   272     2184.5694   296     2189.0000     2165.1667   111101    1.09%          x58_54 N    317    290     14
    333   288     2165.8596   298     2189.0000     2165.2083   112235    1.09%          x39_43 D    333    331     17
    343   298     2175.7576   339     2189.0000     2165.4667   113513    1.08%          x33_45 N    343    279     16
    360   310     2166.0351   281     2189.0000     2165.8000   114993    1.06%          x46_42 D    360    359     16
    382   332     2167.0556   322     2189.0000     2166.0000   116752    1.05%          x41_44 N    382    177      6
    409   355     2166.4872   315     2189.0000     2166.1667   118881    1.04%          x52_45 D    409    407     19
    428   367     2187.9333   273     2189.0000     2166.3386   120959    1.04%          x55_54 N    428    406     18
    445   380        cutoff           2189.0000     2166.5667   122384    1.02%          x57_54 U    445    443     19
Elapsed time = 50.51 sec. (76969.57 ticks, tree = 10.17 MB, solutions = 1)
    461   395     2172.4444   329     2189.0000     2166.7684   123947    1.02%          x18_10 U    461    373     14
    480   413     2166.8431   341     2189.0000     2166.8492   125567    1.01%          x18_10 D    480    444     20
    500   431     2178.8000   315     2189.0000     2166.9667   127425    1.01%          x53_45 N    500    457     16
    526   454     2170.8736   314     2189.0000     2167.1417   129173    1.00%          x43_45 U    526    524     12
    544   471     2169.0774   354     2189.0000     2167.2078   131147    1.00%          x51_44 D    544    247     15
    560   482     2172.4167   316     2189.0000     2167.3303   133157    0.99%          x45_44 N    560    225     10
    581   502     2168.0000   229     2189.0000     2167.4286   134514    0.99%          x17_10 N    581    580     23
    600   518     2179.5632   315     2189.0000     2167.5861   136098    0.98%          x56_54 N    600    248     20
    623   535     2181.2500   268     2189.0000     2167.7143   138186    0.97%          x44_49 N    623    119     22
    645   551        cutoff           2189.0000     2167.8161   139715    0.97%          x55_54 U    645    262     13
Elapsed time = 61.99 sec. (87316.97 ticks, tree = 17.57 MB, solutions = 1)
    662   566     2181.7333   309     2189.0000     2167.8667   141098    0.97%          x53_47 N    662    504     24
    681   585     2171.5000   259     2189.0000     2168.0000   142780    0.96%          x11_14 N    681    581     24
    697   601     2168.1556   441     2189.0000     2168.1234   148515    0.95%          x44_54 N    697    198     16
    720   624     2174.0000   236     2189.0000     2168.1667   149812    0.95%        x193_214 U    720    718     30
    740   642        cutoff           2189.0000     2168.2222   151832    0.95%          x56_54 N    740    697     17
    753   655     2175.0152   435     2189.0000     2168.3000   153624    0.95%          x33_45 U    753    701     21
    771   672     2169.0596   339     2189.0000     2168.3802   155203    0.94%          x53_47 N    771    321     18
    800   701     2170.6596   370     2189.0000     2168.4417   156635    0.94%          x45_44 D    800    521      5
    820   718     2181.1667   267     2189.0000     2168.4776   158312    0.94%          x29_30 U    820     26     23
    835   733     2170.4127   362     2189.0000     2168.5000   159615    0.94%        x217_212 N    835    833     24
Elapsed time = 74.80 sec. (100950.17 ticks, tree = 29.29 MB, solutions = 1)
    850   748     2169.9762   324     2189.0000     2168.5667   161052    0.93%          x40_41 U    850    577     25
    872   767     2169.1556   301     2189.0000     2168.6465   162811    0.93%          x22_13 N    872    159      3
    892   785     2185.6095   365     2189.0000     2168.6707   164376    0.93%          x45_58 N    892    222     14
    916   809     2180.4444   274     2189.0000     2168.7500   166274    0.93%          x34_45 N    916     28     25
    944   833        cutoff           2189.0000     2168.8333   168167    0.92%          x56_66 U    944    897     26
    960   846     2187.3350   314     2189.0000     2168.9056   169776    0.92%          x56_54 N    960    903     17
    985   867     2169.3333   285     2189.0000     2168.9583   171295    0.92%          x17_10 D    985    505     24
   1003   881     2173.0000   252     2189.0000     2169.0000   172397    0.91%        x217_212 U   1003    867     23
   1020   898     2169.2010   360     2189.0000     2169.0000   174174    0.91%           x9_11 D   1020    520      5
   1046   924     2178.6333   323     2189.0000     2169.0000   175083    0.91%          x50_54 N   1046   1045     27
Elapsed time = 85.94 sec. (110832.48 ticks, tree = 42.90 MB, solutions = 1)
   1078   945     2178.2074   343     2189.0000     2169.0661   176717    0.91%          x39_53 N   1078    314      8
   1097   960     2186.0000   307     2189.0000     2169.0857   178276    0.91%          x56_54 N   1097    932      9
   1121   980     2179.1667   284     2189.0000     2169.1250   179668    0.91%          x40_47 N   1121   1090     23
   1156  1013     2169.1935   324     2189.0000     2169.1875   181556    0.91%           x9_11 D   1156    384     18
   1181  1037     2177.8095   298     2189.0000     2169.2417   183223    0.90%           x9_11 N   1181    384     18
   1200  1053     2178.5758   357     2189.0000     2169.2919   184794    0.90%          x53_51 N   1200   1199     17
   1227  1079     2169.3231   312     2189.0000     2169.3231   186526    0.90%          x53_47 D   1227    933     16
   1250  1100     2181.8095   287     2189.0000     2169.3436   188166    0.90%          x18_11 U   1250    902     18
   1271  1118     2187.6750   291     2189.0000     2169.3667   189952    0.90%          x53_54 N   1271   1269     17
   1286  1131     2169.3768   319     2189.0000     2169.3769   190862    0.90%          x54_39 D   1286   1092     25
Elapsed time = 97.45 sec. (120874.83 ticks, tree = 57.44 MB, solutions = 1)
   1315  1151     2170.1701   315     2189.0000     2169.4286   192660    0.89%          x40_41 N   1315    919     27
   1326  1162     2180.4167   293     2189.0000     2169.4500   194210    0.89%          x44_40 N   1326   1324     22
   1329  1165     2172.6250   294     2189.0000     2169.4688   198766    0.89%        x212_214 N   1329    255     10
   1351  1178     2173.9924   318     2189.0000     2169.5000   200264    0.89%          x58_55 N   1351   1349     29
   1381  1198        cutoff           2189.0000     2169.5489   201467    0.89%          x53_43 U   1381    899     28
   1404  1213     2173.4792   315     2189.0000     2169.6083   203473    0.89%          x15_16 N   1404    977     21
   1429  1232     2170.0000   245     2189.0000     2169.6667   205239    0.88%          x17_10 D   1429   1207     22
   1448  1250     2183.8625   367     2189.0000     2169.6667   206825    0.88%          x58_54 N   1448    763     12
   1478  1274     2169.7255   347     2189.0000     2169.7308   208513    0.88%          x44_49 D   1478   1325     23
   1503  1293     2169.9130   372     2189.0000     2169.7667   209802    0.88%          x18_11 D   1503   1259     36
Elapsed time = 109.24 sec. (132820.15 ticks, tree = 69.18 MB, solutions = 1)
   1520  1303     2170.2500   217     2189.0000     2169.8000   211410    0.88%          x15_17 N   1520   1344     33
   1543  1323     2175.7333   261     2189.0000     2169.8333   213066    0.88%          x18_10 U   1543   1162     25
   1571  1349     2170.5294   238     2189.0000     2169.8627   214815    0.87%        x192_212 D   1571   1570     29
   1594  1368     2178.4583   305     2189.0000     2169.8889   216171    0.87%          x57_56 U   1594   1592     26
   1619  1391     2171.8333   341     2189.0000     2169.9242   218102    0.87%          x39_43 D   1619    566     23
   1641  1412     2175.4143   312     2189.0000     2169.9385   219738    0.87%          x44_54 U   1641    192      9
   1667  1437     2183.1296   333     2189.0000     2169.9630   221102    0.87%           x5_11 N   1667   1655     42
   1694  1453     2174.4167   226     2189.0000     2170.0000   222656    0.87%          x33_15 N   1694   1491     31
   1718  1475     2174.1250   255     2189.0000     2170.0000   224142    0.87%          x11_14 U   1718   1429     23
   1835  1573     2171.5063   385     2189.0000     2170.0790   229489    0.86%          x52_56 D   1835   1834      9
Elapsed time = 124.32 sec. (145593.46 ticks, tree = 89.89 MB, solutions = 1)
   1901  1631     2180.9167   292     2189.0000     2170.1667   235683    0.86%          x44_54 U   1901   1509     16
   1990  1707     2173.9306   370     2189.0000     2170.2750   241735    0.86%          x52_45 U   1990    958     15
   2088  1784     2178.6667   274     2189.0000     2170.3818   248369    0.85%          x57_56 U   2088   2086     27
   2188  1868     2172.0659   344     2189.0000     2170.5000   255325    0.85%          x52_45 D   2188   1192     10
   2312  1977     2175.5269   288     2189.0000     2170.5476   261102    0.84%          x39_43 U   2312   2310     12
   2417  2059     2172.1667   261     2189.0000     2170.6667   266987    0.84%          x11_35 U   2417    733     21
   2462  2098     2185.5833   324     2189.0000     2170.6667   274827    0.84%          x39_37 N   2462   1472     25
   2549  2181     2180.5054   335     2189.0000     2170.7500   280953    0.83%          x15_18 N   2549     38     32
   2659  2267     2175.8986   371     2189.0000     2170.8413   286149    0.83%          x57_56 U   2659    274     20
   2768  2361     2171.4163   371     2189.0000     2170.9394   291983    0.83%          x56_54 N   2768    289     14
Elapsed time = 167.95 sec. (185383.87 ticks, tree = 152.26 MB, solutions = 1)
   2878  2454     2184.6000   227     2189.0000     2171.0000   297473    0.82%           x10_5 N   2878   2876     51
   2983  2540     2183.8000   277     2189.0000     2171.0000   302883    0.82%          x44_53 U   2983   2981     42
   3073  2603     2173.8889   277     2189.0000     2171.0513   308871    0.82%          x33_15 U   3073   2676     27
   3160  2680     2184.0083   276     2189.0000     2171.1389   315230    0.82%          x33_45 N   3160   3142     32
   3242  2746     2181.7802   347     2189.0000     2171.1867   321723    0.81%          x55_49 U   3242   3201     33
   3321  2815     2174.0000   271     2189.0000     2171.2500   328215    0.81%          x33_45 U   3321   2622     18
   3395  2873     2171.8602   337     2189.0000     2171.3269   334861    0.81%          x50_41 D   3395   2129     23
   3472  2938     2177.0380   367     2189.0000     2171.3611   341433    0.81%          x18_11 N   3472   1636      7
   3552  3004     2171.5789   272     2189.0000     2171.4286   348163    0.80%           x18_9 N   3552   3180     23
   3644  3074     2175.6667   254     2189.0000     2171.5000   354670    0.80%          x18_11 D   3644   3643     25
Elapsed time = 209.33 sec. (224008.69 ticks, tree = 211.02 MB, solutions = 1)
   3721  3138     2185.7500   254     2189.0000     2171.5000   359764    0.80%          x31_34 D   3721   3720     39
   3800  3204     2184.9450   311     2189.0000     2171.5333   365882    0.80%          x43_40 U   3800   3798     14
   3860  3251     2174.9167   315     2189.0000     2171.5833   372459    0.80%           x10_8 U   3860   3856     33
   3936  3316     2186.0130   267     2189.0000     2171.6667   378448    0.79%          x29_15 N   3936   3934     33
   3989  3354     2180.6667   294     2189.0000     2171.6726   383668    0.79%          x52_56 U   3989   1161     20
   4045  3393     2184.6667   310     2189.0000     2171.7292   389414    0.79%          x39_37 N   4045   4042     32
   4151  3474     2171.9000   341     2189.0000     2171.7635   394959    0.79%          x52_41 D   4151   3603     22
   4202  3513     2180.5714   265     2189.0000     2171.8115   401667    0.79%           x18_9 U   4202   3372     33
   4279  3569     2188.0000   234     2189.0000     2171.8333   407367    0.78%           x10_5 D   4279   4278     55
   4336  3612     2171.9345   376     2189.0000     2171.8795   413033    0.78%          x43_40 D   4336   4335     46
Elapsed time = 246.45 sec. (262711.79 ticks, tree = 254.31 MB, solutions = 1)
   4424  3681     2172.1404   324     2189.0000     2171.9180   417951    0.78%          x43_45 D   4424   4423     33
   4465  3722     2175.7239   337     2189.0000     2171.9193   426055    0.78%          x52_54 N   4465   4463     64
   4548  3797     2178.6560   381     2189.0000     2171.9667   432222    0.78%          x45_56 N   4548   2657     12
   4633  3865     2180.9286   296     2189.0000     2172.0000   437554    0.78%          x14_10 N   4633   4631     70
   4727  3932     2177.6017   302     2189.0000     2172.0000   441137    0.78%          x15_16 D   4727   4726     53
   4821  4012     2178.9800   331     2189.0000     2172.0000   445751    0.78%          x31_44 D   4821   4820     81
   4927  4080     2187.3676   265     2189.0000     2172.0000   449838    0.78%          x31_41 N   4927   4926     65
   5009  4127        cutoff           2189.0000     2172.0758   455486    0.77%          x39_29 U   5009   3151     19
   5101  4203     2172.2599   355     2189.0000     2172.1162   461090    0.77%          x56_47 D   5101   4198     25
   5183  4268     2183.0833   231     2189.0000     2172.1500   467125    0.77%          x17_35 U   5183   5143     65
Elapsed time = 286.66 sec. (303367.11 ticks, tree = 315.10 MB, solutions = 1)
   5259  4316        cutoff           2189.0000     2172.1732   473319    0.77%          x45_35 U   5259   4389     46
   5334  4372     2172.4118   308     2189.0000     2172.2114   478487    0.77%          x22_13 D   5334    235     11
   5415  4427     2173.0000   207     2189.0000     2172.2500   484116    0.77%          x11_14 D   5415   4686     25
   5504  4480     2172.9444   337     2189.0000     2172.2917   489897    0.76%          x17_10 D   5504   3209     53
   5583  4541     2181.0817   308     2189.0000     2172.3250   496020    0.76%          x57_56 U   5583   4204     26
   5681  4617        cutoff           2189.0000     2172.3333   500081    0.76%          x43_40 U   5681   5679     76
   5745  4676     2172.3617   309     2189.0000     2172.3636   506528    0.76%           x0_11 D   5745   5248     38
   5835  4744     2180.8667   275     2189.0000     2172.4000   512819    0.76%           x9_11 U   5835   5579     21
   5906  4783     2174.1218   342     2189.0000     2172.4333   518715    0.76%          x52_45 U   5906    499      5
   5966  4832     2172.5484   284     2189.0000     2172.4697   525042    0.76%          x44_54 N   5966    630     12
Elapsed time = 324.76 sec. (341851.37 ticks, tree = 369.85 MB, solutions = 1)
   6060  4907     2184.9091   235     2189.0000     2172.5000   529686    0.75%          x20_12 N   6060   6059     68
   6152  4965     2172.5000   258     2189.0000     2172.5000   534985    0.75%          x20_12 D   6152   5000     53
   6233  5021        cutoff           2189.0000     2172.5191   539938    0.75%          x45_51 U   6233   5113     48
   6317  5085     2182.5833   322     2189.0000     2172.5507   546450    0.75%          x44_54 U   6317   5436     11
   6387  5150     2175.8333   312     2189.0000     2172.5833   553030    0.75%           x9_22 D   6387   6386     29
   6461  5202     2172.8798   323     2189.0000     2172.6190   558982    0.75%          x40_33 D   6461   1639     24
   6491  5229     2187.7669   416     2189.0000     2172.6313   569992    0.75%          x39_37 U   6491   5992     13
   6564  5283     2183.3333   218     2189.0000     2172.6667   575774    0.75%          x17_26 N   6564   5145     67
   6687  5388        cutoff           2189.0000     2172.6667   580116    0.75%          x14_15 U   6687   6685    107
   6750  5436     2172.9792   345     2189.0000     2172.6667   584977    0.75%          x11_14 D   6750   1252     29
Elapsed time = 363.83 sec. (383723.07 ticks, tree = 427.78 MB, solutions = 1)
   6821  5491     2174.1100   352     2189.0000     2172.6711   590282    0.75%          x39_37 D   6821   2362     18
   6889  5540     2181.2909   335     2189.0000     2172.7101   596204    0.74%          x17_11 U   6889   5536     11
   6985  5613     2175.2143   281     2189.0000     2172.7407   601121    0.74%          x17_10 U   6985   6983     32
   7072  5676     2180.4352   288     2189.0000     2172.7500   607548    0.74%          x43_40 N   7072   7070     26
   7152  5724     2183.6000   223     2189.0000     2172.8077   613368    0.74%          x24_15 U   7152   7150     68
   7224  5777        cutoff           2189.0000     2172.8333   618694    0.74%          x42_39 U   7224   7223     17
   7304  5826        cutoff           2189.0000     2172.8788   624254    0.74%          x52_41 U   7304   5500     26
   7387  5877     2182.3333   279     2189.0000     2172.9121   629331    0.73%          x43_35 U   7387   6844     29
   7465  5924     2188.0000   216     2189.0000     2172.9583   634724    0.73%          x43_32 D   7465   7463     47
   7544  5981     2175.5000   258     2189.0000     2173.0000   640797    0.73%          x15_17 D   7544   3959     19
Elapsed time = 402.86 sec. (422839.90 ticks, tree = 486.06 MB, solutions = 1)
   7643  6069     2174.0000   246     2189.0000     2173.0000   645015    0.73%          x10_17 U   7643   6347     26
   7754  6171     2183.6667   231     2189.0000     2173.0000   648779    0.73%          x34_35 D   7754   7753     51
   7865  6256     2176.2857   207     2189.0000     2173.0000   652703    0.73%          x26_15 U   7865   5215     33
   7930  6304     2175.3671   391     2189.0000     2173.0000   660935    0.73%          x45_49 N   7930   6488     18
   8041  6393     2182.6000   245     2189.0000     2173.0000   664805    0.73%          x16_10 U   8041   7876     36
   8134  6470     2181.6250   272     2189.0000     2173.0000   669408    0.73%          x13_16 U   8134   8131     82
   8230  6545     2185.0000   250     2189.0000     2173.0000   674342    0.73%          x52_56 U   8230   8228     37
   8310  6604     2179.4133   349     2189.0000     2173.0000   679556    0.73%          x16_10 U   8310   8308     48
   8392  6651     2182.4598   342     2189.0000     2173.0330   684341    0.73%          x17_11 U   8392   5384     19
   8455  6700     2173.3167   308     2189.0000     2173.0667   689101    0.73%          x43_34 D   8455   7129     54
Elapsed time = 443.89 sec. (464300.32 ticks, tree = 554.80 MB, solutions = 1)
   8528  6754        cutoff           2189.0000     2173.0924   694668    0.73%          x45_41 U   8528   4175     27
   8598  6808     2177.8583   294     2189.0000     2173.1250   700190    0.73%        x212_214 U   8598    256      9
   8662  6850     2173.3333   280     2189.0000     2173.1667   705636    0.72%           x9_22 D   8662   8185     17
   8737  6914     2180.2500   232     2189.0000     2173.1912   711124    0.72%           x10_2 U   8737   8629     53
   8829  6984     2173.2857   257     2189.0000     2173.2143   716519    0.72%          x16_10 D   8829   8828     30
   8918  7049     2180.3333   326     2189.0000     2173.2500   721710    0.72%           x18_9 U   8918   5558     33
   9033  7136     2183.7576   304     2189.0000     2173.2500   725916    0.72%          x17_12 D   9033   9032     28
   9098  7174     2186.0000   293     2189.0000     2173.2718   731375    0.72%           x4_11 U   9098   7326     19
   9168  7218     2173.7025   366     2189.0000     2173.3125   736998    0.72%          x18_11 D   9168   8433     14
   9243  7278     2176.6667   268     2189.0000     2173.3333   741939    0.72%          x33_15 N   9243   9241     35
Elapsed time = 482.35 sec. (502756.41 ticks, tree = 619.38 MB, solutions = 1)
   9304  7322     2178.6667   277     2189.0000     2173.3333   747062    0.72%          x43_34 U   9304   9302     30
   9374  7366     2176.5000   275     2189.0000     2173.3750   752382    0.71%           x9_22 D   9374   9373     24
   9456  7436     2173.5000   227     2189.0000     2173.4000   757458    0.71%          x36_54 U   9456   3907     34
   9539  7498     2173.8333   263     2189.0000     2173.4286   762514    0.71%        x216_211 D   9539   9538     22
   9605  7538     2173.6033   351     2189.0000     2173.4583   767722    0.71%          x52_41 D   9605   3416     26
   9684  7595     2181.8889   233     2189.0000     2173.5000   773030    0.71%          x24_15 N   9684   8931     59
   9770  7656     2176.5000   233     2189.0000     2173.5000   777641    0.71%        x216_217 U   9770   9764     15
   9817  7687     2173.5000   245     2189.0000     2173.5000   782753    0.71%        x217_212 D   9817   2408     18
   9910  7759     2175.0000   227     2189.0000     2173.5000   788164    0.71%          x18_11 N   9910   1583     27
   9942  7785     2173.9726   299     2189.0000     2173.5000   793950    0.71%          x56_51 D   9942   9940     21
Elapsed time = 518.84 sec. (541703.70 ticks, tree = 675.91 MB, solutions = 1)
  10010  7827     2184.1843   327     2189.0000     2173.5128   798012    0.71%          x45_41 N  10010   9651     21
  10075  7863     2181.1973   316     2189.0000     2173.5357   803439    0.71%          x50_41 U  10075   4440     61
  10136  7913     2177.9510   289     2189.0000     2173.5667   809108    0.71%          x11_14 U  10136  10134     46
  10216  7980        cutoff           2189.0000     2173.5833   814241    0.70%          x16_10 U  10216  10214     57
  10282  8028     2186.8319   272     2189.0000     2173.6167   819489    0.70%          x43_34 U  10282   8522     21
  10349  8071     2173.7901   313     2189.0000     2173.6429   824482    0.70%          x17_12 N  10349   9002     36
  10423  8128     2176.0212   298     2189.0000     2173.6667   829309    0.70%          x45_49 D  10423   8590     28
  10519  8189        cutoff           2189.0000     2173.6667   833866    0.70%          x39_37 U  10519   2469     19
  10573  8219        cutoff           2189.0000     2173.6691   839061    0.70%          x43_33 U  10573   7418     20
  10646  8282     2174.0000   245     2189.0000     2173.7062   844027    0.70%          x14_19 N  10646   9381     64
Elapsed time = 556.05 sec. (580197.82 ticks, tree = 733.76 MB, solutions = 1)
  10724  8334     2183.2843   294     2189.0000     2173.7412   848850    0.70%          x43_33 N  10724  10722     23
  10817  8386     2174.4333   329     2189.0000     2173.7544   853618    0.70%          x52_41 D  10817  10816     18
  10889  8442     2184.2143   283     2189.0000     2173.7828   858803    0.70%          x43_40 U  10889   9472     43
  10962  8496     2182.3000   218     2189.0000     2173.8000   863629    0.69%          x25_15 U  10962  10399     38
  11036  8561     2187.4510   267     2189.0000     2173.8167   868516    0.69%          x14_11 U  11036   7190     27
  11094  8601     2178.1176   290     2189.0000     2173.8333   873451    0.69%        x217_212 U  11094   3595     23
  11159  8652     2184.9118   271     2189.0000     2173.8621   878608    0.69%          x43_34 U  11159  10145     50
  11240  8723     2180.0000   245     2189.0000     2173.8833   883399    0.69%           x10_4 U  11240  10859     33
  11303  8759     2187.2479   346     2189.0000     2173.9045   888744    0.69%          x44_40 N  11303  10044     22
  11374  8810     2180.1057   350     2189.0000     2173.9167   894100    0.69%           x18_9 D  11374  11373     24
Elapsed time = 593.58 sec. (618727.32 ticks, tree = 794.07 MB, solutions = 1)
  11457  8873     2181.0000   238     2189.0000     2173.9333   898770    0.69%          x29_15 U  11457  11455     43
  11540  8942     2179.6176   273     2189.0000     2173.9515   903637    0.69%          x40_33 U  11540  10974     32
  11615  9001        cutoff           2189.0000     2173.9769   908277    0.69%          x51_44 U  11615  11613     45
  11681  9060     2177.1111   229     2189.0000     2174.0000   913661    0.69%           x4_11 D  11681  11680     36
  11732  9105     2175.0000   214     2189.0000     2174.0000   916174    0.69%           x10_3 N  11732   7549     33
  11804  9151     2179.1176   279     2189.0000     2174.0000   920674    0.69%          x16_10 U  11804   7547     27
  11899  9216     2184.4250   246     2189.0000     2174.0000   925235    0.69%          x43_45 U  11899  10401     40
  11995  9288     2185.8500   260     2189.0000     2174.0000   929389    0.69%          x17_12 D  11995  11994     37
  12102  9375     2179.1176   278     2189.0000     2174.0000   933807    0.69%          x16_10 U  12102   7406     28
  12180  9429     2177.3676   252     2189.0000     2174.0000   938650    0.69%          x20_18 D  12180  12179     55
Elapsed time = 632.79 sec. (657183.38 ticks, tree = 866.96 MB, solutions = 1)
  12248  9460     2179.0160   307     2189.0000     2174.0065   943204    0.68%          x11_14 U  12248  10659     42
  12307  9495     2176.5076   312     2189.0000     2174.0267   948385    0.68%          x56_44 D  12307  11143     19
  12369  9542     2181.9333   277     2189.0000     2174.0500   953662    0.68%          x14_10 U  12369  10338     74
  12444  9611     2174.7478   368     2189.0000     2174.0667   960393    0.68%          x17_10 N  12444   9146     17
  12524  9669     2179.1732   344     2189.0000     2174.0842   965341    0.68%          x44_49 U  12524   2673     23
  12586  9708     2184.9054   261     2189.0000     2174.1111   970435    0.68%          x43_35 U  12586   5780     57
  12677  9771     2185.6176   256     2189.0000     2174.1176   974828    0.68%           x9_22 N  12677  12676     50
  12774  9822     2179.1547   331     2189.0000     2174.1176   979036    0.68%          x45_47 N  12774  12772     35
  12829  9859     2179.4685   363     2189.0000     2174.1373   983838    0.68%          x18_10 U  12829  11433     28
  12907  9912        cutoff           2189.0000     2174.1515   988083    0.68%          x45_42 U  12907  12905     23
Elapsed time = 670.22 sec. (696894.27 ticks, tree = 926.41 MB, solutions = 1)
  12974  9961     2181.8931   362     2189.0000     2174.1667   992784    0.68%          x33_15 U  12974  12969     30
  13045 10000     2177.1946   319     2189.0000     2174.1771   997733    0.68%          x40_41 D  13045    799     27
  13107 10042        cutoff           2189.0000     2174.1970  1002608    0.68%          x53_47 U  13107   2733     36
  13168 10099     2177.0000   301     2189.0000     2174.2083  1007675    0.68%          x52_44 D  13168  13166     34
  13240 10142     2180.7500   246     2189.0000     2174.2333  1012415    0.67%          x24_15 N  13240  13238     77
  13313 10194     2179.6250   235     2189.0000     2174.2500  1017360    0.67%          x33_15 U  13313  12418     40
  13387 10232     2183.0000   231     2189.0000     2174.2639  1021695    0.67%           x4_11 N  13387  12844     37
  13450 10277     2174.3676   307     2189.0000     2174.2843  1026301    0.67%           x9_12 D  13450  13449     40
  13508 10318     2174.3023   336     2189.0000     2174.3023  1031087    0.67%           x0_11 D  13508  12904     23
  13582 10381     2179.4195   373     2189.0000     2174.3222  1035852    0.67%          x43_34 U  13582  13580     26
Elapsed time = 706.71 sec. (735435.97 ticks, tree = 985.45 MB, solutions = 1)
  13649 10419        cutoff           2189.0000     2174.3333  1040207    0.67%          x25_15 U  13649  13646     31
  13719 10457     2175.0407   289     2189.0000     2174.3500  1044860    0.67%           x10_3 D  13719   6085     29
  13800 10526     2179.3176   290     2189.0000     2174.3676  1050522    0.67%          x33_15 U  13800  12136     41
  13869 10567     2183.5000   202     2189.0000     2174.3796  1054618    0.67%          x17_11 U  13869   2187     35
  13956 10608        cutoff           2189.0000     2174.4020  1058760    0.67%          x44_40 U  13956  13954     27
  14022 10659     2174.4910   366     2189.0000     2174.4179  1063195    0.67%          x18_10 D  14022  13270     20
  14090 10705     2174.4643   360     2189.0000     2174.4355  1067372    0.67%          x45_41 D  14090  14089     43
  14160 10749     2177.8224   312     2189.0000     2174.4510  1071865    0.66%          x10_14 U  14160  10163     38
  14257 10838     2186.6176   281     2189.0000     2174.4510  1075833    0.66%          x17_15 D  14257  14256     46
  14321 10870        cutoff           2189.0000     2174.4667  1080590    0.66%          x52_54 U  14321   9125     47
Elapsed time = 743.46 sec. (774411.56 ticks, tree = 1046.29 MB, solutions = 1)
  14399 10926     2182.8676   273     2189.0000     2174.4986  1085200    0.66%           x10_9 U  14399  14209     43
  14466 10966     2175.6732   281     2189.0000     2174.5000  1088677    0.66%        x217_212 U  14466   7400     27
  14538 11016     2184.0260   321     2189.0000     2174.5000  1093297    0.66%           x9_11 U  14538   1981      9
  14603 11053     2179.7843   277     2189.0000     2174.5224  1098134    0.66%          x17_10 U  14603  14601     26
  14660 11101     2174.6593   331     2189.0000     2174.5343  1103127    0.66%          x43_40 D  14660  14659     27
  14745 11164     2177.6732   313     2189.0000     2174.5556  1107346    0.66%           x9_22 D  14745   8177     23
  14813 11214     2174.7565   270     2189.0000     2174.5714  1111014    0.66%          x18_10 D  14813   5284     20
  14834 11227     2186.6176   322     2189.0000     2174.5777  1117640    0.66%          x43_35 N  14834  13150     25
  14896 11264     2183.1152   317     2189.0000     2174.5962  1122127    0.66%          x29_15 U  14896  13570     63
  14975 11322     2174.6491   290     2189.0000     2174.6100  1126609    0.66%          x56_44 D  14975  14974     29
Elapsed time = 779.58 sec. (814159.36 ticks, tree = 1103.08 MB, solutions = 1)
  15081 11404     2181.7330   316     2189.0000     2174.6176  1130054    0.66%          x23_15 D  15081  15079     94
  15177 11468     2186.1176   297     2189.0000     2174.6209  1133794    0.66%          x43_41 U  15177  13713     26
  15230 11508     2174.8922   324     2189.0000     2174.6333  1139048    0.66%          x57_56 D  15230  13668     33
  15301 11565     2174.7760   272     2189.0000     2174.6548  1143755    0.66%           x2_11 D  15301  15300     51
  15373 11610     2180.7843   261     2189.0000     2174.6667  1148924    0.65%          x17_10 U  15373    883     20
  15421 11635        cutoff           2189.0000     2174.6670  1153601    0.65%          x55_54 U  15421   3970     20
  15503 11689     2186.4232   318     2189.0000     2174.6868  1157757    0.65%          x43_34 U  15503  15501     24
  15577 11751     2180.7010   289     2189.0000     2174.7010  1162377    0.65%          x33_15 U  15577  15573     30
  15646 11808     2180.0597   348     2189.0000     2174.7176  1165976    0.65%          x15_16 U  15646  15644     54
  15701 11857     2181.3260   315     2189.0000     2174.7391  1170955    0.65%        x214_213 D  15701  13735      8
Elapsed time = 817.43 sec. (852568.64 ticks, tree = 1171.90 MB, solutions = 1)
  15771 11904     2175.4286   247     2189.0000     2174.7500  1175018    0.65%          x19_18 U  15771  15770     72
  15836 11944     2183.1396   332     2189.0000     2174.7639  1178790    0.65%          x43_34 U  15836   9063     38
  15899 11989     2174.9176   278     2189.0000     2174.7843  1183385    0.65%          x10_11 D  15899  15898     30
  15992 12053     2178.8843   327     2189.0000     2174.7843  1186963    0.65%           x10_8 N  15992  11355     24
  16058 12088        cutoff           2189.0000     2174.7917  1191253    0.65%          x43_40 U  16058  16056     32
  16120 12129     2187.9510   288     2189.0000     2174.8077  1195974    0.65%          x56_44 U  16120  12908     28
  16185 12166     2179.4510   291     2189.0000     2174.8300  1200414    0.65%           x10_3 U  16185  14159     27
  16241 12213     2179.8288   312     2189.0000     2174.8333  1205794    0.65%          x17_18 D  16241  16240     39
  16287 12242     2177.9510   332     2189.0000     2174.8333  1213581    0.65%          x39_53 N  16287    688     21
  16361 12290     2179.1547   329     2189.0000     2174.8557  1217841    0.65%          x50_51 N  16361  16359     27
Elapsed time = 853.92 sec. (892801.40 ticks, tree = 1229.18 MB, solutions = 1)
  16440 12353     2185.1176   267     2189.0000     2174.8676  1222384    0.65%          x15_17 U  16440  16437     28
  16539 12430     2181.7843   315     2189.0000     2174.8676  1226122    0.65%          x16_10 U  16539  10988     32
  16620 12498     2178.7843   268     2189.0000     2174.8779  1230256    0.65%           x10_8 U  16620  16618     41
  16693 12545     2175.0395   338     2189.0000     2174.8952  1234374    0.64%          x43_33 N  16693  12218     26
  16775 12603        cutoff           2189.0000     2174.9167  1238663    0.64%          x33_15 U  16775   6701     26
  16851 12663     2174.9301   314     2189.0000     2174.9271  1242749    0.64%          x14_11 D  16851  15001     32
  16917 12701     2180.7010   304     2189.0000     2174.9510  1247660    0.64%          x33_15 U  16917  15226     39
  16975 12731     2181.7000   251     2189.0000     2174.9652  1252354    0.64%          x40_33 U  16975  15600     50
  17045 12762     2175.6109   336     2189.0000     2174.9790  1257063    0.64%          x11_14 D  17045  16317     47
  17112 12803        cutoff           2189.0000     2174.9976  1264050    0.64%          x56_51 U  17112  16396     44
Elapsed time = 892.58 sec. (933362.97 ticks, tree = 1296.09 MB, solutions = 1)
  17183 12854     2175.0000   231     2189.0000     2175.0000  1268476    0.64%        x187_210 U  17183   2848     40
  17255 12904     2177.5167   263     2189.0000     2175.0000  1272689    0.64%          x33_15 D  17255   7140     46
  17329 12957     2175.1951   255     2189.0000     2175.0000  1277020    0.64%          x18_11 D  17329  17328     39
  17406 13027     2175.6176   331     2189.0000     2175.0000  1287025    0.64%          x14_10 N  17406   2279     25
  17506 13094     2175.4510   278     2189.0000     2175.0000  1290701    0.64%          x17_10 N  17506   1857     28
  17563 13131     2185.1278   337     2189.0000     2175.0000  1295456    0.64%          x56_54 U  17563    811     23
  17620 13160     2175.2218   314     2189.0000     2175.0103  1300298    0.64%          x14_19 D  17620  17619     26
  17690 13214     2179.8333   269     2189.0000     2175.0214  1304777    0.64%          x33_15 U  17690  15736     31
  17747 13249     2175.3874   359     2189.0000     2175.0343  1309383    0.64%          x17_11 D  17747  13397     41
  17802 13282     2176.5901   374     2189.0000     2175.0514  1314105    0.64%          x45_44 N  17802    753     22
Elapsed time = 932.58 sec. (977353.41 ticks, tree = 1361.85 MB, solutions = 1)
  17838 13296     2177.2843   287     2189.0000     2175.0667  1319449    0.64%          x19_12 D  17838    789     19
  17900 13318        cutoff           2189.0000     2175.0899  1323734    0.64%          x39_37 U  17900  10396     33
  17961 13352     2186.2843   272     2189.0000     2175.1042  1329638    0.63%          x18_11 N  17961   3196     23
  18026 13404     2183.2843   286     2189.0000     2175.1176  1333208    0.63%           x10_1 U  18026  17022     36
  18117 13482     2183.7065   293     2189.0000     2175.1176  1337033    0.63%           x14_9 U  18117  18115     35
  18204 13537     2175.1176   266     2189.0000     2175.1176  1341093    0.63%          x25_15 D  18204  14187     37
  18288 13594     2187.9034   300     2189.0000     2175.1176  1345355    0.63%          x43_49 N  18288  18286     54
  18347 13630        cutoff           2189.0000     2175.1299  1350193    0.63%          x43_33 U  18347  15308     40
  18401 13672     2177.4615   370     2189.0000     2175.1438  1354802    0.63%          x45_51 N  18401  12343     19
  18490 13735     2175.5000   217     2189.0000     2175.1622  1358660    0.63%          x18_12 U  18490  16956     74
Elapsed time = 969.36 sec. (1017304.99 ticks, tree = 1423.13 MB, solutions = 1)
  18575 13794     2186.6667   315     2189.0000     2175.1667  1362543    0.63%          x45_53 D  18575  18573     44
  18628 13826        cutoff           2189.0000     2175.1667  1367421    0.63%          x26_15 D  18628  18627     39
  18704 13870        cutoff           2189.0000     2175.1843  1371734    0.63%          x54_39 U  18704  17651     49
  18800 13934     2182.6176   254     2189.0000     2175.1897  1374465    0.63%          x40_41 U  18800  18798     71
  18864 13988     2184.9100   303     2189.0000     2175.2027  1379125    0.63%          x39_37 U  18864   9360     14
  18942 14034     2187.3492   352     2189.0000     2175.2167  1383298    0.63%          x52_41 U  18942  18903     15
  19010 14072     2179.0224   329     2189.0000     2175.2288  1387525    0.63%          x18_12 D  19010  19008     17
  19072 14104        cutoff           2189.0000     2175.2426  1392093    0.63%          x56_47 U  19072  13546     53
  19149 14146     2180.3997   289     2189.0000     2175.2500  1395891    0.63%          x26_15 U  19149   7958     32
  19211 14174        cutoff           2189.0000     2175.2676  1400173    0.63%          x43_40 U  19211  19209     32
Elapsed time = 1005.56 sec. (1055903.80 ticks, tree = 1483.29 MB, solutions = 1)
  19277 14226     2182.9176   255     2189.0000     2175.2843  1404704    0.63%          x44_49 U  19277  10887     27
  19354 14276     2175.3343   350     2189.0000     2175.2853  1408786    0.63%          x44_40 D  19354  15232     11
  19433 14335     2179.1111   285     2189.0000     2175.2991  1413029    0.63%          x33_45 N  19433  18606     24
  19491 14367        cutoff           2189.0000     2175.3100  1417368    0.63%          x43_34 U  19491  18125     54
  19555 14398     2187.3333   282     2189.0000     2175.3284  1421700    0.62%          x43_41 U  19555  18937     36
  19642 14466     2182.1111   287     2189.0000     2175.3333  1425621    0.62%          x36_54 D  19642  19641     49
  19706 14511     2177.4510   325     2189.0000     2175.3333  1430285    0.62%           x9_22 U  19706   9611     34
  19772 14551     2182.2288   281     2189.0000     2175.3399  1434240    0.62%          x15_19 U  19772  16697     66
  19863 14615     2175.4184   347     2189.0000     2175.3541  1437769    0.62%          x58_49 D  19863  10028     32
  19928 14664     2180.7426   269     2189.0000     2175.3676  1442286    0.62%          x33_15 U  19928  18050     27
Elapsed time = 1042.68 sec. (1094600.95 ticks, tree = 1550.95 MB, solutions = 1)
  19996 14711        cutoff           2189.0000     2175.3676  1445429    0.62%          x20_12 U  19996  11916     32
  20062 14757     2184.6131   297     2189.0000     2175.3689  1451330    0.62%          x43_34 N  20062  17843     36
  20134 14807     2179.1176   256     2189.0000     2175.3833  1455286    0.62%          x14_19 U  20134  20132     31
  20190 14845     2183.2891   400     2189.0000     2175.3928  1460049    0.62%          x45_51 U  20190  15263     12
  20270 14883     2184.5343   316     2189.0000     2175.4000  1463990    0.62%          x20_19 D  20270  20268     61
  20335 14914     2186.8194   364     2189.0000     2175.4118  1467928    0.62%          x56_51 N  20335  19837     34
  20398 14960     2176.7500   297     2189.0000     2175.4239  1472396    0.62%          x43_49 N  20398  20397     34
  20470 15014     2184.1667   238     2189.0000     2175.4382  1476783    0.62%           x14_9 U  20470  20468     37
  20530 15052     2182.4510   279     2189.0000     2175.4510  1480975    0.62%          x43_49 D  20530  19190     38
  20620 15120     2182.2843   287     2189.0000     2175.4510  1484529    0.62%          x26_15 U  20620  20472     42
Elapsed time = 1079.53 sec. (1134719.69 ticks, tree = 1613.80 MB, solutions = 1)
  20674 15148     2176.6934   359     2189.0000     2175.4583  1491401    0.62%          x40_47 N  20674   3964     13
  20737 15179     2183.9400   309     2189.0000     2175.4777  1495578    0.62%          x13_17 U  20737  20735     34
  20800 15225     2175.9926   334     2189.0000     2175.4935  1499925    0.62%          x52_41 D  20800  12564     13
  20861 15274     2176.0000   236     2189.0000     2175.5000  1504183    0.62%           x14_9 D  20861   9689     29
  20951 15340     2175.6176   275     2189.0000     2175.5000  1507755    0.62%          x14_10 D  20951   4685     25
  21026 15392     2181.0000   279     2189.0000     2175.5000  1511575    0.62%          x26_15 U  21026  21000     51
  21094 15447     2180.1538   335     2189.0000     2175.5000  1515889    0.62%          x33_15 U  21094  12796     25
  21168 15496     2184.2105   279     2189.0000     2175.5000  1519550    0.62%          x26_15 D  21168  21166     35
  21230 15539     2182.3954   335     2189.0000     2175.5091  1524231    0.62%           x18_9 U  21230  21228     20
  21311 15597     2187.4510   292     2189.0000     2175.5176  1527855    0.62%          x15_16 D  21311  21309     30
Elapsed time = 1117.75 sec. (1175486.11 ticks, tree = 1677.14 MB, solutions = 1)
  21360 15620        cutoff           2189.0000     2175.5333  1532562    0.62%          x48_40 N  21360  18709     54
  21441 15685     2176.5403   331     2189.0000     2175.5405  1536312    0.61%          x20_12 D  21441  19570     15
  21505 15723     2177.4404   304     2189.0000     2175.5528  1540638    0.61%          x14_19 D  21505  21504     50
  21556 15760     2176.1650   339     2189.0000     2175.5621  1545128    0.61%          x43_40 D  21556  19548     36
  21621 15806     2181.9176   281     2189.0000     2175.5737  1549007    0.61%          x13_16 U  21621  21619     38
  21690 15852     2175.5960   306     2189.0000     2175.5857  1553158    0.61%          x58_49 D  21690  20300     36
  21747 15881     2178.7176   350     2189.0000     2175.6012  1557634    0.61%          x33_15 U  21747  19824     37
  21818 15927     2185.0833   264     2189.0000     2175.6176  1561846    0.61%          x25_15 U  21818  21781     46
  21902 15991     2175.6176   290     2189.0000     2175.6176  1565563    0.61%          x43_33 D  21902  16853     35
  22000 16065     2182.2248   307     2189.0000     2175.6176  1569135    0.61%           x14_8 D  22000  21999     43
Elapsed time = 1154.26 sec. (1214042.76 ticks, tree = 1742.20 MB, solutions = 1)
  22096 16105     2184.8319   285     2189.0000     2175.6208  1573072    0.61%          x56_49 U  22096  19193     28
  22167 16138     2179.4510   255     2189.0000     2175.6333  1576836    0.61%          x52_56 U  22167  20085     25
  22222 16161        cutoff           2189.0000     2175.6491  1581263    0.61%          x57_54 U  22222  19767     44
  22293 16219     2179.7843   327     2189.0000     2175.6593  1585141    0.61%          x45_51 U  22293  17889     26
  22355 16258     2179.0000   208     2189.0000     2175.6667  1589139    0.61%        x216_217 U  22355  12483     23
  22431 16307        cutoff           2189.0000     2175.6667  1592961    0.61%          x21_18 U  22431  17924     60
  22451 16321     2177.8752   379     2189.0000     2175.6667  1598860    0.61%          x17_10 N  22451    728     21
  22511 16341        cutoff           2189.0000     2175.6891  1602675    0.61%          x20_12 U  22511  16400     48
  22576 16388     2180.8710   322     2189.0000     2175.7010  1606878    0.61%          x33_15 U  22576  20587     30
  22640 16431     2183.7333   298     2189.0000     2175.7143  1610800    0.61%          x43_35 U  22640  12274     31
Elapsed time = 1189.89 sec. (1253731.27 ticks, tree = 1789.95 MB, solutions = 1)
  22702 16470     2184.0000   231     2189.0000     2175.7243  1614762    0.61%          x14_19 U  22702  22700     60
  22768 16490     2175.7843   259     2189.0000     2175.7426  1618924    0.61%          x26_45 N  22768  22767     28
  22823 16529     2178.1379   268     2189.0000     2175.7500  1622773    0.61%          x14_19 D  22823  15880     55
  22850 16553     2185.1429   250     2189.0000     2175.7500  1631799    0.61%          x24_15 N  22850  22848     64
  22925 16610     2181.6176   282     2189.0000     2175.7500  1635078    0.61%          x14_10 U  22925   8751     26
  22989 16646     2186.5924   300     2189.0000     2175.7611  1639246    0.60%          x43_45 U  22989  21579     39
  23051 16677        cutoff           2189.0000     2175.7733  1643126    0.60%          x43_41 U  23051  22084     27
  23125 16728     2185.2426   266     2189.0000     2175.7843  1647041    0.60%          x11_35 D  23125  23124     57
  23210 16792     2186.3399   327     2189.0000     2175.7843  1649859    0.60%          x13_17 U  23210  23208     28
  23286 16841     2179.3576   273     2189.0000     2175.7911  1653667    0.60%          x20_12 D  23286  23284     41
Elapsed time = 1227.68 sec. (1295563.74 ticks, tree = 1846.98 MB, solutions = 1)
  23338 16869     2175.8000   220     2189.0000     2175.8000  1657763    0.60%           x10_4 D  23338  21568     35
  23414 16908        cutoff           2189.0000     2175.8068  1661542    0.60%          x43_34 U  23414  23412     30
  23482 16956     2176.3176   258     2189.0000     2175.8224  1664975    0.60%          x14_19 D  23482  21840     42
  23566 17016     2178.6667   226     2189.0000     2175.8333  1668417    0.60%          x14_19 U  23566  17282     37
  23606 17044     2182.9167   342     2189.0000     2175.8334  1672706    0.60%          x41_47 U  23606    426     16
  23691 17091     2176.0343   284     2189.0000     2175.8468  1676229    0.60%          x40_33 D  23691  23690     42
  23745 17133     2181.9773   372     2189.0000     2175.8584  1680529    0.60%          x44_54 N  23745   2700     15
  23810 17192     2176.1176   227     2189.0000     2175.8676  1684697    0.60%           x10_8 D  23810  23809     36
  23902 17265     2180.8150   289     2189.0000     2175.8676  1688246    0.60%          x17_12 D  23902  23901     32
  23988 17332     2186.7843   299     2189.0000     2175.8676  1692080    0.60%           x14_9 U  23988  23986     28
Elapsed time = 1265.18 sec. (1334278.76 ticks, tree = 1917.90 MB, solutions = 1)
  24053 17370     2184.6667   287     2189.0000     2175.8750  1696299    0.60%          x17_40 U  24053   7972     44
  24115 17414     2182.9172   285     2189.0000     2175.8958  1700594    0.60%          x14_10 U  24115  21086     38
  24189 17464        cutoff           2189.0000     2175.9071  1704507    0.60%          x45_42 U  24189  22248     42
  24238 17492     2186.8667   324     2189.0000     2175.9173  1708927    0.60%          x39_37 U  24238   2339     22
  24320 17547     2182.7843   309     2189.0000     2175.9176  1712513    0.60%           x3_11 U  24320  23502     44
  24375 17582     2175.9301   277     2189.0000     2175.9301  1716738    0.60%          x40_33 D  24375  20375     40
  24445 17638        cutoff           2189.0000     2175.9397  1720501    0.60%          x48_40 U  24445  24443     38
  24515 17680     2181.6176   276     2189.0000     2175.9510  1724279    0.60%          x24_15 U  24515  23103     43
  24580 17719     2183.2843   282     2189.0000     2175.9563  1728267    0.60%          x14_19 U  24580  21965     34
  24639 17758     2179.1926   312     2189.0000     2175.9676  1732330    0.60%          x43_49 U  24639  22683     40
Elapsed time = 1300.39 sec. (1372920.54 ticks, tree = 1979.51 MB, solutions = 1)
  24711 17798        cutoff           2189.0000     2175.9808  1736184    0.59%          x39_37 U  24711   1755     23
  24770 17835     2179.4667   335     2189.0000     2175.9926  1740631    0.59%           x14_9 D  24770  24768     49
  24843 17890     2176.0000   223     2189.0000     2176.0000  1743754    0.59%           x10_4 D  24843  23474     44
  24932 17948     2180.3293   304     2189.0000     2176.0000  1747230    0.59%          x15_17 D  24932   9701     32
  25006 18002     2182.6591   267     2189.0000     2176.0000  1750150    0.59%          x29_15 U  25006  20996     40
  25099 18064     2181.3938   355     2189.0000     2176.0000  1753687    0.59%          x57_56 D  25099   1537     28
  25175 18120     2182.4510   251     2189.0000     2176.0000  1757711    0.59%          x13_16 D  25175  25174     43
  25243 18159     2186.0000   248     2189.0000     2176.0000  1760587    0.59%          x15_14 D  25243  25242     78
  25300 18190     2187.3327   349     2189.0000     2176.0020  1765115    0.59%          x56_49 U  25300  21250     18
  25376 18248        cutoff           2189.0000     2176.0158  1768907    0.59%          x15_11 U  25376  19880     25
Elapsed time = 1336.82 sec. (1411587.42 ticks, tree = 2050.48 MB, solutions = 1)
Nodefile size = 3.09 MB (2.69 MB after compression)
  25457 18295     2183.3557   339     2189.0000     2176.0227  1772493    0.59%          x33_15 U  25457  25453     28
  25518 18330     2182.8156   316     2189.0000     2176.0343  1776301    0.59%           x14_9 U  25518  25381     65
  25588 18375     2176.7843   257     2189.0000     2176.0417  1779500    0.59%           x10_8 D  25588  25587     33
  25661 18414     2186.7034   329     2189.0000     2176.0556  1782678    0.59%          x45_48 U  25661  24069     41
  25707 18439        cutoff           2189.0000     2176.0673  1787071    0.59%          x39_37 U  25707   5892     22
  25786 18479        cutoff           2189.0000     2176.0797  1790894    0.59%           x14_9 U  25786   8488     56
  25857 18534     2185.0700   307     2189.0000     2176.0870  1794869    0.59%          x45_51 U  25857  17078     24
  25941 18577     2176.5000   265     2189.0000     2176.0981  1798348    0.59%          x14_19 D  25941  25940     31
  25982 18610     2178.1176   265     2189.0000     2176.1026  1802844    0.59%          x17_10 U  25982   3702     25
  26071 18675     2176.3143   310     2189.0000     2176.1111  1805395    0.59%          x53_45 N  26071  26070     32
Elapsed time = 1372.77 sec. (1450242.21 ticks, tree = 2112.31 MB, solutions = 1)
Nodefile size = 64.54 MB (56.70 MB after compression)
  26138 18720     2184.1176   256     2189.0000     2176.1176  1809516    0.59%           x14_9 U  26138  20924     30
  26235 18796     2176.3676   286     2189.0000     2176.1176  1812724    0.59%          x14_19 D  26235  24113     30
  26320 18841     2181.1176   258     2189.0000     2176.1176  1816248    0.59%          x40_33 U  26320  20375     40
  26393 18896     2176.1176   288     2189.0000     2176.1176  1820001    0.59%          x26_15 D  26393  23948     38
  26485 18965        cutoff           2189.0000     2176.1176  1823681    0.59%          x13_17 U  26485  21374     28
  26565 19000        cutoff           2189.0000     2176.1176  1827113    0.59%          x20_12 U  26565  23198     55
  26623 19035     2178.8590   258     2189.0000     2176.1250  1831191    0.59%          x36_54 U  26623   2525     37
  26690 19056     2176.1407   329     2189.0000     2176.1408  1835035    0.59%           x10_4 D  26690  24019     60
  26749 19093     2182.9898   337     2189.0000     2176.1507  1839311    0.59%           x18_9 U  26749  24475     16
  26808 19116        cutoff           2189.0000     2176.1637  1842862    0.59%          x52_41 U  26808  16757     20
Elapsed time = 1408.64 sec. (1488737.60 ticks, tree = 2176.55 MB, solutions = 1)
Nodefile size = 129.03 MB (113.48 MB after compression)
  26871 19152     2186.2010   293     2189.0000     2176.1667  1846486    0.59%          x53_45 D  26871  26870     80
  26928 19195     2178.4615   256     2189.0000     2176.1667  1850703    0.59%          x14_10 D  26928  26927     30
  26987 19230     2176.2345   300     2189.0000     2176.1744  1854306    0.59%          x18_11 D  26987  24548     23
  27046 19268     2178.7451   305     2189.0000     2176.1864  1858344    0.59%          x15_17 N  27046  22709     45
  27115 19321     2182.0000   233     2189.0000     2176.2000  1862261    0.58%          x10_19 U  27115  27111     48
  27194 19385     2181.9510   280     2189.0000     2176.2010  1865977    0.58%          x14_10 U  27194  27010     39
  27260 19432     2176.2831   338     2189.0000     2176.2100  1869536    0.58%           x10_8 D  27260  27259     46
  27328 19468     2176.2531   322     2189.0000     2176.2201  1873309    0.58%          x43_35 D  27328  25684     24
  27392 19508     2185.1176   285     2189.0000     2176.2288  1876816    0.58%           x3_11 N  27392  26504     37
  27458 19544     2176.3333   254     2189.0000     2176.2424  1880657    0.58%           x14_8 N  27458  24179     35
Elapsed time = 1444.45 sec. (1527201.38 ticks, tree = 2240.24 MB, solutions = 1)
Nodefile size = 193.12 MB (169.99 MB after compression)
  27523 19597     2182.5952   282     2189.0000     2176.2500  1885328    0.58%          x14_10 U  27523   2541     38
  27580 19628     2183.3571   314     2189.0000     2176.2500  1891999    0.58%          x14_10 N  27580   2540     37
  27654 19675        cutoff           2189.0000     2176.2500  1895477    0.58%          x39_37 U  27654   1337     21
  27719 19692     2177.5000   221     2189.0000     2176.2667  1899266    0.58%          x57_56 D  27719   4675     30
  27787 19736     2178.0952   322     2189.0000     2176.2773  1903074    0.58%          x52_44 D  27787  27786     33
  27845 19772     2176.4964   298     2189.0000     2176.2843  1907264    0.58%          x45_51 D  27845  20513     32
  27921 19830     2183.3676   310     2189.0000     2176.2843  1911246    0.58%          x26_15 U  27921  25914     41
  28006 19891        cutoff           2189.0000     2176.2857  1914337    0.58%           x14_9 U  28006  26000     52
  28079 19933        cutoff           2189.0000     2176.3000  1918066    0.58%          x43_33 U  28079  21461     40
  28125 19963     2186.9367   343     2189.0000     2176.3083  1922234    0.58%          x39_37 U  28125  25733     16
Elapsed time = 1481.80 sec. (1568355.52 ticks, tree = 2303.62 MB, solutions = 1)
Nodefile size = 256.43 MB (225.62 MB after compression)
  28196 20018     2183.9510   279     2189.0000     2176.3176  1926147    0.58%           x10_3 U  28196  27447     41
  28267 20062     2184.7637   355     2189.0000     2176.3265  1930193    0.58%          x43_45 U  28267  21494     34
  28338 20127     2176.3333   217     2189.0000     2176.3333  1933816    0.58%          x40_33 N  28338   3559     32
  28408 20174     2176.9055   316     2189.0000     2176.3333  1937736    0.58%          x33_15 D  28408   7382     30
  28444 20204     2183.5447   355     2189.0000     2176.3333  1942649    0.58%          x52_41 D  28444  28443     20
  28506 20233        cutoff           2189.0000     2176.3382  1946425    0.58%          x39_33 U  28506  28504     64
  28596 20295        cutoff           2189.0000     2176.3492  1950047    0.58%          x43_41 U  28596  28594     46
  28672 20334        cutoff           2189.0000     2176.3600  1953632    0.58%          x25_15 U  28672  14766     61
  28721 20357     2176.5864   262     2189.0000     2176.3676  1957855    0.58%           x10_8 D  28721  12632     22
  28800 20416     2182.0343   282     2189.0000     2176.3676  1961595    0.58%          x11_14 U  28800  28798     35
Elapsed time = 1517.76 sec. (1606973.82 ticks, tree = 2370.92 MB, solutions = 1)
Nodefile size = 323.20 MB (284.53 MB after compression)
  28880 20474     2183.3750   253     2189.0000     2176.3750  1965243    0.58%           x14_9 U  28880  28878     44
  28961 20522        cutoff           2189.0000     2176.3846  1968714    0.58%          x14_11 U  28961  21509     29
  29033 20566     2186.1176   255     2189.0000     2176.3971  1972452    0.58%          x43_35 N  29033  25819     22
  29106 20615     2176.7843   300     2189.0000     2176.4023  1976072    0.58%          x15_16 D  29106  27203     29
  29183 20678        cutoff           2189.0000     2176.4118  1979525    0.58%          x43_33 U  29183  16853     35
  29235 20716     2176.6176   313     2189.0000     2176.4176  1983188    0.57%          x15_19 D  29235  29234     53
  29309 20772     2178.0000   226     2189.0000     2176.4286  1986841    0.57%          x45_47 N  29309  28418     25
  29382 20834     2185.6686   347     2189.0000     2176.4353  1990778    0.57%          x48_40 U  29382  13386     16
  29433 20866        cutoff           2189.0000     2176.4481  1995032    0.57%          x43_35 U  29433  26303     27
  29494 20914     2186.1510   310     2189.0000     2176.4510  1998717    0.57%          x25_15 U  29494  29492     35
Elapsed time = 1554.66 sec. (1645887.82 ticks, tree = 2444.14 MB, solutions = 1)
Nodefile size = 396.45 MB (348.99 MB after compression)
  29569 20973     2183.2218   331     2189.0000     2176.4510  2002202    0.57%          x43_40 U  29569  13980     29
  29640 21018     2176.8399   342     2189.0000     2176.4510  2005029    0.57%          x43_40 N  29640  24558     19
  29706 21062     2184.8954   313     2189.0000     2176.4608  2008641    0.57%           x14_9 U  29706  29704     53
  29765 21079     2176.6667   254     2189.0000     2176.4736  2012686    0.57%          x20_12 D  29765  20469     38
  29850 21122     2176.4843   328     2189.0000     2176.4843  2016100    0.57%           x2_11 D  29850  29849     45
  29932 21169     2187.6801   298     2189.0000     2176.4926  2019559    0.57%          x43_41 U  29932  14011     25
  29995 21216     2181.8000   241     2189.0000     2176.5000  2023227    0.57%           x14_8 D  29995  29994     47
  30064 21264     2179.0000   240     2189.0000     2176.5000  2026282    0.57%          x11_35 U  30064   5125     67
  30122 21305        cutoff           2189.0000     2176.5000  2030000    0.57%          x20_12 U  30122  17065     45
  30201 21365     2186.8571   264     2189.0000     2176.5000  2033543    0.57%           x14_8 U  30201  30199     29
Elapsed time = 1590.66 sec. (1684406.69 ticks, tree = 2511.89 MB, solutions = 1)
Nodefile size = 464.76 MB (409.29 MB after compression)
  30268 21394     2179.6667   307     2189.0000     2176.5000  2037053    0.57%          x18_11 D  30268   2752     25
  30338 21450     2176.7676   355     2189.0000     2176.5000  2040310    0.57%          x26_45 N  30338  16281     26
  30410 21504        cutoff           2189.0000     2176.5116  2043619    0.57%          x17_18 U  30410  30408     53
  30496 21556     2184.4510   276     2189.0000     2176.5176  2047286    0.57%           x10_5 U  30496  29950     45
  30589 21617     2182.7114   316     2189.0000     2176.5176  2050768    0.57%           x14_9 U  30589  28185     34
  30649 21659     2181.8676   277     2189.0000     2176.5294  2054514    0.57%        x193_214 U  30649   1568     30
  30704 21701     2180.4034   318     2189.0000     2176.5343  2058788    0.57%          x14_19 D  30704  30703     32
  30780 21735     2176.8676   312     2189.0000     2176.5420  2062080    0.57%          x45_42 D  30780  25861     21
  30842 21772     2186.4986   277     2189.0000     2176.5540  2066106    0.57%           x9_11 N  30842  26670     18
  30898 21808     2176.5625   256     2189.0000     2176.5625  2070108    0.57%           x10_3 D  30898  27610     32
Elapsed time = 1627.28 sec. (1723213.59 ticks, tree = 2578.83 MB, solutions = 1)
Nodefile size = 531.46 MB (468.26 MB after compression)
  30932 21819     2179.5722   311     2189.0000     2176.5714  2078887    0.57%           x9_18 N  30932   1769     26
  31000 21871     2176.6757   257     2189.0000     2176.5814  2082260    0.57%           x10_3 D  31000  30999     35
  31076 21923     2176.8701   342     2189.0000     2176.5893  2085919    0.57%          x56_44 D  31076  31075     11
  31129 21959     2182.1818   257     2189.0000     2176.6000  2089931    0.57%          x14_11 U  31129  28008     22
  31191 22006     2176.6843   305     2189.0000     2176.6119  2093627    0.57%          x16_15 D  31191  31190     53
  31260 22056     2186.6176   274     2189.0000     2176.6176  2097172    0.57%          x20_12 D  31260  31258     40
  31337 22112     2183.9926   285     2189.0000     2176.6176  2101076    0.57%           x14_9 U  31337  23943     40
  31417 22164     2179.9276   315     2189.0000     2176.6176  2104056    0.57%          x15_17 D  31417  31416     33
  31476 22215     2181.9894   325     2189.0000     2176.6176  2108354    0.57%          x11_14 U  31476  29566     25
  31558 22264     2182.4843   339     2189.0000     2176.6176  2111905    0.57%          x24_15 U  31558  31556     60
Elapsed time = 1665.06 sec. (1766004.25 ticks, tree = 2646.80 MB, solutions = 1)
Nodefile size = 598.83 MB (527.67 MB after compression)
  31612 22294     2176.8176   291     2189.0000     2176.6288  2115361    0.57%          x44_40 D  31612   3596     44
  31672 22342        cutoff           2189.0000     2176.6362  2119350    0.56%          x43_40 U  31672  31670     18
  31744 22356     2177.3176   263     2189.0000     2176.6444  2122819    0.56%           x10_8 D  31744  26145     33
  31802 22384        cutoff           2189.0000     2176.6593  2126623    0.56%          x43_34 U  31802  19845     41
  31856 22410     2177.2830   249     2189.0000     2176.6667  2130659    0.56%           x14_9 D  31856  28102     75
  31932 22461     2181.9394   336     2189.0000     2176.6667  2134106    0.56%          x14_19 U  31932  28052     36
  31979 22490        cutoff           2189.0000     2176.6697  2138303    0.56%          x56_49 U  31979  25357     33
  32051 22531     2182.8161   310     2189.0000     2176.6833  2141281    0.56%          x14_19 U  32051  28376     40
  32113 22563     2184.7326   310     2189.0000     2176.6891  2145110    0.56%          x14_11 U  32113  19047     24
  32188 22614     2186.8319   258     2189.0000     2176.7000  2148788    0.56%          x43_54 U  32188  20817     20
Elapsed time = 1700.45 sec. (1804517.66 ticks, tree = 2700.62 MB, solutions = 1)
Nodefile size = 653.24 MB (575.87 MB after compression)
  32250 22647     2177.7010   294     2189.0000     2176.7074  2152303    0.56%          x14_10 D  32250  32249     36
  32315 22681     2177.9319   352     2189.0000     2176.7143  2156083    0.56%          x56_45 U  32315  26954     18
  32325 22689     2182.9964   378     2189.0000     2176.7176  2168158    0.56%          x18_10 N  32325   2367     19
  32419 22737        cutoff           2189.0000     2176.7266  2171149    0.56%          x17_18 U  32419  32417     84
  32488 22775     2178.3843   344     2189.0000     2176.7410  2174637    0.56%          x15_11 D  32488   3023     13
  32520 22789        cutoff           2189.0000     2176.7453  2184076    0.56%          x56_51 U  32520  32518     27
  32602 22837     2182.5000   227     2189.0000     2176.7500  2187143    0.56%          x14_10 U  32602  32598     34
  32678 22888        cutoff           2189.0000     2176.7500  2190242    0.56%          x45_41 U  32678   9599     31
  32765 22953     2183.2843   288     2189.0000     2176.7542  2193443    0.56%          x26_15 U  32765  29587     36
  32814 22971     2185.8413   308     2189.0000     2176.7640  2197746    0.56%          x45_58 U  32814   3385     16
Elapsed time = 1740.50 sec. (1854162.47 ticks, tree = 2754.34 MB, solutions = 1)
Nodefile size = 706.56 MB (622.99 MB after compression)
  32885 23009     2181.4510   308     2189.0000     2176.7762  2201241    0.56%          x15_16 U  32885  29368     69
  32988 23081     2180.8843   340     2189.0000     2176.7843  2204139    0.56%           x10_8 U  32988  24556     39
  33080 23153     2185.1748   319     2189.0000     2176.7843  2207411    0.56%          x15_17 D  33080  33079     25
  33161 23203     2180.2843   328     2189.0000     2176.7843  2210184    0.56%           x10_8 U  33161  30626     27
  33231 23255     2181.1543   357     2189.0000     2176.7843  2213688    0.56%          x24_15 U  33231  31811     34
  33302 23294     2183.6732   306     2189.0000     2176.7843  2217406    0.56%           x9_22 U  33302  33299     29
  33365 23328     2187.6176   256     2189.0000     2176.7995  2221344    0.56%          x40_47 U  33365  31232     32
  33423 23350     2177.7843   297     2189.0000     2176.8081  2225096    0.56%          x45_54 U  33423  15512     22
  33437 23354     2177.7843   337     2189.0000     2176.8096  2230801    0.56%          x22_13 N  33437    739     19
  33504 23401     2176.8176   303     2189.0000     2176.8176  2234731    0.56%          x10_19 D  33504  31463     51
Elapsed time = 1776.03 sec. (1893333.40 ticks, tree = 2819.37 MB, solutions = 1)
Nodefile size = 772.44 MB (681.27 MB after compression)
  33590 23456     2177.0011   322     2189.0000     2176.8235  2237885    0.56%          x43_40 D  33590  31612     45
  33660 23498     2177.5000   218     2189.0000     2176.8333  2241508    0.56%          x13_16 D  33660  27748     45
  33729 23552     2179.9510   271     2189.0000     2176.8333  2245088    0.56%          x44_53 U  33729   2466     22
  33778 23585     2178.3958   297     2189.0000     2176.8333  2249257    0.56%          x11_14 D  33778  33777     30
  33857 23638     2187.4926   287     2189.0000     2176.8399  2252523    0.56%          x14_19 N  33857  33855     56
  33920 23681     2180.2843   267     2189.0000     2176.8484  2255840    0.56%          x43_49 U  33920  33918     32
  33996 23725        cutoff           2189.0000     2176.8631  2259146    0.55%           x0_11 U  33996  22941     28
  34074 23772     2177.3676   251     2189.0000     2176.8676  2262300    0.55%           x10_8 D  34074  34073     50
  34142 23819     2176.8676   267     2189.0000     2176.8676  2265896    0.55%          x33_15 D  34142  30265     19
  34215 23877     2187.2901   344     2189.0000     2176.8676  2269783    0.55%          x50_41 U  34215  34213     54
Elapsed time = 1812.26 sec. (1931847.24 ticks, tree = 2891.07 MB, solutions = 1)
Nodefile size = 843.71 MB (744.22 MB after compression)
  34308 23948     2176.8834   345     2189.0000     2176.8710  2272895    0.55%          x16_11 D  34308  34307     32
  34374 23978        cutoff           2189.0000     2176.8810  2276866    0.55%          x54_39 U  34374  31045     30
  34445 24025     2181.0000   205     2189.0000     2176.8889  2280234    0.55%           x6_11 U  34445  31002     38
  34508 24048     2177.9006   325     2189.0000     2176.8971  2283927    0.55%          x52_45 D  34508  32470     18
  34567 24085     2185.8731   363     2189.0000     2176.9090  2288098    0.55%          x48_40 U  34567  23524     19
  34655 24161     2177.0595   262     2189.0000     2176.9167  2291520    0.55%          x16_11 D  34655  34654     33
  34714 24194        cutoff           2189.0000     2176.9216  2295341    0.55%          x43_33 U  34714  32172     50
  34780 24239     2184.1176   249     2189.0000     2176.9301  2298818    0.55%          x15_19 U  34780  34778     33
  34844 24277     2183.0828   309     2189.0000     2176.9361  2302424    0.55%          x57_56 U  34844  32279     40
  34898 24314     2186.3816   317     2189.0000     2176.9471  2305898    0.55%          x39_37 U  34898  29293     16
Elapsed time = 1848.62 sec. (1970327.23 ticks, tree = 2958.76 MB, solutions = 1)
Nodefile size = 911.55 MB (804.41 MB after compression)
  34957 24355     2177.1176   351     2189.0000     2176.9510  2309076    0.55%          x15_19 D  34957  29217     42
  35010 24382        cutoff           2189.0000     2176.9630  2312990    0.55%          x51_45 U  35010   7098     42
  35075 24433     2178.1946   299     2189.0000     2176.9714  2316731    0.55%          x17_10 U  35075  35074     21
  35160 24484     2177.5000   260     2189.0000     2176.9813  2320006    0.55%          x57_56 D  35160   3133     41
  35226 24532        cutoff           2189.0000     2176.9926  2323883    0.55%          x34_45 U  35226   4154     25
  35286 24572     2186.6176   263     2189.0000     2177.0000  2327559    0.55%          x15_17 U  35286   9816     24
  35366 24620     2177.2000   213     2189.0000     2177.0000  2331120    0.55%          x22_24 U  35366  24944     33
  35445 24684     2181.4300   253     2189.0000     2177.0000  2334080    0.55%          x36_54 U  35445   3319     45
  35529 24751        cutoff           2189.0000     2177.0000  2337322    0.55%           x14_9 U  35529  35527     47
  35583 24793     2184.0000   226     2189.0000     2177.0000  2340030    0.55%          x14_19 U  35583  28026     64
Elapsed time = 1885.24 sec. (2008778.91 ticks, tree = 3032.54 MB, solutions = 1)
Nodefile size = 985.46 MB (869.67 MB after compression)
  35651 24825     2177.2500   224     2189.0000     2177.0000  2342994    0.55%           x9_22 D  35651  35650     44
  35722 24860     2186.0000   235     2189.0000     2177.0000  2346093    0.55%          x15_19 U  35722  35719     40
  35783 24888     2186.4301   301     2189.0000     2177.0000  2350096    0.55%          x14_10 U  35783  35781     52
  35840 24931     2180.8810   303     2189.0000     2177.0000  2353654    0.55%          x13_17 D  35840  22349     35
  35910 24973     2179.0000   249     2189.0000     2177.0000  2356941    0.55%          x18_13 D  35910  35909     47
  35969 25007     2186.3333   241     2189.0000     2177.0000  2360708    0.55%          x15_17 U  35969  35966     41
  36036 25046     2187.1000   314     2189.0000     2177.0000  2364240    0.55%          x44_40 U  36036  32724     37
  36100 25070        cutoff           2189.0000     2177.0129  2367924    0.55%          x43_34 U  36100  36098     48
  36178 25131     2183.6176   246     2189.0000     2177.0176  2371676    0.55%           x10_1 D  36178  36177     56
  36260 25180     2180.3463   381     2189.0000     2177.0224  2374994    0.55%          x16_10 U  36260  35247     44
Elapsed time = 1919.91 sec. (2047404.79 ticks, tree = 3093.41 MB, solutions = 1)
Nodefile size = 1046.35 MB (923.31 MB after compression)
  36342 25238     2187.1176   272     2189.0000     2177.0312  2378176    0.55%           x7_11 U  36342  27949     38
  36400 25284     2179.1176   309     2189.0000     2177.0343  2381529    0.55%           x9_22 D  36400  36398     27
  36472 25320     2177.2136   381     2189.0000     2177.0394  2384639    0.55%          x56_52 N  36472  36471     30
  36532 25359     2177.0508   316     2189.0000     2177.0458  2388138    0.55%          x20_12 D  36532  32405     51
  36606 25403     2177.2395   313     2189.0000     2177.0551  2391453    0.55%          x17_18 D  36606  36605     57
  36661 25436     2178.1847   319     2189.0000     2177.0667  2395369    0.55%          x44_54 U  36661    891     19
  36725 25470     2187.1176   278     2189.0000     2177.0767  2398957    0.54%          x16_11 U  36725  31705     32
  36784 25509     2179.3333   263     2189.0000     2177.0833  2402889    0.54%          x15_17 U  36784  33757     31
  36853 25540        cutoff           2189.0000     2177.0861  2406019    0.54%          x45_41 U  36853  30655     17
  36922 25591     2184.8176   332     2189.0000     2177.0971  2409671    0.54%          x43_54 U  36922  34590     37
Elapsed time = 1955.50 sec. (2086373.34 ticks, tree = 3157.47 MB, solutions = 1)
Nodefile size = 1109.76 MB (979.69 MB after compression)
  36982 25628        cutoff           2189.0000     2177.1071  2413231    0.54%          x39_37 U  36982  11485     21
  37054 25670     2182.1176   259     2189.0000     2177.1176  2416617    0.54%          x24_15 D  37054  37053     27
  37142 25729     2180.7843   259     2189.0000     2177.1176  2419829    0.54%          x10_19 U  37142  32990     36
  37225 25781     2185.6004   307     2189.0000     2177.1176  2422800    0.54%           x14_9 U  37225  37223     86
  37306 25837     2182.2843   305     2189.0000     2177.1176  2426449    0.54%          x24_15 U  37306  37302     33
  37384 25890     2186.6176   271     2189.0000     2177.1176  2429047    0.54%          x29_15 D  37384  37383     37
  37456 25931     2183.0621   306     2189.0000     2177.1176  2432268    0.54%          x18_12 D  37456  37454     30
  37534 25991     2186.8086   323     2189.0000     2177.1176  2436040    0.54%          x16_10 U  37534  29364     36
  37607 26039        cutoff           2189.0000     2177.1176  2439284    0.54%          x22_12 U  37607  34205     48
  37671 26089     2182.4128   355     2189.0000     2177.1176  2442928    0.54%          x16_10 U  37671  29394     35
Elapsed time = 1992.07 sec. (2124879.12 ticks, tree = 3234.04 MB, solutions = 1)
Nodefile size = 1187.00 MB (1048.15 MB after compression)
  37740 26117     2186.2843   298     2189.0000     2177.1176  2446128    0.54%          x44_49 U  37740  37738     39
  37818 26153     2179.4034   287     2189.0000     2177.1235  2449505    0.54%          x52_41 D  37818   3278     26
  37875 26176     2182.8477   341     2189.0000     2177.1320  2453237    0.54%          x15_17 U  37875  37873     37
  37946 26219     2186.5000   258     2189.0000     2177.1400  2456949    0.54%          x43_35 U  37946  20322     37
  38004 26265     2180.6000   279     2189.0000     2177.1456  2460199    0.54%           x2_11 U  38004  35045     42
  38059 26298     2177.6219   361     2189.0000     2177.1547  2463942    0.54%          x51_45 D  38059  21393     27
  38111 26328     2180.1593   291     2189.0000     2177.1653  2467091    0.54%          x52_49 U  38111  36251     21
  38180 26379     2177.5625   245     2189.0000     2177.1667  2470585    0.54%          x14_19 D  38180  34450     47
  38205 26392     2187.7160   335     2189.0000     2177.1667  2475283    0.54%          x43_34 N  38205  38204     39
  38258 26414     2186.8260   317     2189.0000     2177.1682  2479117    0.54%          x39_43 U  38258  17692     52
Elapsed time = 2025.76 sec. (2163305.86 ticks, tree = 3284.88 MB, solutions = 1)
Nodefile size = 1237.32 MB (1092.70 MB after compression)
  38323 26435        cutoff           2189.0000     2177.1801  2482719    0.54%          x43_33 U  38323  34296     22
  38398 26482     2187.3922   337     2189.0000     2177.1875  2486202    0.54%          x43_41 N  38398  32883     30
  38468 26514     2185.0000   246     2189.0000     2177.1973  2489697    0.54%          x17_11 U  38468  34905     36
  38526 26560     2177.6667   270     2189.0000     2177.2000  2493482    0.54%          x39_37 N  38526   2896     40
  38592 26614     2186.7278   273     2189.0000     2177.2010  2496531    0.54%          x45_47 D  38592  38591     43
  38657 26651     2186.7675   318     2189.0000     2177.2093  2500039    0.54%           x9_11 U  38657   9595      5
  38711 26683        cutoff           2189.0000     2177.2176  2504026    0.54%          x56_52 U  38711  31006     22
  38775 26739     2177.3482   341     2189.0000     2177.2255  2507510    0.54%          x52_41 D  38775  36551     29
  38840 26783     2177.4485   304     2189.0000     2177.2326  2511049    0.54%          x39_37 D  38840  11348     36
  38904 26827     2177.9762   294     2189.0000     2177.2407  2514509    0.54%           x9_11 D  38904   4078     28
Elapsed time = 2060.88 sec. (2202051.29 ticks, tree = 3349.84 MB, solutions = 1)
Nodefile size = 1302.60 MB (1150.54 MB after compression)
  38967 26866        cutoff           2189.0000     2177.2459  2517856    0.54%           x5_11 U  38967  36907     41
  39025 26895        cutoff           2189.0000     2177.2500  2521299    0.54%          x33_15 U  39025   7652     31
  39085 26934     2178.3008   292     2189.0000     2177.2500  2525405    0.54%        x209_199 N  39085   4417     28
  39161 26989     2177.2843   308     2189.0000     2177.2540  2528437    0.54%          x43_40 D  39161  37851     42
  39221 27010     2182.6176   292     2189.0000     2177.2658  2531464    0.54%          x10_19 U  39221  31444     44
  39285 27056     2179.5667   293     2189.0000     2177.2750  2535056    0.54%          x52_56 D  39285   2141     29
  39330 27071     2177.9510   275     2189.0000     2177.2843  2538905    0.54%          x15_16 D  39330  29916     32
  39405 27123     2177.3468   296     2189.0000     2177.2843  2541992    0.54%          x16_10 D  39405  32936     21
  39476 27171     2181.0343   320     2189.0000     2177.2843  2545400    0.54%          x11_14 U  39476  10454     22
  39552 27225     2177.3776   335     2189.0000     2177.2843  2548781    0.54%          x29_15 D  39552  39551     50
Elapsed time = 2095.84 sec. (2240754.44 ticks, tree = 3412.93 MB, solutions = 1)
Nodefile size = 1365.28 MB (1206.14 MB after compression)
  39633 27279     2186.6267   349     2189.0000     2177.2847  2551684    0.54%          x41_44 N  39633  33215     27
  39688 27301        cutoff           2189.0000     2177.2956  2555379    0.53%          x58_54 U  39688  19518     26
  39754 27326        cutoff           2189.0000     2177.3000  2558592    0.53%          x43_40 U  39754   5875     25
  39817 27367     2187.1667   272     2189.0000     2177.3097  2562260    0.53%           x5_11 N  39817  39815     45
  39887 27425     2184.2426   270     2189.0000     2177.3176  2565716    0.53%          x16_10 U  39887  31744     34
  39966 27477     2185.6288   302     2189.0000     2177.3176  2568703    0.53%          x15_19 U  39966  33941     61
  40036 27521     2183.3220   325     2189.0000     2177.3262  2571850    0.53%          x24_15 U  40036  40034     71
  40100 27562     2186.1176   298     2189.0000     2177.3319  2575324    0.53%          x13_17 U  40100  40092     34
  40164 27608     2180.5694   324     2189.0000     2177.3333  2578858    0.53%           x9_22 U  40164  13720     25
  40232 27655     2182.1176   283     2189.0000     2177.3333  2582503    0.53%          x45_49 D  40232    120     22
Elapsed time = 2131.43 sec. (2279466.19 ticks, tree = 3481.46 MB, solutions = 1)
Nodefile size = 1433.64 MB (1266.86 MB after compression)
  40307 27700     2180.4510   307     2189.0000     2177.3333  2586001    0.53%           x9_18 U  40307   3835     34
  40356 27722        cutoff           2189.0000     2177.3366  2589965    0.53%          x52_41 U  40356  30974     23
  40417 27749     2179.0829   333     2189.0000     2177.3412  2593368    0.53%          x14_19 D  40417  25473     34
  40489 27801     2184.6983   274     2189.0000     2177.3510  2596877    0.53%          x29_15 U  40489  36488     39
  40554 27837     2182.4510   312     2189.0000     2177.3565  2600332    0.53%           x18_9 U  40554  30907     35
  40630 27897     2177.4287   380     2189.0000     2177.3667  2603470    0.53%          x58_54 D  40630  40629     29
  40708 27961     2177.3885   294     2189.0000     2177.3676  2606641    0.53%          x29_15 N  40708  37498     37
  40783 28020     2185.6176   300     2189.0000     2177.3676  2610221    0.53%          x16_10 U  40783  40781     21
  40858 28065     2179.8100   329     2189.0000     2177.3676  2613052    0.53%           x9_22 U  40858  40856     40
  40933 28123        cutoff           2189.0000     2177.3676  2616534    0.53%          x43_40 U  40933  18992     46
Elapsed time = 2167.15 sec. (2317965.58 ticks, tree = 3554.97 MB, solutions = 1)
Nodefile size = 1507.65 MB (1332.53 MB after compression)
  40990 28160     2185.4510   284     2189.0000     2177.3750  2619885    0.53%          x11_14 N  40990  40989     40
  41063 28204     2186.4676   307     2189.0000     2177.3842  2622553    0.53%          x52_41 U  41063  25140     39
  41124 28241     2177.5182   348     2189.0000     2177.3939  2625884    0.53%          x43_34 D  41124  41123     24
  41190 28275        cutoff           2189.0000     2177.4000  2629458    0.53%          x17_18 U  41190  27544     56
  41254 28298     2183.8260   300     2189.0000     2177.4034  2632890    0.53%          x43_45 U  41254  36700     29
  41317 28344     2177.6478   349     2189.0000     2177.4148  2636442    0.53%          x52_45 D  41317  38700     40
  41378 28386     2186.9301   295     2189.0000     2177.4176  2639887    0.53%          x52_49 N  41378  41376     61
  41444 28423     2178.4510   355     2189.0000     2177.4253  2643116    0.53%          x15_17 D  41444  28580     50
  41515 28454     2184.2415   330     2189.0000     2177.4368  2646297    0.53%           x18_9 U  41515  37023     20
  41572 28490     2177.7237   342     2189.0000     2177.4442  2650137    0.53%          x14_19 D  41572  38442     43
Elapsed time = 2202.06 sec. (2356477.68 ticks, tree = 3614.56 MB, solutions = 1)
Nodefile size = 1567.49 MB (1385.72 MB after compression)
  41621 28520     2177.6176   242     2189.0000     2177.4510  2653666    0.53%        x217_212 D  41621  37039     24
  41703 28578     2177.7010   293     2189.0000     2177.4510  2656322    0.53%          x14_19 D  41703  31042     41
  41765 28625        cutoff           2189.0000     2177.4510  2659834    0.53%          x40_33 U  41765  41763     37
  41830 28663     2185.4093   299     2189.0000     2177.4510  2663264    0.53%          x43_35 N  41830  30780     22
  41916 28709     2187.3910   347     2189.0000     2177.4510  2666250    0.53%          x15_17 U  41916  35103     47
  41993 28762     2177.4833   294     2189.0000     2177.4583  2669395    0.53%          x43_33 D  41993  41992     33
  42057 28794     2177.4776   296     2189.0000     2177.4634  2672465    0.53%          x10_11 D  42057  42056     51
  42128 28833     2181.5065   284     2189.0000     2177.4706  2675944    0.53%          x15_16 U  42128  24504     24
  42214 28863     2183.2288   321     2189.0000     2177.4774  2678982    0.53%          x57_56 U  42214  42063     49
  42283 28902        cutoff           2189.0000     2177.4853  2682170    0.53%          x11_15 U  42283  15051     72
Elapsed time = 2238.08 sec. (2394976.49 ticks, tree = 3680.97 MB, solutions = 1)
Nodefile size = 1634.20 MB (1445.04 MB after compression)
  42366 28924     2184.9294   351     2189.0000     2177.4926  2685130    0.53%          x39_29 D  42366  42364     49
  42426 28957     2177.6009   299     2189.0000     2177.5000  2688546    0.53%          x39_37 D  42426  14361     16
  42485 29002     2179.7222   243     2189.0000     2177.5000  2691813    0.53%           x9_22 U  42485   9683     24
  42556 29041     2182.5000   247     2189.0000     2177.5000  2694745    0.53%          x15_19 U  42556  42554     34
  42624 29091     2183.2778   238     2189.0000     2177.5000  2697657    0.53%          x13_16 D  42624  42622     44
  42689 29135     2180.2500   274     2189.0000     2177.5000  2701154    0.53%           x10_8 U  42689  42650     31
  42749 29174     2181.8889   303     2189.0000     2177.5000  2704574    0.53%          x14_10 U  42749   6261     33
  42816 29210        cutoff           2189.0000     2177.5000  2707882    0.53%          x17_12 U  42816  42814     60
  42867 29231     2178.8533   349     2189.0000     2177.5023  2711704    0.53%          x52_44 U  42867  42866     33
  42940 29276     2178.1176   261     2189.0000     2177.5072  2715030    0.53%          x10_17 U  42940  38050     56
Elapsed time = 2272.76 sec. (2433334.71 ticks, tree = 3741.96 MB, solutions = 1)
Nodefile size = 1694.40 MB (1498.29 MB after compression)
  43016 29292     2185.1176   276     2189.0000     2177.5176  2718052    0.52%          x43_34 U  43016  35924     41
  43084 29337        cutoff           2189.0000     2177.5185  2721532    0.52%           x9_12 U  43084  43082     86
  43149 29384     2180.6605   372     2189.0000     2177.5303  2725088    0.52%           x10_8 U  43149  42864     31
  43215 29427        cutoff           2189.0000     2177.5343  2728526    0.52%           x14_9 U  43215  43213     32
  43294 29470        cutoff           2189.0000     2177.5343  2731719    0.52%           x5_11 U  43294  39253     48
  43353 29493     2185.6605   331     2189.0000     2177.5432  2735351    0.52%          x24_15 U  43353  43063     33
  43428 29548     2182.1832   300     2189.0000     2177.5508  2738703    0.52%          x10_17 N  43428  38505     55
  43496 29601     2179.5990   292     2189.0000     2177.5556  2742320    0.52%          x17_10 D  43496  43495     33
  43552 29637     2187.3843   291     2189.0000     2177.5667  2746277    0.52%          x52_41 N  43552  40497     39
  43605 29670        cutoff           2189.0000     2177.5714  2749476    0.52%           x0_11 U  43605  43591     46
Elapsed time = 2308.28 sec. (2472390.91 ticks, tree = 3806.16 MB, solutions = 1)
Nodefile size = 1759.07 MB (1555.76 MB after compression)
  43677 29709     2178.5676   313     2189.0000     2177.5806  2752645    0.52%          x11_14 D  43677  43676     37
  43731 29747     2184.1176   261     2189.0000     2177.5843  2756223    0.52%          x43_49 N  43731  43729     23
  43788 29779     2187.2353   276     2189.0000     2177.5919  2759908    0.52%          x25_15 U  43788  41431     50
  43855 29816     2178.1176   266     2189.0000     2177.6000  2763159    0.52%          x17_10 D  43855   3523     37
  43913 29839     2180.7843   295     2189.0000     2177.6097  2766424    0.52%          x43_49 N  43913  43911     43
  43968 29859     2182.2426   252     2189.0000     2177.6176  2769753    0.52%           x10_2 U  43968  29913     43
  44061 29923        cutoff           2189.0000     2177.6176  2772458    0.52%          x14_15 U  44061  44059     58
  44149 29989     2184.5000   188     2189.0000     2177.6176  2775080    0.52%          x20_37 N  44149  44148     63
  44216 30029        cutoff           2189.0000     2177.6176  2777911    0.52%          x13_16 U  44216  44214     54
  44286 30075     2178.0000   277     2189.0000     2177.6176  2780920    0.52%          x52_54 D  44286  44285     49
Elapsed time = 2342.98 sec. (2510919.92 ticks, tree = 3871.29 MB, solutions = 1)
Nodefile size = 1824.02 MB (1613.58 MB after compression)
  44369 30126        cutoff           2189.0000     2177.6176  2783797    0.52%          x16_15 U  44369  33524     51
  44431 30166     2177.6801   302     2189.0000     2177.6176  2786630    0.52%          x16_15 D  44431  30489     49
  44508 30215     2184.7951   312     2189.0000     2177.6176  2789695    0.52%          x43_35 U  44508  44506     30
  44569 30257     2186.9264   324     2189.0000     2177.6184  2793165    0.52%          x51_45 N  44569  38875     40
  44630 30283     2177.6430   382     2189.0000     2177.6282  2796342    0.52%           x8_11 D  44630  44629     33
  44684 30320        cutoff           2189.0000     2177.6343  2800061    0.52%          x55_54 U  44684  37449     35
  44744 30351        cutoff           2189.0000     2177.6440  2803404    0.52%          x56_54 U  44744  15190     14
  44820 30379     2179.7843   311     2189.0000     2177.6510  2806294    0.52%          x17_10 U  44820  18316     25
  44877 30405     2184.4926   303     2189.0000     2177.6593  2809918    0.52%        x214_213 D  44877  44875     10
  44937 30435     2178.7500   227     2189.0000     2177.6667  2813260    0.52%          x13_16 U  44937  44935     66
Elapsed time = 2377.09 sec. (2549404.13 ticks, tree = 3930.42 MB, solutions = 1)
Nodefile size = 1882.57 MB (1665.52 MB after compression)
  45010 30485        cutoff           2189.0000     2177.6667  2816392    0.52%           x14_9 U  45010  45008     23
  45086 30526        cutoff           2189.0000     2177.6667  2819166    0.52%           x3_11 U  45086  17345     45
  45142 30556     2184.4510   269     2189.0000     2177.6667  2822697    0.52%          x18_10 U  45142   9053     18
  45210 30578        cutoff           2189.0000     2177.6676  2825888    0.52%          x20_12 U  45210  34204     47
  45273 30617     2181.9718   275     2189.0000     2177.6761  2829237    0.52%          x15_17 U  45273  44900     54
  45335 30637     2185.1555   385     2189.0000     2177.6824  2832589    0.52%           x18_9 U  45335  45333     16
  45393 30673     2183.1891   293     2189.0000     2177.6891  2835980    0.52%          x14_10 U  45393  45391     28
  45478 30735     2178.1515   367     2189.0000     2177.7000  2838682    0.52%          x43_40 D  45478   3327     40
  45560 30790        cutoff           2189.0000     2177.7010  2841559    0.52%          x13_34 D  45560  45558     48
  45623 30834     2187.3333   279     2189.0000     2177.7046  2844669    0.52%          x24_15 U  45623  45621     48
Elapsed time = 2412.70 sec. (2588067.39 ticks, tree = 3996.96 MB, solutions = 1)
Nodefile size = 1949.71 MB (1724.95 MB after compression)
  45680 30851     2177.9843   297     2189.0000     2177.7129  2848130    0.52%          x16_11 D  45680   5769     27
  45738 30877     2187.1750   327     2189.0000     2177.7176  2851531    0.52%          x25_15 U  45738  37631     36
  45800 30902     2177.9481   371     2189.0000     2177.7237  2854817    0.52%           x10_8 D  45800  45799     22
  45858 30944     2177.9861   323     2189.0000     2177.7298  2857976    0.51%          x17_11 D  45858  21900     26
  45920 30979     2177.7406   241     2189.0000     2177.7361  2861083    0.51%          x20_12 D  45920  43485     59
  45990 31017     2178.6176   285     2189.0000     2177.7426  2864181    0.51%          x10_17 U  45990  45989     57
  46053 31047     2184.5000   238     2189.0000     2177.7500  2867620    0.51%          x15_34 U  46053   4752     44
  46132 31107        cutoff           2189.0000     2177.7500  2870606    0.51%          x13_16 U  46132  46130     42
  46196 31145        cutoff           2189.0000     2177.7500  2873541    0.51%          x25_15 U  46196   9204     64
  46250 31170     2183.7938   337     2189.0000     2177.7560  2876992    0.51%          x33_15 U  46250  43359     43
Elapsed time = 2446.63 sec. (2626688.49 ticks, tree = 4053.71 MB, solutions = 1)
Nodefile size = 2006.04 MB (1774.98 MB after compression)
  46323 31211     2177.9786   341     2189.0000     2177.7619  2880240    0.51%          x52_41 D  46323  39609     29
  46377 31246     2183.7368   347     2189.0000     2177.7681  2883938    0.51%           x14_9 U  46377  36787     38
  46432 31277     2177.8295   269     2189.0000     2177.7745  2887463    0.51%          x43_35 D  46432  46431     49
  46490 31312     2179.2010   339     2189.0000     2177.7831  2891030    0.51%          x44_53 D  46490  39499     26
  46559 31359     2179.1225   320     2189.0000     2177.7843  2894246    0.51%          x17_10 D  46559  27912     31
  46639 31423     2182.0588   304     2189.0000     2177.7843  2897475    0.51%          x13_16 U  46639  46637     46
  46717 31466     2185.2843   265     2189.0000     2177.7843  2900352    0.51%           x9_22 U  46717  44685     28
  46784 31511        cutoff           2189.0000     2177.7843  2903615    0.51%           x14_8 U  46784  46782     40
  46848 31556        cutoff           2189.0000     2177.7843  2907048    0.51%          x58_54 U  46848  46846     31
  46915 31608     2178.7843   280     2189.0000     2177.7843  2910494    0.51%          x17_18 N  46915  24585     36
Elapsed time = 2481.69 sec. (2665222.78 ticks, tree = 4124.81 MB, solutions = 1)
Nodefile size = 2077.03 MB (1838.12 MB after compression)
  46985 31661     2177.9510   327     2189.0000     2177.7843  2913420    0.51%          x56_45 D  46985  46984     16
  47042 31685        cutoff           2189.0000     2177.7843  2916926    0.51%          x43_33 U  47042  11367     19
  47110 31727     2177.8444   289     2189.0000     2177.7895  2920117    0.51%          x39_37 D  47110  47109     38
  47172 31751     2179.1429   270     2189.0000     2177.8000  2923307    0.51%          x13_16 D  47172  42631     44
  47236 31772     2184.8500   332     2189.0000     2177.8021  2926784    0.51%          x51_44 D  47236    959     19
  47298 31800     2178.1176   291     2189.0000     2177.8095  2930013    0.51%          x14_10 D  47298  18377     35
  47356 31839     2184.9510   284     2189.0000     2177.8167  2932784    0.51%          x20_12 U  47356   3373     33
  47425 31894     2183.1176   281     2189.0000     2177.8176  2935474    0.51%          x39_43 U  47425  47423     29
  47479 31923     2187.7995   272     2189.0000     2177.8242  2939224    0.51%          x56_49 N  47479  45886     25
  47533 31952        cutoff           2189.0000     2177.8319  2942686    0.51%          x56_47 U  47533  38730     35
Elapsed time = 2515.71 sec. (2703841.38 ticks, tree = 4182.44 MB, solutions = 1)
Nodefile size = 2135.48 MB (1890.15 MB after compression)
  47600 31995     2183.6667   256     2189.0000     2177.8333  2946046    0.51%          x14_16 N  47600  46271     51
  47665 32019     2178.6176   340     2189.0000     2177.8333  2949157    0.51%           x9_18 D  47665   4013     33
  47715 32043        cutoff           2189.0000     2177.8361  2953039    0.51%          x43_35 U  47715  32324     25
  47778 32077        cutoff           2189.0000     2177.8417  2956276    0.51%          x18_11 U  47778  39250     18
  47842 32115        cutoff           2189.0000     2177.8468  2959273    0.51%          x56_52 U  47842  35223     32
  47909 32148        cutoff           2189.0000     2177.8510  2962372    0.51%          x17_18 U  47909  30596     44
  47963 32169     2182.6637   359     2189.0000     2177.8587  2966332    0.51%          x44_40 N  47963   3017     25
  48027 32197     2184.6176   246     2189.0000     2177.8676  2969611    0.51%          x29_15 U  48027  44049     49
  48086 32243     2178.2288   275     2189.0000     2177.8676  2972598    0.51%          x25_15 D  48086  48085     39
  48157 32296     2186.0506   301     2189.0000     2177.8676  2975589    0.51%          x15_16 U  48157  48155     44
Elapsed time = 2550.06 sec. (2743156.51 ticks, tree = 4240.27 MB, solutions = 1)
Nodefile size = 2192.72 MB (1941.07 MB after compression)
  48222 32339     2184.4176   301     2189.0000     2177.8676  2978417    0.51%          x14_10 U  48222  34551     42
  48288 32380     2186.6176   296     2189.0000     2177.8676  2981740    0.51%          x44_54 U  48288  33922     32
  48354 32421     2180.1667   344     2189.0000     2177.8736  2984834    0.51%          x17_10 U  48354  48352     45
  48415 32450     2178.6176   273     2189.0000     2177.8781  2987845    0.51%           x14_8 D  48415  40473     50
  48471 32482     2178.3843   325     2189.0000     2177.8877  2991137    0.51%          x17_10 D  48471  21214     38
  48527 32498     2178.0746   373     2189.0000     2177.8917  2994455    0.51%          x55_49 D  48527  48526     21
  48591 32508        cutoff           2189.0000     2177.8992  2997554    0.51%          x15_17 U  48591  48589     39
  48652 32536        cutoff           2189.0000     2177.9003  3000819    0.51%          x55_54 U  48652   3752     15
  48700 32551     2178.9510   311     2189.0000     2177.9093  3004490    0.51%          x15_17 D  48700  48699     32
  48753 32583        cutoff           2189.0000     2177.9139  3007834    0.51%          x14_10 U  48753  48750     64
Elapsed time = 2583.20 sec. (2781730.83 ticks, tree = 4289.76 MB, solutions = 1)
Nodefile size = 2242.04 MB (1985.08 MB after compression)
  48817 32611     2178.2843   303     2189.0000     2177.9167  3010874    0.51%           x9_18 D  48817   4542     29
  48876 32653     2177.9272   369     2189.0000     2177.9176  3014246    0.51%          x50_41 N  48876  22451     22
  48927 32668     2187.9176   296     2189.0000     2177.9263  3017749    0.51%          x44_40 U  48927   9908     19
  48990 32699     2185.8676   295     2189.0000     2177.9333  3020846    0.51%          x26_15 U  48990   6610     42
  49049 32740        cutoff           2189.0000     2177.9382  3024345    0.51%           x3_11 U  49049  38268     24
  49104 32769     2179.1214   348     2189.0000     2177.9467  3027398    0.50%        x209_210 U  49104   9633     35
  49110 32772     2187.7600   340     2189.0000     2177.9491  3034588    0.50%          x43_40 N  49110  47360     42
  49170 32816     2187.6176   268     2189.0000     2177.9510  3037865    0.50%          x24_15 D  49170  49169     37
  49251 32863        cutoff           2189.0000     2177.9510  3039711    0.50%           x14_8 U  49251  48678     88
  49313 32900     2183.9926   296     2189.0000     2177.9510  3042868    0.50%          x17_10 U  49313  41752     33
Elapsed time = 2618.28 sec. (2823044.35 ticks, tree = 4343.45 MB, solutions = 1)
Nodefile size = 2296.05 MB (2033.20 MB after compression)
  49380 32946     2184.1176   321     2189.0000     2177.9510  3045946    0.50%          x15_17 U  49380  49378     36
  49453 32985     2187.0403   349     2189.0000     2177.9582  3048936    0.50%          x44_40 U  49453  33314     22
  49505 33004     2182.3333   227     2189.0000     2177.9667  3052351    0.50%          x14_25 N  49505  49503     41
  49563 33040     2180.1843   330     2189.0000     2177.9719  3055572    0.50%          x17_10 U  49563  49561     26
  49612 33071     2178.0000   222     2189.0000     2177.9773  3058570    0.50%          x13_34 U  49612  49611     68
  49670 33113     2178.0343   312     2189.0000     2177.9843  3061989    0.50%          x10_11 D  49670  49669     29
  49732 33155     2178.0462   285     2189.0000     2177.9926  3065096    0.50%           x9_12 N  49732  30492     48
  49795 33189     2183.0000   214     2189.0000     2178.0000  3068240    0.50%          x31_34 U  49795   2096     39
  49844 33220     2187.8936   273     2189.0000     2178.0000  3071305    0.50%          x16_10 U  49844  17133     44
  49924 33261     2184.8609   296     2189.0000     2178.0000  3074606    0.50%          x26_15 U  49924   5738     26
Elapsed time = 2652.86 sec. (2861708.11 ticks, tree = 4405.28 MB, solutions = 1)
Nodefile size = 2358.24 MB (2088.62 MB after compression)
  49990 33294        cutoff           2189.0000     2178.0000  3077374    0.50%          x26_34 U  49990  49988     55
  50048 33323     2185.3333   233     2189.0000     2178.0000  3080160    0.50%           x14_9 U  50048  31850     31
  50105 33359     2183.3879   277     2189.0000     2178.0000  3083603    0.50%          x33_15 U  50105   3709     31
  50170 33405     2180.5000   220     2189.0000     2178.0000  3086963    0.50%          x15_17 N  50170  42592     31
  50230 33441     2183.4176   265     2189.0000     2178.0000  3089926    0.50%          x17_12 D  50230  50228     32
  50300 33483     2178.1667   241     2189.0000     2178.0000  3092996    0.50%          x19_18 U  50300  42423     63
  50361 33528     2181.8676   246     2189.0000     2178.0000  3096055    0.50%          x13_16 U  50361  50359     53
  50420 33553        cutoff           2189.0000     2178.0000  3099235    0.50%          x13_17 U  50420  29937     50
  50476 33588     2186.2941   308     2189.0000     2178.0000  3102777    0.50%          x13_17 U  50476  27122     29
  50524 33612     2186.3676   302     2189.0000     2178.0000  3106276    0.50%          x16_15 D  50524  50523     41
Elapsed time = 2686.81 sec. (2900319.90 ticks, tree = 4465.55 MB, solutions = 1)
Nodefile size = 2417.94 MB (2141.25 MB after compression)
  50585 33620     2182.1618   317     2189.0000     2178.0000  3109046    0.50%          x15_17 N  50585  42800     31
  50636 33640     2179.0000   255     2189.0000     2178.0000  3112536    0.50%          x45_47 U  50636  50634     28
  50666 33657     2184.9191   279     2189.0000     2178.0007  3114932    0.50%           x10_8 U  50666   4303     45
  50720 33694     2180.7667   293     2189.0000     2178.0083  3118174    0.50%          x44_54 D  50720  25594     21
  50791 33727     2182.5500   331     2189.0000     2178.0167  3121095    0.50%          x15_16 U  50791  50789     29
  50850 33764     2178.1843   294     2189.0000     2178.0176  3123742    0.50%           x14_8 D  50850  50849     26
  50949 33836     2178.0525   373     2189.0000     2178.0224  3126651    0.50%          x58_54 D  50949  44846     23
  51030 33889     2180.8684   371     2189.0000     2178.0294  3129249    0.50%          x43_34 D  51030  51029     25
  51085 33926     2182.9222   362     2189.0000     2178.0343  3132405    0.50%          x43_34 D  51085  51084     22
  51146 33960     2178.1176   265     2189.0000     2178.0376  3135518    0.50%          x18_13 D  51146  48031     48
Elapsed time = 2722.17 sec. (2938889.98 ticks, tree = 4526.94 MB, solutions = 1)
Nodefile size = 2479.36 MB (2195.85 MB after compression)
  51198 33976     2183.9769   354     2189.0000     2178.0407  3138627    0.50%           x14_9 U  51198  43335     73
  51264 34021     2179.3803   311     2189.0000     2178.0470  3141542    0.50%        x217_212 D  51264  51263     76
  51314 34034        cutoff           2189.0000     2178.0510  3144810    0.50%          x44_40 U  51314  28383     24
  51367 34066     2179.4667   311     2189.0000     2178.0583  3147921    0.50%          x20_12 D  51367  14317     28
  51423 34084     2178.2564   231     2189.0000     2178.0667  3151068    0.50%           x14_8 D  51423  43829     53
  51483 34114     2178.2089   274     2189.0000     2178.0714  3153935    0.50%          x43_35 D  51483  35702     49
  51537 34150        cutoff           2189.0000     2178.0769  3162063    0.50%          x44_49 U  51537  44887     53
  51597 34183        cutoff           2189.0000     2178.0833  3165147    0.50%          x39_37 U  51597  47109     38
  51654 34198     2178.3214   333     2189.0000     2178.0890  3168433    0.50%          x20_12 D  51654  36373     34
  51717 34221     2179.3355   337     2189.0000     2178.0986  3171201    0.50%          x15_18 D  51717  40593     33
Elapsed time = 2757.56 sec. (2981771.91 ticks, tree = 4574.09 MB, solutions = 1)
Nodefile size = 2526.52 MB (2237.99 MB after compression)
  51772 34252     2186.7843   250     2189.0000     2178.1020  3175014    0.50%           x18_9 U  51772  44574     20
  51833 34285     2183.9843   303     2189.0000     2178.1095  3178277    0.50%          x17_11 U  51833   7397     25
  51901 34312     2183.5821   297     2189.0000     2178.1167  3181242    0.50%          x52_44 D  51901  51899     49
  51968 34355        cutoff           2189.0000     2178.1176  3184220    0.50%          x16_15 U  51968  38856     48
  52020 34383     2178.6176   278     2189.0000     2178.1176  3187424    0.50%          x16_15 D  52020  39834     60
  52095 34420        cutoff           2189.0000     2178.1176  3190447    0.50%          x25_15 U  52095  52091     26
  52166 34456     2180.4167   283     2189.0000     2178.1176  3193398    0.50%          x15_17 U  52166  32246     32
  52241 34494     2179.3676   303     2189.0000     2178.1176  3196044    0.50%          x14_19 D  52241  52239     33
  52318 34550     2181.4510   284     2189.0000     2178.1176  3198806    0.50%           x9_22 D  52318  22520     21
  52392 34594     2182.8926   304     2189.0000     2178.1176  3201929    0.50%          x13_16 U  52392  49790     40
Elapsed time = 2792.23 sec. (3020378.76 ticks, tree = 4637.60 MB, solutions = 1)
Nodefile size = 2589.78 MB (2294.04 MB after compression)
  52458 34633     2183.1176   284     2189.0000     2178.1176  3204934    0.50%          x33_15 U  52458  36350     28
  52532 34665     2187.9510   262     2189.0000     2178.1176  3207708    0.50%          x25_15 U  52532  52363     32
  52600 34693     2180.6176   255     2189.0000     2178.1176  3210616    0.50%           x9_22 U  52600  27059     33
  52661 34723     2178.2288   320     2189.0000     2178.1176  3213743    0.50%           x14_9 D  52661  47808     26
  52730 34766     2186.7843   285     2189.0000     2178.1176  3216746    0.50%           x5_11 U  52730  50678     28
  52803 34807        cutoff           2189.0000     2178.1176  3219336    0.50%           x1_11 U  52803  52801     48
  52877 34840     2181.1176   334     2189.0000     2178.1176  3221987    0.50%          x52_51 U  52877  48281     25
  52949 34861        cutoff           2189.0000     2178.1176  3224758    0.50%           x6_11 U  52949  32415     82
  53007 34891     2186.8039   295     2189.0000     2178.1250  3227629    0.50%           x14_9 N  53007  51215     39
  53081 34939     2178.2843   323     2189.0000     2178.1305  3230404    0.50%          x43_35 D  53081  46985     17
Elapsed time = 2826.60 sec. (3059197.35 ticks, tree = 4696.47 MB, solutions = 1)
Nodefile size = 2649.10 MB (2346.89 MB after compression)
  53141 34959     2187.2843   314     2189.0000     2178.1373  3235145    0.50%          x52_41 N  53141   8967     45
  53208 34984     2182.9487   296     2189.0000     2178.1454  3238093    0.50%          x15_16 U  53208  53206     60
  53274 35012     2178.6000   258     2189.0000     2178.1534  3240669    0.50%          x10_19 D  53274  53273     46
  53336 35050     2178.1593   302     2189.0000     2178.1593  3243671    0.50%           x7_11 D  53336  51078     40
  53401 35084     2183.4272   324     2189.0000     2178.1653  3246591    0.49%          x16_10 U  53401  48738     29
  53437 35113     2178.3352   388     2189.0000     2178.1667  3251317    0.49%        x209_199 N  53437   3935     34
  53485 35139     2182.0667   291     2189.0000     2178.1667  3254078    0.49%          x11_14 U  53485  13394     24
  53508 35153        cutoff           2189.0000     2178.1667  3259024    0.49%          x43_35 U  53508   8971     49
  53565 35193     2181.4510   314     2189.0000     2178.1676  3262661    0.49%           x9_22 D  53565  53563     29
  53623 35217        cutoff           2189.0000     2178.1751  3265502    0.49%          x33_15 U  53623  53621     37
Elapsed time = 2861.01 sec. (3099151.39 ticks, tree = 4746.71 MB, solutions = 1)
Nodefile size = 2699.04 MB (2391.36 MB after compression)
  53685 35237     2181.1176   262     2189.0000     2178.1843  3268640    0.49%          x33_15 U  53685  10956     34
  53762 35290     2184.9510   308     2189.0000     2178.1892  3271628    0.49%          x18_10 U  53762  22647     15
  53832 35325     2184.6176   266     2189.0000     2178.1946  3275063    0.49%          x14_10 U  53832  53829     31
  53890 35357     2186.3333   240     2189.0000     2178.2000  3278705    0.49%          x10_11 U  53890  42696     27
  53950 35399     2187.5873   306     2189.0000     2178.2010  3281987    0.49%          x52_54 U  53950  43763     40
  54010 35417     2178.2759   322     2189.0000     2178.2083  3285464    0.49%          x43_35 D  54010  54009     37
  54063 35450     2181.6305   327     2189.0000     2178.2129  3288966    0.49%           x9_22 D  54063  47088     32
  54124 35484     2187.8085   283     2189.0000     2178.2188  3292513    0.49%          x43_40 U  54124   8972     50
  54181 35516     2182.5343   319     2189.0000     2178.2269  3295751    0.49%          x15_16 N  54181  44518     34
  54246 35561     2178.3176   280     2189.0000     2178.2315  3299133    0.49%           x15_9 D  54246  54245     53
Elapsed time = 2896.37 sec. (3137849.20 ticks, tree = 4807.56 MB, solutions = 1)
Nodefile size = 2759.85 MB (2445.50 MB after compression)
  54302 35599     2178.2692   337     2189.0000     2178.2373  3302322    0.49%          x43_41 D  54302  51323     23
  54371 35642     2185.0760   311     2189.0000     2178.2424  3305447    0.49%          x14_19 U  54371  54369     49
  54430 35691     2178.4510   301     2189.0000     2178.2426  3307805    0.49%           x10_3 D  54430  54429     27
  54467 35721     2188.0000   170     2189.0000     2178.2426  3310112    0.49%        x166_158 N  54467  54465     58
  54533 35771     2180.3527   314     2189.0000     2178.2500  3312909    0.49%           x10_8 D  54533   8473     29
  54605 35808     2178.5000   250     2189.0000     2178.2500  3315681    0.49%          x25_15 D  54605  54604     39
  54671 35844     2178.2500   313     2189.0000     2178.2500  3318597    0.49%          x43_35 D  54671  47605     46
  54739 35888     2180.9510   316     2189.0000     2178.2510  3321792    0.49%          x15_17 D  54739  45262     36
  54802 35925     2178.8607   322     2189.0000     2178.2565  3324823    0.49%          x20_12 D  54802  54801     21
  54873 35962     2181.1843   340     2189.0000     2178.2606  3328043    0.49%          x15_17 U  54873  54871     26
Elapsed time = 2931.07 sec. (3176533.11 ticks, tree = 4876.26 MB, solutions = 1)
Nodefile size = 2829.19 MB (2507.29 MB after compression)
  54926 35980     2178.3515   359     2189.0000     2178.2672  3331304    0.49%          x43_35 D  54926  51447     22
  54988 36023     2179.1593   293     2189.0000     2178.2724  3334734    0.49%           x15_9 U  54988  54986     47
  55056 36063        cutoff           2189.0000     2178.2774  3338151    0.49%          x14_11 U  55056  51873     53
  55099 36084     2184.2182   339     2189.0000     2178.2832  3341916    0.49%          x33_15 U  55099  53674     57
  55163 36130     2179.3376   322     2189.0000     2178.2843  3345063    0.49%          x14_19 D  55163  55162     40
  55226 36167     2178.4843   307     2189.0000     2178.2843  3348602    0.49%          x33_15 D  55226  51624     31
  55284 36202     2185.2843   291     2189.0000     2178.2843  3351551    0.49%          x29_15 U  55284  55281     40
  55350 36227        cutoff           2189.0000     2178.2843  3354965    0.49%          x14_19 U  55350  40104     36
  55414 36271     2185.3130   317     2189.0000     2178.2843  3358206    0.49%          x33_45 D  55414  55413     30
  55457 36304     2183.6534   313     2189.0000     2178.2857  3362139    0.49%        x215_213 U  55457   3049      7
Elapsed time = 2965.16 sec. (3215080.18 ticks, tree = 4936.62 MB, solutions = 1)
Nodefile size = 2889.20 MB (2560.69 MB after compression)
  55511 36333     2186.2843   292     2189.0000     2178.2924  3365321    0.49%          x14_11 N  55511  39350     21
  55562 36367     2178.4532   289     2189.0000     2178.2971  3368588    0.49%          x43_34 D  55562  53254     39
  55615 36389     2178.3333   303     2189.0000     2178.3046  3371887    0.49%          x43_45 D  55615  51369     31
  55677 36422        cutoff           2189.0000     2178.3086  3374773    0.49%          x43_41 U  55677  55675     35
  55738 36464     2179.6328   318     2189.0000     2178.3144  3378143    0.49%          x43_45 U  55738  55736     17
  55797 36497        cutoff           2189.0000     2178.3176  3381533    0.49%          x14_25 U  55797  55795     44
  55877 36552     2180.4510   294     2189.0000     2178.3176  3384256    0.49%          x15_17 U  55877  38563     29
  55935 36569        cutoff           2189.0000     2178.3235  3387346    0.49%           x9_12 U  55935  44672     54
  55992 36602     2178.4192   327     2189.0000     2178.3269  3390599    0.49%          x56_49 D  55992  55991     41
  56048 36630     2181.0864   256     2189.0000     2178.3333  3393550    0.49%           x15_9 U  56048  43632     70
Elapsed time = 2999.59 sec. (3253503.40 ticks, tree = 4995.18 MB, solutions = 1)
Nodefile size = 2948.15 MB (2613.30 MB after compression)
  56112 36664     2182.0802   263     2189.0000     2178.3333  3396650    0.49%          x29_15 U  56112  56110     47
  56164 36697     2186.6444   270     2189.0000     2178.3333  3399444    0.49%          x13_16 N  56164  56163     41
  56215 36723     2185.1167   319     2189.0000     2178.3333  3402419    0.49%          x11_14 D  56215  56213     51
  56287 36767     2184.3796   321     2189.0000     2178.3333  3405201    0.49%          x52_54 U  56287  20729     41
  56328 36785     2178.9510   286     2189.0000     2178.3333  3409012    0.49%          x39_37 D  56328   3417     19
  56400 36828     2180.4159   300     2189.0000     2178.3399  3411956    0.49%          x17_10 D  56400  52874     23
  56457 36829     2185.4510   293     2189.0000     2178.3484  3415265    0.49%          x18_10 U  56457  50128     19
  56515 36861     2182.0000   216     2189.0000     2178.3532  3418692    0.49%           x10_8 U  56515  56513     29
  56572 36876     2187.2690   329     2189.0000     2178.3576  3421747    0.49%          x44_54 U  56572  25593     21
  56637 36910     2185.1772   355     2189.0000     2178.3655  3424734    0.49%          x16_10 U  56637  56635     28
Elapsed time = 3033.58 sec. (3292660.84 ticks, tree = 5046.78 MB, solutions = 1)
Nodefile size = 2999.11 MB (2658.57 MB after compression)
  56710 36964     2178.9176   266     2189.0000     2178.3676  3427904    0.49%          x15_17 D  56710  51933     23
  56780 37013     2180.1176   291     2189.0000     2178.3676  3430426    0.49%          x11_14 N  56780  44370     27
  56838 37041     2183.7843   306     2189.0000     2178.3676  3433681    0.49%          x11_14 U  56838  52729     25
  56911 37081     2185.7086   293     2189.0000     2178.3676  3436370    0.49%          x43_34 U  56911  32333     22
  56977 37127     2178.4034   330     2189.0000     2178.3676  3439603    0.49%          x20_12 D  56977  56976     35
  57035 37160     2186.2036   331     2189.0000     2178.3686  3443181    0.49%           x14_9 U  57035  53728     50
  57090 37188     2185.2843   326     2189.0000     2178.3742  3446703    0.49%          x26_15 U  57090   7390     29
  57161 37231     2178.4176   344     2189.0000     2178.3769  3449784    0.49%          x33_15 D  57161  52678     32
  57215 37245     2183.4345   283     2189.0000     2178.3833  3453354    0.49%          x52_54 N  57215  57213     50
  57276 37268     2181.7843   308     2189.0000     2178.3885  3456516    0.48%          x33_15 U  57276  55012     28
Elapsed time = 3067.53 sec. (3331247.41 ticks, tree = 5108.86 MB, solutions = 1)
Nodefile size = 3061.10 MB (2713.96 MB after compression)
  57323 37290     2178.4583   249     2189.0000     2178.3947  3459912    0.48%          x14_11 D  57323  49960     43
  57387 37311     2184.3056   238     2189.0000     2178.4000  3462963    0.48%          x17_11 U  57387   6016     36
  57430 37323     2178.4889   283     2189.0000     2178.4026  3467026    0.48%          x43_35 D  57430  57429     41
  57504 37366     2179.5718   360     2189.0000     2178.4074  3470152    0.48%          x52_51 U  57504  49411     24
  57559 37395        cutoff           2189.0000     2178.4142  3473752    0.48%          x43_41 U  57559  54323     32
  57578 37404     2178.5176   342     2189.0000     2178.4167  3478414    0.48%          x14_10 D  57578  21491     39
  57631 37437     2178.4510   243     2189.0000     2178.4176  3481857    0.48%          x18_10 D  57631  54375     50
  57681 37464     2178.6136   246     2189.0000     2178.4211  3485527    0.48%           x14_8 D  57681  57680     41
  57735 37486     2180.5621   319     2189.0000     2178.4255  3488662    0.48%          x39_53 U  57735  57734     29
  57789 37523     2182.3982   367     2189.0000     2178.4288  3491974    0.48%          x11_14 U  57789  25353     48
Elapsed time = 3100.46 sec. (3369768.17 ticks, tree = 5156.07 MB, solutions = 1)
Nodefile size = 3108.94 MB (2756.58 MB after compression)
  57860 37567     2182.6176   257     2189.0000     2178.4333  3495221    0.48%          x40_54 U  57860  12186     61
  57918 37595     2178.4391   290     2189.0000     2178.4391  3498554    0.48%          x24_15 D  57918  47967     47
  57971 37620     2184.8196   318     2189.0000     2178.4446  3502218    0.48%          x33_15 U  57971  53826     28
  58026 37658     2182.7010   278     2189.0000     2178.4510  3505962    0.48%           x9_22 U  58026  29455     28
  58097 37710     2179.8601   305     2189.0000     2178.4510  3508837    0.48%           x15_9 U  58097  58095     29
  58161 37747     2184.1176   286     2189.0000     2178.4510  3512053    0.48%          x24_15 U  58161  58159     38
  58226 37788     2180.1732   319     2189.0000     2178.4510  3515184    0.48%           x9_22 U  58226  21561     36
  58295 37829     2178.5343   317     2189.0000     2178.4510  3518180    0.48%           x10_8 D  58295  53934     23
  58359 37872        cutoff           2189.0000     2178.4510  3521409    0.48%          x15_11 U  58359  53846     36
  58436 37919        cutoff           2189.0000     2178.4510  3524288    0.48%          x43_33 U  58436  51118     18
Elapsed time = 3136.15 sec. (3408554.63 ticks, tree = 5226.02 MB, solutions = 1)
Nodefile size = 3179.75 MB (2819.87 MB after compression)
  58497 37944     2178.7500   213     2189.0000     2178.4545  3527363    0.48%          x14_10 D  58497  58496     42
  58552 37966     2183.7843   325     2189.0000     2178.4610  3530633    0.48%          x18_10 U  58552  41362     27
  58612 37992        cutoff           2189.0000     2178.4661  3533487    0.48%          x14_11 U  58612  56408     23
  58686 38046     2178.8584   291     2189.0000     2178.4706  3536796    0.48%           x8_11 D  58686  58685     55
  58750 38075     2178.5176   285     2189.0000     2178.4748  3539942    0.48%          x18_13 N  58750  52386     49
  58797 38098     2178.6176   329     2189.0000     2178.4813  3543416    0.48%          x33_15 D  58797  49147     29
  58851 38106     2179.4667   317     2189.0000     2178.4863  3546903    0.48%          x43_54 D  58851  51155     39
  58913 38135     2178.6176   305     2189.0000     2178.4926  3550088    0.48%          x14_11 D  58913  58912     33
  58977 38156     2178.4966   379     2189.0000     2178.4960  3553275    0.48%          x14_11 D  58977  28291     38
  59039 38204     2178.7000   269     2189.0000     2178.5000  3556427    0.48%          x13_16 D  59039   9006     37
Elapsed time = 3169.83 sec. (3447169.40 ticks, tree = 5277.69 MB, solutions = 1)
Nodefile size = 3230.09 MB (2864.78 MB after compression)
  59093 38244     2180.9837   282     2189.0000     2178.5000  3559759    0.48%          x20_12 U  59093   7144     19
  59160 38281     2185.3478   289     2189.0000     2178.5000  3563044    0.48%          x14_10 U  59160  44670     33
  59239 38323     2182.6354   253     2189.0000     2178.5000  3565710    0.48%           x14_8 D  59239  59238     69
  59284 38339     2183.3333   240     2189.0000     2178.5000  3569566    0.48%           x14_9 U  59284  42756     44
  59339 38370     2181.7500   244     2189.0000     2178.5000  3572861    0.48%          x14_16 D  59339  59338     72
  59396 38401     2180.0556   269     2189.0000     2178.5000  3576098    0.48%        x217_212 U  59396  45031     32
  59457 38429     2183.0000   222     2189.0000     2178.5000  3579240    0.48%           x15_9 N  59457  59456     35
  59502 38451     2180.6176   272     2189.0000     2178.5000  3582666    0.48%          x40_33 U  59502   9073     35
  59553 38478     2181.6844   349     2189.0000     2178.5023  3586035    0.48%           x10_8 N  59553  49737     40
  59623 38496        cutoff           2189.0000     2178.5085  3588833    0.48%           x2_11 U  59623  58558     28
Elapsed time = 3204.48 sec. (3485728.46 ticks, tree = 5332.97 MB, solutions = 1)
Nodefile size = 3286.75 MB (2914.86 MB after compression)
  59675 38504     2178.5167   271     2189.0000     2178.5147  3592209    0.48%          x39_37 D  59675  57120     45
  59732 38539     2182.2626   351     2189.0000     2178.5176  3595638    0.48%          x15_18 D  59732  59730     24
  59806 38575     2184.4843   310     2189.0000     2178.5176  3598716    0.48%          x24_15 U  59806  59804     46
  59856 38601     2179.0954   318     2189.0000     2178.5250  3602172    0.48%          x55_54 D  59856   1019      6
  59915 38636        cutoff           2189.0000     2178.5294  3605378    0.48%          x17_11 U  59915  40052     41
  59963 38658     2178.7867   339     2189.0000     2178.5333  3608896    0.48%          x19_18 U  59963  55753     56
  60031 38707     2181.1176   306     2189.0000     2178.5343  3611733    0.48%          x15_17 U  60031  60029     34
  60093 38732        cutoff           2189.0000     2178.5385  3614927    0.48%          x43_45 U  60093  57774     44
  60161 38771     2178.6806   302     2189.0000     2178.5435  3617890    0.48%           x9_11 N  60161  41437     31
  60230 38813     2178.5568   299     2189.0000     2178.5483  3621199    0.48%           x10_4 D  60230  60229     49
Elapsed time = 3238.75 sec. (3524475.38 ticks, tree = 5390.06 MB, solutions = 1)
Nodefile size = 3343.18 MB (2965.37 MB after compression)
  60275 38838     2186.0000   246     2189.0000     2178.5521  3624753    0.48%          x25_15 U  60275  56105     45
  60357 38869     2185.7230   341     2189.0000     2178.5580  3627391    0.48%          x15_16 U  60357  51543     54
  60410 38906     2178.5776   334     2189.0000     2178.5644  3630870    0.48%          x56_51 D  60410  53109     38
  60470 38942     2179.2408   321     2189.0000     2178.5700  3634141    0.48%          x15_16 D  60470  44379     32
  60528 38962     2179.1319   311     2189.0000     2178.5760  3637509    0.48%          x17_11 D  60528  48610     28
  60600 39006     2178.5806   256     2189.0000     2178.5806  3640581    0.48%           x3_11 D  60600  56285     34
  60644 39036     2182.8136   409     2189.0000     2178.5829  3647905    0.48%          x56_51 N  60644   1078      9
  60713 39088        cutoff           2189.0000     2178.5833  3650986    0.48%          x17_18 U  60713  60711     66
  60774 39135        cutoff           2189.0000     2178.5843  3654183    0.48%          x16_11 U  60774  60772     43
  60829 39156     2184.9176   266     2189.0000     2178.5887  3656854    0.48%          x43_35 N  60829  44725     23
Elapsed time = 3275.11 sec. (3566132.15 ticks, tree = 5452.16 MB, solutions = 1)
Nodefile size = 3404.88 MB (3020.41 MB after compression)
  60897 39199        cutoff           2189.0000     2178.5959  3659641    0.48%          x58_49 U  60897  56480     47
  60966 39221     2178.8500   297     2189.0000     2178.6000  3662339    0.48%          x13_17 D  60966  53272     44
  61028 39247     2179.5696   294     2189.0000     2178.6052  3665681    0.47%           x15_9 U  61028  61026     48
  61085 39282     2178.6439   352     2189.0000     2178.6120  3668435    0.47%           x14_9 D  61085  61084     47
  61139 39317     2183.6176   278     2189.0000     2178.6176  3672135    0.47%          x14_10 U  61139  12625     26
  61220 39370     2178.8676   288     2189.0000     2178.6176  3675017    0.47%           x1_11 D  61220  61219     44
  61280 39408     2182.6176   207     2189.0000     2178.6176  3678364    0.47%          x15_26 D  61280  61279     35
  61354 39459     2179.0760   300     2189.0000     2178.6176  3681068    0.47%           x15_9 U  61354  57838     38
  61417 39489     2178.6176   286     2189.0000     2178.6176  3684180    0.47%          x26_15 D  61417  10989     32
  61473 39527        cutoff           2189.0000     2178.6176  3688046    0.47%          x43_34 U  61473  61471     43
Elapsed time = 3310.22 sec. (3604659.94 ticks, tree = 5518.24 MB, solutions = 1)
Nodefile size = 3471.14 MB (3079.43 MB after compression)
  61528 39553     2178.6176   288     2189.0000     2178.6176  3691075    0.47%           x14_9 D  61528  28805     35
  61593 39588     2178.8676   295     2189.0000     2178.6176  3694334    0.47%          x24_15 D  61593  61592     45
  61657 39626     2178.6176   292     2189.0000     2178.6176  3697366    0.47%           x14_8 D  61657  52891     64
  61716 39665     2183.1176   316     2189.0000     2178.6176  3700562    0.47%          x10_17 U  61716  53306     40
  61782 39686        cutoff           2189.0000     2178.6176  3703551    0.47%           x10_4 U  61782  61777     35
  61846 39717     2178.8051   307     2189.0000     2178.6176  3706169    0.47%          x43_40 D  61846  47276     20
  61924 39768     2185.6176   296     2189.0000     2178.6176  3709012    0.47%          x26_15 U  61924  61922     39
  61988 39802        cutoff           2189.0000     2178.6216  3711989    0.47%          x17_15 U  61988  61986     78
  62047 39832        cutoff           2189.0000     2178.6250  3714856    0.47%          x19_18 D  62047  62044     33
  62097 39837        cutoff           2189.0000     2178.6305  3717648    0.47%          x43_35 U  62097  57615     54
Elapsed time = 3343.74 sec. (3643166.56 ticks, tree = 5574.11 MB, solutions = 1)
Nodefile size = 3526.88 MB (3129.24 MB after compression)
  62145 39847     2187.0843   341     2189.0000     2178.6379  3721031    0.47%          x55_49 U  62145  61110     34
  62195 39863     2185.1176   256     2189.0000     2178.6439  3724152    0.47%          x18_10 U  62195  54401     27
  62247 39890     2180.0000   218     2189.0000     2178.6500  3727128    0.47%          x31_34 D  62247  62246     48
  62312 39924     2180.7843   307     2189.0000     2178.6510  3730154    0.47%          x17_10 U  62312  20706     22
  62369 39947     2178.7010   310     2189.0000     2178.6593  3733657    0.47%           x14_9 D  62369  51108     31
  62431 39984     2179.2243   328     2189.0000     2178.6643  3736494    0.47%          x10_17 U  62431  39307     65
  62488 40013     2180.0000   250     2189.0000     2178.6667  3739787    0.47%          x13_16 D  62488  56135     67
  62550 40045     2184.6176   250     2189.0000     2178.6667  3742752    0.47%           x9_22 N  62550   7874     23
  62604 40084     2183.6429   270     2189.0000     2178.6667  3745810    0.47%          x25_15 U  62604  62602     38
  62821 40216     2185.7843   299     2189.0000     2178.6667  3758684    0.47%          x14_19 N  62821  62820     24
Elapsed time = 3387.71 sec. (3693248.01 ticks, tree = 5646.32 MB, solutions = 1)
Nodefile size = 3599.00 MB (3193.39 MB after compression)
  63063 40308     2186.6843   330     2189.0000     2178.6843  3769516    0.47%           x14_9 U  63063  53693     72
  63291 40425     2179.7843   303     2189.0000     2178.7010  3781645    0.47%          x33_15 D  63291  60389     39
  63507 40503     2178.9510   273     2189.0000     2178.7143  3793662    0.47%          x26_15 N  63507   9011     18
  63752 40614     2178.9286   244     2189.0000     2178.7333  3805249    0.47%          x13_16 D  63752  63751     43
  63997 40738     2185.3154   294     2189.0000     2178.7500  3817033    0.47%          x15_34 U  63997   7864     33
  64222 40856     2187.7143   310     2189.0000     2178.7500  3830362    0.47%          x43_34 N  64222  57485     45
  64415 40935     2178.9117   358     2189.0000     2178.7666  3843068    0.47%          x52_41 D  64415  17933     26
  64629 41051     2181.7129   305     2189.0000     2178.7843  3856016    0.47%           x15_9 U  64629  52321     28
  64866 41173     2181.1176   293     2189.0000     2178.7843  3868142    0.47%           x9_22 D  64866  20650     18
  65123 41333     2180.1176   303     2189.0000     2178.7843  3880882    0.47%          x20_12 D  65123  57710     23
Elapsed time = 3520.42 sec. (3848285.68 ticks, tree = 5853.01 MB, solutions = 1)
Nodefile size = 3805.93 MB (3378.00 MB after compression)
  65363 41437     2183.3676   334     2189.0000     2178.7949  3892878    0.47%          x52_56 U  65363   4299     14
  65593 41557        cutoff           2189.0000     2178.8104  3904882    0.47%          x17_11 U  65593  62754     42
  65819 41674     2178.8632   315     2189.0000     2178.8238  3917561    0.46%          x18_13 D  65819  58621     53
  66060 41812     2186.0805   332     2189.0000     2178.8333  3929702    0.46%          x44_40 D  66060  66059     67
  66266 41972     2180.1176   260     2189.0000     2178.8382  3938064    0.46%          x13_17 D  66266  37026     22
  66502 42086     2179.6176   318     2189.0000     2178.8584  3949256    0.46%          x15_17 D  66502  63532     45
  66745 42228     2179.2069   293     2189.0000     2178.8676  3960776    0.46%           x1_11 D  66745  66744     35
  66990 42347     2186.6836   316     2189.0000     2178.8767  3979684    0.46%          x43_54 U  66990  65464     58
  67209 42451     2185.8449   348     2189.0000     2178.8954  3991451    0.46%          x24_15 U  67209  62425     35
  67424 42561     2179.2376   298     2189.0000     2178.9113  4003288    0.46%           x9_12 D  67424  67423     46
Elapsed time = 3661.61 sec. (4009341.01 ticks, tree = 6083.55 MB, solutions = 1)
Nodefile size = 4036.11 MB (3583.51 MB after compression)
  67650 42709     2187.1072   343     2189.0000     2178.9186  4014003    0.46%           x16_9 U  67650  67648     57
  67864 42823     2178.9506   283     2189.0000     2178.9380  4026102    0.46%           x6_11 D  67864  67863     48
  68074 42965     2179.9510   281     2189.0000     2178.9510  4036896    0.46%          x15_17 D  68074  56401     37
  68320 43112     2184.0478   381     2189.0000     2178.9556  4048036    0.46%           x16_9 U  68320  68318     30
  68550 43213     2179.1667   276     2189.0000     2178.9747  4059226    0.46%          x17_15 D  68550  57592     44
  68783 43322     2179.3676   259     2189.0000     2178.9926  4071410    0.46%           x14_9 D  68783  66402     49
  69000 43481     2183.6000   176     2189.0000     2179.0000  4081989    0.46%        x166_178 N  69000  68999     72
  69174 43578        cutoff           2189.0000     2179.0000  4089092    0.46%           x14_8 U  69174  69171     76
  69409 43740     2182.1667   214     2189.0000     2179.0000  4099126    0.46%        x180_181 D  69409  69408     93
  69593 43828     2181.8451   297     2189.0000     2179.0000  4110148    0.46%          x10_19 D  69593  65957     41
Elapsed time = 3797.75 sec. (4162168.85 ticks, tree = 6325.99 MB, solutions = 1)
Nodefile size = 4278.92 MB (3799.80 MB after compression)
  69795 43936     2183.7407   282     2189.0000     2179.0000  4120157    0.46%           x10_8 U  69795  58727     32
  69992 44025     2182.0000   208     2189.0000     2179.0000  4129740    0.46%          x43_34 D  69992  69990     30
  70190 44086     2187.1335   349     2189.0000     2179.0056  4141582    0.46%           x16_9 U  70190  70188     60
  70413 44170        cutoff           2189.0000     2179.0214  4152437    0.46%          x43_40 U  70413  65461     55
  70631 44300     2186.7724   352     2189.0000     2179.0343  4163732    0.46%          x14_10 U  70631  30691     36
  70840 44404     2180.1429   247     2189.0000     2179.0508  4175633    0.45%          x31_34 N  70840  41066     36
  71037 44506     2185.9510   271     2189.0000     2179.0676  4187298    0.45%           x14_9 U  71037  65707     26
  71172 44568     2186.3269   351     2189.0000     2179.0769  4203194    0.45%           x16_9 N  71172  71170     55
  71366 44662     2179.1667   311     2189.0000     2179.0937  4213921    0.45%          x43_35 D  71366  57422     33
  71563 44746     2179.6232   264     2189.0000     2179.1111  4225098    0.45%          x15_16 D  71563  63500     40
Elapsed time = 3929.89 sec. (4319689.41 ticks, tree = 6518.34 MB, solutions = 1)
Nodefile size = 4471.14 MB (3971.55 MB after compression)
  71768 44883     2181.2967   316     2189.0000     2179.1176  4237216    0.45%           x9_11 D  71768  71767     47
  71987 45021     2179.1176   229     2189.0000     2179.1176  4248366    0.45%        x217_212 D  71987  37072     48
  72209 45174        cutoff           2189.0000     2179.1176  4258105    0.45%          x20_12 U  72209  72206     32
  72405 45278     2180.6176   326     2189.0000     2179.1176  4268386    0.45%          x17_10 D  72405  13230     33
  72646 45390     2182.6176   272     2189.0000     2179.1176  4278063    0.45%          x22_13 D  72646  72645     33
  72864 45501        cutoff           2189.0000     2179.1176  4288207    0.45%          x51_45 U  72864  72862     40
  73057 45591     2179.4844   327     2189.0000     2179.1251  4299846    0.45%          x51_45 D  73057  38733     37
  73263 45674        cutoff           2189.0000     2179.1500  4310917    0.45%          x43_34 U  73263  65608     38
  73465 45760     2179.2667   254     2189.0000     2179.1667  4321603    0.45%           x10_8 D  73465  62526     28
  73622 45833        cutoff           2189.0000     2179.1689  4334054    0.45%          x43_40 U  73622   6921     18
Elapsed time = 4064.20 sec. (4472776.48 ticks, tree = 6743.96 MB, solutions = 1)
Nodefile size = 4696.69 MB (4173.32 MB after compression)
  73817 45944        cutoff           2189.0000     2179.1844  4345792    0.45%          x22_18 U  73817  26787     60
  74020 46038     2187.9194   339     2189.0000     2179.2000  4356658    0.45%          x18_41 D  74020  74019     67
  74240 46151     2181.4510   316     2189.0000     2179.2074  4367738    0.45%          x43_49 U  74240  33172     24
  74430 46219     2179.5614   346     2189.0000     2179.2211  4379236    0.45%          x18_10 D  74430  74429     24
  74624 46318     2179.2381   329     2189.0000     2179.2381  4391050    0.45%           x16_9 D  74624  70776     45
  74841 46441     2179.7333   243     2189.0000     2179.2500  4401492    0.45%           x16_9 D  74841  74840     37
  75047 46538     2179.5343   271     2189.0000     2179.2576  4412789    0.45%          x20_12 D  75047  48592     32
  75238 46619     2184.7778   260     2189.0000     2179.2778  4423388    0.44%          x25_15 U  75238  32632     44
  75465 46746     2182.6176   312     2189.0000     2179.2843  4434169    0.44%          x11_14 U  75465  55181     22
  75694 46882        cutoff           2189.0000     2179.2843  4445328    0.44%           x15_9 U  75694  75692     39
Elapsed time = 4200.29 sec. (4625812.11 ticks, tree = 6966.47 MB, solutions = 1)
Nodefile size = 4918.53 MB (4371.86 MB after compression)
  75900 46959     2187.8870   288     2189.0000     2179.3000  4455701    0.44%           x16_9 U  75900  71594     35
  76135 47061     2187.1176   287     2189.0000     2179.3176  4466192    0.44%          x14_10 U  76135  76133     39
  76359 47192     2179.4545   312     2189.0000     2179.3273  4476632    0.44%          x22_12 D  76359  76358     36
  76553 47311     2179.5338   364     2189.0000     2179.3333  4487064    0.44%          x43_54 D  76553   1920     12
  76753 47429     2185.8176   285     2189.0000     2179.3399  4498454    0.44%          x33_15 U  76753  63573     26
  76988 47564     2187.1176   291     2189.0000     2179.3510  4508785    0.44%          x14_19 U  76988  76978     38
  77096 47630     2179.3607   303     2189.0000     2179.3601  4521921    0.44%          x43_34 D  77096  74799     50
  77309 47728     2181.4510   257     2189.0000     2179.3676  4532747    0.44%          x17_10 U  77309  70433     22
  77540 47864     2179.3741   363     2189.0000     2179.3741  4542975    0.44%           x14_9 D  77540  73627     46
  77759 47960     2184.3298   316     2189.0000     2179.3843  4553373    0.44%          x15_17 U  77759  55308     31
Elapsed time = 4331.38 sec. (4778989.68 ticks, tree = 7188.11 MB, solutions = 1)
Nodefile size = 5141.05 MB (4571.07 MB after compression)
  77934 48003     2179.5000   342     2189.0000     2179.4000  4564762    0.44%          x56_49 D  77934  11557     30
  78121 48075        cutoff           2189.0000     2179.4167  4574930    0.44%          x43_35 U  78121  74446     24
  78326 48182     2179.6303   302     2189.0000     2179.4310  4585382    0.44%          x56_49 D  78326  78325     16
  78544 48265     2187.6176   240     2189.0000     2179.4510  4595921    0.44%          x24_15 U  78544  78542     54
  78771 48394     2181.4510   327     2189.0000     2179.4510  4606243    0.44%           x6_11 D  78771  78769     44
  78963 48488     2185.0920   343     2189.0000     2179.4510  4616695    0.44%           x16_9 U  78963  64999     45
  79180 48580     2181.1176   289     2189.0000     2179.4580  4626107    0.44%           x16_9 D  79180  79179     49
  79384 48671     2182.3676   279     2189.0000     2179.4748  4636460    0.44%          x16_10 U  79384  79382     32
  79592 48754     2183.0839   351     2189.0000     2179.4913  4647437    0.43%          x52_54 U  79592  60698     54
  79800 48864     2185.2892   304     2189.0000     2179.5000  4657551    0.43%           x6_11 D  79800  79799     88
Elapsed time = 4463.09 sec. (4932030.65 ticks, tree = 7384.89 MB, solutions = 1)
Nodefile size = 5337.38 MB (4746.96 MB after compression)
  79928 48954     2179.6176   299     2189.0000     2179.5000  4671657    0.43%           x14_9 N  79928   9729     40
  80165 49043        cutoff           2189.0000     2179.5000  4679741    0.43%          x24_15 D  80165  80164     36
  80375 49099        cutoff           2189.0000     2179.5000  4689598    0.43%           x9_22 U  80375  67728     36
  80571 49178     2179.5343   349     2189.0000     2179.5119  4700396    0.43%          x55_43 D  80571  11633     33
  80769 49254     2183.9125   320     2189.0000     2179.5274  4710315    0.43%          x17_10 U  80769  58251     24
  80978 49348        cutoff           2189.0000     2179.5405  4721384    0.43%          x43_40 U  80978  77091     62
  81155 49425        cutoff           2189.0000     2179.5527  4732828    0.43%           x16_9 U  81155  71103     37
  81341 49505     2182.3176   297     2189.0000     2179.5676  4743574    0.43%          x15_17 U  81341  76108     30
  81544 49583     2183.2187   356     2189.0000     2179.5817  4754263    0.43%          x33_45 U  81544  13582     27
  81748 49632        cutoff           2189.0000     2179.5954  4764209    0.43%          x52_41 U  81748  76553     13
Elapsed time = 4592.31 sec. (5087226.64 ticks, tree = 7558.13 MB, solutions = 1)
Nodefile size = 5511.44 MB (4902.70 MB after compression)
  81948 49700     2179.6118   324     2189.0000     2179.6121  4774360    0.43%          x58_54 D  81948  32110     45
  82166 49780     2187.3735   331     2189.0000     2179.6176  4784349    0.43%          x22_14 N  82166  82165     42
  82387 49853     2179.7176   299     2189.0000     2179.6176  4794324    0.43%           x14_9 D  82387  14999     31
  82616 49924     2179.6176   281     2189.0000     2179.6176  4803960    0.43%          x19_18 N  82616  71005     58
  82873 50025     2179.8402   363     2189.0000     2179.6176  4812875    0.43%          x20_12 D  82873  75112     30
  83072 50092     2186.6732   307     2189.0000     2179.6303  4823141    0.43%          x43_54 U  83072   2342     36
  83267 50166     2180.0899   342     2189.0000     2179.6455  4833520    0.43%           x16_9 D  83267  83266     29
  83480 50256     2179.6631   286     2189.0000     2179.6631  4843658    0.43%          x20_12 D  83480  52474     30
  83670 50324     2183.2843   299     2189.0000     2179.6667  4854992    0.43%          x52_41 D  83670  83669     22
  83886 50417     2179.8260   353     2189.0000     2179.6732  4865602    0.43%           x14_9 D  83886  10042     70
Elapsed time = 4721.85 sec. (5240403.44 ticks, tree = 7735.02 MB, solutions = 1)
Nodefile size = 5688.05 MB (5060.54 MB after compression)
  84090 50523     2186.1176   297     2189.0000     2179.6891  4875528    0.43%          x14_19 U  84090  84088     32
  84308 50614        cutoff           2189.0000     2179.7020  4885515    0.42%          x56_47 U  84308  84306     43
  84441 50653        cutoff           2189.0000     2179.7160  4896526    0.42%          x13_17 U  84441  81679     55
  84649 50733        cutoff           2189.0000     2179.7277  4907220    0.42%           x16_9 U  84649  65504     35
  84868 50833        cutoff           2189.0000     2179.7451  4916888    0.42%          x17_12 U  84868  51794     75
  85099 50943        cutoff           2189.0000     2179.7500  4925776    0.42%           x9_11 U  85099  40167     28
  85295 51004     2179.8977   344     2189.0000     2179.7660  4935647    0.42%          x45_56 D  85295  70498     38
  85497 51090     2181.8323   346     2189.0000     2179.7843  4946202    0.42%           x16_9 D  85497  78818     21
  85694 51171     2180.7682   347     2189.0000     2179.7843  4955994    0.42%           x9_22 D  85694  48348     29
  85940 51258     2181.7389   321     2189.0000     2179.7843  4966005    0.42%          x19_18 U  85940  85938     35
Elapsed time = 4850.20 sec. (5393400.69 ticks, tree = 7919.69 MB, solutions = 1)
Nodefile size = 5872.33 MB (5225.67 MB after compression)
  86154 51344        cutoff           2189.0000     2179.7843  4976393    0.42%          x43_34 U  86154  75559     38
  86394 51419     2180.6176   270     2189.0000     2179.7916  4985979    0.42%          x14_19 D  86394  72443     29
  86593 51487     2179.9358   289     2189.0000     2179.8039  4996397    0.42%           x16_9 D  86593  72359     47
  86802 51566     2185.1891   309     2189.0000     2179.8176  5005745    0.42%          x25_15 D  86802  86801     46
  86997 51640     2183.8319   300     2189.0000     2179.8319  5015989    0.42%          x39_43 U  86997  67300     24
  87194 51732     2180.4638   320     2189.0000     2179.8350  5026851    0.42%          x43_40 D  87194  22254     43
  87390 51801     2179.9010   366     2189.0000     2179.8515  5037043    0.42%          x39_37 D  87390  18519     25
  87583 51898     2179.9301   277     2189.0000     2179.8676  5047300    0.42%          x14_19 D  87583  21978     37
  87811 51983     2180.5556   263     2189.0000     2179.8683  5056613    0.42%           x16_9 N  87811  87810     36
  88019 52048        cutoff           2189.0000     2179.8869  5066135    0.42%          x43_40 U  88019  40858     41
Elapsed time = 4978.67 sec. (5546468.84 ticks, tree = 8098.32 MB, solutions = 1)
Nodefile size = 6051.30 MB (5386.10 MB after compression)
  88231 52118     2187.2843   286     2189.0000     2179.9020  5076280    0.42%          x45_47 N  88231  60779     31
  88435 52206     2179.9665   330     2189.0000     2179.9170  5086485    0.41%          x44_40 D  88435  53970     22
  88669 52288     2181.4510   279     2189.0000     2179.9237  5095668    0.41%          x16_10 D  88669  81925     30
  88886 52380     2180.0129   249     2189.0000     2179.9382  5105095    0.41%          x22_12 D  88886  44129     50
  89079 52461     2183.3843   311     2189.0000     2179.9510  5115530    0.41%           x10_8 U  89079  24519     30
  89302 52562     2180.1663   312     2189.0000     2179.9510  5124918    0.41%          x20_12 D  89302  58282     50
  89507 52621     2180.4176   322     2189.0000     2179.9649  5133932    0.41%          x56_44 D  89507  78370     20
  89705 52692     2182.1176   274     2189.0000     2179.9818  5144364    0.41%          x17_10 U  89705  87217     28
  89918 52783     2180.0868   319     2189.0000     2179.9986  5153526    0.41%          x43_33 D  89918  84217     17
  90054 52882     2180.1429   201     2189.0000     2180.0000  5167493    0.41%        x180_181 N  90054  90053     44
Elapsed time = 5105.85 sec. (5701121.66 ticks, tree = 8280.23 MB, solutions = 1)
Nodefile size = 6232.76 MB (5548.75 MB after compression)
  90122 52940     2180.5000   251     2189.0000     2180.0000  5183531    0.41%          x10_19 N  90122  27118     37
  90262 53068     2180.1429   197     2189.0000     2180.0000  5200172    0.41%        x180_181 N  90262  90261     42
  90452 53239     2181.3333   209     2189.0000     2180.0000  5210443    0.41%          x28_35 U  90452  90450     44
  90527 53305     2180.1429   238     2189.0000     2180.0000  5228489    0.41%        x209_199 U  90527  90032     39
  90707 53468     2180.5714   203     2189.0000     2180.0000  5242431    0.41%          x37_35 U  90707  90705     44
  90837 53587     2185.2000   214     2189.0000     2180.0000  5255850    0.41%        x166_158 D  90837  90836     58
  90977 53690     2180.2857   233     2189.0000     2180.0000  5270896    0.41%        x166_156 N  90977  90975     40
  91061 53759     2184.1064   246     2189.0000     2180.0000  5285383    0.41%          x27_13 N  91061  91060     59
  91129 53810     2180.1667   225     2189.0000     2180.0000  5301938    0.41%        x180_181 D  91129  91124     40
  91319 53933     2182.0000   229     2189.0000     2180.0000  5311687    0.41%          x28_35 N  91319  91306     48
Elapsed time = 5230.53 sec. (5861211.46 ticks, tree = 8494.85 MB, solutions = 1)
Nodefile size = 6447.41 MB (5740.09 MB after compression)
  91364 53970     2180.8889   234     2189.0000     2180.0000  5327858    0.41%        x166_158 N  91364  91358     51
  91516 54044     2180.2095   338     2189.0000     2180.0000  5339759    0.41%          x17_11 D  91516  91515     41
  91644 54098     2180.1667   260     2189.0000     2180.0000  5357883    0.41%        x166_156 N  91644  91640     53
  91780 54196     2184.8333   250     2189.0000     2180.0000  5370390    0.41%          x17_21 U  91780  11240     34
  91967 54261     2188.0000   222     2189.0000     2180.0000  5380845    0.41%          x15_17 U  91967  29765     39
  92150 54311     2182.4167   286     2189.0000     2180.0000  5390439    0.41%          x43_49 U  92150  86560     20
  92202 54339     2180.1429   182     2189.0000     2180.0000  5405367    0.41%        x180_181 U  92202  92201     45
  92255 54380     2180.1068   292     2189.0000     2180.0023  5417741    0.41%           x10_2 D  92255  87751     46
  92427 54407        cutoff           2189.0000     2180.0194  5426083    0.41%          x45_51 U  92427  22665     35
  92581 54441     2181.0000   232     2189.0000     2180.0343  5436010    0.41%           x16_9 D  92581  81057     44
Elapsed time = 5353.70 sec. (6023348.16 ticks, tree = 8621.15 MB, solutions = 1)
Nodefile size = 6575.16 MB (5854.09 MB after compression)
  92755 54513        cutoff           2189.0000     2180.0400  5446173    0.41%          x52_41 U  92755  86961     28
  92917 54553        cutoff           2189.0000     2180.0510  5455598    0.41%           x8_11 U  92917  88865     38
  93082 54624     2180.2222   274     2189.0000     2180.0625  5465558    0.41%          x20_12 D  93082  14201     25
  93243 54651        cutoff           2189.0000     2180.0784  5475204    0.41%          x44_40 U  93243  76115     47
  93414 54725     2180.1803   266     2189.0000     2180.0909  5484902    0.41%          x27_35 N  93414  93413     45
  93615 54853     2180.1667   336     2189.0000     2180.1000  5493662    0.41%          x43_40 D  93615  80759     24
  93786 54891     2185.5000   154     2189.0000     2180.1176  5503302    0.41%          x69_68 U  93786  93784     69
  93975 55000        cutoff           2189.0000     2180.1176  5512818    0.41%           x16_9 U  93975  88269     44
  94130 55082     2180.6222   267     2189.0000     2180.1176  5521653    0.41%           x0_11 D  94130  18034     33
  94295 55148        cutoff           2189.0000     2180.1176  5532424    0.41%           x10_3 U  94295  54859     42
Elapsed time = 5484.86 sec. (6176340.81 ticks, tree = 8807.00 MB, solutions = 1)
Nodefile size = 6759.82 MB (6019.12 MB after compression)
  94468 55202     2186.6508   269     2189.0000     2180.1176  5541380    0.41%          x14_19 N  94468  74571     33
  94637 55255     2181.7460   287     2189.0000     2180.1176  5550427    0.41%          x19_18 U  94637  86758     48
  94824 55336        cutoff           2189.0000     2180.1176  5559212    0.41%           x15_9 U  94824  94822     47
  95007 55403     2180.4889   315     2189.0000     2180.1176  5567945    0.41%           x16_9 D  95007  73474     27
  95190 55452     2180.2222   271     2189.0000     2180.1176  5576378    0.41%          x39_37 D  95190  22491     39
  95385 55536     2180.5491   302     2189.0000     2180.1275  5585434    0.41%          x15_17 D  95385  85467     42
  95570 55619     2180.2481   309     2189.0000     2180.1379  5594705    0.40%          x15_16 D  95570  86392     32
  95738 55714     2181.5000   180     2189.0000     2180.1429  5607405    0.40%        x171_164 N  95738  95736     45
  95898 55823     2180.8333   184     2189.0000     2180.1500  5617965    0.40%        x159_180 D  95898  95897     55
  95975 55889     2180.1508   311     2189.0000     2180.1508  5629038    0.40%           x7_11 N  95975  92828     41
Elapsed time = 5611.39 sec. (6330389.61 ticks, tree = 8990.13 MB, solutions = 1)
Nodefile size = 6942.83 MB (6183.07 MB after compression)
  96105 55921        cutoff           2189.0000     2180.1606  5639206    0.40%          x55_49 U  96105  55098     77
  96290 56038     2180.1667   215     2189.0000     2180.1667  5648927    0.40%        x195_209 N  96290  95734     43
  96427 56152     2182.0000   263     2189.0000     2180.1667  5669065    0.40%        x165_164 N  96427  90692     40
  96499 56190     2182.0000   230     2189.0000     2180.1667  5681278    0.40%        x165_164 D  96499  91014     40
  96625 56255     2187.7385   311     2189.0000     2180.1667  5698999    0.40%          x43_45 N  96625  93550     52
  96795 56322     2181.5139   324     2189.0000     2180.1777  5707647    0.40%           x9_22 U  96795  68512     25
  96985 56408     2180.2889   334     2189.0000     2180.1843  5715992    0.40%          x33_15 D  96985  49563     27
  97195 56533        cutoff           2189.0000     2180.1933  5725022    0.40%          x43_35 U  97195  91181     48
  97375 56621     2183.5000   232     2189.0000     2180.2000  5733367    0.40%          x25_35 U  97375  93507     40
  97570 56704     2186.4209   346     2189.0000     2180.2010  5741756    0.40%          x14_19 U  97570  89144     36
Elapsed time = 5750.84 sec. (6503593.03 ticks, tree = 9190.29 MB, solutions = 1)
Nodefile size = 7142.58 MB (6361.67 MB after compression)
  97728 56766     2180.4364   327     2189.0000     2180.2138  5751258    0.40%          x18_10 D  97728  75562     32
  97855 56830     2184.4722   287     2189.0000     2180.2176  5762482    0.40%           x16_9 U  97855  72479     39
  97986 56899     2186.3889   336     2189.0000     2180.2222  5778046    0.40%          x57_56 U  97986  14445     33
  98185 57009     2183.7222   286     2189.0000     2180.2222  5787307    0.40%          x22_13 U  98185  98183     40
  98366 57075     2185.0000   219     2189.0000     2180.2303  5796273    0.40%          x33_34 U  98366  93548     50
  98555 57204     2185.1601   255     2189.0000     2180.2352  5805396    0.40%          x33_34 N  98555  95741     39
  98740 57286        cutoff           2189.0000     2180.2437  5813374    0.40%           x14_8 U  98740  88945     42
  98828 57324     2183.2500   208     2189.0000     2180.2500  5828741    0.40%        x163_180 N  98828  98826     57
  98994 57362     2180.6010   303     2189.0000     2180.2500  5836956    0.40%          x55_43 D  98994   7171     25
  99160 57406     2184.2222   345     2189.0000     2180.2605  5845741    0.40%          x14_10 D  99160  99159     28
Elapsed time = 5881.40 sec. (6665500.67 ticks, tree = 9368.40 MB, solutions = 1)
Nodefile size = 7321.02 MB (6521.50 MB after compression)
  99350 57511     2180.4444   300     2189.0000     2180.2698  5854598    0.40%           x15_9 U  99350  95257     49
  99512 57583     2180.3469   230     2189.0000     2180.2771  5863470    0.40%          x25_22 D  99512  99511     72
  99700 57654     2180.7712   311     2189.0000     2180.2843  5871994    0.40%           x9_12 D  99700  45587     33
  99844 57689     2180.3889   304     2189.0000     2180.2843  5881989    0.40%          x14_10 N  99844  33163     21
 100037 57829        cutoff           2189.0000     2180.2857  5894984    0.40%        x174_169 U 100037 100035     86
 100311 58047        cutoff           2189.0000     2180.2872  5904574    0.40%          x39_40 U 100311  49644     36
 100514 58139     2185.9541   329     2189.0000     2180.2963  5912816    0.40%          x14_19 U 100514  92729     25
 100678 58176        cutoff           2189.0000     2180.3051  5920486    0.40%           x16_9 U 100678  74221     43
 100854 58232        cutoff           2189.0000     2180.3174  5929242    0.40%           x16_9 U 100854  97655     45
 101050 58318        cutoff           2189.0000     2180.3237  5938099    0.40%          x43_34 U 101050 101048     30
Elapsed time = 6013.98 sec. (6821816.13 ticks, tree = 9599.95 MB, solutions = 1)
Nodefile size = 7553.16 MB (6729.45 MB after compression)
 101242 58400     2181.0000   153     2189.0000     2180.3333  5947428    0.40%        x180_179 N 101242 100061     47
 101429 58566     2181.9815   237     2189.0000     2180.3333  5964616    0.40%        x160_155 N 101429 101070     49
 101659 58768     2183.8000   175     2189.0000     2180.3333  5975020    0.40%        x155_164 N 101659 101658     54
 101885 58954     2180.3333   210     2189.0000     2180.3333  5985976    0.40%        x166_156 D 101885 101884     56
 102110 59159     2184.0000   171     2189.0000     2180.3333  5998940    0.40%        x174_177 N 102110 102109     60
 102143 59189     2180.3333   225     2189.0000     2180.3333  6012830    0.40%        x174_177 D 102143 102142     56
 102330 59350     2183.5000   156     2189.0000     2180.3333  6024010    0.40%        x160_154 U 102330 102319     61
 102477 59478     2180.3333   164     2189.0000     2180.3333  6039752    0.40%        x160_151 N 102477 102476     53
 102620 59606     2181.0000   213     2189.0000     2180.3333  6057417    0.40%        x160_158 N 102620 102612     46
 102787 59727     2181.0244   214     2189.0000     2180.3333  6067950    0.40%        x174_166 U 102787 102065     54
Elapsed time = 6152.91 sec. (6989710.14 ticks, tree = 9922.52 MB, solutions = 1)
Nodefile size = 7874.83 MB (7017.48 MB after compression)
 102908 59762     2180.8333   255     2189.0000     2180.3333  6079015    0.40%          x16_10 D 102908  88073     59
 103074 59826     2181.7879   226     2189.0000     2180.3333  6088553    0.40%        x163_156 D 103074 103073     47
 103209 59909     2185.4459   331     2189.0000     2180.3379  6100801    0.40%          x14_19 U 103209 103207     30
 103375 59989     2180.3891   338     2189.0000     2180.3444  6109268    0.40%          x43_35 D 103375 103374     58
 103540 60055     2180.6923   327     2189.0000     2180.3525  6118083    0.40%          x20_12 D 103540 103539     53
 103699 60129     2180.9069   373     2189.0000     2180.3591  6127982    0.39%          x43_33 D 103699   8239     21
 103769 60162        cutoff           2189.0000     2180.3636  6139422    0.39%          x56_44 U 103769   2467      8
 103917 60217     2186.7781   320     2189.0000     2180.3676  6149423    0.39%          x29_15 U 103917  87687     59
 104079 60268     2180.7222   269     2189.0000     2180.3676  6162363    0.39%          x45_35 N 104079  30350     29
 104198 60316     2181.0000   191     2189.0000     2180.3750  6173062    0.39%        x163_154 N 104198 104196     44
Elapsed time = 6285.68 sec. (7150124.80 ticks, tree = 10093.82 MB, solutions = 1)
Nodefile size = 8046.17 MB (7171.06 MB after compression)
 104362 60358        cutoff           2189.0000     2180.3843  6181349    0.39%           x16_9 U 104362  75556     33
 104544 60426     2185.8889   318     2189.0000     2180.3889  6190144    0.39%          x14_10 U 104544  99699     34
 104734 60506        cutoff           2189.0000     2180.3918  6198753    0.39%        x209_214 U 104734  28996     42
 104898 60596     2180.4000   208     2189.0000     2180.4000  6208029    0.39%          x40_41 U 104898 104897     42
 104980 60659     2187.0000   195     2189.0000     2180.4000  6220265    0.39%        x166_156 U 104980 104978     51
 105056 60693     2185.1667   276     2189.0000     2180.4000  6233609    0.39%          x14_19 U 105056  27344     31
 105199 60741        cutoff           2189.0000     2180.4070  6242321    0.39%          x43_41 U 105199 103825     42
 105365 60807     2180.9306   276     2189.0000     2180.4167  6250724    0.39%          x18_10 D 105365   4225     22
 105525 60870        cutoff           2189.0000     2180.4222  6259807    0.39%          x10_14 U 105525 105513     53
 105651 60934     2181.5588   225     2189.0000     2180.4286  6271653    0.39%        x166_160 N 105651  90215     46
Elapsed time = 6412.14 sec. (7304442.67 ticks, tree = 10267.90 MB, solutions = 1)
Nodefile size = 8220.67 MB (7327.33 MB after compression)
 105822 61032        cutoff           2189.0000     2180.4318  6280928    0.39%          x39_37 U 105822  57780     37
 106003 61137     2180.8219   270     2189.0000     2180.4375  6288901    0.39%           x10_3 D 106003 106002     46
 106165 61241     2180.4444   251     2189.0000     2180.4444  6305588    0.39%        x160_158 D 106165 106164     38
 106357 61340     2183.0000   189     2189.0000     2180.4483  6315268    0.39%        x178_179 U 106357  99238     55
 106489 61388     2183.5556   293     2189.0000     2180.4510  6324603    0.39%          x14_10 U 106489  24551     28
 106638 61437     2181.0444   281     2189.0000     2180.4510  6332747    0.39%          x14_10 D 106638  47748     48
 106780 61489     2183.3556   322     2189.0000     2180.4510  6341042    0.39%          x33_45 U 106780  20578     30
 106934 61544     2184.5000   173     2189.0000     2180.4545  6356497    0.39%        x162_148 N 106934  99406     46
 106945 61553     2185.0833   248     2189.0000     2180.4545  6372159    0.39%        x162_151 N 106945 101222     55
 107027 61588        cutoff           2189.0000     2180.4586  6384429    0.39%          x57_56 U 107027  38072     47
Elapsed time = 6551.02 sec. (7474986.74 ticks, tree = 10453.10 MB, solutions = 1)
Nodefile size = 8406.51 MB (7493.80 MB after compression)
 107200 61663     2180.7500   250     2189.0000     2180.4667  6393579    0.39%          x14_10 N 107200  35604     53
 107384 61750     2183.7043   341     2189.0000     2180.4722  6402028    0.39%          x20_12 U 107384  97016     21
 107526 61798     2181.6773   227     2189.0000     2180.4773  6414325    0.39%        x160_158 N 107526 106227     74
 107691 61854     2180.6866   380     2189.0000     2180.4843  6422972    0.39%          x17_11 D 107691  58835     22
 107881 61914     2182.2222   273     2189.0000     2180.4926  6430574    0.39%           x14_9 D 107881  83984     36
 108050 61952     2188.0000   189     2189.0000     2180.5000  6439592    0.39%        x166_160 U 108050 101679     47
 108120 62016     2187.0741   261     2189.0000     2180.5000  6455068    0.39%        x166_180 U 108120  90150     52
 108262 62127     2184.0000   199     2189.0000     2180.5000  6467766    0.39%        x162_148 D 108262 108260     63
 108315 62165     2185.0000   207     2189.0000     2180.5000  6486496    0.39%        x162_151 N 108315  90275     54
 108400 62230     2181.5000   250     2189.0000     2180.5000  6497103    0.39%          x14_25 D 108400  50170     32
Elapsed time = 6698.21 sec. (7655643.60 ticks, tree = 10630.02 MB, solutions = 1)
Nodefile size = 8583.06 MB (7651.71 MB after compression)
 108535 62306     2185.2500   233     2189.0000     2180.5000  6507868    0.39%          x26_15 U 108535 105072     41
 108580 62349     2185.0000   246     2189.0000     2180.5000  6520897    0.39%        x168_160 N 108580 108579     52
 108726 62414        cutoff           2189.0000     2180.5000  6529725    0.39%          x43_35 U 108726 108724     39
 108886 62475        cutoff           2189.0000     2180.5000  6538742    0.39%          x20_12 D 108886 108885     39
 109043 62539        cutoff           2189.0000     2180.5000  6547650    0.39%          x14_10 U 109043 109028     48
 109227 62634        cutoff           2189.0000     2180.5000  6556145    0.39%          x15_17 U 109227 109225     44
 109291 62665     2181.7500   261     2189.0000     2180.5000  6567868    0.39%        x160_158 U 109291 108603     56
 109450 62735     2180.8889   322     2189.0000     2180.5079  6576316    0.39%           x16_9 D 109450  92516     48
 109605 62796     2185.1502   321     2189.0000     2180.5176  6585359    0.39%          x15_17 N 109605  37184     21
 109752 62841        cutoff           2189.0000     2180.5222  6593668    0.39%          x14_10 U 109752  98202     42
Elapsed time = 6825.10 sec. (7809694.30 ticks, tree = 10810.27 MB, solutions = 1)
Nodefile size = 8763.25 MB (7812.16 MB after compression)
 109907 62909     2187.2222   275     2189.0000     2180.5319  6602581    0.39%          x17_11 U 109907  30704     33
 110045 62943        cutoff           2189.0000     2180.5360  6611254    0.39%           x16_9 U 110045 105815     58
 110193 63010     2180.6000   261     2189.0000     2180.5429  6620904    0.39%          x43_34 D 110193 110192     50
 110248 63030     2181.2500   291     2189.0000     2180.5455  6632875    0.39%          x14_19 D 110248  80397     17
 110397 63082     2186.6630   335     2189.0000     2180.5535  6640877    0.39%           x10_8 U 110397  75305     39
 110560 63149     2182.5222   322     2189.0000     2180.5556  6649065    0.39%          x20_12 D 110560 110559     49
 110760 63233     2180.5851   382     2189.0000     2180.5556  6656640    0.39%          x14_11 D 110760  98335     37
 110914 63272        cutoff           2189.0000     2180.5667  6664838    0.39%          x39_37 U 110914   6424     34
 111025 63306     2183.0000   245     2189.0000     2180.5714  6684491    0.39%        x172_171 U 111025  90311     88
 111042 63322     2186.3333   188     2189.0000     2180.5714  6698093    0.39%        x175_172 N 111042 111041     53
Elapsed time = 6959.32 sec. (7975665.97 ticks, tree = 10959.48 MB, solutions = 1)
Nodefile size = 8912.28 MB (7945.76 MB after compression)
 111215 63424        cutoff           2189.0000     2180.5743  6707712    0.38%          x43_34 U 111215 104997     54
 111325 63487        cutoff           2189.0000     2180.5760  6719212    0.38%          x20_12 U 111325  43101     25
 111469 63524        cutoff           2189.0000     2180.5833  6727977    0.38%           x14_9 U 111469 100565     20
 111606 63574     2181.8682   260     2189.0000     2180.5882  6742126    0.38%        x163_156 D 111606 111605     56
 111771 63621     2183.5000   179     2189.0000     2180.5952  6749516    0.38%        x163_156 U 111771 111769     57
 111938 63720     2186.0769   183     2189.0000     2180.6000  6758968    0.38%        x166_155 N 111938  99417     46
 112091 63810     2181.2379   333     2189.0000     2180.6032  6767636    0.38%          x20_12 U 112091  12606     31
 112174 63840     2181.5714   255     2189.0000     2180.6078  6781247    0.38%        x152_150 D 112174  90583     94
 112330 63883        cutoff           2189.0000     2180.6176  6788648    0.38%          x26_15 U 112330 107846     63
 112462 63938     2181.1162   309     2189.0000     2180.6176  6797132    0.38%           x9_12 D 112462  87633     61
Elapsed time = 7092.97 sec. (8138657.04 ticks, tree = 11143.24 MB, solutions = 1)
Nodefile size = 9095.72 MB (8109.95 MB after compression)
 112594 63971     2182.5972   305     2189.0000     2180.6176  6805448    0.38%          x29_15 D 112594 112593     43
 112730 63990        cutoff           2189.0000     2180.6176  6813282    0.38%           x16_9 D 112730  68073     70
 112886 64040     2186.4722   295     2189.0000     2180.6176  6821135    0.38%          x47_45 U 112886  38870     62
 113019 64064     2181.2283   233     2189.0000     2180.6211  6829276    0.38%        x163_154 U 113019 113017     85
 113185 64127     2186.4000   173     2189.0000     2180.6250  6838957    0.38%        x163_156 U 113185 113183     56
 113360 64211     2184.3774   343     2189.0000     2180.6275  6847571    0.38%          x40_54 N 113360  79377     78
 113536 64284     2186.7566   271     2189.0000     2180.6355  6855107    0.38%          x56_55 U 113536 108992     52
 113700 64370     2187.8447   342     2189.0000     2180.6407  6864049    0.38%          x14_19 U 113700 103839     42
 113868 64440        cutoff           2189.0000     2180.6461  6872072    0.38%          x56_51 U 113868  93720     23
 114023 64489     2182.7424   201     2189.0000     2180.6525  6880076    0.38%        x166_169 U 114023 100053     51
Elapsed time = 7223.31 sec. (8292130.06 ticks, tree = 11323.74 MB, solutions = 1)
Nodefile size = 9276.29 MB (8271.55 MB after compression)
 114172 64538        cutoff           2189.0000     2180.6615  6888738    0.38%           x14_9 U 114172   8842     55
 114348 64655     2183.4848   232     2189.0000     2180.6667  6906202    0.38%        x163_154 U 114348 110105     48
 114407 64702     2182.2847   277     2189.0000     2180.6667  6923641    0.38%        x163_154 D 114407 114406     50
 114526 64783     2186.6667   193     2189.0000     2180.6667  6936554    0.38%        x163_156 U 114526 114522     59
 114662 64884        cutoff           2189.0000     2180.6667  6957508    0.38%        x163_154 U 114662 114063     63
 114820 64976     2185.5000   196     2189.0000     2180.6667  6966568    0.38%          x22_24 N 114820 114814     99
 114974 65036     2180.6667   256     2189.0000     2180.6667  6975291    0.38%           x14_9 D 114974  73522     31
 115107 65065     2181.1032   340     2189.0000     2180.6667  6983844    0.38%          x14_19 D 115107  99756     29
 115255 65096     2181.2222   291     2189.0000     2180.6739  6992237    0.38%          x14_19 D 115255 115254     51
 115398 65128     2183.3889   323     2189.0000     2180.6806  7000517    0.38%          x15_17 U 115398 115396     43
Elapsed time = 7375.82 sec. (8478782.88 ticks, tree = 11510.15 MB, solutions = 1)
Nodefile size = 9462.76 MB (8438.03 MB after compression)
 115563 65180        cutoff           2189.0000     2180.6889  7008725    0.38%          x19_18 D 115563  91296     55
 115733 65232     2180.8222   322     2189.0000     2180.6930  7015913    0.38%          x18_11 D 115733  72405     34
 115889 65310     2180.7027   222     2189.0000     2180.6986  7023809    0.38%          x39_41 D 115889 115888     66
 115942 65342     2180.8750   226     2189.0000     2180.7000  7034924    0.38%          x20_38 D 115942 115941     61
 116089 65409     2180.8889   296     2189.0000     2180.7010  7044153    0.38%           x14_9 D 116089  15577     31
 116218 65422     2181.8788   286     2189.0000     2180.7059  7051952    0.38%          x15_19 D 116218  46208     45
 116354 65446        cutoff           2189.0000     2180.7143  7073989    0.38%        x162_178 U 116354  90324    101
 116495 65494        cutoff           2189.0000     2180.7176  7082272    0.38%          x14_15 U 116495  55838     61
 116652 65580     2180.9410   280     2189.0000     2180.7222  7089117    0.38%          x14_10 D 116652 116651     31
 116829 65680     2180.8889   287     2189.0000     2180.7222  7096981    0.38%          x14_26 D 116829 104501     42
Elapsed time = 7514.32 sec. (8648435.06 ticks, tree = 11681.35 MB, solutions = 1)
Nodefile size = 9634.22 MB (8591.26 MB after compression)
 117030 65778     2181.7222   282     2189.0000     2180.7222  7103847    0.38%           x11_8 D 117030  95004     30
 117218 65861     2181.2460   334     2189.0000     2180.7222  7111339    0.38%           x16_9 D 117218 100612     34
 117356 65894     2180.8056   320     2189.0000     2180.7303  7119504    0.38%          x52_56 D 117356 109336     38
 117493 65921     2180.7391   273     2189.0000     2180.7387  7144318    0.38%        x163_154 U 117493 114675     99
 117606 65944     2180.7436   288     2189.0000     2180.7436  7152275    0.38%           x16_9 D 117606 107908     34
 117745 66002     2184.6667   188     2189.0000     2180.7500  7160968    0.38%        x162_148 N 117745  99971     46
 117911 66073        cutoff           2189.0000     2180.7500  7168411    0.38%           x10_6 U 117911  91881     51
 118072 66122     2184.3685   352     2189.0000     2180.7527  7175143    0.38%           x11_8 U 118072 100503     58
 118241 66196        cutoff           2189.0000     2180.7593  7183194    0.38%          x16_11 U 118241 112808     32
 118243 66198     2181.8796   376     2189.0000     2180.7593  7198326    0.38%          x45_44 U 118243 118242     31
Elapsed time = 7656.67 sec. (8829318.66 ticks, tree = 11843.39 MB, solutions = 1)
Nodefile size = 9796.60 MB (8736.58 MB after compression)
 118390 66251     2180.8443   256     2189.0000     2180.7656  7206225    0.38%          x25_15 D 118390 118389     61
 118562 66310        cutoff           2189.0000     2180.7724  7214591    0.38%          x58_54 U 118562  96697     28
 118727 66376     2183.2911   349     2189.0000     2180.7778  7222029    0.38%          x41_34 D 118727 118726     27
 118875 66440     2185.8889   327     2189.0000     2180.7843  7230115    0.38%          x17_10 U 118875  53513     29
 119010 66482     2185.5162   339     2189.0000     2180.7843  7237618    0.38%          x45_47 D 119010 119008     49
 119123 66503     2181.0487   328     2189.0000     2180.7843  7246144    0.38%          x52_41 D 119123  26974     23
 119272 66562     2187.7040   361     2189.0000     2180.7843  7253659    0.38%           x0_11 U 119272  82748     47
 119416 66593     2180.8212   351     2189.0000     2180.7859  7261239    0.38%           x16_9 D 119416 119415     41
 119579 66639     2181.1000   205     2189.0000     2180.7922  7268714    0.37%        x207_204 D 119579  91464     46
 119744 66716     2185.1042   209     2189.0000     2180.8000  7277314    0.37%        x166_160 U 119744 108121     55
Elapsed time = 7787.86 sec. (8982744.07 ticks, tree = 12023.02 MB, solutions = 1)
Nodefile size = 9976.03 MB (8896.93 MB after compression)
 119803 66755     2184.5000   170     2189.0000     2180.8000  7292006    0.37%        x166_156 N 119803 119802     53
 119953 66836     2180.8333   326     2189.0000     2180.8011  7300499    0.37%           x2_11 D 119953 119952     49
 120121 66885        cutoff           2189.0000     2180.8067  7308037    0.37%           x14_9 U 120121 104640     29
 120280 66947     2184.3889   294     2189.0000     2180.8175  7315320    0.37%          x14_19 U 120280 120278     41
 120407 66973     2180.8222   275     2189.0000     2180.8222  7323015    0.37%          x14_10 D 120407 112081     29
 120562 67022     2181.1242   313     2189.0000     2180.8301  7329948    0.37%          x14_11 D 120562  95780     29
 120684 67103     2183.2500   281     2189.0000     2180.8333  7344785    0.37%        x160_158 U 120684 108179     56
 120844 67177     2181.6667   292     2189.0000     2180.8333  7353087    0.37%          x17_10 U 120844  38320     28
 120993 67239        cutoff           2189.0000     2180.8376  7361587    0.37%           x16_9 U 120993 104228     26
 121160 67317     2183.3333   201     2189.0000     2180.8462  7369095    0.37%        x165_180 N 121160  97761     43
Elapsed time = 7918.71 sec. (9142528.48 ticks, tree = 12208.96 MB, solutions = 1)
Nodefile size = 10162.18 MB (9063.83 MB after compression)
 121316 67403     2181.5754   350     2189.0000     2180.8513  7378121    0.37%          x42_39 U 121316  12339     52
 121487 67440        cutoff           2189.0000     2180.8579  7384887    0.37%          x55_54 U 121487  61244     38
 121631 67503        cutoff           2189.0000     2180.8645  7392189    0.37%          x35_25 U 121631 121414     71
 121790 67549     2185.8333   197     2189.0000     2180.8676  7399704    0.37%        x160_158 U 121790 121789     42
 121920 67578     2188.0000   251     2189.0000     2180.8696  7406822    0.37%          x43_40 U 121920 120509     37
 122082 67644     2183.2188   319     2189.0000     2180.8750  7414789    0.37%          x51_45 U 122082  97169     46
 122223 67660     2187.1860   353     2189.0000     2180.8828  7422396    0.37%          x18_12 D 122223  92423     26
 122345 67700     2180.9222   240     2189.0000     2180.8889  7430606    0.37%          x14_19 D 122345 107309     34
 122519 67750        cutoff           2189.0000     2180.8889  7437454    0.37%           x10_5 U 122519 111265     75
 122710 67825     2187.0763   353     2189.0000     2180.8889  7444152    0.37%          x33_15 N 122710 122708     52
Elapsed time = 8045.11 sec. (9295586.29 ticks, tree = 12378.86 MB, solutions = 1)
Nodefile size = 10331.84 MB (9215.90 MB after compression)
 122894 67880        cutoff           2189.0000     2180.8889  7451086    0.37%          x14_10 U 122894 121542     40
 123072 67930        cutoff           2189.0000     2180.8904  7458236    0.37%          x19_18 D 123072  36404     31
 123189 67945     2181.0268   337     2189.0000     2180.8989  7466983    0.37%          x25_15 D 123189 123188     56
 123281 67969     2186.3333   261     2189.0000     2180.9000  7479316    0.37%        x162_158 N 123281 100108     67
 123423 68003     2181.1905   279     2189.0000     2180.9091  7487018    0.37%          x33_25 N 123423  96413     39
 123574 68029        cutoff           2189.0000     2180.9167  7493875    0.37%           x16_9 D 123574 123573     20
 123745 68117     2182.3529   304     2189.0000     2180.9191  7500950    0.37%          x39_43 D 123745  66257     25
 123896 68149        cutoff           2189.0000     2180.9260  7508916    0.37%           x16_9 U 123896 118251     33
 123951 68186     2184.5000   286     2189.0000     2180.9286  7521064    0.37%        x163_154 D 123951 103153     50
 124104 68230        cutoff           2189.0000     2180.9343  7528247    0.37%          x20_12 U 124104  73799     52
Elapsed time = 8170.80 sec. (9454013.45 ticks, tree = 12516.43 MB, solutions = 1)
Nodefile size = 10469.08 MB (9339.13 MB after compression)
 124258 68277     2186.6875   257     2189.0000     2180.9404  7535090    0.37%          x43_54 U 124258 121552     33
 124438 68339     2181.7379   316     2189.0000     2180.9448  7541956    0.37%          x20_12 D 124438  43498     28
 124597 68392        cutoff           2189.0000     2180.9510  7549132    0.37%        x217_212 U 124597 124594     37
 124742 68433        cutoff           2189.0000     2180.9510  7556069    0.37%          x15_17 U 124742 124740     42
 124891 68482        cutoff           2189.0000     2180.9562  7563060    0.37%          x20_12 U 124891  24346     33
 125046 68543     2181.0417   357     2189.0000     2180.9636  7570209    0.37%          x15_11 D 125046  89795     45
 125200 68605     2184.1250   207     2189.0000     2180.9722  7576640    0.37%          x33_25 U 125200  95781     44
 125386 68663        cutoff           2189.0000     2180.9722  7582642    0.37%          x20_12 U 125386 110231     52
 125524 68692     2185.5190   328     2189.0000     2180.9808  7590558    0.37%          x14_19 U 125524 116730     33
 125668 68703     2185.5222   299     2189.0000     2180.9889  7598422    0.37%          x14_19 U 125668 116895     40
Elapsed time = 8297.02 sec. (9608041.52 ticks, tree = 12679.71 MB, solutions = 1)
Nodefile size = 10633.88 MB (9486.59 MB after compression)
 125804 68724     2186.0000   174     2189.0000     2181.0000  7605840    0.37%          x70_71 U 125804 101278     62
 125886 68778     2181.3333   215     2189.0000     2181.0000  7620458    0.37%        x195_209 U 125886  96185     44
 125971 68853     2181.1667   195     2189.0000     2181.0000  7635070    0.37%        x180_179 N 125971  99958     43
 126110 68945     2182.5000   189     2189.0000     2181.0000  7646761    0.37%        x160_158 U 126110 101433     50
 126181 68993     2187.4000   206     2189.0000     2181.0000  7659716    0.37%        x163_154 N 126181 126173     48
 126303 69090     2183.8333   174     2189.0000     2181.0000  7671865    0.37%        x178_180 D 126303  95846     46
 126377 69145     2186.3000   247     2189.0000     2181.0000  7690441    0.37%        x163_154 N 126377 125849     48
 126441 69185     2181.2500   211     2189.0000     2181.0000  7702381    0.37%        x187_210 N 126441  96267     41
 126442 69186     2186.0909   268     2189.0000     2181.0000  7719580    0.37%        x162_151 N 126442 100150     51
 126548 69269     2186.5000   220     2189.0000     2181.0000  7736004    0.37%        x163_154 U 126548 126485     56
Elapsed time = 8448.56 sec. (9799231.32 ticks, tree = 12839.99 MB, solutions = 1)
Nodefile size = 10792.25 MB (9628.78 MB after compression)
 126561 69280     2182.5833   236     2189.0000     2181.0000  7759942    0.37%        x160_158 N 126561 101683     50
 126686 69372     2181.2500   209     2189.0000     2181.0000  7773073    0.37%        x163_154 D 126686 105657     47
 126827 69492        cutoff           2189.0000     2181.0000  7784558    0.37%        x155_149 D 126827 126825     46
 126862 69514     2181.1333   218     2189.0000     2181.0000  7798089    0.37%        x180_181 D 126862 126860     59
 126970 69603     2181.1500   251     2189.0000     2181.0000  7815848    0.37%        x175_165 U 126970  91127     43
 127059 69665     2181.1290   253     2189.0000     2181.0000  7834139    0.37%        x175_172 D 127059  91643     55
 127205 69780     2183.8000   210     2189.0000     2181.0000  7851764    0.37%        x165_180 N 127205  99428     59
 127364 69887     2182.3548   215     2189.0000     2181.0000  7862625    0.37%        x160_158 D 127364 101912     61
 127459 69951     2182.2500   215     2189.0000     2181.0000  7880332    0.37%        x175_172 N 127459  90978     40
 127596 70040     2186.2326   188     2189.0000     2181.0000  7890564    0.37%        x166_155 N 127596 108125     56
Elapsed time = 8617.25 sec. (10014463.27 ticks, tree = 13054.80 MB, solutions = 1)
Nodefile size = 11006.95 MB (9821.40 MB after compression)
 127715 70115     2181.2500   244     2189.0000     2181.0000  7901493    0.37%          x18_13 D 127715  87453     73
 127752 70138     2181.1500   170     2189.0000     2181.0000  7916780    0.37%        x175_165 N 127752  91344     48
 127893 70222     2182.3684   274     2189.0000     2181.0000  7926443    0.37%          x39_37 D 127893 127892     51
 128018 70283     2183.8000   263     2189.0000     2181.0000  7942406    0.37%        x165_180 U 128018  99421     58
 128147 70351     2186.1667   249     2189.0000     2181.0000  7952512    0.37%          x14_25 N 128147  90877     37
 128154 70355     2184.5833   293     2189.0000     2181.0000  7967772    0.37%          x43_45 D 128154 102734     36
 128258 70416     2181.0000   227     2189.0000     2181.0000  7982429    0.37%        x163_154 U 128258 117401     71
 128395 70471     2187.9545   321     2189.0000     2181.0000  7992140    0.37%          x33_15 U 128395  20492     60
 128544 70529        cutoff           2189.0000     2181.0000  7999427    0.37%        x166_160 D 128544 128542     97
 128651 70533     2181.0000   254     2189.0000     2181.0000  8008592    0.37%           x14_9 N 128651  91819     19
Elapsed time = 8763.14 sec. (10202970.33 ticks, tree = 13211.01 MB, solutions = 1)
Nodefile size = 11164.49 MB (9962.15 MB after compression)
 128769 70561     2188.0000   247     2189.0000     2181.0000  8025979    0.37%        x160_158 U 128769 128767     44
 128914 70620     2182.0000   263     2189.0000     2181.0000  8033440    0.37%           x16_9 D 128914 122051     47
 128952 70620     2181.0000   310     2189.0000     2181.0000  8046030    0.37%          x16_11 D 128952  46198     35
 129076 70678     2185.2222   313     2189.0000     2181.0000  8054457    0.37%          x40_54 U 129076   6353     40
 129089 70674     2181.1000   238     2189.0000     2181.0000  8066564    0.37%        x180_181 D 129089 119771     41
 129247 70748        cutoff           2189.0000     2181.0000  8074126    0.37%          x43_35 U 129247  39854     40
 129397 70795        cutoff           2189.0000     2181.0000  8082218    0.37%          x17_11 U 129397   2392      9
 129414 70802     2181.2361   359     2189.0000     2181.0000  8095000    0.37%          x17_11 N 129414   2392      9
 129533 70867        cutoff           2189.0000     2181.0038  8105953    0.37%          x18_12 D 129533 103451     49
 129659 70919     2181.2014   320     2189.0000     2181.0125  8113701    0.36%          x18_13 D 129659  92853     55
Elapsed time = 8900.09 sec. (10376570.62 ticks, tree = 13343.62 MB, solutions = 1)
Nodefile size = 11296.55 MB (10080.29 MB after compression)
 129738 70960     2181.5000   174     2189.0000     2181.0161  8138698    0.36%        x166_155 D 129738 129737     45
 129856 70998     2181.0347   269     2189.0000     2181.0222  8147053    0.36%           x14_9 D 129856 120387     38
 130000 71044     2181.4167   325     2189.0000     2181.0267  8154541    0.36%           x10_8 D 130000  27302     41
 130141 71109        cutoff           2189.0000     2181.0323  8164098    0.36%        x164_156 U 130141 101212     48
 130270 71151     2186.0000   224     2189.0000     2181.0362  8171880    0.36%          x31_35 N 130270 122017     64
 130402 71185        cutoff           2189.0000     2181.0426  8179250    0.36%           x14_9 U 130402  92459     36
 130532 71237     2181.2222   313     2189.0000     2181.0490  8188084    0.36%          x20_12 N 130532  37711     35
 130659 71272     2187.1208   340     2189.0000     2181.0556  8196500    0.36%           x16_9 U 130659 130657     34
 130842 71333     2185.2222   271     2189.0000     2181.0556  8202989    0.36%        x217_212 U 130842 130840     36
 131014 71407     2183.4000   319     2189.0000     2181.0556  8210691    0.36%          x43_54 D 131014 131012     36
Elapsed time = 9044.35 sec. (10555183.90 ticks, tree = 13510.66 MB, solutions = 1)
Nodefile size = 11462.82 MB (10229.40 MB after compression)
 131163 71443     2182.4707   333     2189.0000     2181.0593  8218300    0.36%          x20_12 D 131163  14643     45
 131304 71452     2182.4238   212     2189.0000     2181.0667  8226555    0.36%        x163_154 D 131304 131303     44
 131444 71527        cutoff           2189.0000     2181.0700  8236995    0.36%          x51_45 U 131444  98533     30
 131579 71586        cutoff           2189.0000     2181.0741  8245287    0.36%          x25_15 U 131579 131577     37
 131701 71641     2181.6508   290     2189.0000     2181.0794  8254258    0.36%           x16_9 D 131701 110391     30
 131757 71647        cutoff           2189.0000     2181.0833  8275977    0.36%          x14_10 U 131757   5496     34
 131889 71686     2187.1032   401     2189.0000     2181.0881  8291878    0.36%          x43_40 N 131889   2712     34
 132020 71715     2185.8105   334     2189.0000     2181.0911  8299822    0.36%          x16_10 U 132020 125112     52
 132152 71746     2181.1084   298     2189.0000     2181.0972  8307279    0.36%          x15_17 D 132152 124150     51
 132307 71838     2183.8750   198     2189.0000     2181.1000  8316673    0.36%        x163_154 U 132307 119741     44
Elapsed time = 9201.01 sec. (10749133.82 ticks, tree = 13629.94 MB, solutions = 1)
Nodefile size = 11582.97 MB (10337.20 MB after compression)
 132350 71872     2186.8143   225     2189.0000     2181.1000  8327928    0.36%        x171_169 N 132350 132348     60
 132466 71901     2186.0000   172     2189.0000     2181.1036  8335000    0.36%        x171_172 U 132466 132464     49
 132590 71940     2183.0000   211     2189.0000     2181.1111  8343059    0.36%          x72_85 D 132590 132589     44
 132709 72016     2181.2174   222     2189.0000     2181.1111  8352503    0.36%        x175_172 U 132709 132708     49
 132827 72065     2186.9222   295     2189.0000     2181.1127  8360097    0.36%          x14_19 U 132827  93148     31
 132924 72094     2182.5556   293     2189.0000     2181.1176  8367181    0.36%          x15_17 N 132924  61865     41
 132944 72096     2187.0079   340     2189.0000     2181.1176  8387935    0.36%          x15_19 U 132944 132942     30
 133043 72131     2181.5556   278     2189.0000     2181.1176  8393279    0.36%           x9_22 D 133043  50598     38
 133125 72152        cutoff           2189.0000     2181.1176  8399644    0.36%            x5_9 D 133125 133122     34
 133217 72205     2181.5981   352     2189.0000     2181.1176  8406494    0.36%          x20_12 D 133217  16623     54
Elapsed time = 9360.29 sec. (10920073.40 ticks, tree = 13589.85 MB, solutions = 1)
Nodefile size = 11541.71 MB (10299.30 MB after compression)
 133291 72236     2183.7222   289     2189.0000     2181.1176  8435421    0.36%          x13_17 D 133291  20127     36
 133385 72279     2181.5972   279     2189.0000     2181.1176  8441323    0.36%           x14_9 D 133385  56669     25
 133491 72307     2187.2222   270     2189.0000     2181.1176  8446829    0.36%          x24_15 U 133491  37365     38
 133580 72339     2181.5601   307     2189.0000     2181.1176  8452656    0.36%          x17_15 N 133580  55831     74
 133658 72348        cutoff           2189.0000     2181.1176  8457829    0.36%           x14_9 U 133658  89723     31
 133732 72346     2181.7222   319     2189.0000     2181.1176  8466012    0.36%          x52_41 N 133732  27177     21
 133752 72344     2187.7460   389     2189.0000     2181.1176  8484750    0.36%          x14_10 N 133752  88592     61
 133815 72362     2187.5714   241     2189.0000     2181.1176  8494033    0.36%        x163_156 N 133815 133814     56
 133933 72366        cutoff           2189.0000     2181.1222  8500402    0.36%          x24_15 U 133933 124881     54
 134050 72426     2181.9365   301     2189.0000     2181.1250  8508217    0.36%          x14_10 N 134050   5496     34
Elapsed time = 9556.29 sec. (11128170.59 ticks, tree = 13732.71 MB, solutions = 1)
Nodefile size = 11685.34 MB (10425.37 MB after compression)
 134197 72491     2181.1551   251     2189.0000     2181.1276  8514922    0.36%          x16_15 D 134197 134196     71
 134323 72572     2188.0000   122     2189.0000     2181.1290  8524238    0.36%          x65_66 N 134323 134322     64
 134419 72630     2181.7111   252     2189.0000     2181.1333  8532604    0.36%          x13_16 D 134419  45051     61
 134540 72652     2181.3422   292     2189.0000     2181.1373  8537892    0.36%          x14_25 D 134540  52763     45
 134580 72671     2181.3605   364     2189.0000     2181.1383  8560319    0.36%          x58_54 D 134580   5301     26
 134740 72742        cutoff           2189.0000     2181.1389  8567028    0.36%           x10_3 U 134740 134738     45
 134855 72777     2181.1429   252     2189.0000     2181.1429  8573993    0.36%        x163_154 U 134855 131903     40
 134867 72779     2181.1429   279     2189.0000     2181.1429  8589744    0.36%        x163_154 U 134867 131836     40
 134978 72829     2181.4222   307     2189.0000     2181.1462  8596173    0.36%          x20_12 D 134978  55841     24
 135066 72862     2181.1667   180     2189.0000     2181.1500  8606046    0.36%        x163_154 D 135066 131277     45
Elapsed time = 9715.51 sec. (11310627.61 ticks, tree = 13834.14 MB, solutions = 1)
Nodefile size = 11786.64 MB (10515.79 MB after compression)
 135095 72881     2183.1852   259     2189.0000     2181.1500  8618638    0.36%        x163_156 U 135095 127392     54
 135226 72965     2183.1667   185     2189.0000     2181.1522  8626482    0.36%        x164_160 D 135226 135225     53
 135368 73035        cutoff           2189.0000     2181.1593  8633464    0.36%          x14_11 U 135368  81525     28
 135478 73067     2186.7354   351     2189.0000     2181.1644  8640157    0.36%          x18_10 U 135478   3450     29
 135571 73105     2182.0000   252     2189.0000     2181.1667  8648116    0.36%           x15_9 D 135571 120466     57
 135638 73135     2187.7500   262     2189.0000     2181.1667  8672705    0.36%           x9_22 U 135638  84729     43
 135753 73181     2183.5000   251     2189.0000     2181.1667  8679592    0.36%        x212_214 U 135753  59396     33
 135838 73206     2181.4571   369     2189.0000     2181.1667  8689448    0.36%           x18_9 D 135838   1187     22
 135957 73258     2184.2222   224     2189.0000     2181.1698  8695547    0.36%          x14_26 U 135957 135954     62
 136063 73311     2181.4373   306     2189.0000     2181.1745  8702540    0.36%          x33_15 N 136063  19544     26
Elapsed time = 9880.97 sec. (11495798.79 ticks, tree = 13949.33 MB, solutions = 1)
Nodefile size = 11901.79 MB (10618.48 MB after compression)
 136180 73340        cutoff           2189.0000     2181.1792  8709945    0.36%          x14_10 U 136180 115565     36
 136291 73374     2181.7222   281     2189.0000     2181.1827  8733079    0.36%          x13_16 D 136291  61321     30
 136398 73411     2187.4630   217     2189.0000     2181.1861  8740186    0.36%        x162_156 U 136398  98480     62
 136498 73440     2182.5556   266     2189.0000     2181.1891  8747636    0.36%           x10_8 D 136498  16208     32
 136616 73481     2187.6667   177     2189.0000     2181.1944  8754329    0.36%        x162_158 U 136616 114300     56
 136748 73517     2181.1996   294     2189.0000     2181.1996  8760341    0.36%        x217_211 D 136748 130018     39
 136763 73526     2181.3102   289     2189.0000     2181.2000  8773684    0.36%        x156_162 D 136763  97331     51
 136776 73531     2186.0000   207     2189.0000     2181.2000  8788146    0.36%        x163_179 U 136776  90149     51
 136878 73565     2185.1000   211     2189.0000     2181.2000  8797213    0.36%        x163_154 N 136878 116449     42
 137005 73630     2182.3333   303     2189.0000     2181.2010  8804308    0.36%          x20_12 D 137005  83317     34
Elapsed time = 10055.93 sec. (11688095.71 ticks, tree = 14029.47 MB, solutions = 1)
Nodefile size = 11981.94 MB (10689.39 MB after compression)
 137116 73654     2187.9267   379     2189.0000     2181.2071  8811318    0.36%           x14_9 U 137116 115146     32
 137223 73682     2182.7125   337     2189.0000     2181.2128  8819618    0.36%           x15_9 D 137223 118807     49
 137239 73688     2185.8889   335     2189.0000     2181.2129  8841459    0.36%          x17_11 U 137239  85933     38
 137342 73735        cutoff           2189.0000     2181.2176  8848937    0.36%          x17_26 U 137342   4890     38
 137457 73775        cutoff           2189.0000     2181.2222  8855015    0.36%           x11_8 U 137457 137455     34
 137601 73861     2181.2222   262     2189.0000     2181.2222  8862430    0.36%          x20_12 N 137601 114195     36
 137735 73958     2181.2222   274     2189.0000     2181.2222  8874731    0.36%        x164_160 N 137735 137711     41
 137872 74060     2184.2222   213     2189.0000     2181.2222  8882948    0.36%          x14_25 U 137872 112343     50
 138028 74161     2181.2222   273     2189.0000     2181.2222  8890759    0.36%        x164_160 U 138028 137482     46
 138154 74250        cutoff           2189.0000     2181.2222  8898771    0.36%          x20_12 U 138154   8040     29
Elapsed time = 10206.97 sec. (11863150.92 ticks, tree = 14144.80 MB, solutions = 1)
Nodefile size = 12096.92 MB (10791.38 MB after compression)
 138305 74333     2182.5556   260     2189.0000     2181.2222  8905937    0.36%          x15_11 U 138305 122450     50
 138451 74419     2181.2222   264     2189.0000     2181.2222  8913956    0.36%        x164_160 U 138451 138447     52
 138583 74489     2181.7222   289     2189.0000     2181.2222  8921266    0.36%          x14_10 D 138583 138582     38
 138701 74535     2181.2222   248     2189.0000     2181.2222  8928110    0.36%          x14_19 N 138701 132568     28
 138835 74584     2181.2222   296     2189.0000     2181.2222  8944284    0.36%        x164_160 U 138835 138033     39
 138950 74623     2186.3889   264     2189.0000     2181.2222  8951065    0.36%          x19_18 U 138950 138949     41
 139106 74670     2184.9444   317     2189.0000     2181.2222  8957668    0.36%          x33_15 D 139106 139105     35
 139242 74695     2181.3399   307     2189.0000     2181.2222  8965275    0.36%          x15_19 D 139242  95157     39
 139404 74741     2184.3889   285     2189.0000     2181.2222  8972283    0.36%          x43_54 D 139404 139403     34
 139445 74746     2187.2222   276     2189.0000     2181.2222  8994124    0.36%           x9_22 U 139445 100926     35
Elapsed time = 10364.54 sec. (12059925.46 ticks, tree = 14305.06 MB, solutions = 1)
Nodefile size = 12257.10 MB (10934.55 MB after compression)
 139586 74797     2181.3333   297     2189.0000     2181.2222  9000530    0.36%          x14_19 N 139586 132778     43
 139714 74835     2188.0000   167     2189.0000     2181.2265  9006787    0.36%        x171_179 U 139714 126277     51
 139886 74896     2187.4722   310     2189.0000     2181.2288  9014931    0.36%          x44_53 U 139886  53082     26
 139984 74897        cutoff           2189.0000     2181.2353  9021611    0.35%          x30_13 U 139984 124130     62
 140137 74959        cutoff           2189.0000     2181.2415  9027461    0.35%          x43_40 U 140137  66516     27
 140260 74979     2181.4097   311     2189.0000     2181.2468  9033171    0.35%          x43_34 D 140260  87314     27
 140365 75022     2182.5000   151     2189.0000     2181.2500  9041296    0.35%        x160_158 D 140365 101738     43
 140470 75077     2187.3605   297     2189.0000     2181.2500  9050121    0.35%          x52_49 N 140470 140468     59
 140568 75130     2185.5000   215     2189.0000     2181.2500  9059073    0.35%        x163_154 U 140568 140565     49
 140717 75206     2182.0000   264     2189.0000     2181.2500  9066219    0.35%           x14_8 D 140717  85048     44
Elapsed time = 10501.26 sec. (12213546.52 ticks, tree = 14419.74 MB, solutions = 1)
Nodefile size = 12372.15 MB (11036.96 MB after compression)
 140849 75254     2183.4657   339     2189.0000     2181.2500  9071615    0.35%           x14_9 N 140849 140848     31
 140953 75293        cutoff           2189.0000     2181.2535  9078516    0.35%           x14_9 U 140953 140951     33
 140966 75300     2181.4000   235     2189.0000     2181.2540  9087077    0.35%          x14_15 D 140966 125547     71
 141079 75328     2186.2222   279     2189.0000     2181.2603  9093270    0.35%          x43_34 U 141079  48677     33
 141197 75344        cutoff           2189.0000     2181.2654  9099040    0.35%          x52_56 U 141197  88928     29
 141330 75379     2182.1032   320     2189.0000     2181.2698  9105148    0.35%          x43_34 D 141330 132023     19
 141366 75377     2185.0000   273     2189.0000     2181.2722  9129912    0.35%          x15_17 U 141366  91320     50
 141477 75415        cutoff           2189.0000     2181.2778  9136431    0.35%        x163_154 U 141477 127078     49
 141609 75432     2181.9155   360     2189.0000     2181.2843  9143029    0.35%           x1_11 D 141609  24421     55
 141695 75466     2186.2222   307     2189.0000     2181.2843  9148371    0.35%          x20_12 D 141695 141694     45
Elapsed time = 10668.71 sec. (12402322.01 ticks, tree = 14460.16 MB, solutions = 1)
Nodefile size = 12412.61 MB (11072.38 MB after compression)
 141766 75478     2181.3889   322     2189.0000     2181.2843  9154033    0.35%          x14_10 N 141766  46876     27
 141848 75494     2186.2500   181     2189.0000     2181.2857  9164316    0.35%        x163_165 U 141848  95916     74
 141955 75592     2183.0000    98     2189.0000     2181.2857  9170397    0.35%        x207_194 N 141955 141954    101
 142083 75642        cutoff           2189.0000     2181.2889  9176165    0.35%          x26_15 U 142083 142081     31
 142205 75678     2181.9127   301     2189.0000     2181.2934  9182089    0.35%           x16_9 D 142205 132391     50
 142301 75692     2183.7222   311     2189.0000     2181.2991  9206388    0.35%        x213_209 U 142301 142299     48
 142400 75743     2185.0000   204     2189.0000     2181.3000  9213976    0.35%          x36_54 N 142400 142399     77

Clique cuts applied:  1
Cover cuts applied:  1
Zero-half cuts applied:  88
User cuts applied:  33034

Root node processing (before b&c):
  Real time             =    6.06 sec. (7897.54 ticks)
Sequential b&c:
  Real time             = 10793.95 sec. (12542415.99 ticks)
                          ------------
Total (root+branch&cut) = 10800.01 sec. (12550313.53 ticks)

