Version identifier: 22.1.0.0 | 2022-03-09 | 1a383f8ce
CPXPARAM_Preprocessing_Reduce                    1
CPXPARAM_Threads                                 1
CPXPARAM_Preprocessing_Reformulations            0
CPXPARAM_TimeLimit                               10800
CPXPARAM_MIP_Tolerances_AbsMIPGap                0.999
CPXPARAM_MIP_Limits_TreeMemory                   20000
Legacy callback                                  BbLUID
         Disabling repeat represolve because of lazy constraint/incumbent callback.
Tried aggregator 1 time.
MIP Presolve eliminated 23 rows and 0 columns.
MIP Presolve modified 72 coefficients.
Reduced MIP has 144 rows, 1260 columns, and 2746 nonzeros.
Reduced MIP has 1260 binaries, 0 generals, 0 SOSs, and 0 indicators.
Presolve time = 0.00 sec. (1.08 ticks)
Probing time = 0.00 sec. (2.51 ticks)
Clique table members: 144.
MIP emphasis: balance optimality and feasibility.
MIP search method: traditional branch-and-cut.
Parallel mode: none, using 1 thread.
Root relaxation solution time = 0.00 sec. (0.62 ticks)

        Nodes                                         Cuts/
   Node  Left     Objective  IInf  Best Integer    Best Bound    ItCnt     Gap         Variable B NodeID Parent  Depth

      0     0      588.2096    28                    537.4783       25         
      0     0      588.5931    70                     Cuts: 7       31         
      0     0      589.0400    75                    Fract: 1       33         
      0     0      589.0400    74                 ZeroHalf: 1       34         
      0     2      589.0400    74                    589.0400       34                                 0             0
Elapsed time = 0.21 sec. (119.18 ticks, tree = 0.01 MB, solutions = 0)
     39    41      641.8501    44                    589.0504      453                     x2_7 N     39     37     29
     63    61      762.4004    39                    589.0504      674                   x22_29 D     63     62     47
     91    87      907.3406    22                    589.0504     1057                    x8_20 D     91     90     69
    117   109      997.9198     8                    589.0504     1195                   x29_10 U    117    116     89
    160   148      593.7721    80                    589.3121     1500                   x12_10 D    160    159     35
    210   198      613.8153    31                    589.3121     1943                   x33_25 N    210    209     79
    258   246      630.1624    42                    589.3121     2229                   x16_14 D    258    257    116
    300   288      666.0281    41                    589.3121     2478                   x13_17 D    300    299    153
    329   317      712.4917    31                    589.3121     2800                    x13_7 N    329    328    174
    440   424      609.4264    72                    590.2326     3475                   x30_33 D    440    439     39
Elapsed time = 3.47 sec. (3338.74 ticks, tree = 0.32 MB, solutions = 0)
    602   586      590.2326    58                    590.2326     4252                   x22_12 U    602      0      1
    751   735      642.1913    43                    590.4301     5867                   x14_23 N    751    749    124
    917   901      627.7091    47                    590.5910     7335                    x8_19 U    917    915     99
   1040  1024      613.1700    32                    590.6713     8768                    x30_1 N   1040   1038     36
   1200  1182      657.8502    36                    590.6713     9859                    x4_22 D   1200   1199    176
   1433  1415      606.4641    30                    591.8120    11729                    x30_2 N   1433   1431     26
   1600  1582      658.8014    16                    591.8120    12871                   x30_16 D   1600   1599    172
   1849  1831      612.4188    67                    591.9256    14615                    x2_23 D   1849   1847     42
   2067  2049      649.7438    56                    591.9595    16655                   x26_29 N   2067   2066     68
   2410  2392      600.5945    35                    592.2960    18557                   x10_22 D   2410   2409     17
Elapsed time = 9.54 sec. (13043.09 ticks, tree = 2.00 MB, solutions = 0)
   2749  2731      657.4203    30                    592.2987    20745                   x13_26 U   2749   2747    132
   3041  3023      610.5456    38                    592.3123    22551                   x30_25 D   3041   3039     45
   3195  3175    infeasible                          592.3123    23829                    x0_19 U   3195   3193    176
   3393  3373      728.9179    30                    592.3127    24983                   x35_29 D   3393   3392    209
   3560  3540      633.1123    34                    592.3241    26061                    x3_34 D   3560   3559    153
   3831  3811      618.9837     8                    592.3272    27709                    x32_9 D   3831   3829     34
   4023  4003      603.3747    73                    592.3790    29014                   x35_33 D   4023   4022     27
   4377  4357      631.3203    52                    592.4534    31332                   x20_10 U   4377   4375    157
   4633  4613      620.1718    49                    592.6000    32938                   x25_28 N   4633   4631     40
   4846  4826      616.6923    21                    592.6282    34582                   x13_10 U   4846   4844     42
Elapsed time = 16.05 sec. (22659.71 ticks, tree = 4.22 MB, solutions = 0)
   5015  4995      602.2983    70                    592.6908    36141                    x0_27 N   5015   5014     17
   5139  5119      667.6197    27                    592.6908    37718                    x8_19 U   5139   5137    115
   5348  5328      664.8381    47                    592.7190    39093                   x25_19 D   5348   5347    150
   5474  5454      646.7344    14                    592.7868    40358                   x29_23 D   5474   5473     74
   5660  5640      630.9504    48                    592.8046    41347                    x6_25 D   5660   5659     65
   5865  5845      625.0774    27                    592.8251    42983                   x20_12 N   5865   5864     54
   5942  5922      673.2529    31                    592.8251    44273                   x14_25 D   5942   5941    113
   6064  6044      644.8389    50                    592.8295    45139                    x7_25 D   6064   6063     84
   6261  6241      628.9487    38                    593.0087    46523                   x33_12 D   6261   6260     61
   6400  6380      662.0382    51                    593.0087    47493                   x10_20 D   6400   6398    176
Elapsed time = 21.96 sec. (32264.79 ticks, tree = 5.65 MB, solutions = 0)
   6624  6604      608.3345    65                    593.0934    49228                    x1_27 D   6624   6623     17
   6717  6697      643.6499    22                    593.0934    50314                   x12_33 U   6717   6716     86
   6875  6855      626.2932    47                    593.1691    51369                   x24_32 U   6875   6874     64
   7064  7044      624.4182    42                    593.2248    52423                   x35_23 U   7064   7063     78
   7223  7203      610.2337    22                    593.2338    53186                    x30_6 N   7223   7222     29
   7534  7514      617.6204    47                    593.2633    54809                     x6_4 U   7534   7532    126
   7814  7794      618.7874    43                    593.3145    56580                   x33_34 N   7814   7812     19
   7904  7884      693.6066    12                    593.3145    57576                    x34_6 U   7904   7902     82
   7980  7960      765.8720    15                    593.3145    58098                   x32_30 D   7980   7978    145
   8080  8058      651.4013    55                    593.3164    58909                   x31_36 N   8080   8079     81
Elapsed time = 27.57 sec. (41877.79 ticks, tree = 7.29 MB, solutions = 0)
   8277  8255      636.7715    54                    593.3427    60509                   x23_30 N   8277   8275     70
   8396  8374      647.3613    36                    593.3427    61894                   x20_16 U   8396   8394    168
   8631  8609      636.6612    55                    593.5315    63406                   x13_12 N   8631   8629     33
   8717  8695      672.9527    46                    593.5315    64436                   x13_16 N   8717   8715    101
   8810  8788      598.9835    25                    593.6342    65317                   x22_23 D   8810   8808     13
   8963  8941      623.6376    37                    593.6342    66691                    x9_16 D   8963   8962    144
   9083  9061      626.4637    26                    593.6594    67917                   x14_13 N   9083   9081     88
   9346  9324      659.5545    43                    593.6615    69112                   x16_31 D   9346   9345    150
   9446  9424      631.0526    36                    593.6930    70075                    x18_7 N   9446   9445     64
   9600  9578      656.2862    37                    593.6930    70761                   x18_14 D   9600   9599    207
Elapsed time = 33.15 sec. (51642.99 ticks, tree = 9.18 MB, solutions = 0)
   9840  9818      614.8082    74                    593.7205    72408                    x31_9 D   9840   9838     37
   9948  9926      632.8537    55                    593.7205    73726                    x20_9 D   9948   9947    123
  10055 10033      639.0114    55                    593.7271    74699                   x20_29 N  10055  10054     58
  10226 10204      617.8910    41                    593.7275    75709                   x12_17 N  10226  10225     25
  10331 10309      645.8314    50                    593.7275    76767                    x8_18 N  10331  10330    115
  10518 10496      642.0596    56                    593.7564    78087                     x9_4 D  10518  10517    149
  10659 10637      624.4626    65                    593.7757    79347                    x6_17 D  10659  10658     48
  10742 10720      651.7042    53                    593.7757    80342                     x7_8 U  10742  10740    113
  10815 10793      613.2180    41                    593.8205    81471                    x35_6 D  10815  10814     16
  10891 10869      633.3851    40                    593.8205    82657                   x14_25 U  10891  10889     69
Elapsed time = 38.37 sec. (61296.41 ticks, tree = 10.53 MB, solutions = 0)
  10986 10964      642.6700    43                    593.8205    83656                   x22_28 D  10986  10984    147
  11084 11062      630.4350    63                    593.8374    84777                   x13_12 N  11084  11083     77
  11152 11130      644.6769    57                    593.8374    86256                   x20_31 D  11152  11150    129
  11322 11300      649.4409    44                    593.9241    87441                   x24_20 U  11322  11321    150
  11478 11456      639.4259    54                    593.9524    88424                   x20_11 N  11478  11476     66
  11694 11672      619.4120    29                    593.9767    89678                    x9_16 D  11694  11693    100
  11863 11841      618.5754    44                    593.9776    90926                    x30_8 N  11863  11862     57
  12030 12008      606.7708    39                    594.0427    91902                   x13_10 D  12030  12029     39
  12240 12218      610.3361    18                    594.0635    93180                   x11_15 U  12240  12238     38
  12327 12305      620.9247    44                    594.0635    94476                   x28_12 D  12327  12325    107
Elapsed time = 43.64 sec. (70913.66 ticks, tree = 12.09 MB, solutions = 0)
  12464 12442      642.9955    46                    594.0818    95784                   x28_33 D  12464  12463     70
  12646 12624      630.0681    22                    594.1904    97057                   x30_14 N  12646  12644     43
  12741 12719      642.1960    46                    594.1904    98254                    x28_2 N  12741  12739    119
  12800 12778      640.1118    42                    594.1904    98923                    x30_1 D  12800  12799    169
  12859 12837      640.9839    30                    594.2088   100475                   x28_22 N  12859  12857     47
  12928 12906      638.1588    52                    594.2088   101685                   x23_19 D  12928  12926    101
  13002 12980      596.7260    70                    594.2175   102687                   x33_25 U  13002   5804     13
  13080 13058      621.1969    54                    594.2175   104055                   x14_17 U  13080  13078     74
  13183 13161      640.0359    40                    594.2175   105341                     x5_6 D  13183  13181    161
  13325 13303      655.3411    58                    594.2492   106358                    x3_27 N  13325  13324    135
Elapsed time = 48.29 sec. (80591.96 ticks, tree = 13.20 MB, solutions = 0)
  13438 13416      637.6185    51                    594.2570   107667                   x11_10 U  13438  13436     43
  13502 13480      665.7263    38                    594.2570   108675                   x20_12 D  13502  13500     90
  13592 13570      694.3311    39                    594.2570   109871                   x30_15 N  13592  13590    160
  13720 13698      672.1202    40                    594.2686   110933                   x16_13 N  13720  13719    128
  13844 13822      620.9714    46                    594.2788   112239                   x13_20 N  13844  13841     38
  13948 13926      675.3409    37                    594.2788   113063                   x32_16 N  13948  13946    128
  14100 14078      641.0609    45                    594.2971   113762                   x28_10 D  14100  14099    129
  14275 14253      621.5087    28                    594.3265   114700                   x17_15 U  14275  14273     70
  14400 14378      644.4140    44                    594.3265   115343                    x13_2 D  14400  14398    185
  14845 14823      614.5449    61                    594.4048   119590                   x28_16 D  14845  14843     40
Elapsed time = 55.25 sec. (93327.57 ticks, tree = 14.93 MB, solutions = 0)
  15200 15178      656.3349    36                    594.4087   123878                    x28_1 U  15200  15198    184
  15816 15794      610.4388    75                    594.4243   127834                   x22_33 U  15816  15814     20
  16255 16233      613.4031    51                    594.4518   132298                   x34_21 U  16255  16254     77
  16642 16620      610.7323    49                    594.5168   136048                    x9_29 D  16642  16641     47
  16980 16956      641.5547    41                    594.5317   139853                    x5_12 D  16980  16979    188
  17429 17405      621.1412    51                    594.6693   143527                   x14_25 D  17429  17427     34
  17842 17818      620.5542    57                    594.7128   147068                   x16_29 U  17842  17839     39
  18369 18339      648.6437    52                    594.7680   150676                     x0_6 D  18369  18368    134
  18664 18628      665.1858    41                    594.7743   153778                   x23_34 D  18664  18663    107
  18937 18901      660.6947    14                    594.7908   156758                   x32_24 D  18937  18935    121
Elapsed time = 75.74 sec. (132175.17 ticks, tree = 20.51 MB, solutions = 0)
  19407 19371      605.5031    40                    594.8192   160508                   x22_33 D  19407  19405     13
  19743 19701      676.0421    47                    594.8355   163238                    x21_6 U  19743  19742    156
  20000 19958      733.3788    41                    594.9786   165736                    x9_18 D  20000  19999    173
  20370 20328      665.2226     0                    594.9786   169120                   x35_30 U  20370  20368    150
  20717 20675      700.9037    11                    594.9927   172162                   x19_25 U  20717  20715     98
  20919 20877      647.1678    56                    595.0279   174152                   x28_26 D  20919  20917    115
  21167 21125      684.6294    22                    595.0334   176664                    x8_12 N  21167  21165    140
  21590 21548      643.7829    31                    595.0558   179701                   x11_16 U  21590  21589    168
  21963 21921      636.1050    56                    595.1150   183367                     x0_8 D  21963  21962    148
  22329 22287      633.7395    33                    595.1249   187401                     x5_2 D  22329  22328    138
Elapsed time = 94.65 sec. (170711.29 ticks, tree = 24.90 MB, solutions = 0)
  22700 22658      684.3492    54                    595.1622   190612                    x28_8 D  22700  22699     77
  22899 22857      667.5746    52                    595.1679   193504                    x22_7 N  22899  22897     74
  23138 23096      677.9587    21                    595.1773   195939                   x16_22 N  23138  23136    149
  23519 23477      649.6856    49                    595.2028   198731                    x27_1 N  23519  23516     99
  23884 23842      645.7131    37                    595.2253   202181                   x15_29 N  23884  23882     68
  24244 24202      628.6814    51                    595.3680   205399                   x34_21 N  24244  24243     43
  24630 24588      619.2292    59                    595.3948   208391                   x33_30 D  24630  24628     22
  24785 24741      697.7443    40                    595.3948   210602                    x2_20 D  24785  24784    146
  25019 24975      623.5364    42                    595.4095   213439                   x33_25 D  25019  25017     52
  25421 25377      609.5673    24                    595.4641   216331                    x9_15 U  25421  25418     38
Elapsed time = 113.90 sec. (209082.99 ticks, tree = 29.16 MB, solutions = 0)
  25809 25765      613.3943    69                    595.4891   219192                   x29_22 U  25809  25807     48
  26107 26063      654.4940    57                    595.5036   222124                    x7_14 N  26107  26106    150
  26308 26264      669.3968    16                    595.5038   224603                    x28_7 N  26308  26306     99
  26653 26607      652.0698    35                    595.5420   226885                   x24_13 N  26653  26651     44
  26812 26766      604.9273    65                    595.5476   228495                   x29_22 D  26812  26811     34
  27044 26998      634.0283    66                    595.5573   231447                   x32_21 D  27044  27043     40
  27177 27129      735.8072    29                    595.5573   233297                    x2_21 N  27177  27175    137
  27472 27422      629.4379    59                    595.5884   235951                    x0_17 D  27472  27470     61
  27764 27714      657.5078    50                    595.6108   238422                   x14_16 N  27764  27763    175
  27970 27920      671.2205    49                    595.6417   241153                    x2_26 D  27970  27969    134
Elapsed time = 132.77 sec. (247571.59 ticks, tree = 32.85 MB, solutions = 0)
  28260 28210      640.5007    22                    595.7113   243349                   x11_10 N  28260  28259     80
  28607 28549      638.5050    52                    595.7900   246140                   x27_35 N  28607  28606     31
  28789 28731      748.8744    39                    595.7900   248662                    x12_9 N  28789  28787    171
  28970 28910      653.0985    37                    595.8471   250987                    x30_4 D  28970  28968    147
  29152 29092      633.6670    34                    595.8709   253234                   x22_27 D  29152  29151    125
  29445 29385      634.7445    41                    595.9369   255850                   x23_30 U  29445  29442     38
  29702 29642      661.1623    61                    595.9470   258276                   x28_12 D  29702  29701    144
  29941 29881      654.0082    36                    596.0026   260866                   x28_17 N  29941  29939    150
  30214 30154      620.5275    58                    596.0258   264189                   x32_21 U  30214  30212     17
  30400 30340      699.8498    30                    596.0258   265318                   x15_12 D  30400  30399    176
Elapsed time = 151.62 sec. (286022.29 ticks, tree = 36.51 MB, solutions = 0)
  30690 30630      643.7251    70                    596.0414   267898                   x17_29 D  30690  30688     83
  30849 30789      642.5648    45                    596.0532   270575                     x0_6 U  30849  30847     61
  31044 30984      606.2311    52                    596.0606   273150                   x16_28 D  31044  31042     40
  31192 31132      639.6226    62                    596.0606   276625                   x21_14 U  31192  31189    157
  31473 31413      617.7858    51                    596.0912   279494                   x15_10 D  31473  31471     59
  31794 31734      661.6033    52                    596.0940   282326                    x29_2 D  31794  31793    207
  31956 31896      633.0713    67                    596.1067   285343                   x27_35 D  31956  31954    122
  32238 32178      653.4139    43                    596.1239   288100                   x29_16 N  32238  32236     48
  32460 32396      680.5584    53                    596.1317   290045                    x21_6 D  32460  32459    191
  32744 32680      649.9127    36                    596.1352   292274                   x20_25 N  32744  32742    123
Elapsed time = 171.67 sec. (324559.16 ticks, tree = 40.14 MB, solutions = 0)
  32892 32828      650.1092    47                    596.1379   294825                   x30_33 N  32892  32890     78
  33064 33000      622.7467    49                    596.1489   297261                    x30_2 D  33064  33063     62
  33236 33172      609.5515    73                    596.1814   298756                   x10_11 U  33236  33235     45
  33511 33447      649.4184    59                    596.1986   301431                   x32_34 D  33511  33509     91
  33775 33705      617.4847    49                    596.2033   304011                    x0_23 U  33775   1413     12
  33924 33852      694.5974    38                    596.2033   305886                   x22_20 D  33924  33923    127
  34210 34138      609.1012    31                    596.2378   307753                   x33_26 D  34210  34209     29
  34355 34283      687.6853    12                    596.2378   309454                    x18_3 U  34355  34352    139
  34680 34608      639.6515    59                    596.2615   311758                    x0_18 D  34680  34679     77
  34847 34775      622.6476    35                    596.2831   313627                   x13_14 N  34847  34845     82
Elapsed time = 191.51 sec. (363004.53 ticks, tree = 44.88 MB, solutions = 0)
  35028 34956      629.6913    18                    596.2831   315418                   x28_12 U  35028  35025     29
  35212 35140      608.5932    72                    596.2893   317310                   x26_36 U  35212  35211     24
  35524 35452      644.0363    46                    596.3050   319517                   x27_12 D  35524  35523    104
  35838 35762      616.8801    42                    596.3634   321840                   x12_28 U  35838  35836     56
  36000 35924      655.8478    28                    596.3634   323701                   x21_17 D  36000  35999    189
  36273 36197      684.1442    53                    596.3909   326043                   x14_11 N  36273  36271     57
  36375 36297      813.8089    12                    596.3909   326863                    x18_2 D  36375  36374    136
  36574 36492      665.9763    41                    596.4373   328250                   x31_28 D  36574  36573    176
  36722 36640      670.2787    53                    596.4389   329655                    x25_5 D  36722  36720    102
  36843 36761      626.0027    34                    596.4958   330998                   x16_10 U  36843  36841     50
Elapsed time = 211.28 sec. (401630.41 ticks, tree = 48.19 MB, solutions = 0)
  37020 36938      614.6928    67                    596.5076   333014                   x10_26 D  37020  37018     32
  37186 37104      647.2237    26                    596.5076   334951                     x7_8 N  37186  37184    167
  37470 37388      654.8023    31                    596.5516   336936                   x20_14 N  37470  37469     59
  37815 37723      613.6398    53                    596.5946   339372                   x10_29 N  37815  37813     49
  37998 37906      694.5974    38                    596.5946   341092                    x6_16 U  37998  37996    201
  38280 38188      641.1833    24                    596.5947   343086                   x14_28 N  38280  38278     74
  38445 38353      624.8663    44                    596.6117   344764                   x30_25 D  38445  38444     57
  38660 38568      636.3305    52                    596.6206   346845                    x9_14 D  38660  38659     56
  38781 38689      695.8888    28                    596.6206   348496                   x34_31 N  38781  38780    155
  38916 38824      667.2042    57                    596.6729   350426                   x31_32 D  38916  38914    100
Elapsed time = 232.15 sec. (440083.61 ticks, tree = 51.74 MB, solutions = 0)
  39004 38906      639.8586    47                    596.7094   351969                   x13_10 N  39004  39002     40
  39115 39017      691.7309    22                    596.7094   353060                   x23_17 D  39115  39114    133
  39337 39239      634.1413    69                    596.7187   354875                   x24_32 U  39337  39336    143
  39482 39384      671.5294    28                    596.7254   356060                   x31_24 U  39482  39481     65
  39556 39458      812.8937    16                    596.7254   356590                   x20_25 U  39556  39553    123
  39774 39676      669.4046    28                    596.7270   358258                   x18_30 N  39774  39773    188
  39905 39807      624.9762    46                    596.7790   360603                   x31_32 U  39905  39904     96
  40020 39922      629.7054    75                    596.7841   363043                    x0_35 D  40020  40019     44
  40270 40172      645.5701    47                    596.8086   365305                     x0_6 D  40270  40269     65
  40400 40302      687.6795    35                    596.8086   366327                     x7_1 D  40400  40399    177
Elapsed time = 254.27 sec. (478948.15 ticks, tree = 54.38 MB, solutions = 0)
  40679 40581      639.9601     8                    596.8131   369221                   x13_31 U  40679  40677     85
  40825 40727      610.0959    18                    596.8156   370614                   x14_11 U  40825  40823     29
  40940 40842      679.3612    32                    596.8156   371542                    x19_7 U  40940  40938    122
  41057 40959      634.2446    34                    596.8222   373146                   x10_11 N  41057  41056     48
  41200 41102      676.1372    40                    596.8222   374480                   x25_31 D  41200  41199    169
  41482 41384      632.1423    46                    596.8316   376913                    x25_8 D  41482  41480     82
  41629 41531      629.4746    22                    596.8429   378734                   x17_14 D  41629  41628     36
  41840 41742      633.4785    20                    596.8478   380357                   x32_24 U  41840  41839     56
  42000 41902      676.8997    46                    596.8478   381901                    x2_19 D  42000  41999    194
  42265 42167      631.3187    55                    596.8783   383730                   x31_24 U  42265  42264     62
Elapsed time = 277.06 sec. (517818.08 ticks, tree = 57.82 MB, solutions = 0)
  42460 42362      632.3109    46                    596.8899   385438                   x15_14 D  42460  42459     67
  42670 42572      642.3941    30                    596.9083   387236                    x7_19 N  42670  42669     56
  42793 42695      700.5947    34                    596.9083   388452                   x12_11 N  42793  42792    156
  42898 42800      643.6859    37                    596.9204   390255                    x9_33 U  42898  42895     83
  42992 42894      696.5289    23                    596.9204   391877                   x25_13 U  42992  42990    158
  43099 43001      693.0385    18                    596.9379   393847                   x21_10 U  43099  43097     75
  43185 43087      707.5995    32                    596.9379   394378                    x2_28 N  43185  43184    144
  43437 43339      631.1350    59                    596.9446   396854                   x29_33 U  43437  43435     46
  43533 43435      658.4375    50                    596.9446   398670                   x24_12 N  43533  43531    117
  43607 43509      603.7307    68                    596.9553   399984                   x24_13 D  43607  43606     20
Elapsed time = 299.64 sec. (556332.68 ticks, tree = 60.35 MB, solutions = 0)
  43860 43762      620.1459    27                    596.9812   402169                   x35_22 D  43860  43858     55
  44023 43925      631.3461    75                    596.9863   404179                   x25_35 D  44023  44022     32
  44225 44127      605.7949    27                    597.0046   405915                   x20_28 U  44225  44223     24
  44379 44281      637.1497    31                    597.0046   407464                   x20_18 D  44379  44377    152
  44641 44543      633.5400    37                    597.0230   409564                   x28_22 N  44641  44639     58
  44781 44683      721.0845    13                    597.0230   410923                   x25_34 U  44781  44779    176
  44892 44794      691.5773    37                    597.0519   412560                   x14_17 D  44892  44891     75
  45010 44906      639.1615    39                    597.0765   414117                     x5_4 D  45010  45009    101
  45130 45026      667.1866    36                    597.0765   415422                   x14_17 U  45130  45128    191
  45344 45240      669.3992    52                    597.1065   416817                   x14_28 D  45344  45343    150
Elapsed time = 322.50 sec. (594888.56 ticks, tree = 63.70 MB, solutions = 0)
  45480 45376      633.0864    34                    597.1109   418433                   x24_32 U  45480  45478     74
  45575 45471      730.4866    24                    597.1109   419331                    x7_34 N  45575  45572    150
  45824 45720      614.1877    20                    597.1478   421184                    x33_6 U  45824  45822     31
  45933 45829      640.3187    36                    597.1478   422886                   x13_10 U  45933  45931    111
  46219 46115      616.9773    44                    597.1706   424789                   x29_12 D  46219  46217     25
  46367 46263      657.9423    12                    597.1706   426034                    x18_6 U  46367  46365    149
  46622 46518      605.2551    46                    597.1894   428192                   x25_22 D  46622  46621     27
  46779 46675      624.7263    59                    597.1894   430504                   x13_28 D  46779  46777    161
  46890 46786      640.1392    58                    597.2077   432510                    x6_30 D  46890  46888     76
  47018 46914      631.7143    50                    597.2582   434064                   x25_23 D  47018  47016     25
Elapsed time = 345.09 sec. (633477.33 ticks, tree = 67.02 MB, solutions = 0)
  47120 47016      685.2136    47                    597.2582   435401                   x11_20 D  47120  47118     97
  47378 47274      643.7994    40                    597.2622   437057                   x24_16 D  47378  47377    192
  47481 47377      653.5693    45                    597.2687   438499                   x25_17 D  47481  47480     83
  47556 47452      691.4642    22                    597.2687   440249                   x10_30 U  47556  47554    140
  47649 47545      618.9366    38                    597.2800   441453                   x34_21 U  47649  47648     61
  47869 47765      638.9195    23                    597.2903   443346                    x0_12 D  47869  47868     71
  47956 47852      697.3078    50                    597.2903   444349                    x28_2 N  47956  47954    136
  48061 47957      651.5087    56                    597.2977   445645                   x34_27 D  48061  48060     64
  48241 48137      626.1578    18                    597.3317   447252                    x32_9 D  48241  48239     85
  48359 48255      646.7305    30                    597.3317   448799                     x7_2 U  48359  48357    178
Elapsed time = 368.53 sec. (672105.34 ticks, tree = 69.73 MB, solutions = 0)
  48527 48423      630.4980    14                    597.3481   450275                     x4_2 D  48527  48526    140
  48670 48566      691.3437    41                    597.3810   451910                   x25_14 U  48670  48668     78
  48735 48627      603.9991    59                    597.4288   452673                   x27_23 U  48735   1414     13
  48830 48722      635.5449    22                    597.4288   454094                   x28_19 N  48830  48828     83
  48936 48826    infeasible                          597.4288   454502                   x14_27 N  48936  48934    176
  49020 48908      643.7206    27                    597.4379   456233                   x25_19 U  49020  49018     67
  49114 49002      649.5889    39                    597.4379   457979                   x14_11 N  49114  49112    143
  49293 49181      661.2421    58                    597.4416   459277                   x35_23 N  49293  49292    127
  49442 49330      635.3402    62                    597.4584   461001                   x25_20 U  49442  49440     36
  49520 49408      638.9366    66                    597.4584   462695                   x21_13 D  49520  49519     96
Elapsed time = 391.55 sec. (710851.59 ticks, tree = 72.11 MB, solutions = 0)
  49606 49494      609.8610    41                    597.4852   465099                   x11_29 D  49606  49605     31
  49895 49783      668.8617    42                    597.4882   467406                   x14_34 U  49895  49893    124
  50122 50010      659.0612    66                    597.4935   468980                   x29_27 D  50122  50121    158
  50277 50165      625.9108    53                    597.4946   470829                   x29_15 D  50277  50275    113
  50445 50333      609.6554    63                    597.5019   472254                    x25_3 D  50445  50444     52
  50700 50588      625.7102    63                    597.5116   474458                    x0_18 D  50700  50698    111
  50807 50695      606.1738    51                    597.5180   476634                   x22_33 D  50807  50805     17
  50910 50798      628.0127    55                    597.5180   478592                   x29_20 D  50910  50909     96
  51052 50940      620.5120    58                    597.5287   480370                   x22_27 D  51052  51050     67
  51164 51052      658.8105    16                    597.5287   482074                   x35_20 U  51164  51161    156
Elapsed time = 413.67 sec. (749381.31 ticks, tree = 75.55 MB, solutions = 0)
  51360 51248      667.2783    32                    597.5365   483408                    x35_2 D  51360  51359    171
  51489 51377      636.7160    33                    597.5578   485011                   x25_28 U  51489  51487     78
  51600 51488      636.0413    30                    597.5578   486337                    x28_5 D  51600  51599    177
  51807 51695      605.2994    66                    597.5901   487777                   x25_23 D  51807  51805     20
  51890 51778      681.4685    12                    597.5901   488950                    x0_30 U  51890  51888     83
  51984 51868      615.6708    46                    597.5964   489916                     x0_2 D  51984  51983     29
  52242 52126      638.7313    18                    597.6040   491424                   x22_14 U  52242  52240     41
  52362 52246      654.3056    32                    597.6040   492421                    x8_27 D  52362  52361    145
  52609 52493      614.4113    74                    597.6219   494330                    x0_21 D  52609  52607     22
  52710 52594      650.7207    43                    597.6219   495740                    x25_2 U  52710  52708     98
Elapsed time = 437.50 sec. (788478.96 ticks, tree = 78.82 MB, solutions = 0)
  52821 52705      614.1587    55                    597.6274   497043                   x22_14 D  52821  52819     47
  52929 52813      641.7686    40                    597.6274   499054                   x29_16 N  52929  52927    134
  53010 52894      616.0012    60                    597.6385   500410                    x9_11 D  53010  53009     19
  53107 52991      655.1783    32                    597.6385   501585                    x18_7 U  53107  53105     96
  53406 53290      611.1106    70                    597.6672   503450                   x29_22 D  53406  53405      9
  53498 53382      686.7027    42                    597.6672   505007                    x30_2 U  53498  53496     77
  53580 53464      745.7745    38                    597.6672   506122                    x11_8 D  53580  53579    140
  53800 53684      721.2694    42                    597.6704   507871                   x15_35 D  53800  53799    233
  53875 53759      631.9303    57                    597.6715   509521                     x0_2 D  53875  53873     67
  53995 53879      660.3205    44                    597.6715   511097                   x35_23 N  53995  53994    167
Elapsed time = 460.42 sec. (827043.66 ticks, tree = 81.60 MB, solutions = 0)
  54232 54116      643.4702    14                    597.6941   512856                   x11_16 U  54232  54230     30
  54315 54199      694.4046    45                    597.6941   513991                    x6_16 D  54315  54314     93
  54490 54372      652.3135    62                    597.6982   515322                   x21_26 D  54490  54489    102
  54670 54552      620.7556    46                    597.7529   517292                   x21_12 D  54670  54669     68
  54807 54689      618.6072    45                    597.7763   519012                   x34_22 U  54807  54805     61
  54905 54787      627.7330    18                    597.7763   520735                   x12_20 U  54905  54903    137
  55015 54897      639.8760    65                    597.7771   521908                   x34_23 U  55015  55013     21
  55095 54977      699.2082     8                    597.7771   523086                   x14_31 U  55095  55093     84
  55180 55062      763.8539    32                    597.7771   523735                    x33_6 D  55180  55179    155
  55379 55261      675.9278    10                    597.7969   524916                    x12_4 D  55379  55378    191
Elapsed time = 483.12 sec. (865686.25 ticks, tree = 84.64 MB, solutions = 0)
  55460 55342      636.7844    60                    597.8093   526515                   x24_22 D  55460  55458     49
  55531 55413      659.9555    24                    597.8093   527520                   x17_13 D  55531  55530    104
  55775 55657      646.2065    44                    597.8275   529369                   x20_35 D  55775  55774    185
  55881 55763      651.8835    33                    597.8284   530488                    x30_4 D  55881  55880     75
  55993 55871    infeasible                          597.8284   531314                    x4_17 N  55993  55991    177
  56115 55987      658.7109    42                    597.8325   532396                     x0_7 N  56115  56114    128
  56260 56132      660.1904    20                    597.8467   533775                    x0_13 U  56260  56258     47
  56371 56243      688.4148    41                    597.8467   534907                    x6_14 D  56371  56369    136
  56480 56350      617.1876    58                    597.8482   535679                   x12_11 D  56480  56479     91
  56655 56525      661.3208    52                    597.8570   537686                   x20_29 N  56655  56653     54
Elapsed time = 507.99 sec. (904937.76 ticks, tree = 87.46 MB, solutions = 0)
  56721 56591      698.3335    31                    597.8570   538446                   x11_20 N  56721  56718    102
  56800 56666      607.9996    51                    597.8581   539207                    x9_11 D  56800  56799     20
  56911 56777      647.6058    40                    597.8581   540947                   x25_19 U  56911  56909    107
  57020 56886      618.3691    60                    597.8638   542656                   x32_34 U  57020  57018     23
  57095 56961      629.1269    47                    597.8638   544700                   x34_13 U  57095  57092     78
  57159 57025      682.8568    23                    597.8638   546503                   x18_26 U  57159  57157    125
  57394 57254      658.7559    50                    597.8876   548412                    x13_7 D  57394  57393    238
  57508 57368      631.2518    33                    597.9005   550195                    x30_8 U  57508  57506    112
  57600 57460      667.5633    38                    597.9005   551350                   x13_20 D  57600  57599    186
  57837 57697      621.9993    44                    597.9258   553309                   x28_17 D  57837  57835     38
Elapsed time = 531.24 sec. (943374.44 ticks, tree = 90.12 MB, solutions = 0)
  57939 57799      669.4264    28                    597.9258   554410                   x21_22 N  57939  57937    116
  58180 58040      646.9233    63                    597.9427   556007                   x12_30 D  58180  58179    189
  58281 58141      664.5987    53                    597.9477   557649                   x17_15 N  58281  58279     91
  58399 58255      747.4471    41                    597.9477   558576                     x9_6 D  58399  58397    193
  58622 58478      617.1220    74                    597.9626   560370                   x34_29 U  58622  58620     23
  58697 58553      629.2532    47                    597.9626   562003                    x9_29 D  58697  58695     77
  58777 58633      690.5316    28                    597.9626   563914                   x12_29 U  58777  58774    138
  58837 58693      662.3628    30                    597.9722   565304                   x34_27 U  58837  58835     55
  58912 58768      670.2126    25                    597.9722   566692                   x23_14 N  58912  58910    112
  59016 58872      629.1725    20                    597.9964   568033                    x0_21 U  59016  59013     25
Elapsed time = 555.16 sec. (982214.31 ticks, tree = 92.81 MB, solutions = 0)
  59080 58936      649.4425    13                    597.9964   568968                   x25_15 D  59080  59079     72
  59165 59021      740.7475     8                    597.9964   569752                   x18_22 N  59165  59163    144
  59245 59101      638.3018    73                    597.9981   570713                   x21_16 D  59245  59244     77
  59434 59290      618.0631    43                    598.0116   572730                   x11_10 U  59434  59432     27
  59526 59382      643.5778    43                    598.0116   574158                   x20_28 N  59526  59524     99
  59640 59496      622.7384    49                    598.0141   575355                    x6_22 D  59640  59639     48
  59847 59703      635.9263    61                    598.0142   577058                    x0_19 D  59847  59845     65
  59988 59840      619.6828    50                    598.0169   578402                   x17_14 D  59988  59987    138
  60220 60072      611.6607    71                    598.0207   579713                   x34_26 D  60220  60219     24
  60287 60139      677.8301    12                    598.0207   580763                   x13_29 U  60287  60285     72
Elapsed time = 579.02 sec. (1021018.84 ticks, tree = 95.76 MB, solutions = 0)
  60367 60219      795.3575    33                    598.0207   581326                   x15_11 N  60367  60365    137
  60555 60401      690.8048     8                    598.0373   582597                   x25_31 D  60555  60554    228
  60663 60509      634.7378    77                    598.0498   584521                    x24_9 N  60663  60661     51
  60755 60601      673.5318    67                    598.0498   585804                   x34_13 U  60755  60753    118
  60847 60693      613.9849    55                    598.0825   587434                   x11_20 D  60847  60846     80
  60930 60776      628.4069    44                    598.0825   588973                   x25_34 D  60930  60928    144
  61048 60894      615.7881    37                    598.0968   590671                    x0_16 D  61048  61046     72
  61136 60982      660.8509    45                    598.0968   592153                    x11_2 N  61136  61134    145
  61200 61046      707.5613    12                    598.0968   592510                    x23_8 N  61200  61198    201
  61432 61278      635.6961    28                    598.1127   594422                    x6_35 D  61432  61430     27
Elapsed time = 603.31 sec. (1060294.82 ticks, tree = 98.44 MB, solutions = 0)
  61512 61358      681.4730    49                    598.1127   595665                   x10_21 U  61512  61510     89
  61579 61425      713.2941    44                    598.1127   596813                    x14_9 N  61579  61577    142
  61833 61679      623.3977    24                    598.1137   598810                    x33_8 U  61833  61830     35
  61903 61749      625.6140    41                    598.1137   600622                   x17_28 U  61903  61901     86
  61990 61836      629.7573    24                    598.1137   602311                    x5_26 D  61990  61989    157
  62202 62048      609.2833    54                    598.1302   603569                   x34_22 U  62202  11204     33
  62268 62114      635.5227    48                    598.1302   604763                   x29_20 D  62268  62266     83
  62422 62268      618.5166    34                    598.1361   605847                     x0_2 D  62422  62421     31
  62627 62473      633.1426    36                    598.1371   607490                   x31_32 U  62627  62625     48
  62710 62556      679.6836    52                    598.1371   608645                   x11_16 N  62710  62709    113
Elapsed time = 627.17 sec. (1098675.36 ticks, tree = 101.49 MB, solutions = 0)
  62810 62654      617.1558    51                    598.1434   609783                   x34_31 U  62810  62808     30
  62871 62715      664.9591    22                    598.1434   611100                   x16_10 N  62871  62870     70
  62993 62837      688.9817    29                    598.1434   611848                    x8_19 U  62993  62992    174
  63063 62907      639.2700    57                    598.1554   613440                   x33_26 D  63063  63061     50
  63142 62986      685.2143    28                    598.1554   614344                   x14_11 N  63142  63140    109
  63380 63220      665.5465    42                    598.1559   615942                   x33_20 N  63380  63379    233
  63461 63301      634.0218    38                    598.1596   617410                   x14_22 U  63461  63459     47
  63552 63392      660.7025    34                    598.1596   618226                     x4_7 N  63552  63551    125
  63620 63460      607.7299    56                    598.1647   618931                   x14_25 D  63620  63619     25
  63834 63674      621.7080    59                    598.1688   620691                   x22_14 D  63834  63832     43
Elapsed time = 650.75 sec. (1137357.24 ticks, tree = 104.20 MB, solutions = 0)
  63919 63759      647.4454    34                    598.1688   622070                   x15_29 U  63919  63917    109
  63987 63827      669.1247    34                    598.1688   623108                    x22_7 U  63987  63985    159
  64176 64016      637.0259    65                    598.1761   624290                     x9_4 D  64176  64175    207
  64303 64143      649.5551    22                    598.1783   625725                   x17_29 U  64303  64300     92
  64395 64235      685.2164    46                    598.1783   626750                   x21_20 N  64395  64393    165
  64606 64446      614.0105    36                    598.2084   628403                   x25_23 U  64606  64603     18
  64693 64533      656.5694    25                    598.2084   629407                   x28_14 N  64693  64691     90
  64804 64644      605.6726    58                    598.2097   630149                   x22_33 U  64804  64802     14
  64888 64728      633.6658    42                    598.2097   631598                    x22_7 U  64888  64885     76
  64990 64830      646.1609    53                    598.2097   633019                   x28_15 D  64990  64989    162
Elapsed time = 673.96 sec. (1175834.86 ticks, tree = 107.02 MB, solutions = 0)
  65060 64900      649.1294    19                    598.2115   634220                    x7_26 D  65060  65059     66
  65198 65038      663.2693    53                    598.2115   635157                   x21_30 N  65198  65197    192
  65407 65247      600.1810    73                    598.2178   636481                   x21_22 D  65407  65406     46
  65464 65304      613.0904    51                    598.2178   638387                    x25_5 D  65464  65462     84
  65547 65387      622.2765    56                    598.2178   640022                   x28_17 D  65547  65545    154
  65700 65540      675.3579    40                    598.2200   641928                   x17_22 D  65700  65699    104
  65860 65700      614.3351    53                    598.2236   643793                   x28_33 D  65860  65858     54
  65940 65780      638.1717    48                    598.2236   645383                   x21_12 D  65940  65939    115
  66071 65911      624.8123    58                    598.2246   647012                   x15_11 N  66071  66070     76
  66230 66070      612.4302    36                    598.2312   648717                   x34_21 D  66230  66228     72
Elapsed time = 698.13 sec. (1214487.60 ticks, tree = 112.91 MB, solutions = 0)
  66317 66157      675.5883    10                    598.2312   650073                   x21_20 U  66317  66315    138
  66471 66311      650.9577    48                    598.2372   651125                     x0_6 D  66471  66470     92
  66630 66470      637.4328    59                    598.2424   652531                   x29_12 N  66630  66628     32
  66713 66553      687.8726    42                    598.2424   653443                   x16_30 D  66713  66712     95
  66821 66661      612.9596    31                    598.2428   654400                   x29_22 U  66821  66819     43
  66900 66740      659.8677    19                    598.2428   655745                   x27_22 N  66900  66898    103
  67006 66846      600.5247    55                    598.2471   656893                   x33_26 D  67006  67005     15
  67076 66916      636.2023    68                    598.2471   658425                   x25_14 U  67076  67074     64
  67157 66997      636.7932    31                    598.2471   659842                    x28_5 D  67157  67156    128
  67402 67242      602.1666    74                    598.2529   661548                   x33_23 U  67402  48402     16
Elapsed time = 721.60 sec. (1253208.17 ticks, tree = 115.83 MB, solutions = 0)
  67457 67297      687.4915    27                    598.2529   662990                   x29_14 N  67457  67456     52
  67493 67333      787.2045    16                    598.2529   663261                   x29_20 U  67493  67491     78
  67568 67402      628.0627    66                    598.2744   663924                   x21_29 D  67568  67567     44
  67735 67569      690.9523    22                    598.2744   665092                   x30_31 N  67735  67734    211
  67834 67668      636.6941    52                    598.2773   666055                   x23_15 D  67834  67832     34
  67912 67746      693.4893    43                    598.2773   666742                   x16_14 N  67912  67910     94
  68081 67915      651.6472    65                    598.2817   667843                    x1_27 N  68081  68080     87
  68228 68062      621.0898    65                    598.2922   669421                   x25_30 U  68228  68226     30
  68305 68139      651.4189    39                    598.2922   670792                   x13_29 U  68305  68302     88
  68394 68228      652.6450    58                    598.2922   672068                    x0_15 D  68394  68393    162
Elapsed time = 746.37 sec. (1291826.95 ticks, tree = 118.32 MB, solutions = 0)
  68620 68454      617.4933    49                    598.2968   673914                    x23_6 U  68620  68617     49
  68705 68539      647.0993    20                    598.2968   675138                   x16_12 U  68705  68703    113
  68793 68627      689.1301     8                    598.2968   675935                    x3_19 U  68793  68791    190
  68863 68697      631.9333    50                    598.2996   677103                    x0_14 D  68863  68861     57
  68917 68751      657.4119    46                    598.2996   677918                   x23_20 D  68917  68916    101
  68991 68825      730.3120    27                    598.2996   678359                     x2_5 U  68991  68989    162
  69085 68919      625.7976    65                    598.3164   679548                   x21_25 D  69085  69084     98
  69171 69005      642.9001    23                    598.3164   680569                   x17_11 U  69171  69170    165
  69388 69222      665.9123    46                    598.3180   682312                   x11_10 U  69388  69387    201
  69475 69309      660.8175    63                    598.3263   683729                   x23_13 D  69475  69473     66
Elapsed time = 770.36 sec. (1330422.55 ticks, tree = 121.08 MB, solutions = 0)
  69588 69416      616.3173    77                    598.3428   684657                   x11_10 D  69588  69587     30
  69737 69565      669.3907    40                    598.3428   685712                   x27_35 U  69737  69736    179
  69853 69681      626.7052    50                    598.3469   686869                   x28_33 U  69853  69851     63
  69942 69770      649.1210    55                    598.3469   688094                   x30_20 U  69942  69940    134
  70007 69835      608.0077    66                    598.3630   689583                   x26_36 U  70007  70006     15
  70229 70057      626.7771    64                    598.3712   691628                    x4_27 D  70229  70228     61
  70297 70125      695.5722    23                    598.3712   692837                   x21_23 U  70297  70295    111
  70389 70217      707.2510    12                    598.3712   693884                    x2_24 U  70389  70388    188
  70579 70407      671.4779    53                    598.3719   695031                    x4_27 N  70579  70578    190
  70660 70488      638.6981    66                    598.3735   696639                   x23_10 D  70660  70659     54
Elapsed time = 794.46 sec. (1369167.07 ticks, tree = 124.11 MB, solutions = 0)
  70750 70578      681.7784    52                    598.3735   698038                    x24_9 U  70750  70748    121
  70823 70651      624.0983    35                    598.3812   699210                   x25_22 U  70823  70820     22
  70895 70723      691.9288    12                    598.3812   700030                   x14_25 U  70895  70893     74
  70952 70780      770.9819     8                    598.3812   700540                    x2_15 N  70952  70950    118
  71012 70834      640.8653    36                    598.3832   702179                   x25_34 U  71012  71010     58
  71068 70890      643.1612    30                    598.3832   703592                   x28_12 U  71068  71066     96
  71145 70967      679.5907    37                    598.3832   705150                   x21_26 U  71145  71143    158
  71219 71041      617.9013    45                    598.3946   706035                    x0_35 D  71219  71218     34
  71411 71233      606.8877    67                    598.3994   707464                   x13_10 U  71411  71409     22
  71501 71323      650.7109    16                    598.3994   708250                   x14_13 U  71501  71499     95
Elapsed time = 818.61 sec. (1408023.04 ticks, tree = 126.29 MB, solutions = 0)
  71569 71391      710.4917    16                    598.3994   708656                   x18_13 N  71569  71567    151
  71746 71568      657.5093    47                    598.4082   709623                    x4_22 D  71746  71745    153
  71850 71672      640.1236    32                    598.4235   710993                    x7_33 U  71850  71848     49
  71931 71753      675.3938    38                    598.4235   712066                   x11_17 N  71931  71929    113
  72009 71831      621.0126    79                    598.4261   713076                   x25_26 D  72009  72008     24
  72188 72010      694.4361    48                    598.4261   714870                   x25_18 D  72188  72187    203
  72268 72090      651.7675    52                    598.4271   716178                    x23_6 N  72268  72266     63
  72338 72160      678.3189    38                    598.4271   716968                   x32_33 N  72338  72336    116
  72457 72275      635.7203    51                    598.4282   718078                   x28_17 N  72457  72456    120
  72648 72466      634.9652    20                    598.4296   719772                    x0_12 U  72648  72646     47
Elapsed time = 842.98 sec. (1446694.16 ticks, tree = 129.29 MB, solutions = 0)
  72740 72558      640.2135    59                    598.4296   721257                   x33_25 D  72740  72738    121
  72815 72633      619.3881    55                    598.4328   722435                    x30_8 U  72815  72813     23
  72883 72701      657.4591    16                    598.4328   723404                    x28_2 N  72883  72881     75
  72978 72796      661.0567    54                    598.4328   724118                    x8_26 D  72978  72976    160
  73106 72924      657.1783    25                    598.4614   725366                    x7_26 U  73106  73104    101
  73296 73114      632.6340    43                    598.4617   726514                   x31_24 U  73296  73295    131
  73450 73268      638.9567    34                    598.4646   728059                   x15_10 D  73450  73449     52
  73502 73320      657.7276     8                    598.4646   729096                    x23_6 U  73502  73500     90
  73600 73418      673.0170    32                    598.4646   730204                    x29_8 N  73600  73598    174
  73802 73620      605.9054    44                    598.4881   731953                   x14_29 U  73802   2408     16
Elapsed time = 868.04 sec. (1486075.35 ticks, tree = 132.35 MB, solutions = 0)
  73883 73701      648.0214    32                    598.4881   733198                   x32_15 N  73883  73880     74
  73936 73754      657.7101    36                    598.4881   733863                    x25_3 D  73936  73934    112
  74011 73829      619.7652    62                    598.4904   734279                   x34_22 D  74011  74010     23
  74225 74043      627.7402    45                    598.5032   735816                    x9_12 N  74225  74222     49
  74293 74111      659.6910    31                    598.5032   736639                   x11_15 U  74293  74291     99
  74358 74176      688.9369    10                    598.5032   737467                    x2_14 U  74358  74356    149
  74470 74288      642.8049    69                    598.5038   738361                   x16_26 D  74470  74469     74
  74627 74445      631.0077    72                    598.5070   739931                    x23_2 N  74627  74624     25
  74681 74499      645.4438    55                    598.5070   741450                   x29_20 U  74681  74678     63
  74770 74588      684.0390    46                    598.5070   742688                   x12_29 U  74770  74768    135
Elapsed time = 891.96 sec. (1524715.13 ticks, tree = 134.94 MB, solutions = 0)
  74812 74630      622.8335    55                    598.5389   743616                   x12_25 N  74812  74810     15
  74866 74684      679.5650    24                    598.5389   744262                   x30_25 N  74866  74864     52
  74918 74736      711.8687    12                    598.5389   744548                   x14_17 U  74918  74916     93
  74948 74766      849.7083    11                    598.5389   744774                    x17_7 N  74948  74945    113
  75001 74813      624.1097    37                    598.5433   745364                   x17_29 U  75001  74999     40
  75073 74885      652.0873    14                    598.5433   746016                    x2_18 N  75073  75072     95
  75149 74961      683.4685    26                    598.5433   746564                   x19_12 N  75149  75148    163
  75200 75004      608.2486    68                    598.5448   746917                   x21_22 D  75200  75199     57
  75424 75228      612.9330    32                    598.5516   748459                    x25_2 U  75424  75422     27
  75513 75317      612.9692    56                    598.5516   749987                    x0_14 D  75513  75511    103
Elapsed time = 916.85 sec. (1564201.27 ticks, tree = 136.93 MB, solutions = 0)
  75602 75406      610.1915    64                    598.5625   751366                   x21_22 U  75602   9808     14
  75813 75617      608.2228    55                    598.5641   753088                   x29_22 U  75813  75810     13
  75866 75670      613.8939    50                    598.5641   755057                   x12_25 D  75866  75864     55
  75924 75728      627.4457    66                    598.5641   756426                   x12_15 D  75924  75922     97
  75981 75785      636.8338    64                    598.5641   758162                    x9_23 D  75981  75979    140
  76165 75969      640.1765    60                    598.5721   759760                    x6_14 D  76165  76164    179
  76250 76054      634.1664    40                    598.5827   761192                    x9_15 D  76250  76248     51
  76333 76137      678.8853    32                    598.5827   761778                     x0_7 D  76333  76332    125
  76380 76184      810.6630    11                    598.5827   762044                    x14_7 N  76380  76378    165
  76398 76200      981.9070    10                    598.5827   762223                   x19_13 D  76398  76396    176
Elapsed time = 942.29 sec. (1603218.45 ticks, tree = 139.34 MB, solutions = 0)
  76610 76412      605.7969    59                    598.5869   763601                    x0_27 D  76610  76608     26
  76664 76466      644.1215    34                    598.5869   764907                    x9_22 N  76664  76662     62
  76708 76510      638.5445    31                    598.5869   766084                   x28_12 D  76708  76706     92
  76780 76582      664.1249    37                    598.5869   766731                   x21_15 D  76780  76779    154
  76843 76645      650.2139    47                    598.6009   767555                   x29_17 U  76843  76841     68
  76894 76696      683.7290    30                    598.6009   768184                   x21_13 U  76894  76892    106
  76989 76791      676.3098    43                    598.6009   769045                   x22_28 D  76989  76987    188
  77047 76849      644.3573    46                    598.6054   770542                   x23_25 U  77047  77044     65
  77114 76916      667.9234    24                    598.6054   771634                   x17_33 U  77114  77112    115
  77168 76970      686.8199    18                    598.6054   772472                    x22_7 U  77168  77166    155
Elapsed time = 968.42 sec. (1641954.72 ticks, tree = 141.47 MB, solutions = 0)
  77237 77039      644.8587    16                    598.6132   773384                   x17_29 D  77237  77236     44
  77418 77220      623.3160    32                    598.6163   774787                   x23_28 U  77418  77416     51
  77478 77280      642.5103    10                    598.6163   775772                   x21_14 N  77478  77476     97
  77527 77329      701.1738    21                    598.6163   776345                    x5_19 N  77527  77525    135
  77583 77379      634.7267    62                    598.6175   776897                   x27_34 N  77583  77582     50
  77772 77568      695.4074    55                    598.6175   778218                    x28_3 D  77772  77771    239
  77865 77661      643.2847    38                    598.6187   779776                     x0_5 U  77865  77863     60
  77931 77727      633.6676    33                    598.6187   780742                    x22_1 D  77931  77930    111
  78020 77816      623.1870    69                    598.6223   781808                    x0_11 D  78020  78019     34
  78223 78019      627.3304    29                    598.6346   783367                    x9_17 D  78223  78221     59
Elapsed time = 994.58 sec. (1680691.26 ticks, tree = 144.39 MB, solutions = 0)
  78274 78070      663.8562    24                    598.6346   784146                   x20_24 U  78274  78271     96
  78337 78133      670.7947    42                    598.6346   785011                   x32_17 D  78337  78335    147
  78403 78199      599.7649    55                    598.6485   785729                    x33_6 D  78403  78402     14
  78620 78416      619.4899    26                    598.6488   787071                   x10_11 U  78620  78619     21
  78690 78486      634.9142    22                    598.6488   788019                     x7_8 D  78690  78689     76
  78800 78596      649.6840    52                    598.6488   788774                   x21_20 D  78800  78798    173
  78888 78684      653.6757    33                    598.6506   789757                   x13_31 N  78888  78886     77
  79019 78815      622.7931    47                    598.6548   791146                   x27_33 U  79019  79017     50
  79091 78887      627.1458    48                    598.6548   792409                    x22_3 D  79091  79089    107
  79169 78965      663.2508    24                    598.6548   793890                   x30_27 U  79169  79167    170
Elapsed time = 1020.37 sec. (1721038.21 ticks, tree = 147.05 MB, solutions = 0)
  79350 79146      641.3870    40                    598.6593   795381                   x25_13 D  79350  79349    182
  79427 79223      640.3801    12                    598.6636   796205                   x29_33 N  79427  79426     25
  79464 79260      697.0377    22                    598.6636   796738                   x30_13 D  79464  79463     51
  79524 79316      740.2540    24                    598.6636   797296                    x29_6 U  79524  79522     98
  79600 79389      921.6654    10                    598.6636   797662                   x20_18 D  79600  79599    160
  79826 79613      615.6047    43                    598.6666   799301                   x30_25 U  79826  79824     31
  79895 79682      669.8828    19                    598.6666   800079                   x28_13 U  79895  79893     85
  79942 79729      723.3843    21                    598.6666   800497                   x29_13 U  79942  79940    121
  79985 79772      723.4835    28                    598.6666   800769                    x19_3 U  79985  79982    155
  80203 79990      619.1317    34                    598.6798   802055                   x26_36 U  80203  80202     19
Elapsed time = 1044.58 sec. (1759952.34 ticks, tree = 149.97 MB, solutions = 0)
  80267 80054      670.7955    37                    598.6798   802978                   x13_23 D  80267  80265     66
  80309 80096      734.4595    24                    598.6798   803352                    x18_6 N  80309  80307     95
  80410 80191      655.4813    51                    598.7187   804155                   x13_24 D  80410  80409     84
  80626 80407      613.4303    52                    598.7200   805690                   x12_25 U  80626  80624     31
  80669 80450      625.2626    37                    598.7200   807004                   x12_10 N  80669  80668     60
  80720 80501      638.8903    41                    598.7200   808060                    x4_27 D  80720  80719     98
  80778 80559      679.1758    14                    598.7200   809032                   x21_16 U  80778  80776    142
  80829 80610      611.3273    58                    598.7203   810145                   x22_11 D  80829  80827     31
  80895 80676      648.2910    53                    598.7203   811766                    x2_12 U  80895  80893     81
  80956 80737      639.1905    59                    598.7203   813251                   x10_13 D  80956  80955    128
Elapsed time = 1069.84 sec. (1798928.78 ticks, tree = 152.11 MB, solutions = 0)
  81010 80791      609.2459    75                    598.7204   814544                   x21_22 D  81010  81009     15
  81060 80841      635.7780    18                    598.7204   815807                   x25_10 D  81060  81059     48
  81106 80887      672.4306    35                    598.7204   816467                   x11_25 N  81106  81104     82
  81147 80928      711.6658    33                    598.7204   816950                   x16_13 N  81147  81145    111
  81211 80992      637.8443    72                    598.7256   817644                    x0_35 D  81211  81210     24
  81403 81184      607.6784    90                    598.7398   818870                   x26_22 D  81403  81402     13
  81456 81237      645.3139    66                    598.7398   819860                    x9_21 D  81456  81455     53
  81517 81298      681.6065    32                    598.7398   820661                   x13_12 N  81517  81516     95
  81600 81381      704.0647    43                    598.7398   821363                   x31_33 D  81600  81598    165
  81813 81594      603.1595    75                    598.7674   823098                   x33_23 U  81813  81812     23
Elapsed time = 1096.41 sec. (1837586.02 ticks, tree = 154.60 MB, solutions = 0)
  81875 81656      632.6584    52                    598.7674   823915                   x12_15 N  81875  81874     65
  81936 81717      659.3555    26                    598.7674   824636                    x8_35 N  81936  81935    115
  82008 81789      601.3008    69                    598.7967   825022                   x22_29 D  82008  82007     26
  82216 81997      615.8893    77                    598.8105   826487                   x29_22 D  82216  82214     30
  82278 82059      645.6540    37                    598.8105   827445                   x14_15 N  82278  82276     71
  82332 82113      659.1052    34                    598.8105   828183                   x23_34 D  82332  82330    113
  82404 82185      614.9960    74                    598.8295   828795                   x33_25 N  82404  82403     10
  82580 82361      694.5935    54                    598.8295   830351                   x14_16 N  82580  82579    186
  82700 82481      650.6163    42                    598.8369   831281                    x30_8 D  82700  82699     97
  82776 82557      687.9370    18                    598.8369   832042                   x31_28 U  82776  82774    158
Elapsed time = 1121.63 sec. (1876447.40 ticks, tree = 157.41 MB, solutions = 0)
  82815 82596      617.5279    49                    598.8433   832882                   x31_32 D  82815  82813     21
  82872 82651    infeasible                          598.8433   833656                   x22_29 D  82872  82871     64
  82929 82706      637.0466    28                    598.8460   834634                   x24_32 N  82929  82928     46
  82977 82754      689.7557     8                    598.8460   835152                    x34_7 U  82977  82975     82
  83055 82826      615.5545    71                    598.8512   836084                   x34_22 D  83055  83054     23
  83266 83037      678.9111    28                    598.8512   837385                   x13_17 N  83266  83265    234
  83405 83176      619.9442    42                    598.8542   838051                   x25_22 U  83405  83403     18
  83462 83233      621.6144    53                    598.8542   839262                   x21_11 D  83462  83460     57
  83542 83313      634.2893    36                    598.8542   840190                    x25_4 D  83542  83540    120
  83602 83373      603.0371    64                    598.8715   841048                    x6_27 U  83602  59893     44
Elapsed time = 1147.05 sec. (1915035.78 ticks, tree = 159.81 MB, solutions = 0)
  83819 83590      618.9022    28                    598.8752   842686                   x30_25 U  83819  83816     21
  83868 83639      644.8358    42                    598.8752   843580                   x11_10 D  83868  83866     57
  83943 83714      652.8901    24                    598.8752   844396                     x7_8 D  83943  83942    120
  83984 83755      662.8746    21                    598.8752   844850                    x7_33 U  83984  83982    150
  84090 83861      625.8138    59                    598.8815   845654                   x33_14 D  84090  84089     97
  84233 84004      615.2226    44                    598.8834   846836                   x16_29 D  84233  84231     32
  84327 84098      641.4911    18                    598.8834   848273                    x35_1 U  84327  84325    111
  84396 84167      704.0814    12                    598.8834   849265                    x4_35 N  84396  84394    167
  84604 84375      603.1308    64                    598.9140   850435                    x0_22 D  84604  84603     33
  84668 84439      632.5171    49                    598.9140   851778                    x23_1 N  84668  84666     79
Elapsed time = 1172.47 sec. (1953852.73 ticks, tree = 162.97 MB, solutions = 0)
  84740 84511      647.7821    35                    598.9140   852622                    x9_28 D  84740  84738    135
  84800 84571      667.6706    42                    598.9140   853241                    x25_9 D  84800  84799    185
  84859 84630      624.0704    56                    598.9144   854457                   x17_10 D  84859  84858     85
  84919 84690      652.0274    14                    598.9144   855784                   x21_10 U  84919  84917    132
  85025 84796      613.6433    54                    598.9144   857160                   x22_33 U  85025  85023     29
  85071 84842      631.6482    42                    598.9144   858138                    x20_9 D  85071  85069     57
  85140 84911      669.3778    39                    598.9144   859068                   x14_15 U  85140  85138    114
  85200 84971      713.8309    19                    598.9144   859838                    x30_3 D  85200  85199    164
  85330 85101      686.5110    42                    598.9153   861117                    x6_27 D  85330  85329    142
  85430 85201      616.3211    50                    598.9209   861888                   x14_28 D  85430  85429     32
Elapsed time = 1198.90 sec. (1994666.94 ticks, tree = 165.23 MB, solutions = 0)
  85501 85272      628.9659    32                    598.9209   863023                   x10_20 U  85501  85499     86
  85601 85372      657.0924    26                    598.9209   864060                    x8_33 D  85601  85599    173
  85785 85556      686.1515    73                    598.9371   865560                   x14_24 N  85785  85784    196
  85870 85641      640.5882    16                    598.9611   866508                   x15_14 U  85870  85868     64
  85957 85728      672.9352    31                    598.9611   867135                   x21_30 D  85957  85955    138
  86205 85976      627.6302    64                    598.9848   868943                   x23_34 N  86205  86203     16
  86270 86041      648.1529    31                    598.9848   870306                   x26_33 U  86270  86268     65
  86309 86080      690.9054    34                    598.9848   870959                   x21_35 D  86309  86307     96
  86369 86140      699.8322    41                    598.9848   871902                    x3_36 D  86369  86368    144
  86439 86210      630.5911    69                    598.9919   872742                   x27_22 D  86439  86438     57
Elapsed time = 1224.62 sec. (2033333.09 ticks, tree = 168.27 MB, solutions = 0)
  86620 86391      623.7015    28                    598.9932   874212                   x22_35 U  86620  86617     56
  86670 86441      679.6374    39                    598.9932   875154                   x21_25 U  86670  86668     93
  86727 86498      726.6626    36                    598.9932   875859                   x12_17 U  86727  86725    136
  86787 86558      746.5630    10                    598.9932   876317                   x24_23 U  86787  86785    183
  86831 86602      626.7266    69                    598.9952   877185                   x35_25 N  86831  86830     42
  86881 86652      667.8519    26                    598.9952   878165                    x9_20 N  86881  86879     83
  86935 86706      683.2949    28                    598.9952   878819                   x11_25 D  86935  86933    126
  87007 86778      612.4045    64                    599.0150   879614                   x25_22 U  87007  87005     19
  87065 86836      628.6239    46                    599.0150   880676                   x13_22 U  87065  87063     59
  87199 86970      661.7903    14                    599.0150   881647                    x3_22 N  87199  87198    178
Elapsed time = 1251.42 sec. (2073164.43 ticks, tree = 170.58 MB, solutions = 0)
  87415 87186      611.4448    28                    599.0192   883541                    x10_9 U  87415  87413     21
  87450 87219      656.3144    32                    599.0192   884618                    x1_27 D  87450  87449     43
  87480 87249      675.9559    32                    599.0192   885265                   x28_25 U  87480  87478     63
  87535 87304      701.2459    18                    599.0192   886027                   x27_23 D  87535  87534    105
  87578 87345      757.1474    11                    599.0192   886504                   x18_35 U  87578  87576    139
  87625 87388      628.8394    53                    599.0258   887062                   x30_26 D  87625  87624     42
  87815 87578      615.6704    59                    599.0303   888467                    x2_27 U  87815  87813     24
  87870 87633      612.8504    50                    599.0303   889440                   x28_35 D  87870  87869     66
  87930 87693      639.5198    18                    599.0303   890667                   x21_10 N  87930  87927    112
  87996 87759      644.4609    32                    599.0303   891384                   x23_12 N  87996  87993    166
Elapsed time = 1277.61 sec. (2112166.24 ticks, tree = 172.99 MB, solutions = 0)
  88055 87818      647.6890    57                    599.0417   892082                     x0_5 N  88055  88054     64
  88174 87937      717.3176    35                    599.0417   892827                   x13_35 D  88174  88173    183
  88260 88023      627.4890    73                    599.0496   894090                    x25_4 D  88260  88259     72
  88331 88094      649.4118    40                    599.0496   895459                   x31_10 U  88331  88329    129
  88407 88170      609.7005    42                    599.0502   896591                     x0_2 D  88407  88406     51
  88628 88391      611.2363    65                    599.0609   898228                   x31_22 D  88628  88626     32
  88694 88457      638.5294    36                    599.0609   899217                   x15_14 D  88694  88692     82
  88769 88532      665.4967    34                    599.0609   900035                   x27_29 N  88769  88767    143
  88835 88598      613.6730    54                    599.0639   901173                   x30_22 D  88835  88833     68
  88880 88643      628.8638    52                    599.0639   902322                   x15_12 N  88880  88877     96
Elapsed time = 1303.88 sec. (2150779.56 ticks, tree = 175.71 MB, solutions = 0)
  88947 88710      657.5208    34                    599.0639   903377                    x28_4 U  88947  88945    149
  89018 88781      610.4482    76                    599.0872   904289                    x0_33 D  89018  89016     20
  89074 88837      623.2259    53                    599.0872   905507                     x0_1 D  89074  89073     61
  89199 88962      655.4276    52                    599.0872   906626                   x10_11 N  89199  89197    170
  89401 89164      652.9609    66                    599.0938   908264                    x5_12 D  89401  89400    212
  89460 89223      626.2159    42                    599.0958   909700                   x15_29 U  89460  89458     84
  89527 89290      650.5849    30                    599.0958   911184                   x13_17 D  89527  89525    138
  89631 89394      615.6066    36                    599.1227   912240                    x6_33 D  89631  89630     41
  89843 89606      622.2341    56                    599.1260   914053                    x9_15 U  89843  89841     53
  89902 89665      626.2249    70                    599.1260   915237                    x6_35 D  89902  89900     98
Elapsed time = 1328.54 sec. (2189344.19 ticks, tree = 178.87 MB, solutions = 0)
  89950 89713      636.7104    20                    599.1260   916234                    x3_35 D  89950  89949    136
  90011 89772      609.1944    65                    599.1375   917580                   x12_25 D  90011  90010     35
  90214 89975      624.1652    51                    599.1393   919178                    x31_9 U  90214  90212     25
  90262 90023      634.3357    37                    599.1393   920640                   x22_14 N  90262  90260     61
  90311 90072      641.4989    52                    599.1393   921754                   x14_21 D  90311  90310    100
  90361 90122      661.8350    34                    599.1393   922638                   x10_11 U  90361  90359    139
  90400 90161      673.8279    46                    599.1393   923102                   x28_16 N  90400  90399    171
  90608 90369      617.5458    72                    599.1460   924618                   x33_12 D  90608  90607     20
  90649 90410      640.7703    49                    599.1460   925715                    x33_4 D  90649  90647     44
  90707 90468      681.4106    51                    599.1460   926433                   x13_16 N  90707  90705     83
Elapsed time = 1354.67 sec. (2228737.34 ticks, tree = 181.36 MB, solutions = 0)
  90771 90532      677.5912    39                    599.1460   927318                   x14_11 N  90771  90769    135
  90815 90576      627.0559     8                    599.1510   928229                   x35_33 U  90815  90813     24
  90871 90632      649.6640    53                    599.1510   928944                    x0_18 N  90871  90870     70
  90954 90715      861.2539    17                    599.1510   929537                   x23_11 U  90954  90951    140
  90966 90725      891.2786    14                    599.1510   929595                   x23_13 N  90966  90965    149
  91023 90778      623.6492    59                    599.1517   930570                   x29_12 D  91023  91021     56
  91061 90816      681.7264    32                    599.1517   931269                   x14_10 N  91061  91059     79
  91098 90853      665.7691    46                    599.1517   931855                   x14_31 D  91098  91096    107
  91158 90913      702.6922    25                    599.1517   932647                   x16_13 N  91158  91157    154
  91219 90968      645.3682    47                    599.1523   933359                   x25_11 D  91219  91218     74
Elapsed time = 1380.37 sec. (2267937.22 ticks, tree = 182.94 MB, solutions = 0)
  91401 91150      693.3470    47                    599.1523   934194                   x14_16 D  91401  91400    256
  91464 91213      632.3058    53                    599.1580   935428                   x29_14 D  91464  91462     53
  91555 91304      652.6823    38                    599.1580   936367                    x1_27 U  91555  91553    129
  91621 91370      622.0333    57                    599.1587   937192                   x29_14 D  91621  91620     30
  91808 91557      619.4353    68                    599.1590   938543                   x27_25 U  91808  91806     46
  91857 91606      660.1004    67                    599.1590   939640                   x25_10 N  91857  91855     80
  91886 91635      684.4384    39                    599.1590   940442                   x12_21 N  91886  91885    101
  91936 91685      733.0707    32                    599.1590   941155                   x30_20 U  91936  91934    140
  91996 91745      750.0886    41                    599.1590   941581                   x28_19 D  91996  91995    190
  92190 91939      651.5718    60                    599.1762   942661                    x3_27 N  92190  92189    202
Elapsed time = 1407.36 sec. (2306468.24 ticks, tree = 185.99 MB, solutions = 0)
  92252 92001      636.7554    40                    599.1767   944069                   x12_25 U  92252  92250     71
  92311 92060      645.1384    48                    599.1767   945029                   x14_35 D  92311  92309    117
  92417 92166      620.4241    71                    599.1932   945980                    x6_36 D  92417  92416     27
  92610 92359      606.9196    56                    599.2134   947327                   x22_26 D  92610  92608     19
  92676 92425      630.7482    55                    599.2134   948531                   x14_28 D  92676  92674     69
  92747 92496      643.4457    28                    599.2134   949779                    x3_19 U  92747  92745    128
  92806 92555      606.8061    54                    599.2184   950599                   x28_25 D  92806  92805     17
  92848 92597      631.1594    56                    599.2184   951492                   x16_10 N  92848  92846     45
  92889 92638      641.5797    25                    599.2184   952044                    x23_5 D  92889  92887     78
  92951 92700      682.8302    20                    599.2184   952527                   x29_14 U  92951  92949    130
Elapsed time = 1432.96 sec. (2345103.79 ticks, tree = 188.41 MB, solutions = 0)
  93025 92774      636.2834    36                    599.2214   953477                   x28_13 D  93025  93024     39
  93105 92848      631.0723    50                    599.2240   954413                   x23_21 D  93105  93104     33
  93330 93073      717.0409    38                    599.2240   955716                    x7_28 D  93330  93329    258
  93430 93173      636.6519    57                    599.2249   957083                     x0_1 U  93430  93428     26
  93494 93237      631.1083    48                    599.2249   958050                   x10_14 U  93494  93492     76
  93582 93325      661.8285    16                    599.2249   958762                    x9_12 U  93582  93580    147
  93681 93424      673.1531    70                    599.2700   959883                    x3_36 D  93681  93680     92
  93824 93567      629.0166    50                    599.2909   961448                   x28_12 N  93824  93821     55
  93859 93602      652.4333    24                    599.2909   962399                   x20_16 D  93859  93858     77
  93940 93683      678.0202    43                    599.2909   963203                    x2_23 U  93940  93938    144
Elapsed time = 1459.92 sec. (2383927.86 ticks, tree = 191.55 MB, solutions = 0)
  94075 93818      637.1416    54                    599.3035   964074                   x21_28 D  94075  94074     92
  94220 93963      621.7914    68                    599.3072   965341                    x9_34 D  94220  94218     40
  94272 94015      631.2991    49                    599.3072   966942                    x6_26 D  94272  94270     81
  94331 94074      639.4361    69                    599.3072   968248                   x29_31 D  94331  94329    127
  94400 94143      687.3059    20                    599.3072   969496                   x32_26 U  94400  94398    181
  94590 94333      668.3305    49                    599.3167   971023                   x23_31 D  94590  94589    212
  94657 94400      634.5447    26                    599.3196   972450                   x33_11 U  94657  94655     54
  94723 94466      680.6368    16                    599.3196   973344                   x34_26 U  94723  94721    111
  94777 94520      701.7020    33                    599.3196   973903                   x13_32 N  94777  94776    157
  94800 94543      711.9945    39                    599.3196   974073                   x17_14 D  94800  94798    172
Elapsed time = 1487.36 sec. (2423773.84 ticks, tree = 194.31 MB, solutions = 0)
  94847 94590      621.6073    59                    599.3268   975683                   x30_25 U  94847  94844     44
  94899 94642      625.1067    62                    599.3268   977192                    x30_8 D  94899  94897     86
  94949 94692      647.9137    52                    599.3268   978381                   x33_28 D  94949  94947    121
  95002 94745      602.5685    26                    599.3299   979287                   x10_13 U  95002  61602     15
  95061 94804      633.9784    46                    599.3299   980480                   x30_33 N  95061  95060     61
  95120 94863      643.7210    48                    599.3299   981419                    x35_1 D  95120  95119    108
  95188 94931      671.7485    14                    599.3299   981918                     x2_8 U  95188  95186    165
  95304 95047      651.3404    53                    599.3327   982983                    x9_27 D  95304  95303    140
  95436 95179      647.5551    35                    599.3358   984168                   x10_15 U  95436  95433     30
  95480 95223      689.8099    39                    599.3358   984640                   x27_35 U  95480  95478     63
Elapsed time = 1513.46 sec. (2462600.37 ticks, tree = 196.50 MB, solutions = 0)
  95534 95277      721.6216    29                    599.3358   984913                     x6_1 N  95534  95533    108
  95650 95389      643.5914    62                    599.3375   985744                   x21_11 D  95650  95649     95
  95819 95558      613.1363    52                    599.3454   986745                    x9_11 U  95819  95817     21
  95872 95611      653.4885    24                    599.3454   987369                   x12_20 N  95872  95870     63
  95944 95681      736.4621    14                    599.3454   987807                   x34_21 U  95944  95942    125
  95968 95701      611.6443    47                    599.3545   988116                    x33_2 D  95968  95967     17
  96208 95941      603.8818    53                    599.3546   989782                   x34_26 D  96208  96206     25
  96257 95990      624.5382    43                    599.3546   990939                   x12_20 D  96257  96255     60
  96299 96032      632.7203    38                    599.3546   992295                    x9_11 D  96299  96297     89
  96363 96096      649.5205    45                    599.3546   993012                   x21_12 D  96363  96362    139
Elapsed time = 1539.74 sec. (2501024.06 ticks, tree = 199.35 MB, solutions = 0)
  96410 96143      606.9637    69                    599.3552   993662                    x0_29 D  96410  96409     41
  96613 96346      616.0230    41                    599.3672   995007                     x4_6 N  96613  96611     19
  96664 96397      683.0803    31                    599.3672   995916                   x29_17 D  96664  96662     58
  96743 96470      604.8097    79                    599.3800   996533                   x25_22 U  96743  96740     11
  96777 96504      620.0916    76                    599.3800   998130                   x27_33 U  96777  96775     35
  96809 96536      633.0462    61                    599.3800   999293                   x28_33 D  96809  96807     55
  96857 96584      648.8301    50                    599.3800  1000037                    x7_28 D  96857  96856     91
  96899 96626      668.0781    22                    599.3800  1000989                   x33_16 U  96899  96896    120
  96964 96691      675.0761    20                    599.3800  1001794                    x22_7 U  96964  96962    173
  97030 96757      627.3213    48                    599.3922  1002720                   x12_20 N  97030  97027     30
Elapsed time = 1566.76 sec. (2539931.67 ticks, tree = 201.51 MB, solutions = 0)
  97117 96844      687.5928    27                    599.3922  1003358                    x14_8 U  97117  97115    103
  97206 96933      609.9832    61                    599.3924  1003738                   x25_23 D  97206  97205     25
  97408 97135      620.2403    59                    599.3929  1005162                   x23_29 U  97408  97406     41
  97470 97197      629.6638    36                    599.3929  1006152                   x14_10 U  97470  97467     88
  97543 97270      651.1650    29                    599.3929  1007139                   x11_28 D  97543  97542    149
  97672 97399      635.4712    46                    599.3939  1008079                   x23_27 D  97672  97671     89
  97819 97546      625.5972    48                    599.4142  1009312                   x35_23 U  97819  97817     53
  97879 97606      653.1299    56                    599.4142  1010291                   x28_31 D  97879  97877     96
  97935 97662      682.2144    32                    599.4142  1010750                   x15_12 N  97935  97933    139
  98016 97743      609.3177    67                    599.4163  1011477                    x32_9 U  98016  98015     49
Elapsed time = 1592.78 sec. (2578393.70 ticks, tree = 204.75 MB, solutions = 0)
  98218 97945      609.9897    50                    599.4197  1012980                   x22_33 N  98218  98216     24
  98262 97989      659.8186    20                    599.4197  1013776                   x31_13 N  98262  98260     52
  98345 98072      703.1025    18                    599.4197  1014607                    x14_2 D  98345  98344    122
  98415 98142      620.0656    45                    599.4256  1015073                   x13_22 D  98415  98414     36
  98599 98326      691.6708    21                    599.4256  1015958                    x17_1 N  98599  98598    220
  98656 98383      627.2311    54                    599.4265  1016983                    x12_9 D  98656  98655     98
  98762 98489      641.4328    27                    599.4265  1017979                    x5_19 N  98762  98760    192
  98830 98557      609.7304    66                    599.4305  1018949                   x33_29 D  98830  98829     59
  98872 98599      629.4909    45                    599.4305  1019764                   x14_16 U  98872  98869     88
  98921 98648      669.9079    16                    599.4305  1020374                    x7_16 U  98921  98919    128
Elapsed time = 1619.36 sec. (2617584.36 ticks, tree = 207.75 MB, solutions = 0)
  98965 98692      711.3358    18                    599.4305  1020855                    x25_7 U  98965  98963    163
  99038 98765      644.1386    28                    599.4318  1021619                   x30_25 U  99038  99036     39
  99090 98817      698.3551    28                    599.4318  1022166                    x9_20 N  99090  99088     79
  99149 98876      814.8919    25                    599.4318  1022515                    x5_31 U  99149  99147    131
  99180 98903      611.3837    64                    599.4320  1022687                   x26_27 U  99180   6807     10
  99387 99110      677.7859    53                    599.4320  1023817                   x16_23 D  99387  99386    217
  99447 99170      626.3101    30                    599.4416  1024896                    x7_33 U  99447  99445     70
  99506 99229      630.3020    52                    599.4416  1025901                    x22_3 D  99506  99505    116
  99570 99293      650.5688    22                    599.4416  1026944                    x35_7 U  99570  99568    169
  99608 99331      602.6864    70                    599.4429  1027644                    x0_14 D  99608  99607     64
Elapsed time = 1645.28 sec. (2656917.39 ticks, tree = 210.04 MB, solutions = 0)
  99805 99528      609.9573    66                    599.4476  1029002                   x31_24 D  99805  99803     44
  99863 99586      626.4315    50                    599.4476  1030061                    x22_2 U  99863  99860     86
  99924 99647      636.1418    59                    599.4476  1030938                   x22_15 D  99924  99922    134
  99970 99693      652.8878    47                    599.4476  1031682                    x30_6 D  99970  99968    170
 100001 99724      658.9452    51                    599.4476  1031965                   x15_35 N 100001 100000    196
 100209 99932      615.4741    52                    599.4611  1033618                    x23_2 U 100209 100207     21
 100289 100012      634.2434    26                    599.4611  1034800                   x14_35 D 100289 100288     87
 100412 100135      606.6836    56                    599.4692  1035803                    x6_35 D 100412 100411     22
 100617 100340      622.1235    41                    599.4774  1037126                   x14_29 U 100617 100614     17
 100649 100372      640.6767    24                    599.4774  1038042                    x6_27 U 100649 100647     37
Elapsed time = 1671.35 sec. (2695757.55 ticks, tree = 213.52 MB, solutions = 0)
 100698 100421      668.7201    32                    599.4774  1038697                    x21_6 D 100698 100696     75
 100762 100485      692.5493     8                    599.4774  1039191                   x33_19 U 100762 100760    130
 100825 100548      626.6583    33                    599.4783  1040019                    x3_26 U 100825 100823     41
 100881 100604      629.9067    26                    599.4783  1040936                   x20_12 D 100881 100879     82
 100933 100656      658.7564    26                    599.4783  1041664                   x21_10 U 100933 100931    123
 101015 100738      618.2071    76                    599.4790  1042412                    x26_1 N 101015 101012     16
 101068 100791      663.6989    29                    599.4790  1043155                   x13_20 U 101068 101066     53
 101136 100859      726.1123    36                    599.4790  1043883                   x35_21 N 101136 101134    110
 101200 100923      709.5108    34                    599.4790  1044454                   x31_17 D 101200 101198    161
 101403 101126      611.8150    71                    599.4958  1045482                    x0_22 D 101403 101402     38
Elapsed time = 1697.90 sec. (2736679.73 ticks, tree = 216.06 MB, solutions = 0)
 101451 101174      649.2352    29                    599.4958  1046166                   x34_28 N 101451 101450     70
 101497 101220      724.4775    27                    599.4958  1046664                    x1_27 N 101497 101496    106
 101523 101242      789.9946    13                    599.4958  1046906                    x17_2 N 101523 101522    126
 101551 101268      878.7058    13                    599.4958  1047132                    x28_8 D 101551 101550    146
 101578 101288    infeasible                          599.4958  1047220                    x14_1 D 101578 101576    164
 101736 101444      644.4735    57                    599.4963  1048069                    x4_22 D 101736 101735    164
 101835 101543      639.0079    51                    599.5001  1049059                   x34_29 U 101835 101832     45
 101888 101596      653.2988    53                    599.5001  1049893                   x28_17 D 101888 101886     83
 101968 101676      674.7359    28                    599.5001  1050530                   x30_15 D 101968 101967    150
 102005 101713      609.9666    54                    599.5062  1050991                   x33_23 U 102005 102004     16
Elapsed time = 1723.22 sec. (2776487.74 ticks, tree = 218.06 MB, solutions = 0)
 102187 101895      707.7128    48                    599.5062  1052393                    x20_9 D 102187 102186    198
 102256 101964      641.5271    28                    599.5062  1053662                    x33_1 U 102256 102254     53
 102318 102026      640.5314    42                    599.5062  1054644                   x30_33 U 102318 102316    104
 102367 102075      677.2732    34                    599.5062  1055297                   x33_20 U 102367 102365    142
 102400 102108      687.7101    39                    599.5062  1056022                   x28_14 U 102400 102398    166
 102602 102310      617.4462    71                    599.5147  1057266                    x7_27 U 102602  79203     36
 102634 102342      663.7912    36                    599.5147  1058083                    x19_7 N 102634 102632     58
 102677 102385      679.6055    22                    599.5147  1058582                   x28_19 N 102677 102674     93
 102746 102454      701.2362    28                    599.5147  1059216                    x6_31 D 102746 102744    152
 102820 102528      626.0237    20                    599.5181  1060153                    x9_21 U 102820 102817     24
Elapsed time = 1751.02 sec. (2815928.60 ticks, tree = 220.83 MB, solutions = 0)
 102854 102562      654.7131    24                    599.5181  1060643                    x6_26 U 102854 102851     49
 102899 102607      678.9943    21                    599.5181  1061368                    x6_33 N 102899 102897     86
 102932 102640      704.5556    48                    599.5181  1061744                   x25_17 N 102932 102930    111
 102965 102671    infeasible                          599.5181  1062105                   x25_12 N 102965 102963    136
 103010 102716      620.3519    46                    599.5206  1062628                   x24_34 D 103010 103008     28
 103050 102756      645.5400    45                    599.5206  1063207                   x14_34 D 103050 103049     54
 103123 102829      674.1600    28                    599.5206  1063871                    x9_15 D 103123 103121    113
 103183 102889      762.3020    43                    599.5206  1064375                    x3_26 N 103183 103182    162
 103214 102920      613.6759    88                    599.5347  1064782                    x0_25 D 103214 103213     29
 103411 103117      601.4414    57                    599.5427  1066419                   x22_33 U 103411 103410     19
Elapsed time = 1778.09 sec. (2854982.84 ticks, tree = 222.86 MB, solutions = 0)
 103461 103167      634.4058    24                    599.5427  1067714                    x0_20 U 103461 103459     58
 103516 103222      636.9259    20                    599.5427  1068985                   x21_13 U 103516 103514     99
 103589 103295      671.8626    49                    599.5427  1070040                    x4_12 N 103589 103586    160
 103730 103436      626.1431    68                    599.5437  1071130                   x24_32 U 103730 103729    149
 103831 103537      632.7961    31                    599.5456  1072231                    x9_34 D 103831 103830     44
 103878 103584      651.8190    45                    599.5456  1072762                   x29_11 D 103878 103877     80
 103930 103636      665.9568    45                    599.5456  1073472                    x7_20 D 103930 103928    123
 103984 103690      703.3909    21                    599.5456  1074139                   x10_16 N 103984 103981    167
 104121 103827      655.1458    64                    599.5471  1075125                   x28_10 D 104121 104120    179
 104254 103960      642.4021    24                    599.5518  1076294                    x9_20 U 104254 104252     91
Elapsed time = 1804.49 sec. (2894232.06 ticks, tree = 225.78 MB, solutions = 0)
 104340 104046      637.7293    33                    599.5518  1077048                    x4_27 U 104340 104338    163
 104431 104137      620.9622    62                    599.5722  1077800                   x23_27 D 104431 104430     50
 104612 104318      610.2535    62                    599.5806  1079082                    x30_8 U 104612 104610     21
 104687 104393      618.4450    36                    599.5806  1080184                    x30_5 N 104687 104685     86
 104730 104436      619.1030    70                    599.5806  1081058                   x25_21 D 104730 104729    118
 104787 104493      636.0365    48                    599.5806  1082040                    x2_26 N 104787 104785    162
 104800 104506      626.8810    42                    599.5806  1082138                   x14_10 D 104800 104798    172
 104858 104564      627.1882    45                    599.5858  1083236                   x30_25 U 104858 104856     56
 104935 104641      664.9985    36                    599.5858  1083894                    x6_33 N 104935 104933    119
 104990 104696      688.4485    28                    599.5858  1084632                   x18_28 U 104990 104988    163
Elapsed time = 1830.94 sec. (2933765.93 ticks, tree = 228.33 MB, solutions = 0)
 105045 104751      639.8344    69                    599.5908  1085471                   x23_31 N 105045 105044     44
 105086 104792      679.5006    43                    599.5908  1086204                   x28_13 N 105086 105085     74
 105129 104835      732.9372    35                    599.5908  1086841                   x21_26 N 105129 105127    108
 105191 104897      780.8033    25                    599.5908  1087278                   x29_20 U 105191 105189    162
 105298 105004      642.5636    60                    599.5928  1088485                   x35_23 U 105298 105297    109
 105422 105128      614.6590    34                    599.5932  1089797                   x25_22 U 105422 105420     31
 105480 105186      625.6220    28                    599.5932  1090917                   x14_15 N 105480 105478     77
 105538 105244      653.2517    47                    599.5932  1091678                   x28_10 N 105538 105536    121
 105600 105306      656.5716    25                    599.5932  1092234                    x28_7 N 105600 105599    176
 105811 105517      627.5727    38                    599.5967  1093630                   x12_11 U 105811 105809     23
Elapsed time = 1858.16 sec. (2972746.77 ticks, tree = 231.20 MB, solutions = 0)
 105860 105566      675.7504    41                    599.5967  1094437                   x28_14 N 105860 105858     60
 105900 105606      722.2943    30                    599.5967  1094784                    x0_27 N 105900 105898     91
 106000 105706      764.7587    31                    599.5967  1095309                   x27_30 U 106000 105998    179
 106165 105871      672.8020    29                    599.6007  1096359                   x11_28 D 106165 106164    179
 106230 105936      628.6537    72                    599.6256  1097461                   x12_20 D 106230 106229     41
 106285 105991      651.4867    34                    599.6256  1098489                    x33_7 U 106285 106283     83
 106318 106024      666.0514    34                    599.6256  1099477                   x27_12 U 106318 106316    106
 106361 106067      683.1417    46                    599.6256  1100510                   x35_20 U 106361 106359    140
 106430 106136      613.9979    56                    599.6393  1101287                    x1_27 D 106430 106429     39
 106611 106317      616.0993    40                    599.6452  1102621                   x14_28 U 106611 106609     23
Elapsed time = 1885.00 sec. (3011854.65 ticks, tree = 234.01 MB, solutions = 0)
 106680 106386      640.3871    60                    599.6452  1103502                   x11_28 N 106680 106678     76
 106740 106446      652.3694    34                    599.6452  1104246                   x20_16 D 106740 106739    125
 106800 106504      711.2774    24                    599.6452  1104921                   x30_11 D 106800 106799    175
 106857 106561      671.3716    10                    599.6490  1105937                   x20_12 U 106857 106855     56
 106896 106594      641.4525    34                    599.6499  1106822                    x1_23 N 106896 106895     36
 106940 106638      673.3992    18                    599.6499  1107229                    x9_20 N 106940 106938     68
 107017 106715      687.8240    26                    599.6499  1107871                     x5_1 D 107017 107016    131
 107151 106845    infeasible                          599.6499  1108336                    x16_5 D 107151 107149    257
 107240 106932      658.8235    68                    599.6512  1109469                   x13_32 D 107240 107239    102
 107412 107104      635.1296    47                    599.6544  1110528                    x0_31 U 107412 107409     14
Elapsed time = 1911.76 sec. (3051442.53 ticks, tree = 236.79 MB, solutions = 0)
 107454 107146      656.6399    55                    599.6544  1110973                   x17_15 N 107454 107453     42
 107514 107206      681.6603    32                    599.6544  1111388                   x16_28 N 107514 107512     90
 107614 107306      603.5950    66                    599.6566  1111955                   x31_24 U 107614 107613     41
 107805 107497      602.6625    79                    599.6577  1113611                    x0_22 D 107805 107803     41
 107865 107557      616.6495    36                    599.6577  1114863                   x30_19 N 107865 107863     89
 107920 107612      625.0068    53                    599.6577  1115691                   x21_15 D 107920 107918    130
 107991 107683      657.9607    28                    599.6577  1116680                   x12_17 U 107991 107988    188
 108040 107732      624.3884    57                    599.6626  1117280                    x22_9 D 108040 108039     57
 108214 107906      628.9811    51                    599.6654  1118633                   x35_25 U 108214 108212     25
 108263 107955      677.5011    41                    599.6654  1119378                   x21_12 D 108263 108261     57
Elapsed time = 1938.18 sec. (3090611.64 ticks, tree = 239.81 MB, solutions = 0)
 108295 107987      720.9492    28                    599.6654  1119592                   x23_15 N 108295 108294     83
 108332 108022    infeasible                          599.6654  1119828                   x30_19 U 108332 108329    115
 108552 108238      656.8153    57                    599.6671  1121223                   x30_15 D 108552 108551    231
 108657 108343      627.2690    42                    599.6692  1122462                   x17_28 D 108657 108656     69
 108710 108396      634.7941    70                    599.6692  1123336                    x31_9 D 108710 108709    110
 108793 108479      642.7504    20                    599.6692  1124175                   x32_16 D 108793 108791    182
 108844 108530      625.5749    60                    599.6749  1125055                   x25_34 D 108844 108843     42
 108883 108569      637.9336    24                    599.6749  1125908                   x14_28 N 108883 108881     68
 108928 108614      668.7124    49                    599.6749  1126452                    x9_14 N 108928 108926     98
 108960 108646      680.7531    58                    599.6749  1126890                    x26_7 D 108960 108959    123
Elapsed time = 1966.05 sec. (3129662.97 ticks, tree = 242.27 MB, solutions = 0)
 109000 108686      711.3644    19                    599.6749  1127492                   x22_28 U 109000 108998    150
 109039 108725      622.5708    65                    599.6768  1128499                    x33_6 D 109039 109038     64
 109075 108761      640.6709    48                    599.6768  1129276                   x19_23 D 109075 109073     85
 109180 108866      666.5564    28                    599.6768  1129887                   x25_20 U 109180 109178    182
 109308 108994      621.1373    55                    599.6780  1130909                    x28_8 N 109308 109307    120
 109440 109126      608.4770    40                    599.6907  1132148                    x9_11 D 109440 109439     46
 109476 109162      628.1491    56                    599.6907  1132803                   x33_17 D 109476 109474     68
 109526 109212      675.5938    49                    599.6907  1133363                   x28_17 U 109526 109524    108
 109575 109259      675.7371    53                    599.6907  1134013                    x0_16 D 109575 109574    150
 109604 109288      613.2035    41                    599.6924  1134301                    x10_9 D 109604 109603     15
Elapsed time = 1993.70 sec. (3169147.46 ticks, tree = 244.57 MB, solutions = 0)
 109736 109420      672.7673    23                    599.6924  1135228                    x30_6 D 109736 109735    147
 109820 109504      626.6118    71                    599.6982  1136037                   x32_24 U 109820 109819     49
 109867 109551      654.3054    46                    599.6982  1136812                   x11_29 N 109867 109866     84
 109943 109627      673.1255    30                    599.6982  1137493                   x29_11 D 109943 109942    147
 109996 109680      723.2121    30                    599.6982  1138067                   x18_21 N 109996 109994    188
 110180 109864      646.0562    53                    599.6992  1139306                   x25_34 D 110180 110179    207
 110236 109920      618.5279    40                    599.7030  1140436                    x10_9 D 110236 110234     36
 110282 109966      647.7270    52                    599.7030  1141446                   x15_29 N 110282 110280     68
 110326 110010      664.2548    54                    599.7030  1142396                    x9_21 U 110326 110324    100
 110384 110068      651.7503    52                    599.7030  1143294                    x23_7 D 110384 110383    147
Elapsed time = 2021.76 sec. (3208290.15 ticks, tree = 247.37 MB, solutions = 0)
 110490 110174      644.2723    60                    599.7064  1144158                    x25_1 D 110490 110489    106
 110607 110291      606.9223    50                    599.7109  1144960                    x33_6 D 110607 110605     16
 110660 110344      633.2419    56                    599.7109  1145990                   x14_33 D 110660 110658     54
 110728 110412      641.7026    52                    599.7109  1147225                   x10_26 D 110728 110726    113
 110800 110484      661.2651    30                    599.7109  1148043                    x6_12 D 110800 110799    177
 110842 110526      636.7508    58                    599.7187  1149176                   x22_35 U 110842 110840     48
 110881 110565      641.1874    33                    599.7187  1149887                    x3_35 D 110881 110879     72
 110948 110632      652.3558    51                    599.7187  1150494                    x8_26 D 110948 110946    124
 111006 110690      610.2984    76                    599.7257  1151239                   x31_24 U 111006 111005     33
 111066 110750      627.7437    60                    599.7257  1152308                   x11_10 N 111066 111064     82
Elapsed time = 2048.69 sec. (3247772.07 ticks, tree = 249.83 MB, solutions = 0)
 111121 110805      661.3890    14                    599.7257  1153250                   x25_21 U 111121 111118    127
 111202 110886      600.3985    74                    599.7276  1153973                   x29_22 D 111202  45403     16
 111406 111090      625.9771    63                    599.7327  1155446                   x34_21 U 111406 111405     25
 111455 111139      668.1982    34                    599.7327  1156363                   x12_10 N 111455 111453     62
 111495 111179      701.8612    42                    599.7327  1157021                    x4_35 N 111495 111492     89
 111557 111241      707.0222    28                    599.7327  1157564                   x11_20 U 111557 111555    138
 111670 111348      661.5082    64                    599.7389  1158340                   x25_18 D 111670 111669    142
 111820 111498      645.2897    65                    599.7568  1159634                    x26_6 U 111820 111817     56
 111875 111549      680.0907    63                    599.7568  1160701                   x21_14 D 111875 111874     99
 111906 111580      698.7810    43                    599.7568  1161628                    x24_9 D 111906 111904    121
Elapsed time = 2076.72 sec. (3286757.49 ticks, tree = 252.83 MB, solutions = 0)
 111929 111603      767.8518    31                    599.7568  1162244                   x31_35 N 111929 111927    136
 111969 111641      768.2277    47                    599.7568  1162832                    x17_8 D 111969 111968    167
 112000 111666      617.6825    66                    599.7587  1163314                    x23_2 D 112000 111999     25
 112188 111854      683.5078    34                    599.7587  1164485                    x1_22 D 112188 112187    213
 112266 111932      637.3775    27                    599.7653  1165586                   x17_29 U 112266 112264     77
 112324 111990      661.2886    20                    599.7653  1166015                   x20_14 N 112324 112322    124
 112350 112016      706.3948    28                    599.7653  1166179                    x25_3 D 112350 112349    146
 112382 112047      799.8614    31                    599.7653  1166432                    x5_13 N 112382 112380    174
 112548 112213      648.6380    46                    599.7699  1167392                   x35_33 D 112548 112547    160
 112643 112308      615.9348    59                    599.7755  1168692                   x17_28 D 112643 112642     65
Elapsed time = 2103.97 sec. (3325432.90 ticks, tree = 255.48 MB, solutions = 0)
 112710 112375      630.4772    47                    599.7755  1169564                   x11_20 D 112710 112709    119
 112772 112437      637.1610    35                    599.7755  1170288                    x2_19 U 112772 112769    170
 112849 112514      659.6434    18                    599.7757  1171223                    x1_22 U 112849 112847     47
 112900 112565      675.5215    20                    599.7757  1171761                   x30_13 D 112900 112899     84
 112981 112646      737.2327    18                    599.7757  1172093                   x13_14 N 112981 112979    155
 113030 112695      629.9818    56                    599.7822  1172760                    x35_6 N 113030 113029     37
 113068 112733      676.2142    16                    599.7822  1173369                   x32_22 N 113068 113065     65
 113128 112793      689.1824    54                    599.7822  1173872                   x14_28 N 113128 113127    117
 113172 112837      718.8793    24                    599.7822  1174328                   x13_12 N 113172 113170    151
 113239 112904      620.3619    59                    599.7826  1174936                   x16_29 D 113239 113238     52
Elapsed time = 2131.36 sec. (3364299.04 ticks, tree = 257.67 MB, solutions = 0)
 113419 113084      630.4232    47                    599.7859  1176289                   x24_32 D 113419 113416     23
 113453 113118      638.8624    18                    599.7859  1176750                   x14_13 N 113453 113451     47
 113508 113173      682.0161     8                    599.7859  1177162                   x16_12 U 113508 113506     95
 113545 113210      727.6093    27                    599.7859  1177500                   x29_35 U 113545 113543    124
 113563 113228      767.3879     8                    599.7859  1177626                   x29_18 N 113563 113561    139
 113589 113254      859.9582     8                    599.7859  1177830                    x13_1 U 113589 113587    159
 113709 113374      659.7686    45                    599.7877  1178520                   x28_12 D 113709 113708    125
 113809 113474      613.9221    67                    599.7953  1179349                    x0_33 U 113809 113807     20
 113833 113498      642.7739    43                    599.7953  1179764                   x15_10 D 113833 113831     34
 113876 113541      652.6778    49                    599.7953  1180140                    x7_19 N 113876 113874     65
Elapsed time = 2160.76 sec. (3404044.63 ticks, tree = 260.02 MB, solutions = 0)
 113932 113597      652.7325    48                    599.7953  1180879                   x14_28 D 113932 113930    110
 113974 113639      699.0653    10                    599.7953  1181430                   x29_21 U 113974 113972    141
 114086 113751      629.7734    26                    599.7964  1182502                   x22_17 D 114086 114085     97
 114221 113886      617.0667    28                    599.7967  1183739                   x12_10 N 114221 114219     25
 114297 113962      643.2221    44                    599.7967  1184502                   x34_21 U 114297 114295     85
 114383 114048      690.1413    48                    599.7967  1185152                    x8_19 N 114383 114382    159
 114500 114165      665.5956    60                    599.8038  1186479                   x24_36 D 114500 114499    113
 114630 114295      641.9370    32                    599.8059  1187673                    x27_1 N 114630 114629     36
 114663 114328      662.5766    43                    599.8059  1188055                   x14_25 N 114663 114661     59
 114697 114362      703.8316    12                    599.8059  1188455                    x12_9 U 114697 114695     83
Elapsed time = 2189.60 sec. (3443397.93 ticks, tree = 263.05 MB, solutions = 0)
 114721 114386      757.8853    16                    599.8059  1188586                   x21_29 D 114721 114719    100
 114735 114396      848.9312    27                    599.8059  1188751                   x12_27 N 114735 114734    110
 114772 114433      893.7350    10                    599.8059  1189057                    x12_8 D 114772 114771    141
 114800 114455      609.1820    63                    599.8060  1189546                     x0_1 D 114800 114799     26
 114858 114513      628.4086    12                    599.8060  1190334                   x15_12 U 114858 114856     70
 114926 114581      673.5837    23                    599.8060  1190918                   x28_16 D 114926 114925    126
 114963 114618      794.1214    22                    599.8060  1191172                    x7_16 D 114963 114962    156
 114999 114650      619.6767    68                    599.8062  1191794                    x0_20 D 114999 114998     50
 115050 114701      633.9468    38                    599.8062  1192637                   x34_14 D 115050 115049     88
 115083 114734      641.6012    45                    599.8062  1193383                   x25_21 D 115083 115081    113
Elapsed time = 2218.63 sec. (3484955.57 ticks, tree = 264.44 MB, solutions = 0)
 115120 114771      680.2177    27                    599.8062  1194287                   x35_20 N 115120 115118    140
 115190 114841      691.2309    25                    599.8062  1194868                    x19_2 D 115190 115189    199
 115362 115013      642.4581    15                    599.8105  1196025                   x22_15 D 115362 115361    210
 115437 115088      609.3011    57                    599.8116  1197063                    x0_11 D 115437 115435     36
 115489 115140      623.8062    12                    599.8116  1197701                    x19_5 D 115489 115488     76
 115578 115229      663.5645    28                    599.8116  1198655                    x28_1 U 115578 115576    154
 115710 115361      652.8958    63                    599.8136  1199762                   x20_33 D 115710 115709    131
 115822 115473      623.8252    59                    599.8142  1200676                    x0_25 D 115822 115821     28
 115880 115531      650.2948    48                    599.8142  1201556                    x25_6 D 115880 115879     71
 115970 115615      649.7707    58                    599.8201  1202722                   x29_33 D 115970 115969     88
Elapsed time = 2246.73 sec. (3523768.70 ticks, tree = 267.74 MB, solutions = 0)
 116090 115735      715.2439    64                    599.8201  1203765                   x25_24 N 116090 116089    208
 116222 115867      633.8650    51                    599.8219  1204627                   x22_35 N 116222 116219     21
 116260 115905      665.6600    39                    599.8219  1205099                   x14_10 N 116260 116258     46
 116328 115973      672.1964    10                    599.8219  1205600                   x29_17 N 116328 116326    103
 116369 116014      730.9870    38                    599.8219  1205966                    x34_6 N 116369 116367    134
 116400 116045      706.8020    32                    599.8219  1206233                   x31_17 D 116400 116399    158
 116539 116184      690.5155    53                    599.8296  1207361                   x16_22 N 116539 116538    152
 116631 116276      618.4569    49                    599.8545  1208201                    x0_10 D 116631 116629     69
 116690 116335      655.1324    42                    599.8545  1209409                   x21_35 U 116690 116688    117
 116754 116399      644.2821    40                    599.8545  1210293                    x8_33 U 116754 116751    171
Elapsed time = 2276.60 sec. (3563769.56 ticks, tree = 270.68 MB, solutions = 0)
 116795 116440      649.6822    42                    599.8545  1211314                    x9_20 U 116795 116793    202
 116846 116491      620.7759    48                    599.8567  1212252                   x28_15 D 116846 116844     45
 116887 116532      627.2691    39                    599.8567  1213058                    x27_4 D 116887 116885     74
 116960 116605      671.5857    20                    599.8567  1213958                   x35_29 U 116960 116958    136
 117005 116650      617.4698    38                    599.8661  1214657                   x17_30 U 117005 117003     47
 117035 116680      613.3874    47                    599.8661  1215718                    x9_29 D 117035 117033     65
 117076 116721      625.4256    57                    599.8661  1216757                   x14_15 N 117076 117074     95
 117136 116781      661.8151    20                    599.8661  1217763                   x21_30 U 117136 117134    145
 117185 116830      649.1966    61                    599.8661  1218488                     x9_6 D 117185 117183    181
 117506 117151      667.3380    34                    599.8731  1222768                   x14_36 N 117506 117504     77
Elapsed time = 2311.96 sec. (3614286.13 ticks, tree = 273.51 MB, solutions = 0)
 117830 117475      610.1789    47                    599.8912  1226752                    x9_24 D 117830 117828     66
 118139 117784      640.2610    48                    599.8975  1230538                   x28_11 D 118139 118138    152
 118402 118047      602.4769    70                    599.9086  1233365                    x1_27 U 118402  11207     36
 118706 118351      664.8449    41                    599.9142  1236834                   x29_20 N 118706 118704    113
 118866 118511      660.2087    12                    599.9219  1239269                    x35_2 U 118866 118864     66
 119068 118713      656.8225    48                    599.9237  1242421                    x0_10 N 119068 119066     63
 119410 119055      614.0194    82                    599.9282  1245547                     x0_6 D 119410 119409     22
 119735 119374      638.4049    22                    599.9294  1249014                   x28_27 D 119735 119734    198
 119969 119608      683.1095    30                    599.9299  1252875                   x21_13 N 119969 119967    140
 120277 119914      645.9245    46                    599.9341  1256808                   x11_35 D 120277 120275    100
Elapsed time = 2421.98 sec. (3768068.83 ticks, tree = 284.01 MB, solutions = 0)
 120510 120145      651.4327    29                    599.9352  1259240                   x25_17 D 120510 120509    119
 120761 120396      665.4719    14                    599.9421  1262905                   x23_27 U 120761 120759    171
 121000 120635      677.0896    26                    599.9447  1265067                    x3_30 D 121000 120999    194
 121162 120797      681.1273    30                    599.9512  1267835                   x12_25 D 121162 121161    168
 121479 121114      658.4489    46                    599.9655  1270712                   x27_12 D 121479 121478     92
 121839 121472      634.1541    49                    599.9829  1273632                   x11_20 D 121839 121837     39
 122050 121683      633.4833    34                    599.9874  1275919                   x30_10 D 122050 122049     59
 122443 122070      641.1791    54                    599.9959  1279336                   x22_16 D 122443 122442    162
 122744 122371      679.9807    16                    599.9977  1282232                     x4_6 N 122744 122742    121
 122895 122522      653.1017    25                    600.0119  1284659                    x30_2 N 122895 122893     83
Elapsed time = 2528.24 sec. (3921793.96 ticks, tree = 294.10 MB, solutions = 0)
 123020 122645      614.0188    45                    600.0207  1286611                   x29_22 D 123020 123018     25
 123178 122803      741.6076    35                    600.0207  1288532                   x26_31 N 123178 123176    145
 123500 123125      661.1227    12                    600.0263  1291670                   x25_34 U 123500 123498     99
 123799 123422      685.1154    11                    600.0328  1293601                    x5_35 D 123799 123798    207
 124096 123719      633.5913    63                    600.0365  1297455                   x22_28 D 124096 124095    108
 124338 123961      642.4127    47                    600.0394  1300695                   x16_29 D 124338 124336    150
 124658 124281      647.0408    26                    600.0577  1304005                   x25_10 U 124658 124656     85
 124816 124439      645.9063    60                    600.0604  1306730                    x24_9 N 124816 124814     25
 124946 124567    infeasible                          600.0604  1308924                   x21_15 N 124946 124944    124
 125094 124713      657.7990    30                    600.0609  1311065                   x28_14 N 125094 125092     85
Elapsed time = 2636.97 sec. (4075385.04 ticks, tree = 302.73 MB, solutions = 0)
 125415 125034      612.8382    36                    600.0680  1313362                   x20_29 D 125415 125413     23
 125792 125411      716.2139    56                    600.0764  1316965                   x30_14 D 125792 125791    204
 126000 125619      670.8863    59                    600.0768  1320008                    x7_17 D 126000 125999    167
 126331 125950      683.2220    33                    600.0832  1324053                    x8_17 U 126331 126329    145
 126680 126299      633.9359    42                    600.0911  1327073                   x28_17 D 126680 126678     76
 126910 126529      628.3209    66                    600.0953  1330716                   x29_14 D 126910 126909    112
 127060 126679      653.8272    46                    600.0981  1334189                   x14_13 N 127060 127058     58
 127407 127026      621.4797    44                    600.1031  1336860                    x9_24 D 127407 127405     29
 127535 127152      897.7086    20                    600.1031  1338480                   x17_11 D 127535 127533    124
 127820 127431      623.0924    35                    600.1088  1340821                    x9_22 U 127820 127818     27
Elapsed time = 2747.10 sec. (4229756.70 ticks, tree = 313.61 MB, solutions = 0)
 128002 127611      603.9697    73                    600.1158  1342775                   x34_22 U 128002   7802     12
 128310 127919      653.7977    24                    600.1164  1346646                   x21_10 U 128310 128308     88
 128642 128251      635.2365    37                    600.1303  1349656                   x10_15 N 128642 128640     44
 128800 128409      665.3443    43                    600.1303  1351199                    x21_6 D 128800 128799    175
 128999 128608      683.4777    37                    600.1312  1353755                   x20_28 U 128999 128996    170
 129195 128804      692.4851    20                    600.1313  1356842                    x9_15 U 129195 129192    175
 129487 129096      654.2891    19                    600.1443  1359848                   x17_13 N 129487 129485     83
 129819 129424      649.5065    46                    600.1583  1362631                   x28_12 N 129819 129817     23
 129931 129536      832.3295    16                    600.1583  1363952                    x17_9 U 129931 129929    104
 130263 129864      628.5576    24                    600.1710  1367185                   x34_21 U 130263 130261     78
Elapsed time = 2854.95 sec. (4384509.87 ticks, tree = 323.51 MB, solutions = 0)
 130537 130138      656.1008    50                    600.1790  1370619                   x11_34 D 130537 130536    146
 130724 130325      667.6822    53                    600.1797  1373595                   x25_19 N 130724 130722     92
 130851 130452      643.3000    18                    600.1797  1375540                   x15_12 D 130851 130849     48
 130972 130567      611.2581    64                    600.1831  1377657                    x21_9 D 130972 130970     45
 131124 130719      670.8388    53                    600.1831  1380610                   x25_35 D 131124 131122    158
 131295 130890      649.2629    64                    600.1846  1382601                    x25_9 D 131295 131294    139
 131570 131159      627.2119    63                    600.1942  1385867                   x33_30 D 131570 131569     63
 131886 131475      648.0029    44                    600.2016  1389417                   x10_13 D 131886 131885     74
 132188 131777      693.3788    39                    600.2020  1391914                   x35_23 U 132188 132187    232
 132322 131911      689.4373    35                    600.2035  1394285                   x21_11 D 132322 132320     92
Elapsed time = 2965.04 sec. (4537694.38 ticks, tree = 334.94 MB, solutions = 0)
 132629 132218      642.1659    40                    600.2104  1398167                   x21_10 U 132629 132627     43
 132808 132397      612.6232    57                    600.2107  1401386                   x34_25 U 132808 132806     11
 133029 132618      668.7074    38                    600.2210  1403357                   x23_24 U 133029 133027     25
 133208 132797      610.9335    39                    600.2216  1405331                   x20_26 D 133208 133207     28
 133536 133125      663.1379    17                    600.2238  1408366                   x12_11 U 133536 133535    119
 133836 133425      642.0250    49                    600.2306  1411768                    x2_23 D 133836 133834     35
 134000 133589      702.8401    23                    600.2306  1413153                   x19_16 D 134000 133999    171
 134297 133886      706.0871    32                    600.2320  1416140                    x7_17 U 134297 134294     82
 134593 134182      670.4557    57                    600.2386  1418756                   x31_30 N 134593 134592    200
 134831 134420      634.7138    24                    600.2470  1421679                    x34_9 U 134831 134829     33
Elapsed time = 3075.95 sec. (4692415.88 ticks, tree = 345.45 MB, solutions = 0)
 134994 134583      672.3717    21                    600.2470  1423687                     x5_7 D 134994 134993    163
 135158 134745      687.6588    20                    600.2470  1425365                   x23_19 N 135158 135156    130
 135426 135013      630.5020    59                    600.2620  1427950                   x27_12 N 135426 135424     30
 135600 135187      696.0564    58                    600.2620  1430206                   x16_27 D 135600 135599    169
 135901 135488      687.9343    55                    600.2649  1433485                   x31_13 N 135901 135898     97
 136202 135787      602.7824    50                    600.2667  1435338                   x25_23 U 136202  30802     28
 136313 135898      666.8250    26                    600.2667  1438006                   x29_11 N 136313 136311    105
 136617 136202      623.1964    30                    600.2686  1440315                   x10_29 U 136617 136615     31
 136770 136355      662.1175    40                    600.2686  1442373                   x21_14 D 136770 136769    152
 136935 136520      736.7888    36                    600.2696  1444368                   x20_13 N 136935 136934    121
Elapsed time = 3190.14 sec. (4847264.27 ticks, tree = 354.37 MB, solutions = 0)
 137043 136622      720.7677    32                    600.2713  1445970                   x10_21 N 137043 137041     80
 137447 137022      623.8677    62                    600.2761  1448574                    x21_9 D 137447 137445     53
 137617 137192      621.0992    57                    600.2771  1450759                   x28_15 D 137617 137616     28
 137930 137505      623.9389    50                    600.2806  1453728                    x0_15 D 137930 137928    126
 138254 137829      655.9176    34                    600.2885  1457201                    x33_4 U 138254 138251     47
 138377 137948      842.3348     8                    600.2885  1458136                    x1_17 U 138377 138375    143
 138676 138241      678.6779    49                    600.3104  1460836                   x14_17 D 138676 138674     70
 138806 138367      649.8297    56                    600.3113  1463309                   x13_35 D 138806 138805     85
 138999 138558      839.8301     8                    600.3113  1464760                    x5_35 U 138999 138997    250
 139177 138724      625.8045    69                    600.3150  1466598                   x12_10 N 139177 139176     64
Elapsed time = 3303.41 sec. (5001312.76 ticks, tree = 363.89 MB, solutions = 0)
 139451 138998      656.0908    26                    600.3159  1468830                   x14_10 N 139451 139450     47
 139573 139118      828.7356    13                    600.3159  1469795                    x5_12 U 139573 139571    139
 139858 139399      651.3971    36                    600.3229  1472182                   x16_14 D 139858 139856     79
 140125 139666      683.5211    43                    600.3301  1474686                   x11_34 N 140125 140124    139
 140300 139841      690.5545    18                    600.3365  1476343                   x28_16 U 140300 140297     85
 140506 140041      663.4706    55                    600.3397  1477858                   x35_23 U 140506 140505    158
 140800 140335      658.6780    41                    600.3468  1480484                    x4_25 D 140800 140799    178
 140954 140489      821.3573    14                    600.3475  1482783                   x28_31 N 140954 140952    156
 141093 140624      655.4700    36                    600.3505  1484213                    x8_19 D 141093 141091    115
 141481 141012      670.9263    10                    600.3609  1487360                   x27_35 U 141481 141480     73
Elapsed time = 3417.06 sec. (5155960.78 ticks, tree = 373.93 MB, solutions = 0)
 141867 141392      634.9994    37                    600.3712  1490689                    x8_18 N 141867 141865     68
 142187 141712      654.9713    54                    600.3715  1492469                     x7_1 D 142187 142186    225
 142341 141866      732.5440    19                    600.3747  1494286                   x19_12 U 142341 142339    133
 142510 142027      644.0756    77                    600.3788  1495656                   x17_30 D 142510 142509    118
 142722 142239      691.8315    29                    600.3795  1498245                   x23_30 U 142722 142719    104
 142830 142347      627.9248    38                    600.3800  1499747                    x7_28 D 142830 142828     34
 142971 142482      627.5323    45                    600.3884  1500963                   x17_12 N 142971 142969     50
 143185 142696      855.1626    16                    600.3884  1502697                   x29_34 N 143185 143184    237
 143460 142965      648.8162    14                    600.3910  1504985                    x21_9 U 143460 143458     55
 143752 143257      652.6372    70                    600.3917  1507649                    x25_5 D 143752 143751    158
Elapsed time = 3526.69 sec. (5310067.17 ticks, tree = 383.93 MB, solutions = 0)
 143905 143410      648.4208    27                    600.3946  1509940                   x20_22 U 143905 143902    117
 144225 143730      619.7492    57                    600.4056  1513126                   x13_10 D 144225 144223     28
 144547 144052      638.1348    46                    600.4070  1515701                   x26_16 D 144547 144546    165
 144739 144244      698.7693    15                    600.4087  1517360                     x1_7 U 144739 144737    125
 144881 144386      668.9841    30                    600.4118  1518958                    x0_31 N 144881 144879     68
 145032 144537      624.9916    41                    600.4199  1521081                    x32_9 D 145032 145029     31
 145227 144726      618.9432    60                    600.4219  1523543                    x0_28 D 145227 145226     35
 145482 144979      695.3721    38                    600.4225  1526394                    x9_14 D 145482 145480     97
 145845 145338      650.0662    52                    600.4225  1528424                    x0_14 D 145845 145844     47
 146160 145653      642.7729    42                    600.4225  1530364                   x24_32 U 146160 146159    176
Elapsed time = 3636.36 sec. (5463589.66 ticks, tree = 394.76 MB, solutions = 0)
 146384 145877      644.1797    32                    600.4226  1532360                     x3_2 N 146384 146382    182
 146670 146163      655.8215    24                    600.4350  1535367                   x11_27 U 146670 146668     73
 146825 146318      617.6487    77                    600.4360  1538030                   x23_29 U 146825 146823     45
 146944 146437      710.3273    16                    600.4360  1540316                    x8_19 U 146944 146942    125
 147067 146560      655.6776    71                    600.4360  1542345                   x25_30 U 147067 147065     65
 147292 146779      643.3376    42                    600.4371  1544463                    x7_13 D 147292 147291    182
 147499 146986      665.4698    29                    600.4371  1546389                    x28_4 N 147499 147497     78
 147819 147306      620.7967    33                    600.4396  1548372                    x0_10 D 147819 147818     25
 147987 147474      737.2013    30                    600.4396  1550024                   x21_16 N 147987 147985    156
 148256 147741      647.4708    34                    600.4620  1552920                    x23_8 N 148256 148254     49
Elapsed time = 3749.91 sec. (5618168.14 ticks, tree = 404.30 MB, solutions = 0)
 148382 147867      747.5990    36                    600.4620  1554368                   x30_20 N 148382 148379    152
 148679 148164      622.8692    40                    600.4630  1557382                   x20_10 U 148679 148677     73
 148856 148341      638.9850    40                    600.4638  1559678                    x23_6 U 148856 148853     49
 148998 148475      622.4433    50                    600.4674  1561311                    x0_21 D 148998 148996     18
 149103 148580      683.1572    55                    600.4674  1563152                    x22_1 D 149103 149101     86
 149424 148901      633.9305    70                    600.4699  1566002                   x26_36 D 149424 149421     27
 149591 149068      735.9497    10                    600.4699  1567523                    x8_15 D 149591 149589    159
 149868 149341      699.4218    33                    600.4740  1570124                   x17_31 D 149868 149866     72
 150150 149621      644.2383    56                    600.4740  1572223                    x2_27 N 150150 150149    164
 150330 149799      691.9527    33                    600.4740  1574412                    x10_9 U 150330 150328    108
Elapsed time = 3861.58 sec. (5771828.70 ticks, tree = 413.83 MB, solutions = 0)
 150539 149998      638.9480    34                    600.4751  1576710                    x27_1 N 150539 150536     29
 150668 150127      731.0148    32                    600.4751  1579106                    x9_28 U 150668 150666    127
 150768 150227      914.3059    10                    600.4751  1580216                    x18_7 U 150768 150766    209
 150900 150359      663.0353    41                    600.4754  1582232                   x23_17 D 150900 150899     76
 151060 150519      644.7669    32                    600.4814  1584330                   x22_33 U 151060 151059     55
 151303 150758      651.2845    48                    600.4848  1585837                    x2_12 D 151303 151302    145
 151491 150940    infeasible                          600.4869  1587603                    x23_3 U 151491 151489     78
 151802 151251      615.8098    72                    600.4929  1589989                    x26_1 U 151802 119554     18
 151963 151412      703.8106    30                    600.4929  1592613                    x3_14 N 151963 151961    149
 152258 151707      624.5007    26                    600.4997  1595302                   x32_16 U 152258 152255     49
Elapsed time = 3979.40 sec. (5925258.63 ticks, tree = 422.80 MB, solutions = 0)
 152461 151908      616.2845    69                    600.5063  1597228                   x16_26 D 152461 152460     72
 152682 152129      628.4519    43                    600.5152  1600307                   x11_20 U 152682 152680     80
 152859 152306      671.1897    37                    600.5159  1602208                   x13_10 N 152859 152858     55
 153007 152454      622.0709    66                    600.5205  1603463                   x34_22 U 153007 153005     18
 153176 152621      657.5250    35                    600.5205  1604916                    x30_1 D 153176 153174    158
 153467 152912      659.7636    45                    600.5293  1607628                   x12_13 D 153467 153465     81
 153708 153153      629.4420    54                    600.5317  1609718                    x25_7 D 153708 153707    167
 153961 153406      630.9613     8                    600.5363  1612198                    x19_3 U 153961 153959    143
 154278 153723      648.0050    53                    600.5501  1615216                   x25_28 N 154278 154277    101
 154516 153961      650.9434    48                    600.5509  1617531                   x35_30 D 154516 154515    130
Elapsed time = 4092.39 sec. (6078696.61 ticks, tree = 433.55 MB, solutions = 0)
 154716 154161      641.6753    28                    600.5517  1620139                    x2_18 D 154716 154714    103
 154893 154338      644.0085    52                    600.5566  1622389                    x31_9 D 154893 154892     90
 155040 154485      633.4220    39                    600.5584  1624525                     x2_7 N 155040 155038     38
 155170 154615      700.7275    12                    600.5584  1626426                     x1_8 D 155170 155169    139
 155480 154925      627.3377    56                    600.5671  1629400                   x20_29 D 155480 155479     77
 155790 155235      652.2726    58                    600.5677  1632216                   x14_13 D 155790 155789    247
 155930 155375      664.8370    53                    600.5719  1635078                   x24_34 D 155930 155929    106
 156220 155665      619.1614    53                    600.5733  1637903                   x11_33 U 156220 156218     48
 156413 155856      609.1764    65                    600.5747  1639774                    x0_30 D 156413 156412     22
 156658 156101      641.5168    10                    600.5764  1642654                   x22_33 D 156658 156656     46
Elapsed time = 4210.81 sec. (6233240.70 ticks, tree = 443.83 MB, solutions = 0)
 156820 156263      623.5417    68                    600.5819  1644962                    x6_23 N 156820 156819     41
 156991 156434      739.2915    10                    600.5819  1646882                    x1_17 D 156991 156990    182
 157135 156578      668.9680    43                    600.5823  1649546                   x23_15 N 157135 157133    122
 157449 156892      621.6630    40                    600.5866  1652969                   x20_16 U 157449 157447     48
 157626 157069      619.1502    72                    600.5920  1654880                   x28_14 D 157626 157625     36
 157895 157338      654.2160    47                    600.5943  1657504                    x1_27 U 157895 157892     75
 158223 157666      633.4306    36                    600.5995  1660567                    x32_9 N 158223 158222     21
 158328 157771      680.8451    45                    600.5995  1662792                    x30_9 D 158328 158326     96
 158479 157922      620.6950    57                    600.6021  1664534                   x21_20 D 158479 158478    119
 158752 158195      659.8422    47                    600.6049  1667170                   x32_28 N 158752 158751    141
Elapsed time = 4323.36 sec. (6387007.86 ticks, tree = 455.69 MB, solutions = 0)
 158880 158323      659.7143    31                    600.6084  1669517                   x22_31 D 158880 158879     89
 159008 158451      606.2543    74                    600.6107  1670952                     x0_2 D 159008 159006     36
 159150 158593      640.1927    53                    600.6107  1673953                   x27_35 D 159150 159148    144
 159396 158839      617.1693    63                    600.6120  1675955                   x30_14 D 159396 159395    224
 159529 158972      676.7109    16                    600.6121  1678507                   x17_11 N 159529 159527    107
 159820 159263      620.8665    63                    600.6208  1680917                     x0_1 D 159820 159819     46
 159924 159367      722.5767    32                    600.6208  1682340                   x18_19 U 159924 159921    119
 160084 159527      640.4111    64                    600.6218  1683647                   x23_15 D 160084 160083     94
 160285 159726      680.4597    14                    600.6218  1686722                   x34_21 D 160285 160283     76
 160414 159855      631.4661    62                    600.6218  1688562                   x33_23 N 160414 160413     30
Elapsed time = 4436.23 sec. (6540941.62 ticks, tree = 463.82 MB, solutions = 0)
 160689 160130      634.1837    61                    600.6240  1691409                   x32_24 D 160689 160686     78
 160824 160265      629.3896    41                    600.6276  1693999                   x29_14 D 160824 160823     35
 160970 160411      728.0372    40                    600.6276  1695675                   x19_13 D 160970 160969    153
 161112 160553      697.9028    22                    600.6288  1697380                   x12_20 D 161112 161110     93
 161402 160839      616.5150    61                    600.6304  1699093                    x9_32 U 161402   4013     18
 161502 160939      669.1025     8                    600.6304  1701596                     x5_6 U 161502 161500     87
 161760 161197      660.8086    45                    600.6329  1704429                   x24_11 D 161760 161759    170
 161917 161354      689.4105    28                    600.6330  1707134                    x16_9 N 161917 161915    102
 162007 161444      624.7262    47                    600.6345  1708431                   x25_22 D 162007 162006     30
 162286 161723      648.6267    20                    600.6350  1710404                    x7_18 N 162286 162285     95
Elapsed time = 4552.07 sec. (6694707.04 ticks, tree = 473.06 MB, solutions = 0)
 162400 161837      694.6848    40                    600.6350  1711275                   x12_31 D 162400 162399    190
 162656 162093      640.0437    40                    600.6393  1714402                   x21_16 D 162656 162654     58
 162787 162224      735.5335    25                    600.6393  1715672                    x7_17 D 162787 162786    167
 162978 162415      666.8095    33                    600.6410  1717918                    x2_18 N 162978 162976    161
 163146 162583      643.1355    34                    600.6432  1720276                   x17_15 N 163146 163145    144
 163430 162867      642.0717    47                    600.6486  1722786                     x7_8 D 163430 163429     46
 163616 163053      614.0996    47                    600.6507  1724111                   x22_27 D 163616 163615     28
 163894 163331      663.9022    18                    600.6523  1726455                    x17_9 N 163894 163892     82
 164177 163614      695.4901    50                    600.6577  1728387                   x13_22 D 164177 164176    184
 164337 163774      646.1113    60                    600.6577  1731591                    x0_16 D 164337 164335    135
Elapsed time = 4663.60 sec. (6850443.40 ticks, tree = 483.33 MB, solutions = 0)
 164602 164039      605.1487    35                    600.6607  1734281                   x22_34 U 164602 114002     14
 164721 164158      616.1177    51                    600.6607  1737497                    x28_6 D 164721 164719    106
 164881 164318      649.5146    11                    600.6607  1740053                   x32_15 U 164881 164879     73
 165026 164463      634.0551    62                    600.6634  1741637                   x25_27 D 165026 165024     30
 165130 164567      753.7998    39                    600.6634  1743789                   x21_13 D 165130 165128    101
 165415 164848      615.9133    60                    600.6681  1745997                   x24_32 U 165415 165414     28
 165568 165001      658.9441    48                    600.6681  1748006                    x2_20 D 165568 165566    148
 165839 165272      633.5340    31                    600.6718  1750449                    x9_14 N 165839 165836     35
 165989 165422      675.8462    20                    600.6718  1751765                    x5_19 D 165989 165987    158
 166257 165690      642.9762    20                    600.6748  1754573                   x20_11 N 166257 166256     55
Elapsed time = 4780.37 sec. (7003951.16 ticks, tree = 493.01 MB, solutions = 0)
 166445 165872      639.8881    59                    600.6758  1756309                   x31_12 D 166445 166444    114
 166679 166106      695.8698    38                    600.6779  1758494                   x23_10 N 166679 166677     73
 166811 166238      624.8524    64                    600.6800  1760068                   x21_22 U 166811 166809     12
 166926 166353      706.0199    22                    600.6800  1762524                    x1_27 N 166926 166925     97
 167061 166484      666.9071    28                    600.6814  1763785                    x0_17 D 167061 167060     71
 167167 166588    infeasible                          600.6814  1764729                    x20_7 N 167167 167166    159
 167410 166829      613.0099    61                    600.6826  1766426                    x1_27 D 167410 167409     37
 167587 167006      702.4179    19                    600.6826  1767794                   x14_28 U 167587 167585    190
 167859 167274      660.2918    65                    600.6885  1770295                    x21_9 N 167859 167856     56
 168202 167611      611.5097    71                    600.6920  1772601                    x0_27 U 168202   8006      8
Elapsed time = 4894.06 sec. (7158050.04 ticks, tree = 502.84 MB, solutions = 0)
 168280 167689      754.0716    28                    600.6920  1774442                   x12_15 N 168280 168278     55
 168357 167764      904.3424    18                    600.6920  1775176                    x30_3 N 168357 168354    112
 168620 168023      631.8129    25                    600.7010  1777024                   x30_35 N 168620 168618     21
 168761 168164      663.0772    32                    600.7010  1779042                   x30_19 U 168761 168758    130
 168897 168300      630.2426    45                    600.7019  1781779                   x29_14 D 168897 168896     89
 169076 168479      635.4477    30                    600.7024  1784312                     x7_1 D 169076 169074    105
 169316 168719      667.0022    45                    600.7049  1786767                    x35_6 D 169316 169315    122
 169519 168922      646.1024    22                    600.7151  1789795                   x33_34 U 169519 169517     99
 169765 169168      671.6478    51                    600.7165  1792088                   x10_21 N 169765 169764    179
 170008 169411      618.6853    67                    600.7223  1794216                   x33_21 D 170008 170007     22
Elapsed time = 5009.74 sec. (7312028.49 ticks, tree = 512.17 MB, solutions = 0)
 170264 169667      651.1709    14                    600.7242  1797191                    x7_26 N 170264 170262     63
 170367 169770      704.4466    33                    600.7242  1798581                   x17_12 N 170367 170364    142
 170630 170033      646.6060    51                    600.7390  1800493                   x25_20 D 170630 170629     74
 170738 170141      686.7137    42                    600.7390  1801894                   x20_16 N 170738 170735    154
 170875 170278      660.6525    36                    600.7432  1803979                   x32_24 D 170875 170873     85
 171038 170437      646.9705    24                    600.7446  1805524                   x17_12 U 171038 171035     41
 171153 170552      733.0211    31                    600.7446  1807257                   x22_20 U 171153 171151    128
 171395 170794      637.8148    46                    600.7714  1808923                   x30_35 D 171395 171394    203
 171512 170911      726.1000    34                    600.7735  1811015                   x17_14 N 171512 171510    126
 171571 170964      602.1948    85                    600.7736  1811698                   x31_24 D 171571   6202     17
Elapsed time = 5125.88 sec. (7466118.39 ticks, tree = 520.27 MB, solutions = 0)
 171830 171223      629.4568    64                    600.7955  1813958                    x9_11 U 171830 171828     32
 172000 171393      659.0797    38                    600.7955  1816533                   x26_31 D 172000 171999    178
 172275 171668      666.0421    11                    600.7993  1819179                   x16_12 U 172275 172273    105
 172458 171851      650.1749    33                    600.8070  1820783                    x25_8 D 172458 172457     85
 172706 172099      641.7721    29                    600.8071  1823181                   x11_35 D 172706 172704    134
 172810 172203      614.0251    28                    600.8085  1824999                   x27_35 D 172810 172807     47
 172930 172323      656.0954    54                    600.8085  1827300                    x7_35 D 172930 172929    136
 173046 172439      690.0453    37                    600.8128  1828963                   x13_17 N 173046 173044     43
 173236 172625      653.8759    46                    600.8191  1830814                   x21_14 D 173236 173235    169
 173478 172867      652.8967    30                    600.8273  1833835                   x29_20 N 173478 173476     76
Elapsed time = 5244.76 sec. (7622162.64 ticks, tree = 530.28 MB, solutions = 0)
 173620 173009      629.7844    76                    600.8285  1835641                   x32_36 D 173620 173619     37
 173870 173259      651.1833    45                    600.8297  1838373                   x16_14 D 173870 173868     91
 174000 173389      697.4025    33                    600.8297  1839836                   x13_17 D 174000 173999    200
 174280 173669      647.6707    25                    600.8369  1842263                   x23_21 D 174280 174279     75
 174419 173808      625.5093    39                    600.8419  1844190                    x7_23 D 174419 174418     26
 174700 174089      654.6552    47                    600.8437  1846454                   x27_36 N 174700 174699    104
 174819 174208      628.7729    38                    600.8474  1847879                   x12_29 U 174819 174817     24
 174916 174301      631.0428    32                    600.8519  1849864                   x11_10 N 174916 174915     61
 175070 174455      675.5448    22                    600.8519  1851204                    x2_18 N 175070 175069    190
 175429 174810      628.3205    67                    600.8590  1853468                    x7_35 D 175429 175427     54
Elapsed time = 5358.60 sec. (7776462.77 ticks, tree = 540.62 MB, solutions = 0)
 175551 174932      699.7304    12                    600.8590  1855193                    x30_8 U 175551 175549    149
 175817 175196      624.7791    46                    600.8757  1856966                    x23_6 U 175817 175815     24
 175923 175302      686.6121    42                    600.8757  1859095                   x28_11 N 175923 175922    101
 176202 175581      609.0322    69                    600.8832  1860903                   x35_33 U 176202  26404     28
 176322 175701      710.0450    35                    600.8832  1862879                   x22_21 D 176322 176321    121
 176500 175879      644.8127    39                    600.8873  1864542                   x28_12 D 176500 176499    110
 176709 176088      687.1754    16                    600.8906  1866402                   x18_30 D 176709 176708     98
 176860 176237      649.2285    61                    600.8916  1868403                    x21_2 D 176860 176859     51
 176958 176335      726.3243    27                    600.8916  1870080                   x14_28 N 176958 176956    126
 177060 176437      636.9137    35                    600.8946  1871647                   x12_20 D 177060 177059     99
Elapsed time = 5477.20 sec. (7930121.65 ticks, tree = 549.36 MB, solutions = 0)
 177171 176548      718.2392    13                    600.8946  1873290                    x25_7 U 177171 177169    184
 177451 176828      615.9841    18                    600.8956  1875704                   x14_25 D 177451 177449     69
 177590 176967      634.6663    18                    600.8956  1877870                   x14_17 U 177590 177588    187
 177863 177240      650.7350    35                    600.9015  1880774                     x7_2 U 177863 177861     60
 177921 177296      802.8247    18                    600.9015  1881534                   x18_34 N 177921 177920    103
 178244 177613      642.8541    67                    600.9086  1884293                   x24_32 N 178244 178241     43
 178365 177734      692.2946    46                    600.9086  1886903                    x6_34 U 178365 178363    138
 178617 177986      613.2733    55                    600.9112  1890092                    x0_30 D 178617 178615     59
 178766 178135      648.0357    41                    600.9112  1892642                   x31_24 U 178766 178765    179
 178870 178239      649.9768    34                    600.9126  1894158                     x5_1 D 178870 178869     59
Elapsed time = 5595.77 sec. (8084799.75 ticks, tree = 559.12 MB, solutions = 0)
 179020 178389      629.4495    44                    600.9164  1896012                   x33_27 N 179020 179018     22
 179101 178466    infeasible                          600.9164  1896802                    x25_7 N 179101 179099     84
 179222 178577      608.5043    71                    600.9193  1897783                   x35_22 D 179222 179221     59
 179530 178885      649.6505    39                    600.9260  1900688                   x27_22 D 179530 179529    169
 179808 179163      621.7214    68                    600.9357  1902814                   x27_34 D 179808 179806     24
 179902 179257      703.5558    12                    600.9357  1904769                   x20_21 N 179902 179899     93
 179984 179339      836.3102    34                    600.9357  1905710                   x19_28 N 179984 179983    159
 180242 179597      654.0100    41                    600.9401  1908464                   x14_11 N 180242 180240     47
 180361 179714      758.9831    22                    600.9401  1910178                    x13_2 D 180361 180359    144
 180627 179980      621.5359    22                    600.9434  1912018                   x11_10 N 180627 180625     35
Elapsed time = 5708.66 sec. (8238893.99 ticks, tree = 568.66 MB, solutions = 0)
 180792 180145      669.9028    40                    600.9434  1913328                    x30_2 D 180792 180790    178
 180894 180247      725.9751    12                    600.9447  1914651                    x18_2 N 180894 180892     84
 180980 180327      631.9631    72                    600.9450  1915776                    x7_27 N 180980 180979     41
 181090 180437      676.6015    12                    600.9450  1917516                   x33_13 N 181090 181088    122
 181200 180545      724.9559    17                    600.9450  1918475                    x18_9 D 181200 181199    214
 181470 180815      677.5037    13                    600.9511  1920816                    x0_20 U 181470 181468     57
 181581 180926      751.3022    22                    600.9511  1921773                    x8_26 D 181581 181579    148
 181846 181191      623.4730    40                    600.9578  1924269                   x12_13 D 181846 181844     62
 182000 181345      641.7820    23                    600.9578  1926239                     x4_5 D 182000 181999    194
 182318 181659      619.8664    67                    600.9693  1929015                    x7_26 D 182318 182317    107
Elapsed time = 5826.72 sec. (8396221.74 ticks, tree = 577.94 MB, solutions = 0)
 182648 181989      662.6069    12                    600.9704  1931360                   x16_10 U 182648 182646     48
 182720 182059      918.4469    18                    600.9704  1931972                   x30_10 D 182720 182719    104
 182845 182178      668.7466    34                    600.9717  1933783                   x26_17 D 182845 182843     98
 182954 182285      881.0098    14                    600.9717  1934754                    x20_7 N 182954 182953    185
 183023 182346      624.9223    69                    600.9767  1936643                    x33_2 D 183023 183021     43
 183142 182463      705.8860    25                    600.9767  1938492                   x23_30 U 183142 183140    132
 183386 182707      655.1090    59                    600.9792  1939864                     x0_4 D 183386 183385    203
 183539 182860      724.0133    22                    600.9830  1941949                    x4_12 N 183539 183538    129
 183827 183142      625.9251    47                    600.9871  1943886                   x12_10 D 183827 183825     30
 183952 183265      671.1522    27                    600.9871  1945134                    x13_6 N 183952 183951    130
Elapsed time = 5942.42 sec. (8550980.07 ticks, tree = 586.91 MB, solutions = 0)
 184209 183522      614.0906    73                    600.9887  1946929                   x34_35 D 184209 184207     14
 184335 183648      688.9445    26                    600.9887  1948791                    x0_22 D 184335 184333    113
 184612 183925      609.7544    53                    600.9961  1951109                    x0_35 D 184612 184610     62
 184723 184036      645.5128    55                    600.9961  1953796                   x11_28 D 184723 184721    142
 184871 184184      678.8396    47                    600.9985  1955517                   x14_13 D 184871 184869     64
 185030 184341      618.4994    57                    601.0092  1957381                    x0_21 D 185030 185028     42
 185159 184470      673.1394    34                    601.0092  1959523                   x28_14 N 185159 185157    142
 185425 184736      623.5727    38                    601.0149  1961799                   x25_12 D 185425 185423     26
 185538 184849      698.5233    21                    601.0149  1962625                   x21_13 U 185538 185536    113
 185847 185158      646.6788    62                    601.0193  1965487                   x17_26 D 185847 185846     52
Elapsed time = 6059.42 sec. (8705022.44 ticks, tree = 597.55 MB, solutions = 0)
 186192 185497      709.2263    33                    601.0195  1967966                   x28_31 N 186192 186191    318
 186316 185621      635.9664    28                    601.0207  1970828                   x17_12 N 186316 186314    102
 186562 185867      685.0971    48                    601.0228  1973439                   x14_26 D 186562 186561    170
 186721 186026      678.7458    10                    601.0233  1975609                   x27_14 U 186721 186719    128
 186860 186165      669.8932    12                    601.0281  1977111                   x25_12 N 186860 186858     74
 186996 186301      677.9671    21                    601.0281  1978487                   x21_20 D 186996 186995    193
 187100 186405      708.7975    50                    601.0376  1980216                    x2_27 D 187100 187099     89
 187408 186705      624.8761    73                    601.0379  1983083                    x0_35 U 187408 187406     25
 187504 186801      689.4018    16                    601.0379  1984664                   x14_25 U 187504 187502    100
 187600 186897      732.9649    26                    601.0379  1985758                   x32_10 D 187600 187599    174
Elapsed time = 6177.10 sec. (8858660.58 ticks, tree = 607.39 MB, solutions = 0)
 187900 187197      637.7069    61                    601.0403  1988736                    x25_1 D 187900 187898     96
 188094 187391      639.6778    61                    601.0449  1990685                   x33_25 U 188094 188093    133
 188284 187581      661.9269    49                    601.0455  1993037                   x25_12 D 188284 188283    113
 188439 187736      630.0276    58                    601.0469  1995075                    x35_2 D 188439 188438     52
 188686 187983      633.4905    28                    601.0492  1997943                   x16_14 N 188686 188684     82
 188784 188081      675.0718    17                    601.0492  2000078                   x21_15 U 188784 188782    157
 188903 188200      670.0558    22                    601.0505  2002063                   x15_11 N 188903 188902     96
 188995 188290      744.9257    18                    601.0505  2002578                    x3_16 D 188995 188994    169
 189130 188425      674.3530    41                    601.0525  2003883                     x7_1 D 189130 189128    117
 189407 188702      621.5208    55                    601.0592  2005602                   x31_32 D 189407 189406     19
Elapsed time = 6287.35 sec. (9012067.15 ticks, tree = 617.66 MB, solutions = 0)
 189504 188797      705.1792    46                    601.0592  2007201                   x16_11 N 189504 189502     91
 189700 188991      655.3805    57                    601.0625  2008875                   x20_31 D 189700 189699    111
 189919 189210      647.1874    29                    601.0639  2011324                   x13_31 D 189919 189918    143
 190030 189321      606.6584    68                    601.0655  2012648                    x0_30 D 190030 190029     42
 190274 189565      643.3551    27                    601.0684  2015070                   x21_22 D 190274 190272     65
 190614 189905      635.5599    62                    601.0778  2017395                   x22_21 N 190614 190612     21
 190770 190059    infeasible                          601.0778  2019007                   x18_17 N 190770 190768    144
 190853 190136      632.6951    28                    601.0801  2020927                   x31_10 D 190853 190852     89
 190980 190263      668.6588    46                    601.0801  2022660                    x28_3 N 190980 190979    191
 191092 190375      731.5357    26                    601.0801  2023871                    x3_28 N 191092 191091    288
Elapsed time = 6392.91 sec. (9166625.50 ticks, tree = 629.32 MB, solutions = 0)
 191349 190621      640.2165    35                    601.0817  2025700                    x22_7 D 191349 191348    195
 191503 190775      669.3797    56                    601.0823  2028299                   x31_27 D 191503 191501     90
 191665 190931      641.5751    65                    601.0842  2030109                    x25_6 D 191665 191664    174
 191890 191156      658.3954    32                    601.0869  2032392                   x10_13 N 191890 191888     83
 191985 191251      773.9523    15                    601.0869  2033616                    x34_6 U 191985 191983    162
 192247 191511      611.5215    86                    601.0981  2035943                   x14_26 D 192247 192246     55
 192343 191607      661.7159    51                    601.0981  2038473                    x7_35 N 192343 192341    123
 192491 191755      647.2883    48                    601.1028  2039982                   x24_14 D 192491 192490     99
 192675 191939      667.2453    40                    601.1048  2041934                    x17_7 D 192675 192673     64
 192789 192049      648.8341    55                    601.1096  2043596                   x22_35 N 192789 192788     43
Elapsed time = 6500.50 sec. (9320129.24 ticks, tree = 639.00 MB, solutions = 0)
 192846 192106      711.2565    53                    601.1096  2044651                   x25_28 N 192846 192845     82
 192955 192215      822.7916     8                    601.1096  2045933                    x6_29 U 192955 192953    170
 193097 192357      696.2024    33                    601.1105  2048363                   x14_11 N 193097 193095     87
 193313 192567      670.5029    32                    601.1140  2049974                   x14_28 N 193313 193312    149
 193481 192735      667.3594    30                    601.1141  2052917                   x32_27 U 193481 193479     72
 193601 192855      679.1139    48                    601.1141  2055077                   x30_10 U 193601 193599    166
 193862 193116      634.0485    58                    601.1163  2057603                   x28_16 D 193862 193860    107
 194039 193293      620.3881    59                    601.1215  2059368                   x25_14 D 194039 194038     54
 194287 193541      643.6310    54                    601.1217  2062153                    x23_7 U 194287 194284     88
 194469 193721      647.1971    50                    601.1238  2064204                    x23_7 D 194469 194468     81
Elapsed time = 6607.89 sec. (9474158.45 ticks, tree = 648.76 MB, solutions = 0)
 194663 193911      643.7027    38                    601.1306  2066816                   x34_31 U 194663 194661     38
 194800 194048      686.5327    38                    601.1306  2068522                   x22_15 D 194800 194799    142
 194890 194130      611.3708    31                    601.1399  2069384                   x12_10 N 194890 194888     50
 195008 194248      651.1071    30                    601.1399  2070561                   x15_21 N 195008 195007    147
 195233 194469      658.5365    52                    601.1410  2072109                   x13_33 D 195233 195232    170
 195478 194714      652.6068    81                    601.1476  2074699                    x1_26 U 195478 195476     74
 195595 194831      712.8596    27                    601.1476  2076162                   x28_16 U 195595 195593    171
 195879 195115      637.2143    16                    601.1583  2078949                   x24_32 D 195879 195877     86
 196000 195236      645.2409    48                    601.1583  2081601                    x8_35 D 196000 195998    186
 196336 195572      673.3931    18                    601.1627  2084406                   x19_12 U 196336 196334    132
Elapsed time = 6719.99 sec. (9634880.23 ticks, tree = 659.62 MB, solutions = 0)
 196462 195698      639.7622    89                    601.1731  2085867                   x25_30 D 196462 196461     74
 196658 195894      692.7763    45                    601.1743  2087975                    x15_9 N 196658 196656     57
 196779 196015      813.9337    32                    601.1743  2088932                   x17_29 N 196779 196777    157
 196885 196121      658.3686    41                    601.1747  2090479                    x29_2 N 196885 196883    107
 197000 196236      660.8036    55                    601.1747  2092216                   x28_23 D 197000 196999    196
 197091 196327      675.4484    48                    601.1763  2094160                   x13_31 N 197091 197089     76
 197253 196489      623.9360    63                    601.1777  2095904                   x11_25 D 197253 197252     71
 197488 196724      661.6573    35                    601.1782  2097778                   x14_16 U 197488 197486     72
 197655 196891      629.4517    82                    601.1793  2099230                   x20_14 N 197655 197654     69
 197868 197104      675.6200    45                    601.1818  2101367                   x28_14 N 197868 197866     74
Elapsed time = 6828.21 sec. (9788728.19 ticks, tree = 668.68 MB, solutions = 0)
 197989 197225      731.9571    43                    601.1818  2102679                    x29_2 N 197989 197988    171
 198238 197472      644.0837    51                    601.1884  2104915                   x28_20 U 198238 198235     41
 198371 197605      694.1929    14                    601.1884  2106810                    x2_18 U 198371 198369    146
 198660 197894      668.9347    26                    601.1978  2109116                   x28_17 D 198660 198659     62
 198766 198000      760.2141    31                    601.1978  2110426                   x35_28 U 198766 198764    150
 198847 198079      663.0291    48                    601.2006  2111543                   x32_12 U 198847 198844     72
 198937 198163      647.3272    67                    601.2079  2113203                   x13_12 U 198937 198934     26
 199036 198262      686.1006    36                    601.2079  2115424                   x29_14 D 199036 199035    100
 199142 198362      627.6756    84                    601.2132  2116308                   x35_21 D 199142 199141     41
 199454 198674      624.6464    55                    601.2169  2119407                   x10_20 U 199454 199452     61
Elapsed time = 6934.64 sec. (9942469.40 ticks, tree = 678.03 MB, solutions = 0)
 199562 198782      695.0412    14                    601.2169  2120280                   x18_19 U 199562 199560    152
 199845 199065      643.2201    37                    601.2188  2122443                    x35_1 N 199845 199843     53
 199990 199210      723.5532    18                    601.2188  2123660                   x13_33 D 199990 199989    174
 200260 199480      634.0552    51                    601.2217  2126080                    x9_11 U 200260 200257     62
 200356 199576      690.0783    10                    601.2217  2127195                    x7_22 U 200356 200354    134
 200675 199895      686.5544    55                    601.2299  2129757                   x23_26 N 200675 200673     87
 200774 199994      667.0692    53                    601.2299  2132358                   x34_28 U 200774 200772    161
 200863 200083      654.1643    53                    601.2341  2134583                   x12_31 D 200863 200862     88
 200992 200212      716.7461    27                    601.2341  2135976                    x9_14 U 200992 200990    199
 201090 200310      669.3478    12                    601.2399  2137853                    x9_14 U 201090 201088     91
Elapsed time = 7040.64 sec. (10097331.10 ticks, tree = 687.83 MB, solutions = 0)
 201163 200383      725.1249    37                    601.2399  2139306                   x22_20 N 201163 201160    140
 201442 200662      626.1486    51                    601.2434  2141448                   x24_32 U 201442 201441     54
 201538 200758      680.3312     8                    601.2434  2142880                   x33_18 U 201538 201536    128
 201817 201037      612.5525    77                    601.2662  2144957                   x27_22 D 201817 201815     26
 201967 201185      725.8923    24                    601.2662  2146312                   x32_29 N 201967 201965    151
 202202 201416      608.5373    64                    601.2677  2147879                   x23_22 U 202202  82203     22
 202335 201549      656.9052    37                    601.2677  2150202                   x30_14 D 202335 202333    130
 202574 201788      647.7521    39                    601.2710  2152075                   x16_33 D 202574 202573    192
 202750 201964      650.2993    34                    601.2739  2154452                    x6_20 D 202750 202749    138
 202853 202067      615.1156    44                    601.2837  2156536                   x29_23 D 202853 202851     85
Elapsed time = 7148.44 sec. (10251099.34 ticks, tree = 698.43 MB, solutions = 0)
 202961 202175      656.6441    47                    601.2837  2158405                     x0_5 D 202961 202960    171
 203090 202304      711.8590    28                    601.2882  2160489                   x28_17 N 203090 203088     73
 203154 202368      848.5509    33                    601.2882  2162034                    x1_21 N 203154 203152    121
 203405 202619      636.8315    58                    601.2907  2164225                   x26_35 U 203405 203403     20
 203518 202732      700.3527    43                    601.2907  2166206                   x30_21 D 203518 203517    112
 203674 202884      653.3313    30                    601.2924  2167516                   x28_27 D 203674 203673    138
 203909 203119      700.3727    43                    601.2930  2169346                    x32_9 N 203909 203907    100
 204000 203204      616.9581    68                    601.2968  2170089                    x26_1 D 204000 203999     14
 204243 203447      638.7947    24                    601.2992  2172153                     x4_7 N 204243 204240     43
 204380 203582      704.7103    21                    601.2992  2173167                    x28_7 N 204380 204378    161
Elapsed time = 7263.39 sec. (10413883.19 ticks, tree = 707.63 MB, solutions = 0)
 204636 203834      636.6394    28                    601.3009  2175426                   x17_29 N 204636 204634     48
 204733 203931      674.6808    36                    601.3009  2176904                    x0_18 D 204733 204731    123
 204809 204007      617.1156    20                    601.3025  2177625                    x1_27 U 204809 204807     21
 205013 204211      625.8732    75                    601.3057  2179402                   x34_10 D 205013 205011     21
 205091 204289      654.9948    44                    601.3057  2181066                   x35_36 D 205091 205090     75
 205183 204381      808.5781     8                    601.3057  2182456                   x35_34 U 205183 205181    145
 205231 204429      625.1163    57                    601.3108  2183076                   x23_25 N 205231 205230     42
 205480 204678      616.9057    54                    601.3129  2185456                   x33_34 D 205480 205479     85
 205619 204817      627.9493    33                    601.3137  2187073                   x12_33 D 205619 205618     29
 205876 205074      663.2547    45                    601.3147  2189276                    x23_8 D 205876 205874     90
Elapsed time = 7371.85 sec. (10567951.20 ticks, tree = 716.77 MB, solutions = 0)
 205990 205188      727.2811    34                    601.3147  2190767                   x16_10 U 205990 205988    181
 206241 205437      609.4580    87                    601.3169  2193089                   x33_27 D 206241 206239     58
 206336 205532      653.1729    47                    601.3169  2194473                   x35_26 D 206336 206335    131
 206403 205599      610.2024    78                    601.3169  2195403                    x0_23 D 206403 206402     12
 206657 205853      665.8362    22                    601.3169  2197889                   x14_11 D 206657 206656     50
 206759 205955      760.3781    47                    601.3169  2199064                   x32_24 N 206759 206758    128
 206835 206021      702.2773    26                    601.3169  2200373                    x9_34 U 206835 206832     41
 206916 206102      767.9096    27                    601.3169  2201116                    x14_9 N 206916 206915    106
 207033 206215      635.9596    68                    601.3181  2202237                   x29_20 D 207033 207032     66
 207419 206595      646.8061    34                    601.3234  2204421                   x13_31 U 207419 207417     80
Elapsed time = 7483.72 sec. (10721666.85 ticks, tree = 726.14 MB, solutions = 0)
 207562 206738      707.9634     8                    601.3234  2205624                    x8_20 U 207562 207560    202
 207823 206997      637.6339    47                    601.3284  2207562                   x27_23 U 207823 207821     25
 208115 207283      655.8680    55                    601.3288  2209824                    x8_12 D 208115 208114    312
 208275 207441      678.8127     8                    601.3288  2212268                    x3_36 U 208275 208272     60
 208424 207584      638.0008    65                    601.3317  2213627                   x35_23 U 208424 208423     59
 208673 207833      626.0130    22                    601.3381  2215807                    x4_27 U 208673 208671     69
 208826 207986      630.1649    48                    601.3406  2217548                   x25_30 N 208826 208824     74
 208974 208134      669.9726    36                    601.3406  2219564                   x29_12 U 208974 208972    199
 209075 208235      644.4443    18                    601.3429  2221274                    x9_24 U 209075 209073     66
 209170 208330      655.3788    48                    601.3429  2222733                   x25_21 D 209170 209169    140
Elapsed time = 7593.92 sec. (10875700.84 ticks, tree = 736.89 MB, solutions = 0)
 209420 208580      633.6848    71                    601.3581  2225167                   x10_22 D 209420 209419     35
 209493 208653      688.7282    18                    601.3581  2226202                   x17_14 D 209493 209492     84
 209760 208916      659.7373    50                    601.3599  2227598                     x2_4 D 209760 209759    244
 209959 209115      678.8605    36                    601.3641  2229407                   x30_17 D 209959 209957    149
 210250 209406      638.1808    51                    601.3675  2232026                   x34_21 D 210250 210248     45
 210337 209493      736.6749    21                    601.3675  2233471                   x10_13 N 210337 210335    106
 210563 209717      666.9182    51                    601.3705  2234820                   x24_34 D 210563 210562    198
 210682 209836      674.6346    45                    601.3708  2236685                   x17_15 N 210682 210680     65
 210788 209942      723.1708    39                    601.3708  2237454                    x17_7 N 210788 210786    149
 210900 210054      720.9058    18                    601.3741  2238734                    x33_5 U 210900 210898     93
Elapsed time = 7704.09 sec. (11030308.83 ticks, tree = 747.63 MB, solutions = 0)
 210973 210125    infeasible                          601.3741  2239304                     x3_9 N 210973 210971    152
 211081 210229      637.1539    14                    601.3795  2241640                     x8_2 D 211081 211079    106
 211202 210350      611.9936    64                    601.3808  2243331                   x32_24 D 211202  15402     12
 211445 210593      635.3832    26                    601.3822  2245348                     x6_4 N 211445 211444     45
 211528 210676      662.7831    24                    601.3822  2246534                   x29_19 N 211528 211527    113
 211807 210955      607.3339    41                    601.3835  2248475                   x25_23 U 211807 211805     16
 211933 211081      626.0057    53                    601.3835  2250138                     x7_2 D 211933 211931    122
 212186 211334      661.3191    20                    601.3875  2251732                     x1_5 D 212186 212185    226
 212283 211431      640.6512    58                    601.3877  2254558                   x25_30 U 212283 212281     84
 212370 211518      676.1083    37                    601.3877  2255874                   x20_13 D 212370 212368    146
Elapsed time = 7814.53 sec. (11184282.33 ticks, tree = 756.80 MB, solutions = 0)
 212612 211760      624.6663    37                    601.3927  2257801                   x21_22 U 212612 212610     25
 212690 211838      660.2910    14                    601.3927  2259448                   x32_24 D 212690 212687     79
 212812 211960      641.2062    24                    601.4008  2260692                   x29_12 U 212812 212810     21
 212934 212082      705.5544    41                    601.4008  2262023                   x10_30 N 212934 212932    118
 213045 212193      641.1253    32                    601.4051  2263303                   x12_20 U 213045 213042     45
 213143 212291      778.0929    30                    601.4051  2264125                   x21_30 N 213143 213142    123
 213270 212406      628.3508    60                    601.4053  2265069                   x16_27 D 213270 213269     90
 213500 212636      627.4175    52                    601.4060  2267776                    x9_17 U 213500 213498    122
 213656 212792      622.9869    59                    601.4124  2269861                    x9_31 D 213656 213655     78
 213855 212991      653.4075    36                    601.4152  2272253                   x28_25 U 213855 213853     42
Elapsed time = 7922.96 sec. (11338340.39 ticks, tree = 766.11 MB, solutions = 0)
 213964 213100      733.8853    18                    601.4152  2273133                   x19_27 U 213964 213962    129
 214113 213249      636.9616    57                    601.4154  2274257                    x23_4 D 214113 214112    127
 214310 213446      686.4513    50                    601.4200  2276675                   x23_11 D 214310 214309    106
 214408 213544      620.3805    79                    601.4253  2277894                   x34_33 D 214408 214407     24
 214663 213799      639.0578    14                    601.4267  2280202                   x11_10 N 214663 214661     64
 214757 213891      665.9963    39                    601.4267  2281030                    x21_8 D 214757 214756    138
 214872 214004      681.7953    53                    601.4290  2282344                   x20_12 N 214872 214870     62
 214980 214112      737.4782    18                    601.4290  2283585                    x6_15 N 214980 214979    151
 215095 214227      622.9307    54                    601.4297  2286239                    x32_9 U 215095 215094     91
 215180 214312      689.0679    35                    601.4297  2287532                    x21_6 D 215180 215178    157
Elapsed time = 8030.82 sec. (11492057.07 ticks, tree = 774.49 MB, solutions = 0)
 215410 214542      607.6134    74                    601.4495  2289839                    x26_2 D 215410 215408     39
 215520 214652      648.5355    30                    601.4495  2291593                   x12_20 U 215520 215518    123
 215790 214922      648.0654    54                    601.4520  2293589                   x33_10 D 215790 215789    198
 215908 215040      701.4114    39                    601.4526  2295197                   x10_20 N 215908 215905    134
 215973 215103      773.9302    12                    601.4526  2295900                    x13_7 N 215973 215971    185
 216227 215357      633.8984    76                    601.4568  2297818                   x25_27 D 216227 216226     36
 216279 215409      707.5853    21                    601.4568  2298702                   x14_25 D 216279 216278     73
 216364 215494      725.9902    23                    601.4568  2299404                   x17_15 U 216364 216361    143
 216464 215590      625.3746    52                    601.4598  2300414                    x0_32 D 216464 216463     88
 216649 215775      647.8027    22                    601.4620  2302674                   x25_19 U 216649 216647     51
Elapsed time = 8139.46 sec. (11646324.12 ticks, tree = 783.83 MB, solutions = 0)
 216759 215885      682.3269    24                    601.4620  2304148                   x10_28 U 216759 216757    140
 216843 215969      623.2265    56                    601.4679  2305585                   x29_14 D 216843 216841     60
 216954 216080      643.1790    55                    601.4679  2307567                    x0_17 D 216954 216952    146
 217048 216174      641.3161    24                    601.4686  2309279                   x12_20 U 217048 217045     54
 217114 216240      702.2399    26                    601.4686  2310571                   x35_28 N 217114 217112    104
 217333 216459      639.6115    65                    601.4724  2312157                    x8_21 D 217333 217332    146
 217509 216635      648.3885    60                    601.4752  2314295                   x30_35 N 217509 217508    102
 217719 216845      622.2902    54                    601.4788  2316175                   x17_29 D 217719 217718    133
 217893 217019      641.5441    20                    601.4791  2318678                   x32_16 U 217893 217890     90
 217996 217122      713.7407    25                    601.4791  2319417                   x13_27 U 217996 217994    175
Elapsed time = 8249.47 sec. (11800240.18 ticks, tree = 792.49 MB, solutions = 0)
 218242 217368      607.3322    67                    601.4838  2321869                   x33_19 D 218242 218241     48
 218365 217491      673.4241    41                    601.4838  2323834                   x21_16 N 218365 218363    146
 218610 217736      624.9185    61                    601.4947  2325418                   x35_33 U 218610 218608     41
 218720 217846      679.9993    16                    601.4947  2326755                    x28_8 N 218720 218718    125
 218800 217926      683.6081    50                    601.4947  2327584                    x0_20 D 218800 218799    192
 218897 218023      703.1428    47                    601.4955  2329511                   x14_30 N 218897 218896     98
 218980 218100      656.7005    48                    601.4974  2330969                    x23_2 U 218980 218977     47
 219095 218215      743.4304    22                    601.4974  2332429                    x6_34 N 219095 219093    141
 219333 218453      636.4594    50                    601.5006  2334127                   x25_14 D 219333 219332    180
 219501 218621      653.7179    15                    601.5115  2336174                    x8_19 D 219501 219500    137
Elapsed time = 8358.92 sec. (11954642.81 ticks, tree = 802.17 MB, solutions = 0)
 219582 218702      673.2594    54                    601.5115  2337583                   x33_10 D 219582 219581    200
 219834 218954      654.9849    42                    601.5129  2340177                   x29_12 N 219834 219833     32
 219919 219037      717.4892    31                    601.5129  2340955                    x1_12 U 219919 219917     91
 220201 219315      669.4836    53                    601.5145  2342552                   x14_19 N 220201 220200    270
 220294 219408      663.5840    56                    601.5252  2344719                    x6_35 N 220294 220292     83
 220457 219571      625.9992    65                    601.5275  2346369                     x0_4 D 220457 220456     70
 220670 219784      657.2690    48                    601.5324  2348670                    x0_20 D 220670 220668    108
 220768 219882      682.5863    31                    601.5324  2349845                    x25_1 D 220768 220766    190
 220872 219986      643.5570    48                    601.5350  2351830                   x28_35 D 220872 220871     69
 220920 220034      698.8414    11                    601.5350  2352711                    x7_19 N 220920 220918    100
Elapsed time = 8467.91 sec. (12109915.17 ticks, tree = 811.35 MB, solutions = 0)
 221043 220157      625.0190    20                    601.5427  2353821                    x6_25 U 221043 221041     63
 221169 220283      660.3802    43                    601.5427  2354675                    x19_3 U 221169 221167    174
 221437 220551      624.9928    34                    601.5434  2356622                   x10_17 D 221437 221435     77
 221538 220652      676.7411    54                    601.5434  2358400                   x14_11 N 221538 221536    154
 221740 220854      652.0826    45                    601.5441  2360258                   x21_14 D 221740 221739    157
 221860 220974      729.7197    26                    601.5478  2361977                   x35_34 U 221860 221857     50
 222225 221333      650.9795    63                    601.5578  2364364                    x2_23 U 222225 222223     29
 222300 221408      734.4672    42                    601.5578  2365955                   x27_21 D 222300 222299     84
 222620 221722      627.7358    64                    601.5657  2367541                     x8_1 D 222620 222619     63
 222809 221911      617.1659    40                    601.5684  2369179                   x35_22 D 222809 222807     52
Elapsed time = 8577.17 sec. (12264963.34 ticks, tree = 823.61 MB, solutions = 0)
 222867 221969      739.4117     8                    601.5684  2370324                    x26_1 U 222867 222865     92
 222975 222070    infeasible                          601.5684  2371003                    x7_18 D 222975 222973    186
 223061 222154      702.8357     8                    601.5725  2372503                   x17_28 U 223061 223059     67
 223361 222448      694.6283    50                    601.5729  2374201                    x35_4 N 223361 223360    290
 223486 222573      692.6419    14                    601.5745  2375723                   x14_30 U 223486 223484     77
 223554 222641      750.0799    22                    601.5745  2376669                   x23_27 D 223554 223552    130
 223815 222902      611.2533    52                    601.5856  2378596                   x30_25 U 223815 223812     32
 223960 223047      655.8930    43                    601.5856  2380260                   x28_13 D 223960 223958    149
 224063 223150      639.7326    62                    601.5897  2381592                   x35_23 U 224063 224062     79
 224246 223333      658.4376    43                    601.5913  2383343                    x30_6 U 224246 224243     58
Elapsed time = 8682.98 sec. (12418983.13 ticks, tree = 832.97 MB, solutions = 0)
 224353 223440      699.5295    26                    601.5913  2384591                   x15_12 U 224353 224351    144
 224584 223667      655.4822    53                    601.5970  2385941                   x35_14 N 224584 224583    227
 224724 223807      652.6894    27                    601.5983  2388232                   x25_24 D 224724 224722    165
 224841 223924      629.6546    35                    601.6030  2389797                    x23_6 D 224841 224839     48
 224919 224002      690.5514    35                    601.6030  2390478                    x35_6 D 224919 224917    105
 225034 224117      627.7105    55                    601.6062  2391606                    x1_27 D 225034 225032     44
 225157 224240      661.1878    26                    601.6062  2393270                    x8_33 U 225157 225155    145
 225411 224494      608.0181    70                    601.6095  2395405                   x11_22 U 225411 225409     27
 225506 224589      623.3178    44                    601.6095  2397637                    x25_1 D 225506 225504     99
 225730 224813      647.2702    64                    601.6102  2399187                    x25_8 D 225730 225729    177
Elapsed time = 8787.85 sec. (12572672.52 ticks, tree = 842.74 MB, solutions = 0)
 225905 224988      663.9166    28                    601.6110  2401091                     x7_8 D 225905 225903     98
 226100 225183      666.4542    52                    601.6134  2402444                   x30_14 D 226100 226099    112
 226271 225354      649.5246    21                    601.6199  2403694                    x28_3 D 226271 226270     83
 226504 225587      677.8484    52                    601.6226  2405224                   x28_23 D 226504 226503    119
 226708 225791      635.1275    35                    601.6237  2407877                    x9_14 U 226708 226705    150
 226841 225924      612.6754    63                    601.6318  2409711                   x22_33 U 226841 226838     44
 226940 226023      657.1754    39                    601.6318  2411900                   x30_14 U 226940 226938    118
 227030 226113      615.2160    89                    601.6319  2413632                   x10_27 D 227030 227029     35
 227309 226387      762.7425    18                    601.6330  2415297                    x4_28 N 227309 227308    297
 227414 226486      633.4604    52                    601.6333  2417322                    x6_35 D 227414 227412     91
Elapsed time = 8895.30 sec. (12726576.90 ticks, tree = 853.86 MB, solutions = 0)
 227502 226574      694.3257    33                    601.6333  2418990                   x14_22 N 227502 227500    159
 227555 226622      606.3370    70                    601.6357  2419525                   x33_36 D 227555 227554     15
 227845 226912      637.4169    59                    601.6416  2422474                   x24_32 D 227845 227843     48
 227986 227053      692.8433    31                    601.6416  2424090                    x7_12 N 227986 227984    171
 228225 227292      620.4369    46                    601.6470  2426482                    x33_7 U 228225 228222     44
 228340 227407      632.1820    71                    601.6470  2428439                   x21_15 D 228340 228339    140
 228482 227549      634.0756    59                    601.6498  2430613                    x33_5 D 228482 228481    108
 228648 227715      684.3269    44                    601.6536  2432848                    x21_9 U 228648 228645     45
 228739 227802    infeasible                          601.6536  2433453                   x18_17 D 228739 228737    119
 228788 227849      733.1844    18                    601.6585  2434682                   x16_10 U 228788 228786     44
Elapsed time = 9005.84 sec. (12879923.23 ticks, tree = 865.39 MB, solutions = 0)
 228868 227927      797.9985    25                    601.6585  2435383                    x6_13 N 228868 228867    113
 228941 227996    infeasible                          601.6585  2435808                    x1_17 U 228941 228939    175
 229077 228132      669.6088    53                    601.6656  2437604                   x20_10 D 229077 229076    126
 229170 228225      842.5548    20                    601.6656  2438464                    x32_9 U 229170 229169    204
 229407 228462      613.3318    72                    601.6706  2439951                   x33_27 U 229407 229405     21
 229503 228558      702.7281    53                    601.6706  2441604                   x29_26 D 229503 229501     94
 229588 228643      784.5556    12                    601.6706  2442584                    x4_21 N 229588 229586    162
 229822 228877      633.3435    49                    601.6751  2444889                   x24_32 D 229822 229820     49
 229927 228982      640.9913    41                    601.6751  2445967                   x28_16 D 229927 229926    133
 230118 229173      645.8993    50                    601.6758  2447292                   x25_14 D 230118 230117    130
Elapsed time = 9112.37 sec. (13034733.55 ticks, tree = 874.28 MB, solutions = 0)
 230278 229333      632.5685    54                    601.6760  2449734                   x12_10 U 230278 230275     75
 230400 229449      636.1347    63                    601.6779  2451061                    x7_36 D 230400 230399     93
 230672 229721      636.8589    38                    601.6796  2453394                    x6_27 U 230672 230670     77
 230763 229812      685.8718    45                    601.6796  2454588                   x29_17 N 230763 230760    146
 230904 229953      654.3761    46                    601.6858  2456227                    x35_8 U 230904 230902    106
 231035 230084      627.3719    31                    601.6889  2457499                   x14_17 N 231035 231033     40
 231159 230208      656.0623    48                    601.6889  2459082                   x30_18 D 231159 231157    145
 231422 230471      617.2554    66                    601.6938  2460937                    x0_28 D 231422 231420     84
 231571 230620      661.7298    24                    601.6938  2463055                     x7_1 U 231571 231569    208
 231802 230851      618.9807    45                    601.6945  2464465                    x0_22 U 231802  19410     17
Elapsed time = 9221.61 sec. (13189077.23 ticks, tree = 885.60 MB, solutions = 0)
 231957 231004      692.7083    12                    601.6945  2466113                   x18_20 U 231957 231955    147
 232060 231107      617.5303    68                    601.6955  2466984                   x33_35 D 232060 232059     75
 232247 231294      647.2951    42                    601.6958  2469016                   x21_17 D 232247 232245     68
 232370 231417      718.5415    33                    601.6958  2470466                    x11_6 D 232370 232369    173
 232620 231667      623.7234    52                    601.7001  2472336                   x21_10 U 232620 232618     30
 232720 231765      670.6320    40                    601.7001  2473396                   x11_16 D 232720 232719    109
 232840 231885      679.4338     8                    601.7051  2474820                     x0_6 N 232840 232838     46
 232939 231984      697.9539    10                    601.7051  2475768                    x28_5 U 232939 232937    131
 233047 232092      675.5259    56                    601.7054  2477357                   x26_12 U 233047 233045     47
 233234 232275      647.9962    60                    601.7092  2479110                   x22_13 D 233234 233233    158
Elapsed time = 9331.17 sec. (13344475.42 ticks, tree = 895.25 MB, solutions = 0)
 233445 232486      655.3736    31                    601.7114  2481133                   x24_13 N 233445 233443     63
 233548 232589      689.9244    18                    601.7114  2482438                    x2_18 D 233548 233547    147
 233794 232835      662.0132    42                    601.7119  2483808                   x24_32 U 233794 233793    214
 233865 232906      680.0797    12                    601.7143  2485350                   x14_10 U 233865 233862     63
 233910 232951      747.0347    39                    601.7143  2486203                    x4_36 D 233910 233909     96
 234112 233149      664.2276    67                    601.7163  2487472                   x33_17 D 234112 234111    187
 234258 233295      697.2309    22                    601.7247  2489049                   x20_16 N 234258 234256     57
 234357 233390      798.3261    32                    601.7247  2489842                   x13_16 D 234357 234356    138
 234477 233504      621.4815    44                    601.7287  2490625                    x1_27 D 234477 234476    102
 234647 233674      691.7535    14                    601.7307  2492745                    x27_7 D 234647 234645     46
Elapsed time = 9443.74 sec. (13498438.17 ticks, tree = 904.78 MB, solutions = 0)
 234706 233733      828.9458    29                    601.7307  2493654                   x19_28 U 234706 234704     92
 234749 233772      627.4794    58                    601.7314  2494478                   x11_10 U 234749 234747     28
 234834 233857      710.1373    31                    601.7314  2495719                   x24_17 N 234834 234832     92
 234937 233960      789.7610    21                    601.7314  2496174                   x14_30 D 234937 234935    183
 235035 234054      655.2557    19                    601.7360  2498085                   x14_16 U 235035 235032    120
 235137 234154      719.4724    28                    601.7360  2499018                    x29_2 N 235137 235136    208
 235340 234353      657.9069    62                    601.7378  2500277                    x33_5 D 235340 235339    188
 235465 234478      660.0150    47                    601.7405  2501548                    x0_13 D 235465 235463     61
 235539 234552      709.4855    45                    601.7405  2502245                    x2_12 D 235539 235538    120
 235662 234675      656.7405    25                    601.7441  2503348                   x14_11 D 235662 235661     72
Elapsed time = 9549.72 sec. (13653230.17 ticks, tree = 911.68 MB, solutions = 0)
 235850 234863      614.4782    68                    601.7459  2505129                   x33_28 D 235850 235849     50
 236000 235013      678.0181    32                    601.7459  2506449                    x25_2 U 236000 235998    178
 236238 235251      656.5059    42                    601.7496  2508920                   x21_11 N 236238 236236     43
 236294 235307      728.4446    18                    601.7496  2509487                   x11_24 U 236294 236292     79
 236372 235385      769.5184    23                    601.7496  2510352                    x11_8 N 236372 236370    143
 236583 235596      685.4436    30                    601.7496  2511838                   x16_28 D 236583 236582    198
 236719 235732      689.0975    38                    601.7504  2514017                   x31_13 N 236719 236717    115
 236781 235794      786.2482    34                    601.7504  2514932                   x21_20 N 236781 236780    162
 236863 235876      643.1195    61                    601.7520  2516596                    x25_7 U 236863 236861     66
 236940 235953      655.9531    61                    601.7520  2518804                   x13_24 U 236940 236939    126
Elapsed time = 9663.31 sec. (13809885.99 ticks, tree = 920.52 MB, solutions = 0)
 237038 236051      635.3888    28                    601.7572  2520980                    x31_9 D 237038 237037     59
 237146 236159      723.8059    34                    601.7572  2522045                   x13_17 U 237146 237144    150
 237332 236345      653.7251    57                    601.7598  2523560                     x9_6 D 237332 237331    140
 237481 236494      674.1783    32                    601.7613  2525783                   x17_28 N 237481 237480     75
 237654 236661      656.0996    71                    601.7637  2527166                   x21_30 D 237654 237653    154
 237875 236882      672.4941    28                    601.7702  2529478                   x27_28 N 237875 237873     70
 237990 236997      674.6648    42                    601.7702  2530326                   x17_27 D 237990 237989    173
 238250 237257      627.9005    34                    601.7741  2532590                   x25_28 U 238250 238248     54
 238316 237321      672.0070    19                    601.7741  2533373                    x7_19 D 238316 238315    102
 238444 237449      619.3773    62                    601.7748  2534033                    x32_9 U 238444 238443     64
Elapsed time = 9776.29 sec. (13965677.79 ticks, tree = 930.93 MB, solutions = 0)
 238626 237631      632.3475    34                    601.7767  2535824                    x23_3 D 238626 238624     35
 238691 237696      680.2866    18                    601.7767  2536973                   x11_28 U 238691 238689     84
 238777 237778    infeasible                          601.7767  2537536                    x14_3 U 238777 238775    155
 238867 237868      692.2501     8                    601.7793  2538910                     x4_1 U 238867 238864     86
 238932 237933      759.4387    10                    601.7793  2539368                    x19_3 U 238932 238930    138
 239071 238072      632.1229    39                    601.7818  2540825                   x17_28 U 239071 239069     78
 239131 238128      773.0423    16                    601.7818  2541901                   x28_31 N 239131 239128    123
 239200 238191      618.9247    70                    601.7827  2542405                   x21_24 D 239200 239199     71
 239441 238432      634.1584    56                    601.7883  2544428                   x21_11 D 239441 239439     55
 239520 238511      666.9531    34                    601.7883  2545685                   x28_14 N 239520 239518    111
Elapsed time = 9885.14 sec. (14122099.87 ticks, tree = 938.38 MB, solutions = 0)
 239620 238605      639.2319    61                    601.7925  2546680                   x31_35 D 239620 239619     86
 239842 238827      657.0184    20                    601.7942  2548659                    x12_9 U 239842 239840     40
 239922 238901      620.4236    65                    601.7945  2549705                   x34_21 U 239922 239921     54
 240211 239190      619.2831    64                    601.7956  2551319                     x0_6 D 240211 240210     58
 240320 239299      654.2248    53                    601.7956  2553492                   x16_28 D 240320 240319    147
 240431 239410      631.7826    48                    601.7974  2554735                   x33_35 D 240431 240430     37
 240650 239629      652.8776    53                    601.7988  2557004                    x25_8 D 240650 240649     42
 240754 239729      634.7491    31                    601.8094  2558467                   x11_20 N 240754 240752     49
 240847 239822      680.2517    26                    601.8094  2559447                   x17_13 U 240847 240845    127
 241016 239985      636.5900    62                    601.8102  2560713                   x26_33 U 241016 241014     29
Elapsed time = 9994.66 sec. (14276725.15 ticks, tree = 948.76 MB, solutions = 0)
 241103 240072      689.8035    22                    601.8102  2562372                   x17_14 N 241103 241101     94
 241156 240125      728.7442    26                    601.8102  2562795                    x8_12 N 241156 241155    135
 241445 240414      629.3384    36                    601.8149  2565135                   x21_10 U 241445 241442     57
 241557 240526      680.4889    10                    601.8149  2566339                     x7_1 D 241557 241556    147
 241669 240638      629.4736    45                    601.8252  2567209                    x8_28 D 241669 241668     81
 241869 240838      673.8030    44                    601.8280  2569165                     x6_4 N 241869 241867     67
 241943 240912      719.7050    20                    601.8280  2569921                   x23_27 D 241943 241942    123
 242202 241171      618.5589    48                    601.8292  2571393                   x34_22 U 242202  45803     16
 242304 241273      664.8590    39                    601.8292  2572905                   x10_15 D 242304 242302     94
 242394 241363      824.8121    10                    601.8292  2573681                     x4_6 N 242394 242393    167
Elapsed time = 10101.18 sec. (14430717.54 ticks, tree = 958.51 MB, solutions = 0)
 242649 241618      637.0545    39                    601.8328  2576029                    x5_19 U 242649 242647    108
 242748 241717      665.2436    43                    601.8328  2577521                   x19_12 D 242748 242747    186
 242830 241799      627.0687    41                    601.8332  2578642                   x12_29 D 242830 242828     35
 242883 241852      699.0080    31                    601.8332  2580050                    x6_36 D 242883 242882     68
 242955 241924      810.2371     8                    601.8332  2580649                    x6_24 D 242955 242954    126
 243008 241973      652.4232    13                    601.8388  2581751                   x19_26 D 243008 243007     37
 243122 242087      673.5826    41                    601.8388  2582786                   x30_31 N 243122 243121    136
 243200 242159      609.7066    43                    601.8418  2583513                    x0_22 D 243200 243199     39
 243450 242409      633.4122    36                    601.8472  2586020                   x16_14 U 243450 243448     57
 243552 242511      693.5769     8                    601.8472  2587144                    x28_2 N 243552 243550    141
Elapsed time = 10209.15 sec. (14585887.05 ticks, tree = 966.69 MB, solutions = 0)
 243732 242691      620.4454    73                    601.8492  2588497                   x32_26 D 243732 243731    143
 243864 242823      689.7006    19                    601.8504  2589877                   x33_30 U 243864 243862     69
 244047 243002      655.8472    53                    601.8556  2591457                   x23_10 N 244047 244046    122
 244250 243205      652.3482    41                    601.8585  2593446                    x6_25 N 244250 244249     44
 244335 243290      771.4953    28                    601.8585  2594215                     x6_4 N 244335 244334    112
 244611 243560      617.1211    65                    601.8607  2595870                   x33_35 N 244611 244610     15
 244696 243645      655.7239    24                    601.8607  2596842                   x17_11 U 244696 244694     76
 244801 243750      688.8720    14                    601.8607  2597501                   x25_19 U 244801 244799    166
 244874 243823      680.5818    41                    601.8632  2599138                   x13_35 D 244874 244872     68
 244981 243928      829.7163    12                    601.8632  2599882                    x3_13 U 244981 244979    159
Elapsed time = 10319.29 sec. (14741043.94 ticks, tree = 976.82 MB, solutions = 0)
 245045 243990      638.2640    22                    601.8640  2601062                   x20_10 D 245045 245044     51
 245118 244063      684.3891    44                    601.8640  2601946                   x17_33 U 245118 245116    104
 245210 244153      619.3816    76                    601.8688  2602832                   x33_21 D 245210 245209     25
 245447 244390      650.5486    10                    601.8714  2604869                   x11_22 D 245447 245446     56
 245529 244472      687.2491    21                    601.8714  2606010                    x34_9 U 245529 245527    120
 245624 244567      617.7173    63                    601.8790  2606763                    x0_19 D 245624 245623     41
 245831 244774      646.5018    58                    601.8801  2608779                   x25_15 U 245831 245828     55
 245975 244918      660.9747    28                    601.8801  2609815                    x8_27 D 245975 245974    179
 246229 245172      631.8655    42                    601.8822  2612179                    x2_27 U 246229 246227     49
 246321 245264      763.3386    20                    601.8822  2613282                   x17_36 N 246321 246319    117
Elapsed time = 10427.97 sec. (14896041.66 ticks, tree = 986.42 MB, solutions = 0)
 246400 245337      623.0538    40                    601.8843  2613864                   x30_35 D 246400 246399     59
 246645 245582      639.1787    34                    601.8868  2615923                   x24_14 U 246645 246643     39
 246738 245675      716.1285    10                    601.8868  2616677                   x13_30 D 246738 246736    116
 246773 245708      813.1650    29                    601.8868  2616993                   x20_18 D 246773 246771    140
 246800 245729      628.7779    32                    601.8874  2617567                     x0_2 D 246800 246799     27
 246867 245796      681.9582    39                    601.8874  2618534                   x29_23 N 246867 246865     76
 246956 245885      725.9872    31                    601.8874  2619293                    x6_25 N 246956 246954    154
 247027 245956      662.9748    55                    601.8892  2620265                   x12_35 N 247027 247025     41
 247096 246025      713.9623    52                    601.8892  2621828                    x4_26 D 247096 247094     91
 247200 246125      623.7449    51                    601.8903  2622806                   x29_20 D 247200 247199    100
Elapsed time = 10536.77 sec. (15051839.09 ticks, tree = 992.66 MB, solutions = 0)
 247452 246377      635.4372    33                    601.8949  2625000                     x0_6 U 247452 247450     77
 247600 246525      661.5172    41                    601.8949  2626549                    x19_2 D 247600 247599    200
 247850 246775      632.2271    31                    601.8987  2628976                   x29_22 D 247850 247849     67
 247926 246851      683.9293    12                    601.8987  2629829                   x12_28 U 247926 247924    127
 248000 246925      727.6343    29                    601.8987  2630224                    x9_35 D 248000 247999    188
 248248 247173      657.9640    49                    601.9164  2632626                   x28_17 U 248248 248246     56
 248324 247249      684.8499    40                    601.9164  2633660                   x14_30 N 248324 248323    114
 248473 247396      629.9684    55                    601.9166  2634689                    x0_18 D 248473 248472    142
 248675 247596      671.9911    10                    601.9264  2636456                    x27_5 D 248675 248674     70
 248790 247711      821.9981    17                    601.9264  2637161                   x18_34 N 248790 248788    166
Elapsed time = 10644.67 sec. (15206122.12 ticks, tree = 1004.17 MB, solutions = 0)
 248830 247747      649.1023     8                    601.9266  2637998                   x17_28 D 248830 248828     41
 248970 247887      686.1947    41                    601.9266  2639171                    x2_19 D 248970 248969    166
 249067 247984      631.3588    20                    601.9284  2640751                     x8_3 U 249067 249064     63
 249176 248093      642.6418    14                    601.9284  2642637                    x9_14 U 249176 249174    153
 249414 248331      629.3728    16                    601.9351  2644295                    x9_14 U 249414 249412     21
 249479 248396      672.3197    26                    601.9351  2644950                    x4_27 U 249479 249477     70
 249565 248482      722.1268    30                    601.9351  2645529                    x4_17 D 249565 249564    146
 249823 248740      629.3260    59                    601.9367  2647498                   x12_33 U 249823 249821     48
 249896 248813      709.3683    26                    601.9367  2648908                     x7_2 N 249896 249894    105
 249985 248896      623.1124    40                    601.9376  2649579                   x20_10 D 249985 249984     44
Elapsed time = 10753.54 sec. (15360970.00 ticks, tree = 1012.84 MB, solutions = 0)
 250265 249176      678.3512    26                    601.9384  2651249                    x27_1 N 250265 250263     66
 250340 249251      698.4606    30                    601.9384  2652050                     x3_7 D 250340 250339    128
 250483 249394      632.3944    28                    601.9392  2653374                   x16_13 N 250483 250482     92
 250668 249579      669.4817    30                    601.9398  2654987                   x13_31 N 250668 250667     63

Zero-half cuts applied:  4
Gomory fractional cuts applied:  2
User cuts applied:  56000

Root node processing (before b&c):
  Real time             =    0.22 sec. (119.20 ticks)
Sequential b&c:
  Real time             = 10799.97 sec. (15424488.92 ticks)
                          ------------
Total (root+branch&cut) = 10800.19 sec. (15424608.12 ticks)
