Version identifier: 22.1.0.0 | 2022-03-09 | 1a383f8ce
CPXPARAM_Preprocessing_Reduce                    1
CPXPARAM_Threads                                 1
CPXPARAM_Preprocessing_Reformulations            0
CPXPARAM_TimeLimit                               10800
CPXPARAM_MIP_Tolerances_AbsMIPGap                0.999
CPXPARAM_MIP_Limits_TreeMemory                   20000
Legacy callback                                  BbLUID
         Disabling repeat represolve because of lazy constraint/incumbent callback.
Tried aggregator 1 time.
MIP Presolve eliminated 2144 rows and 0 columns.
MIP Presolve modified 385 coefficients.
Reduced MIP has 479 rows, 1940 columns, and 6793 nonzeros.
Reduced MIP has 1940 binaries, 0 generals, 0 SOSs, and 0 indicators.
Presolve time = 0.00 sec. (4.73 ticks)
Probing time = 0.00 sec. (2.72 ticks)
Clique table members: 479.
MIP emphasis: balance optimality and feasibility.
MIP search method: traditional branch-and-cut.
Parallel mode: none, using 1 thread.
Root relaxation solution time = 0.00 sec. (1.33 ticks)

        Nodes                                         Cuts/
   Node  Left     Objective  IInf  Best Integer    Best Bound    ItCnt     Gap         Variable B NodeID Parent  Depth

      0     0      786.9515    42                    729.5648       88         
      0     0      807.6669    67                    Cuts: 17      101         
      0     0      819.5205    37                     Cuts: 9      135         
      0     0      822.8858    28                    User: 11      151         
      0     0      822.9830    78                     User: 4      152         
      0     0      823.7835    76                    User: 10      165         
      0     0      823.8243    83                     User: 2      174         
      0     0      824.5064    81                     Cuts: 5      188         
      0     0      826.6534    83                     User: 1      211         
      0     0      827.3947    74                     Cuts: 3      222         
      0     0      827.9795    78                     Cuts: 5      239         
      0     0      828.7688    87                     Cuts: 5      251         
      0     0      828.9019   114                     User: 6      259         
      0     0      828.9269   109                     User: 5      262         
      0     0      829.4503   106                     User: 2      285         
      0     0      830.2232    77                     User: 5      306         
      0     0      830.2372    77                     User: 1      308         
      0     0      830.2415    97                     User: 1      316         
      0     0      830.3169   108                     User: 7      327         
      0     2      830.3564   110                    830.4495      327                                 0             0
Elapsed time = 0.40 sec. (732.79 ticks, tree = 0.01 MB, solutions = 0)
      3     5      843.4632   101                    832.0680      522                   x37_29 N      3      1      2
     21    23      847.4443    68                    833.7666     1249                   x32_33 N     21     19     13
     40    42      871.8939    68                    833.7666     2038                    x6_45 N     40     38     25
     60    60      866.6880    51                    833.7666     2666                   x40_32 D     60     59     40
     77    77      896.3168     8                    833.7666     3183                   x32_24 U     77     76     51
    100   100      916.7621    43                    833.7666     3617                     x2_3 N    100     99     69
    120   120      926.1041    47                    833.7666     3939                   x20_31 D    120    119     85
    136   136     1040.8847    16                    833.7666     4120                   x20_26 U    136    135     98
    145   145     1162.2944    12                    833.7666     4171                    x28_3 D    145    144    106
    200   197      862.4036    38                    833.7748     5261                   x12_44 D    200    199     33
Elapsed time = 1.94 sec. (4178.81 ticks, tree = 0.37 MB, solutions = 0)
    250   247      910.4261    47                    833.7748     6300                   x12_31 U    250    249     68
    331   322      872.8158    51                    833.9269     7891                    x2_35 N    331    329     60
    374   363      938.7785    39                    833.9269     9235                    x34_4 N    374    372     89
    410   397      845.4532    50                    834.1156    10350                   x17_15 U    410    409     13
    480   467      890.2838    34                    834.1156    11720                   x13_41 N    480    479     83
    523   510      912.6637    72                    834.1156    12453                   x28_13 D    523    522    126
    566   553     1039.8185    43                    834.1156    13428                    x2_32 N    566    565    169
    600   587     1060.8188    40                    834.1156    14007                     x3_2 D    600    599    203
    660   647      870.4348    39                    834.5024    15703                     x2_5 N    660    659     49
    700   687      913.4182    37                    834.5024    17543                    x5_21 D    700    698     81
Elapsed time = 6.61 sec. (14014.82 ticks, tree = 1.60 MB, solutions = 0)
    747   734      931.8410    32                    834.5024    18269                   x33_11 D    747    746    120
    785   772     1088.2721    55                    834.5024    19199                   x40_12 N    785    784    152
    802   789      837.7533   113                    835.2519    19865                    x0_32 N    802      0      1
    851   838      888.2593    77                    835.2519    21813                   x21_17 D    851    850     34
    900   887      961.6057     8                    835.2519    22782                   x43_31 U    900    898     69
    931   918      976.5447    16                    835.2519    23754                   x15_40 D    931    929     93
    967   954     1005.2085    12                    835.2519    24233                    x1_25 U    967    966    121
   1009   996      860.6809    78                    835.3493    25356                   x42_44 N   1009   1007     11
   1041  1028      887.8736    42                    835.3493    26395                   x38_40 N   1041   1040     36
   1075  1062      975.0059    31                    835.3493    27763                   x36_29 N   1075   1074     58
Elapsed time = 11.30 sec. (23835.78 ticks, tree = 2.13 MB, solutions = 0)
   1109  1096     1020.0578    51                    835.3493    28504                   x28_33 D   1109   1107     84
   1148  1135     1059.0719    42                    835.3493    29167                    x5_34 D   1148   1147    114
   1179  1166     1137.5014    17                    835.3493    29841                   x28_12 N   1179   1177    137
   1225  1208      886.6569    41                    835.4291    31371                   x40_28 N   1225   1224     43
   1280  1263      917.0219    80                    835.4291    32213                   x33_12 D   1280   1279     98
   1337  1320      980.1296    26                    835.4291    33126                    x5_32 N   1337   1336    155
   1352  1335     1110.8213    20                    835.4291    33661                    x10_8 N   1352   1351    170
   1383  1366     1232.8809    28                    835.4291    34136                   x25_13 D   1383   1382    201
   1410  1393      858.0145    73                    836.3185    34805                   x28_40 D   1410   1409     12
   1446  1429      900.7978    22                    836.3185    36349                   x41_28 N   1446   1443     34
Elapsed time = 16.18 sec. (33692.82 ticks, tree = 2.65 MB, solutions = 0)
   1475  1458      967.6998    52                    836.3185    37311                   x29_37 U   1475   1473     53
   1502  1485     1016.4258    49                    836.3185    37871                   x13_41 D   1502   1500     73
   1531  1514     1039.1551    60                    836.3185    38634                   x27_30 N   1531   1530     95
   1558  1541     1062.6574     6                    836.3185    39173                    x13_3 U   1558   1557    116
   1581  1564     1176.7806    35                    836.3185    39748                   x11_38 D   1581   1580    132
   1611  1594      857.6511    59                    836.8733    40389                   x42_44 D   1611   1610     12
   1694  1677      909.3306     8                    836.8733    41686                   x41_23 U   1694   1693     95
   1733  1716      979.2145    41                    836.8733    42632                    x5_39 N   1733   1732    134
   1768  1751     1060.7566    21                    836.8733    43076                   x18_28 U   1768   1767    169
   1800  1783     1118.3166    46                    836.8733    43644                    x6_19 N   1800   1799    201
Elapsed time = 21.35 sec. (43691.27 ticks, tree = 5.67 MB, solutions = 0)
   1838  1821      875.3788    70                    837.1243    44922                     x2_5 D   1838   1837     32
   1882  1865      921.1225    43                    837.1243    46310                    x0_31 N   1882   1881     65
   1918  1901      945.0852    42                    837.1243    47495                   x44_36 D   1918   1916     94
   1945  1928     1017.8133    19                    837.1243    48218                   x39_13 U   1945   1943    116
   1972  1955     1043.7401    46                    837.1243    48843                    x14_9 D   1972   1971    138
   1993  1976     1161.5169    14                    837.1243    49283                    x7_12 N   1993   1991    153
   2026  2009      866.5273    71                    837.1430    50416                   x42_32 N   2026   2025     33
   2115  2098      926.6496    54                    837.1430    51811                   x17_19 N   2115   2114    122
   2160  2143      951.4057    79                    837.1430    52541                    x14_9 D   2160   2159    167
   2212  2195      853.9610    51                    837.7758    53255                   x41_28 D   2212   2211     17
Elapsed time = 26.47 sec. (53478.13 ticks, tree = 6.52 MB, solutions = 0)
   2246  2229      899.2370    50                    837.7758    54943                   x30_34 N   2246   2244     38
   2270  2253      902.1496    32                    837.7758    55656                    x5_34 D   2270   2269     55
   2293  2276      935.6439    83                    837.7758    56692                    x2_39 N   2293   2292     71
   2324  2307      958.7326    28                    837.7758    57979                     x5_2 N   2324   2322     94
   2341  2324      970.3365    63                    837.7758    58684                     x2_9 D   2341   2340    106
   2368  2349    infeasible                          837.7758    59310                   x27_38 N   2368   2366    126
   2400  2379      886.4205    79                    838.1949    60421                   x31_21 D   2400   2399     32
   2490  2469      932.2340    48                    838.1949    61974                   x18_17 N   2490   2489    122
   2530  2509      971.1770    61                    838.1949    62879                   x29_37 U   2530   2529    162
   2584  2563     1003.1889    63                    838.1949    63461                    x2_31 N   2584   2583    216
Elapsed time = 31.44 sec. (63490.85 ticks, tree = 7.40 MB, solutions = 0)
   2626  2605      882.3431    52                    838.2658    64581                   x12_44 N   2626   2623     28
   2667  2646      902.6196    22                    838.2658    65827                    x21_1 N   2667   2666     59
   2690  2669      918.0770    54                    838.2658    66950                   x12_43 D   2690   2689     74
   2723  2702      932.5640    53                    838.2658    68216                   x35_38 D   2723   2722     99
   2747  2726      948.3692    30                    838.2658    69087                    x6_30 U   2747   2745    116
   2780  2759      976.5246    44                    838.2658    70185                   x45_32 N   2780   2779    144
   2802  2781      850.7417    59                    839.2192    70705                   x33_34 N   2802    803      3
   2837  2816      892.7151    69                    839.2192    71985                   x40_33 N   2837   2834     26
   2880  2859      913.5861    26                    839.2192    72888                   x20_17 D   2880   2878     59
   2905  2884      947.4589    42                    839.2192    73329                    x16_4 N   2905   2903     74
Elapsed time = 36.44 sec. (73578.87 ticks, tree = 8.40 MB, solutions = 0)
   2931  2910      978.9267    27                    839.2192    73804                   x29_37 N   2931   2930     94
   2956  2935      988.6447    40                    839.2192    74370                   x14_13 U   2956   2954    113
   2974  2953     1089.4692    36                    839.2192    74893                    x5_39 N   2974   2972    125
   2992  2971     1175.6254     8                    839.2192    75096                    x3_23 U   2992   2991    140
   3054  3025      894.5650    46                    839.7983    76254                   x28_22 D   3054   3053     63
   3096  3067      953.7650    68                    839.7983    77319                    x2_41 N   3096   3095    105
   3120  3091      968.6654    54                    839.7983    77839                   x33_38 D   3120   3119    129
   3160  3131      995.2097    34                    839.7983    78275                   x38_41 N   3160   3159    169
   3200  3171     1060.2703    31                    839.7983    78774                   x12_32 D   3200   3199    209
   3222  3189      871.9148    53                    839.8123    79650                   x30_45 N   3222   3220     19
Elapsed time = 40.95 sec. (83712.43 ticks, tree = 9.11 MB, solutions = 0)
   3250  3217      896.2532    41                    839.8123    80543                   x26_45 N   3250   3247     39
   3273  3240      906.8434    54                    839.8123    81161                   x39_35 U   3273   3272     56
   3312  3279      918.8885    42                    839.8123    81881                   x23_46 D   3312   3311     89
   3338  3305      927.1248    55                    839.8123    82808                   x26_46 D   3338   3337    111
   3365  3332      982.8528    17                    839.8123    83463                   x12_44 U   3365   3363    134
   3392  3359      990.5516    40                    839.8123    83918                    x28_2 N   3392   3390    158
   3410  3377     1016.3664    49                    839.8123    84492                    x12_9 N   3410   3408    171
   3427  3394      966.8890    13                    839.8123    84615                    x3_26 D   3427   3426    185
   3446  3413      998.0472    31                    839.8123    84886                     x4_5 N   3446   3445    201
   3600  3561      935.9998    68                    840.5852    88291                    x1_24 D   3600   3599    151
Elapsed time = 46.58 sec. (96720.79 ticks, tree = 10.46 MB, solutions = 0)
   3742  3703     1221.8097    35                    840.5852    90653                     x2_9 N   3742   3741    293
   3814  3772      878.6543    71                    840.9673    92856                     x5_2 N   3814   3812     40
   3901  3859      968.6497    41                    840.9673    95582                   x33_11 N   3901   3899    105
   3999  3957      994.5648    43                    840.9673    97396                   x18_26 N   3999   3998    187
   4209  4167      858.0296    50                    841.6231   102365                   x12_44 D   4209   4207     11
   4262  4220      952.5434    27                    841.6231   106082                   x28_22 N   4262   4260     44
   4323  4281      972.2520    48                    841.6231   109328                   x24_21 U   4323   4321     88
   4438  4396      882.3455    75                    841.6740   111833                   x41_19 D   4438   4437     43
   4561  4519     1036.0487    31                    841.6740   114561                   x40_28 N   4561   4560    166
   4684  4640      901.4928    33                    841.9703   117935                     x4_3 U   4684   4682     65
Elapsed time = 63.89 sec. (135399.32 ticks, tree = 15.53 MB, solutions = 0)
   4785  4741     1035.6706    18                    841.9703   119810                   x10_44 N   4785   4782    148
   4837  4793     1235.5527    24                    841.9703   120713                    x27_4 N   4837   4835    185
   4893  4841      938.8565    31                    842.0297   122755                   x41_22 N   4893   4891     37
   4958  4906      948.2356    10                    842.0297   124570                     x4_2 D   4958   4957     86
   5061  5009     1075.5895    11                    842.0297   125959                    x41_3 U   5061   5059    176
   5136  5084     1282.5223    25                    842.0297   126699                    x5_27 N   5136   5134    233
   5324  5267     1000.2872    44                    842.2476   131107                    x0_40 N   5324   5323    192
   5454  5397      939.9737    34                    842.2756   134688                   x12_40 N   5454   5452     48
   5527  5468      957.4545    54                    842.2756   137404                    x6_41 N   5527   5526    105
   5587  5526     1128.2551    17                    842.2756   139385                    x3_26 D   5587   5586    151
Elapsed time = 80.14 sec. (174044.94 ticks, tree = 18.70 MB, solutions = 0)
   5747  5684      913.0052    52                    842.2764   142470                   x18_34 N   5747   5746    154
   5848  5785      881.5969    54                    842.3213   144960                   x20_23 U   5848   5846     42
   5910  5847      934.4841    33                    842.3213   147212                   x14_13 D   5910   5908     86
   6011  5948      873.3716    82                    842.3341   149171                   x30_46 D   6011   6010     24
   6208  6145      869.1439    59                    842.5250   153185                   x42_44 U   6208   6206     15
   6264  6201      917.6920    37                    842.5250   156368                    x23_1 U   6264   6262     50
   6344  6281     1021.2153    52                    842.5250   158338                    x38_1 D   6344   6342    116
   6426  6363      871.5232    60                    842.8499   160069                   x22_21 U   6426   6425     32
   6581  6518      986.4023    28                    842.8499   161897                    x35_6 D   6581   6580    187
   6645  6582      978.0925    34                    842.8696   164624                   x29_12 N   6645   6643     36
Elapsed time = 98.77 sec. (212500.15 ticks, tree = 21.68 MB, solutions = 0)
   6694  6631     1063.1800    16                    842.8696   166180                    x6_11 D   6694   6693     70
   6760  6697     1138.7097    28                    842.8696   167207                   x19_21 N   6760   6758    122
   6816  6751      878.4192    71                    842.9583   169096                    x26_5 N   6816   6814     13
   6863  6798      946.4547    49                    842.9583   171634                   x27_30 N   6863   6860     43
   6901  6836      950.9110    51                    842.9583   173644                   x32_12 D   6901   6899     70
   6936  6871     1092.5709    42                    842.9583   174875                   x19_18 N   6936   6934     91
   6988  6917      865.8059    56                    843.0125   175970                   x40_44 N   6988   6985     19
   7044  6973      918.2296    43                    843.0125   178545                    x23_1 N   7044   7042     54
   7098  7027      960.7565    59                    843.0125   180708                   x40_12 N   7098   7097     95
   7152  7081     1008.8153    39                    843.0125   182362                    x14_9 D   7152   7151    134
Elapsed time = 118.99 sec. (251077.49 ticks, tree = 23.96 MB, solutions = 0)
   7225  7152      881.0719   119                    843.0234   184220                    x5_45 D   7225   7224     28
   7393  7320     1036.6437    49                    843.0234   187510                   x23_25 N   7393   7392    196
   7440  7367      902.7545    93                    843.0776   190679                   x30_41 N   7440   7439     40
   7486  7413      959.9893    84                    843.0776   192950                   x28_22 N   7486   7485     71
   7536  7463     1017.8132    59                    843.0776   195707                    x2_15 U   7536   7534    107
   7595  7522     1040.4358    31                    843.0776   197520                    x34_5 N   7595   7594    153
   7691  7618      990.7773    42                    843.5331   200506                   x28_33 N   7691   7690     99
   7810  7737      864.9436    80                    843.6929   202216                   x41_31 U   7810   7807      9
   7865  7788      918.2327    38                    843.6929   205057                   x42_31 N   7865   7862     43
   7909  7832      950.6100    39                    843.6929   207316                   x44_24 N   7909   7907     76
Elapsed time = 140.81 sec. (290026.55 ticks, tree = 26.65 MB, solutions = 0)
   7961  7884     1001.1478    51                    843.6929   209038                   x39_35 N   7961   7960    114
   7996  7919     1056.5824    35                    843.6929   210417                    x1_44 N   7996   7994    140
   8078  8001      911.3976    47                    843.7272   212930                     x2_5 N   8078   8077     79
   8220  8143      875.8211    48                    843.7673   216277                   x44_40 N   8220   8219     24
   8266  8189      955.1840     8                    843.7673   219368                   x24_23 N   8266   8265     56
   8300  8223     1010.6580    14                    843.7673   220260                   x44_23 U   8300   8298     78
   8350  8273     1027.8991    46                    843.7673   221698                     x4_3 N   8350   8349    115
   8416  8337      868.7846    58                    843.9964   223228                   x34_44 D   8416   8415     25
   8530  8451      950.7796    46                    843.9964   225526                   x25_44 N   8530   8529    139
   8630  8551      879.0825    24                    844.2087   228235                   x42_32 D   8630   8628     35
Elapsed time = 160.93 sec. (328683.66 ticks, tree = 29.87 MB, solutions = 0)
   8665  8586      909.3647    92                    844.2087   231975                   x12_43 N   8665   8664     63
   8705  8626      977.3434    36                    844.2087   234916                   x30_40 N   8705   8703     93
   8742  8663      961.0378    39                    844.2087   237356                   x23_45 D   8742   8741    119
   8783  8704     1002.6793    59                    844.2087   239612                     x2_5 N   8783   8781    149
   8821  8742      887.7979    53                    844.2722   241511                   x40_33 N   8821   8819     24
   8870  8791      936.7515    71                    844.2722   243776                   x41_21 N   8870   8869     60
   8910  8831      996.7080    49                    844.2722   245822                   x34_18 N   8910   8908     88
   8969  8890     1052.9634    16                    844.2722   247003                     x4_5 U   8969   8967    135
   9010  8929      855.7833    79                    844.4983   248546                   x41_44 D   9010   9008     16
   9050  8969      894.7386    35                    844.4983   251311                   x21_19 U   9050   9048     42
Elapsed time = 181.49 sec. (367769.08 ticks, tree = 31.57 MB, solutions = 0)
   9090  9009     1002.2591    38                    844.4983   253852                   x40_22 N   9090   9088     70
   9147  9066      948.9739    38                    844.4983   255789                    x33_2 D   9147   9145    115
   9242  9161      886.2880    49                    844.5356   258127                   x42_31 D   9242   9241     51
   9401  9320     1006.9288    30                    844.5356   260521                    x32_3 N   9401   9400    210
   9446  9365      896.0925    53                    844.5463   263221                   x31_46 D   9446   9445     43
   9487  9406      932.8269    58                    844.5463   265668                   x22_41 N   9487   9485     70
   9533  9452      955.0525    56                    844.5463   267342                   x35_38 N   9533   9532    100
   9590  9509      986.1398    42                    844.5463   268793                   x16_17 N   9590   9588    146
   9732  9651     1000.3406    40                    845.1145   271588                    x0_40 N   9732   9731    141
   9839  9758      940.0327    78                    845.2671   275181                   x38_46 N   9839   9837     40
Elapsed time = 203.15 sec. (407165.04 ticks, tree = 34.50 MB, solutions = 0)
   9877  9796     1021.7402    40                    845.2671   277782                   x41_22 N   9877   9874     67
   9919  9836      967.8938    52                    845.2671   280001                   x19_23 D   9919   9917     94
   9965  9878     1003.8430    52                    845.2671   281918                   x17_18 N   9965   9963    127
  10000  9909     1031.7712    51                    845.2671   283512                    x10_9 N  10000   9999    151
  10131 10040      938.4926    50                    845.3505   286965                   x33_23 N  10131  10130    145
  10220 10129      892.6065    30                    845.4680   290059                   x42_19 D  10220  10219     26
  10241 10150      933.0501    77                    845.4680   292304                   x12_36 N  10241  10240     40
  10285 10194      960.1277    57                    845.4680   294205                     x3_5 N  10285  10284     73
  10329 10238      975.2958    24                    845.4680   295280                   x12_25 N  10329  10328    110
  10397 10306     1028.0669    15                    845.4680   296248                    x11_3 U  10397  10394    168
Elapsed time = 224.73 sec. (447415.77 ticks, tree = 37.35 MB, solutions = 0)
  10507 10416      993.8454    45                    845.4915   298858                   x30_26 N  10507  10506    119
  10593 10496      853.8049    76                    845.5416   299841                   x33_30 D  10593  10592     10
  10640 10543      893.4970    34                    845.5416   302330                   x14_13 U  10640  10639     42
  10707 10610      937.8485    52                    845.5416   304139                   x13_38 D  10707  10705     92
  10740 10643      965.5995    43                    845.5416   305201                   x31_12 D  10740  10739    117
  10787 10690     1028.1804    26                    845.5416   306407                   x11_32 N  10787  10785    157
  10822 10723      879.8887    53                    845.6109   308096                   x32_45 D  10822  10820     32
  10846 10747      966.1539    22                    845.6109   311078                   x31_12 N  10846  10843     46
  10870 10771     1016.1366    56                    845.6109   312374                   x30_12 N  10870  10869     64
  10916 10815     1151.2324    32                    845.6109   314441                   x24_12 N  10916  10914    100
Elapsed time = 245.85 sec. (486598.43 ticks, tree = 39.27 MB, solutions = 0)
  10945 10844     1196.9537    33                    845.6109   315169                    x5_37 N  10945  10944    122
  10969 10868     1233.3105    45                    845.6109   315996                   x31_24 N  10969  10968    140
  11008 10907      883.3686    48                    845.6628   317401                   x44_28 U  11008  11007     21
  11047 10946      933.9299    75                    845.6628   319708                   x19_40 N  11047  11046     50
  11078 10977      967.9049    28                    845.6628   321873                   x10_40 N  11078  11075     72
  11111 11010     1057.1578    50                    845.6628   324039                    x3_26 U  11111  11109     95
  11153 11052     1140.1233    47                    845.6628   325453                    x23_1 N  11153  11151    126
  11184 11083     1187.5017    46                    845.6628   326203                   x26_38 N  11184  11182    149
  11206 11101      879.7281   103                    845.7092   327793                   x42_30 D  11206  11205     28
  11345 11240      975.7401    44                    845.7092   330414                   x28_22 N  11345  11344    167
Elapsed time = 266.69 sec. (525535.72 ticks, tree = 42.64 MB, solutions = 0)
  11439 11334      893.2242    26                    845.7511   332909                     x5_2 U  11439  11436     38
  11486 11381      975.0970    14                    845.7511   334674                   x42_12 U  11486  11483     69
  11523 11418      991.6406    29                    845.7511   335699                   x39_35 N  11523  11522     98
  11561 11456     1123.9016     8                    845.7511   336409                   x25_34 D  11561  11559    128
  11672 11563      934.4129    77                    845.7619   338709                   x16_23 N  11672  11671    113
  11819 11710      875.2170    60                    846.3506   340826                   x36_29 U  11819  11818     25
  11851 11742      907.2800    32                    846.3506   342450                    x26_5 N  11851  11849     47
  11883 11774     1021.8996    22                    846.3506   343914                   x13_40 N  11883  11880     68
  11922 11813     1047.8903    45                    846.3506   345125                   x39_35 N  11922  11921     94
  11979 11870     1140.6418    35                    846.3506   346576                    x6_44 N  11979  11977    135
Elapsed time = 288.00 sec. (564982.41 ticks, tree = 45.06 MB, solutions = 0)
  12046 11937      889.1828    57                    846.4816   348300                   x27_11 U  12046  12045     53
  12205 12096      860.4282    76                    846.7004   350929                   x40_32 N  12205  12203     11
  12239 12130      910.7463    38                    846.7004   352856                    x28_2 N  12239  12237     33
  12271 12160      963.8261    51                    846.7004   355088                   x28_12 N  12271  12269     55
  12300 12189      937.9855    57                    846.7004   357187                   x40_16 D  12300  12298     73
  12339 12228      973.4573    57                    846.7004   358374                    x25_5 N  12339  12338    102
  12384 12273     1003.3813    30                    846.7004   359081                   x19_24 U  12384  12382    140
  12443 12332      912.4911    94                    846.7870   360962                   x32_21 D  12443  12442     56
  12537 12426      955.0132    45                    846.7870   362943                   x24_21 N  12537  12536    150
  12630 12519      874.3796    59                    847.1479   364979                   x32_33 D  12630  12629     32
Elapsed time = 309.55 sec. (603894.09 ticks, tree = 47.59 MB, solutions = 0)
  12660 12549      928.0567    53                    847.1479   366735                    x6_39 N  12660  12659     53
  12698 12587      951.7763    49                    847.1479   368275                   x35_38 N  12698  12697     81
  12738 12627      972.1575    16                    847.1479   369325                    x6_30 N  12738  12736    109
  12770 12659     1008.0173    19                    847.1479   370042                    x5_26 D  12770  12769    133
  12790 12679     1183.1018     8                    847.1479   370723                    x11_9 U  12790  12788    147
  12818 12701      872.2934    78                    847.2023   372263                   x32_45 N  12818  12817     22
  12850 12733      916.2705    28                    847.2023   374271                   x24_31 N  12850  12848     44
  12890 12773     1016.0555    16                    847.2023   375930                   x16_20 N  12890  12888     73
  12924 12807     1061.2190    10                    847.2023   376445                   x31_30 D  12924  12922    100
  12953 12828      867.5757    84                    847.2218   377796                   x42_40 N  12953  12950     20
Elapsed time = 331.10 sec. (643216.87 ticks, tree = 49.84 MB, solutions = 0)
  12988 12863      918.7244    61                    847.2218   379720                   x44_19 N  12988  12986     43
  13034 12909      954.4964    78                    847.2218   381361                   x20_12 N  13034  13033     80
  13057 12932      991.6390    43                    847.2218   382845                   x45_41 N  13057  13055     95
  13087 12962     1004.7025    49                    847.2218   384169                     x6_3 N  13087  13085    115
  13134 13009     1058.4617    49                    847.2218   385578                    x1_23 N  13134  13133    154
  13178 13051     1098.7759    39                    847.2218   386893                   x43_19 N  13178  13175    189
  13241 13114      916.7235    44                    847.3323   388733                   x45_41 N  13241  13240     51
  13344 13217      972.5656    13                    847.3323   390727                    x45_6 N  13344  13343    154
  13425 13298      872.2387    97                    847.3970   392682                   x33_40 N  13425  13422     33
  13457 13330      936.6291    13                    847.3970   394978                   x14_10 U  13457  13455     55
Elapsed time = 352.90 sec. (683060.01 ticks, tree = 52.03 MB, solutions = 0)
  13496 13369      930.9025    74                    847.3970   397055                   x42_41 N  13496  13494     86
  13536 13409      907.6983    64                    847.3970   398939                   x30_43 D  13536  13534    115
  13559 13432     1018.6951    26                    847.3970   400956                   x14_40 N  13559  13557    131
  13610 13483      865.2619    49                    847.5207   402501                   x32_45 D  13610  13609     25
  13722 13595      940.1240    47                    847.5207   405264                   x40_33 D  13722  13721    137
  13807 13680      865.6027    70                    847.5263   407162                   x33_30 U  13807  13804     14
  13843 13716      899.3925    28                    847.5263   409126                    x6_39 U  13843  13841     36
  13870 13743      915.3153    29                    847.5263   410937                   x12_42 D  13870  13868     57
  13896 13769      929.2472    43                    847.5263   412920                    x30_6 D  13896  13894     74
  13950 13823      973.2022    34                    847.5263   414596                   x43_32 N  13950  13948    117
Elapsed time = 374.53 sec. (722393.94 ticks, tree = 55.18 MB, solutions = 0)
  13996 13869      986.6053    26                    847.5263   415967                   x35_30 N  13996  13994    153
  14037 13910      934.9227    77                    847.5650   418189                   x41_44 N  14037  14036     38
  14122 13995      987.4093    65                    847.5650   420232                    x6_39 D  14122  14121    123
  14204 14077      864.6089    66                    847.5713   421811                   x33_30 U  14204  14202      8
  14233 14106      967.9213    73                    847.5713   424453                   x42_16 N  14233  14231     25
  14260 14133      947.2299    29                    847.5713   426322                    x3_45 N  14260  14258     46
  14295 14168      990.0139    10                    847.5713   427839                    x42_1 D  14295  14294     72
  14338 14211     1013.6739    41                    847.5713   428594                     x6_4 N  14338  14337    106
  14391 14264     1082.0021     8                    847.5713   429153                     x4_3 D  14391  14389    149
  14443 14310      901.2775    59                    847.5740   431085                    x5_34 N  14443  14442     64
Elapsed time = 397.83 sec. (762294.87 ticks, tree = 59.35 MB, solutions = 0)
  14542 14409      948.6843    87                    847.5740   433424                   x31_40 N  14542  14541    163
  14623 14490      888.2038    41                    847.5822   435741                   x41_21 N  14623  14621     30
  14656 14523      957.6970    50                    847.5822   438343                   x12_43 N  14656  14653     52
  14695 14562      977.6093    25                    847.5822   440121                   x15_22 N  14695  14692     80
  14739 14606     1001.4906    10                    847.5822   441744                    x31_3 U  14739  14737    116
  14784 14651     1103.7085     8                    847.5822   442312                   x34_26 N  14784  14782    154
  14823 14688      875.0459    47                    847.6125   443356                   x41_44 U  14823  14821     31
  14858 14723      959.5464    18                    847.6125   444925                    x6_38 U  14858  14856     55
  14900 14765      986.4185    10                    847.6125   445885                    x6_26 D  14900  14899     82
  14931 14796     1021.9097    17                    847.6125   446208                    x25_5 U  14931  14929    104
Elapsed time = 419.85 sec. (802007.19 ticks, tree = 61.91 MB, solutions = 0)
  14970 14835     1105.9221    25                    847.6125   446671                   x27_10 N  14970  14968    135
  15016 14881      879.5663    63                    847.6504   448181                   x42_28 U  15016  15013     18
  15038 14903      980.9785    86                    847.6504   449978                   x12_43 D  15038  15036     33
  15081 14946     1051.7060    63                    847.6504   451762                    x8_12 U  15081  15079     64
  15105 14970     1053.0142    28                    847.6504   452953                    x6_39 N  15105  15103     80
  15130 14995     1179.5772    63                    847.6504   453693                   x32_13 N  15130  15129     97
  15159 15018    infeasible                          847.6504   454684                   x11_38 N  15159  15157    118
  15200 15057      893.1416    82                    847.6734   456174                   x32_45 D  15200  15199     53
  15302 15159      973.0647    42                    847.6734   457778                   x28_38 D  15302  15301    155
  15403 15256      878.7415    77                    847.6809   459726                   x40_28 N  15403  15401     17
Elapsed time = 443.14 sec. (842417.09 ticks, tree = 63.74 MB, solutions = 0)
  15421 15274      963.6664    24                    847.6809   461938                   x31_22 N  15421  15418     27
  15449 15302      943.0516    12                    847.6809   463178                     x5_2 D  15449  15448     45
  15484 15337     1050.0613    22                    847.6809   464233                   x10_12 N  15484  15482     72
  15541 15394     1144.5057    29                    847.6809   465210                   x32_13 N  15541  15539    120
  15597 15450     1181.4833    14                    847.6809   465795                    x38_4 U  15597  15595    168
  15696 15549      914.1857    47                    847.7112   468321                   x20_23 U  15696  15695    111
  15809 15662      888.7372    68                    847.7860   470545                   x36_29 U  15809  15808     24
  15833 15686      903.8404   101                    847.7860   472739                   x31_46 N  15833  15832     40
  15857 15710      924.2488    47                    847.7860   475513                   x31_22 N  15857  15855     59
  15882 15735      934.9860    44                    847.7860   476861                    x3_25 U  15882  15880     77
Elapsed time = 465.71 sec. (882133.91 ticks, tree = 65.50 MB, solutions = 0)
  15899 15752     1049.4505    48                    847.7860   478385                   x14_22 N  15899  15897     89
  15925 15778     1047.5664    41                    847.7860   479907                    x2_13 N  15925  15923    107
  15949 15802     1004.0214    62                    847.7860   481465                   x38_46 N  15949  15947    124
  15990 15843      987.3184    18                    847.7860   482391                   x17_18 U  15990  15989    157
  16030 15883      894.1271    72                    847.8450   483612                   x40_12 D  16030  16029     41
  16060 15913      965.3819    56                    847.8450   485775                     x3_1 D  16060  16059     71
  16160 16011     1137.8266    18                    847.8450   487927                   x38_12 D  16160  16159    170
  16190 16037      887.8510    20                    847.8896   489950                   x21_19 N  16190  16189     28
  16212 16059      907.1400    30                    847.8896   491249                    x23_1 N  16212  16211     44
  16235 16082      927.3950    40                    847.8896   493032                   x25_31 N  16235  16234     61
Elapsed time = 488.75 sec. (922154.52 ticks, tree = 67.33 MB, solutions = 0)
  16266 16113      995.0552    24                    847.8896   493942                   x22_33 N  16266  16264     81
  16290 16137     1010.9531    27                    847.8896   494730                   x31_24 D  16290  16289     99
  16328 16175     1106.4680     8                    847.8896   495836                   x24_12 U  16328  16326    131
  16376 16223     1162.3143    34                    847.8896   496694                   x13_22 U  16376  16373    172
  16407 16244      861.8090    54                    847.9046   497553                    x0_43 U  16407  16406     28
  16539 16376      939.2970    68                    847.9046   499516                   x40_33 D  16539  16538    160
  16626 16463      893.2834    61                    847.9683   501470                   x44_32 D  16626  16624     26
  16653 16490      975.8372    80                    847.9683   503525                   x11_38 N  16653  16651     44
  16693 16530      991.0034    58                    847.9683   505151                   x21_44 N  16693  16691     76
  16727 16564      991.9790    76                    847.9683   506394                   x21_24 N  16727  16726    103
Elapsed time = 511.59 sec. (961633.81 ticks, tree = 69.83 MB, solutions = 0)
  16753 16590     1019.4776    74                    847.9683   507910                   x23_45 N  16753  16752    121
  16777 16614     1036.8634    32                    847.9683   509267                    x6_39 N  16777  16776    138
  16800 16637     1053.4940    10                    847.9683   510237                   x18_44 U  16800  16797    151
  16833 16670      904.5948    70                    848.0213   511943                   x44_13 N  16833  16832     32
  16853 16688     1008.2153    54                    848.0213   513227                   x12_44 N  16853  16851     46
  16881 16714     1047.3442    54                    848.0213   514353                   x44_23 N  16881  16879     66
  16907 16738     1086.7261    36                    848.0213   515266                   x35_38 N  16907  16906     84
  16938 16765    infeasible                          848.0213   516206                   x44_15 N  16938  16935    105
  16960 16781    infeasible                          848.0213   516788                    x22_6 N  16960  16957    120
  16985 16800      891.9506    99                    848.0374   518509                   x40_32 N  16985  16983     27
Elapsed time = 534.65 sec. (1000859.76 ticks, tree = 70.74 MB, solutions = 0)
  17017 16830      931.1202    53                    848.0374   520270                     x3_5 N  17017  17016     49
  17045 16858      956.0284    46                    848.0374   521325                    x9_38 N  17045  17043     72
  17072 16885     1041.3421    15                    848.0374   522787                    x8_12 U  17072  17070     93
  17113 16926     1022.6710    38                    848.0374   523780                   x10_46 U  17113  17111    128
  17149 16962     1065.5583    42                    848.0374   524644                    x1_16 N  17149  17147    156
  17185 16992      864.7522    55                    848.0503   525602                   x21_19 U  17185  17184     23
  17360 17167      961.3955    46                    848.0503   527471                     x5_9 D  17360  17359    198
  17421 17228      887.5655    49                    848.0515   529280                   x33_21 N  17421  17418     27
  17448 17255      936.0915    48                    848.0515   530860                   x30_46 N  17448  17447     44
  17460 17267      978.1250    51                    848.0515   532406                   x34_40 N  17460  17458     51
Elapsed time = 556.84 sec. (1040997.93 ticks, tree = 72.57 MB, solutions = 0)
  17487 17294      977.8663    46                    848.0515   534088                   x37_14 U  17487  17486     71
  17511 17318     1004.0751    20                    848.0515   535270                    x26_6 D  17511  17510     86
  17552 17359     1012.7753    14                    848.0515   535990                    x31_7 D  17552  17551    119
  17593 17400     1070.8519    12                    848.0515   536949                    x3_22 N  17593  17591    154
  17641 17444      891.8830    93                    848.0586   538988                   x16_15 U  17641  17640     55
  17683 17486      932.0955    62                    848.0586   540878                    x6_39 D  17683  17682     97
  17718 17518      869.9563    99                    848.0788   542904                   x13_32 N  17718  17716     23
  17746 17546      908.4963    67                    848.0788   544876                   x14_13 N  17746  17745     43
  17770 17570     1009.9394    53                    848.0788   547285                   x24_12 U  17770  17768     60
  17796 17596      945.6560    67                    848.0788   549140                   x33_41 N  17796  17794     80
Elapsed time = 579.96 sec. (1080600.81 ticks, tree = 75.26 MB, solutions = 0)
  17822 17622     1002.2247    44                    848.0788   550325                    x38_6 N  17822  17820     97
  17852 17650    infeasible                          848.0788   551341                   x13_23 N  17852  17851    119
  17921 17717      929.9622    59                    848.1021   553382                   x11_10 U  17921  17920     83
  18025 17821     1012.7195    61                    848.1021   554495                   x10_46 D  18025  18024    187
  18102 17894      863.4046    59                    848.1082   555534                   x32_34 N  18102  18101     17
  18128 17920      891.2084    72                    848.1082   557027                   x44_31 N  18128  18125     32
  18153 17945      920.2019    46                    848.1082   558326                   x44_12 N  18153  18152     50
  18173 17965     1004.4793    20                    848.1082   559430                   x10_13 N  18173  18171     65
  18211 17999     1022.1245    47                    848.1082   560066                   x38_30 D  18211  18210     93
  18250 18038     1041.8143    18                    848.1082   560710                   x22_24 N  18250  18248    119
Elapsed time = 603.47 sec. (1119678.98 ticks, tree = 77.84 MB, solutions = 0)
  18290 18078     1053.1190    53                    848.1082   561797                    x9_33 N  18290  18289    149
  18357 18145     1141.3250    21                    848.1082   562397                   x26_12 D  18357  18356    208
  18400 18185      910.9828    69                    848.2269   564520                   x33_40 D  18400  18399     55
  18507 18292      995.1137    52                    848.2269   566630                   x42_46 U  18507  18506    162
  18591 18376     1039.0007    45                    848.2269   567585                   x20_31 D  18591  18590    246
  18626 18411      876.5863    88                    848.2504   569652                   x31_34 N  18626  18624     34
  18652 18437      968.0705    74                    848.2504   571746                    x13_9 U  18652  18650     50
  18677 18462     1006.4869    54                    848.2504   573777                    x13_6 N  18677  18674     69
  18708 18493      939.6359    41                    848.2504   575175                   x31_24 N  18708  18706     92
  18740 18525      956.8433    10                    848.2504   575780                    x6_26 D  18740  18739    115
Elapsed time = 627.68 sec. (1162243.36 ticks, tree = 80.64 MB, solutions = 0)
  18790 18567      900.5670    71                    848.4425   577682                    x8_36 U  18790  18789     61
  18866 18643      936.8722    26                    848.4425   579035                    x5_39 D  18866  18865    137
  19021 18798     1026.1520    50                    848.4425   580338                    x33_1 D  19021  19020    292
  19077 18852    infeasible                          848.4425   580882                   x25_23 N  19077  19076    348
  19098 18865      889.5423    92                    848.4846   582535                   x41_31 D  19098  19096     23
  19119 18886      981.3601    26                    848.4846   585052                    x40_6 N  19119  19116     34
  19138 18905      994.6382    84                    848.4846   586932                   x40_23 N  19138  19136     47
  19160 18927      962.2139    71                    848.4846   588553                   x24_41 N  19160  19157     63
  19189 18956     1019.8070    56                    848.4846   590379                   x40_20 N  19189  19187     86
  19211 18978     1030.7325    41                    848.4846   592118                   x40_17 U  19211  19209    100
Elapsed time = 651.46 sec. (1202788.37 ticks, tree = 83.74 MB, solutions = 0)
  19234 19001      963.7125    55                    848.4846   593380                    x6_13 N  19234  19232    119
  19273 19040      984.4891    50                    848.4846   594730                   x22_15 N  19273  19271    152
  19305 19072     1006.3880    53                    848.4846   595593                    x1_26 N  19305  19303    179
  19347 19114     1059.6901    23                    848.4846   596214                   x19_24 U  19347  19345    214
  19380 19144      869.4580    72                    848.5568   597005                   x42_31 D  19380  19379     24
  19455 19219      925.9112    77                    848.5568   599372                   x35_30 N  19455  19454     99
  19578 19342      969.9808    40                    848.5568   601308                    x6_26 N  19578  19577    222
  19672 19436     1031.6568    39                    848.5568   602353                    x1_13 N  19672  19671    316
  19698 19457      882.7212    81                    848.6078   603783                   x21_28 U  19698  19695     22
  19724 19483      889.8529    81                    848.6078   605584                   x12_42 U  19724  19723     39
Elapsed time = 673.89 sec. (1242040.98 ticks, tree = 86.88 MB, solutions = 0)
  19751 19510      927.3274    70                    848.6078   607209                    x30_9 N  19751  19748     54
  19773 19532      956.8141    57                    848.6078   608822                   x38_32 N  19773  19771     71
  19801 19560      941.1567    62                    848.6078   610068                   x16_15 U  19801  19799     92
  19848 19607      993.6765    62                    848.6078   611409                    x5_32 N  19848  19845    128
  19880 19639     1045.4750    12                    848.6078   612816                   x44_26 U  19880  19878    152
  19927 19686     1101.7788    52                    848.6078   613550                   x44_27 N  19927  19925    191
  19960 19715      882.7029    71                    848.6207   614925                   x33_31 D  19960  19959     30
  20040 19795      914.2754    82                    848.6207   616603                   x30_27 D  20040  20039    110
  20200 19953     1090.5899    33                    848.6207   618750                    x14_5 N  20200  20198    269
  20223 19976      909.7439    61                    848.6357   621124                   x33_41 D  20223  20221     33
Elapsed time = 697.82 sec. (1285637.99 ticks, tree = 89.59 MB, solutions = 0)
  20247 20000      954.8510    41                    848.6357   622382                    x32_2 N  20247  20246     50
  20283 20036      970.9899    50                    848.6357   623573                    x6_45 U  20283  20281     80
  20311 20064      982.8337    49                    848.6357   624634                   x39_35 U  20311  20309    100
  20346 20099      996.6672     6                    848.6357   625581                    x35_5 U  20346  20344    130
  20373 20122      862.1069    58                    848.7024   626201                   x40_33 D  20373  20372     14
  20436 20185      931.1208    56                    848.7024   628073                    x0_43 U  20436  20435     77
  20500 20249      961.2490    59                    848.7024   629474                   x40_38 D  20500  20499    141
  20574 20323      990.0598    52                    848.7024   630467                    x13_5 N  20574  20573    215
  20627 20376      878.5726    95                    848.7697   632628                   x32_45 U  20627  20625     28
  20651 20400      933.5376    73                    848.7697   634444                   x41_30 N  20651  20648     42
Elapsed time = 721.60 sec. (1325266.70 ticks, tree = 91.39 MB, solutions = 0)
  20674 20423      930.1678    69                    848.7697   635899                    x0_40 N  20674  20672     59
  20687 20436     1017.8599    37                    848.7697   637706                   x13_11 N  20687  20685     67
  20728 20475    infeasible                          848.7697   639003                   x41_17 N  20728  20726    100
  20747 20492     1042.1724    14                    848.7697   640220                   x34_26 N  20747  20746    115
  20760 20499      855.8848    80                    848.8327   641074                   x40_33 N  20760  20759     13
  20794 20533      896.5985    37                    848.8327   642923                    x32_2 U  20794  20791     35
  20818 20555     1017.0853    44                    848.8327   644806                   x45_22 N  20818  20816     54
  20852 20587      975.4777    12                    848.8327   645623                    x5_32 D  20852  20851     81
  20874 20603      878.5103    77                    848.8600   647028                    x33_2 N  20874  20872     30
  20894 20623      923.3444    26                    848.8600   648603                   x21_44 N  20894  20892     41
Elapsed time = 747.41 sec. (1366207.45 ticks, tree = 92.35 MB, solutions = 0)
  20905 20634      966.5959    69                    848.8600   650015                    x32_5 N  20905  20902     48
  20926 20655      997.7239    67                    848.8600   651989                   x14_11 U  20926  20924     64
  20958 20687      947.5285    40                    848.8600   653362                    x41_5 N  20958  20956     92
  20980 20709      945.3585    70                    848.8600   654715                   x39_35 U  20980  20979    109
  21008 20737      984.7036    32                    848.8600   655650                   x26_27 N  21008  21006    130
  21022 20749    infeasible                          848.8600   656628                   x22_27 N  21022  21020    141
  21093 20816      915.3187    72                    848.8745   658438                   x44_34 N  21093  21092     79
  21200 20923      965.7691    69                    848.8745   660112                   x38_12 D  21200  21199    186
  21275 20994     1081.0973    63                    848.8745   661366                   x31_23 N  21275  21274    259
  21355 21070      864.4592    91                    848.8870   662810                   x41_40 U  21355  21353      8
Elapsed time = 772.57 sec. (1407835.12 ticks, tree = 94.29 MB, solutions = 0)
  21393 21108      912.7762    36                    848.8870   663766                    x35_6 N  21393  21392     33
  21421 21136      969.7512    37                    848.8870   664859                   x23_44 N  21421  21419     54
  21456 21171      980.5757    11                    848.8870   666149                   x22_24 U  21456  21454     80
  21484 21199      992.8998    32                    848.8870   666460                   x35_38 N  21484  21483    103
  21540 21255     1002.2145    21                    848.8870   666847                   x43_26 D  21540  21539    156
  21579 21290    infeasible                          848.8870   667095                    x7_19 D  21579  21577    192
  21632 21343      906.3376    74                    848.8931   669192                   x16_17 N  21632  21631     72
  21749 21460      995.7969    24                    848.8931   671071                   x30_19 N  21749  21748    189
  21772 21479      884.5829    57                    848.9389   672458                   x14_42 D  21772  21770     27
  21800 21507      927.0729    53                    848.9389   673887                   x14_13 D  21800  21799     48
Elapsed time = 795.75 sec. (1447122.40 ticks, tree = 96.21 MB, solutions = 0)
  21843 21550      951.6825    58                    848.9389   674682                   x44_43 D  21843  21842     83
  21874 21581      963.7756    25                    848.9389   675330                   x30_26 D  21874  21872    106
  21903 21610      975.6197    49                    848.9389   675905                    x44_4 N  21903  21902    129
  21935 21642     1005.0519    57                    848.9389   677132                   x10_38 N  21935  21934    155
  21972 21675      854.3397    59                    848.9704   677761                   x42_41 D  21972  21971     20
  22084 21787      930.1206    83                    848.9704   679781                    x9_38 D  22084  22083    132
  22171 21869      867.4950    80                    849.0444   680975                   x30_35 D  22171  22169     24
  22199 21897      941.0708    28                    849.0444   682944                    x12_2 N  22199  22196     40
  22220 21918      906.5868    70                    849.0444   684391                   x28_12 N  22220  22219     58
  22255 21949    infeasible                          849.0444   686071                    x1_45 N  22255  22254     87
Elapsed time = 818.41 sec. (1486100.96 ticks, tree = 98.18 MB, solutions = 0)
  22313 22005      915.9509   107                    849.0883   687992                    x1_45 D  22313  22312     62
  22401 22093      947.6163    89                    849.0883   689550                   x18_21 D  22401  22400    150
  22504 22196     1012.6618    61                    849.0883   691410                    x10_8 U  22504  22503    253
  22537 22225      888.8512    40                    849.0895   693159                   x28_31 D  22537  22535     21
  22560 22248      953.3538    56                    849.0895   694974                   x13_28 N  22560  22558     37
  22592 22280      943.3049    76                    849.0895   696700                   x10_13 D  22592  22591     64
  22624 22312      950.5619    58                    849.0895   698157                     x1_3 N  22624  22623     89
  22658 22346      962.4758    48                    849.0895   699188                   x38_27 N  22658  22656    115
  22690 22378      971.4590    39                    849.0895   700280                   x45_28 N  22690  22688    138
  22745 22433      978.3977    40                    849.0895   700847                    x1_13 N  22745  22744    187
Elapsed time = 841.39 sec. (1525285.41 ticks, tree = 100.33 MB, solutions = 0)
  22780 22464      870.9480    78                    849.0923   702170                   x42_45 D  22780  22779     21
  22797 22481      925.9496    43                    849.0923   703956                    x32_2 N  22797  22795     31
  22818 22502      971.4063    35                    849.0923   705230                   x35_30 N  22818  22816     45
  22833 22513     1023.6024    44                    849.0923   706088                   x14_38 N  22833  22832     57
  22863 22543     1065.5484    44                    849.0923   707443                   x21_28 D  22863  22861     82
  22880 22558    infeasible                          849.0923   708360                    x40_9 N  22880  22878     95
  22900 22578     1124.2786    21                    849.0923   708757                    x6_39 N  22900  22899    111
  22909 22587     1272.2758    18                    849.0923   709458                   x35_29 N  22909  22907    118
  22924 22598     1280.3738    49                    849.0923   709913                   x32_46 N  22924  22923    130
  22937 22609     1304.5851    31                    849.0923   710312                   x23_17 U  22937  22935    138
Elapsed time = 865.90 sec. (1565586.53 ticks, tree = 101.12 MB, solutions = 0)
  22951 22621    infeasible                          849.0923   710798                    x1_29 N  22951  22949    148
  22975 22641      948.7213    72                    849.1219   713028                   x13_32 N  22975  22973     31
  22996 22662      888.6179    88                    849.1219   714870                    x13_6 N  22996  22995     48
  23015 22681      892.9644    79                    849.1219   716752                   x33_40 D  23015  23013     63
  23042 22708      922.7359    74                    849.1219   718212                   x31_41 N  23042  23041     81
  23058 22720    infeasible                          849.1219   719758                   x28_16 N  23058  23056     92
  23087 22747      958.1365    50                    849.1219   720821                    x21_1 D  23087  23085    113
  23111 22767      977.9595    28                    849.1219   721541                    x20_3 D  23111  23109    128
  23141 22793      873.5903   100                    849.1464   722999                   x13_40 N  23141  23140     38
  23200 22852      953.9264    51                    849.1464   724848                    x0_42 N  23200  23199     97
Elapsed time = 889.81 sec. (1605575.48 ticks, tree = 102.23 MB, solutions = 0)
  23246 22898      998.2691    47                    849.1464   726360                   x19_23 N  23246  23245    143
  23300 22952     1053.4072    32                    849.1464   727632                   x21_18 N  23300  23299    197
  23319 22967      876.1822    81                    849.1464   728897                   x41_45 U  23319  23317     24
  23342 22990      906.6744    45                    849.1464   730651                   x32_46 U  23342  23340     39
  23361 23009      998.9941    77                    849.1464   732277                    x40_5 N  23361  23359     51
  23381 23027    infeasible                          849.1464   733765                    x40_1 N  23381  23379     65
  23432 23074      877.3635    84                    849.1762   735115                   x28_32 D  23432  23431     65
  23519 23161      925.9913    74                    849.1762   736894                   x33_24 D  23519  23518    152
  23587 23229      986.5160    25                    849.1762   738146                    x32_8 D  23587  23586    220
  23603 23243    infeasible                          849.1762   738777                    x9_27 N  23603  23602    236
Elapsed time = 915.89 sec. (1645587.96 ticks, tree = 104.01 MB, solutions = 0)
  23630 23266      889.7181    48                    849.1793   740575                   x29_37 D  23630  23628     37
  23670 23304    infeasible                          849.1793   742445                    x14_1 N  23670  23668     68
  23687 23321      912.6958    71                    849.1793   744734                   x30_46 N  23687  23685     81
  23707 23341      972.2642    80                    849.1793   746082                    x2_46 N  23707  23705     94
  23717 23351      960.4915     8                    849.1793   747437                    x6_39 U  23717  23715    100
  23740 23374      987.7950    48                    849.1793   748512                    x9_36 U  23740  23738    119
  23768 23402     1000.1173    30                    849.1793   749475                   x27_11 N  23768  23766    140
  23810 23440      886.9958    70                    849.1995   751029                   x13_16 D  23810  23809     42
  23826 23452      871.9548    48                    849.3681   752814                   x13_42 D  23826  23824     24
  23850 23476      913.1910    46                    849.3681   754596                   x31_22 D  23850  23848     40
Elapsed time = 940.01 sec. (1685933.84 ticks, tree = 105.09 MB, solutions = 0)
  23868 23492      943.9221    32                    849.3681   755465                    x3_25 D  23868  23866     50
  23886 23510      961.2021    36                    849.3681   756002                    x26_6 N  23886  23884     61
  23934 23554      886.9919    98                    849.3808   756933                   x14_13 U  23934  23933     53
  23994 23612    infeasible                          849.3808   758561                   x18_17 N  23994  23993    113
  24013 23629      868.8213   106                    849.3947   759929                   x32_44 D  24013  24011     23
  24030 23646      883.1081   104                    849.3947   761263                   x14_38 D  24030  24029     33
  24070 23686      885.4322    87                    849.3947   762708                   x14_13 U  24070  24069     69
  24094 23704      943.0477    67                    849.3947   763996                   x31_22 N  24094  24092     88
  24120 23726      915.2721    46                    849.4699   766101                   x44_21 N  24120  24117     18
  24138 23744      952.3855    24                    849.4699   768159                   x13_27 N  24138  24136     34
Elapsed time = 966.33 sec. (1726809.86 ticks, tree = 106.55 MB, solutions = 0)
  24159 23763    infeasible                          849.4699   769625                    x44_6 N  24159  24157     51
  24184 23784      940.2592    31                    849.4699   770321                    x38_5 N  24184  24182     68
  24202 23796      862.4290    65                    849.4724   771195                   x33_30 U  24202  24201     16
  24216 23810      923.7652    43                    849.4724   772708                   x31_41 N  24216  24214     23
  24235 23829      922.3142    70                    849.4724   774072                    x26_5 N  24235  24233     36
  24259 23853      929.2145    53                    849.4724   775070                   x28_22 N  24259  24258     55
  24280 23874      946.3938    54                    849.4724   776080                   x13_16 D  24280  24278     69
  24308 23902      953.9932    53                    849.4724   777474                    x30_6 N  24308  24305     92
  24338 23932      981.4449    23                    849.4724   778351                   x13_17 D  24338  24336    117
  24351 23939      859.7431    86                    849.4950   779176                   x44_40 D  24351  24350     14
Elapsed time = 992.05 sec. (1767691.25 ticks, tree = 108.68 MB, solutions = 0)
  24400 23988      911.3036    72                    849.4950   781289                    x12_3 N  24400  24399     63
  24419 24003      857.6899    61                    849.5032   782614                   x42_40 D  24419  24416     21
  24456 24040      963.8284    40                    849.5032   784969                    x0_13 N  24456  24454     51
  24475 24059      918.4219    70                    849.5032   786033                   x32_38 N  24475  24473     66
  24497 24081     1043.1938    23                    849.5032   786815                   x10_13 U  24497  24495     84
  24512 24096     1071.6215    47                    849.5032   787603                   x12_17 D  24512  24510     95
  24535 24115      866.3989    92                    849.5225   788668                   x41_21 D  24535  24534     17
  24632 24212      913.3689    48                    849.5225   790104                    x8_36 U  24632  24631    114
  24717 24297      991.8760    17                    849.5225   790958                    x5_26 N  24717  24716    199
  24771 24351     1060.3328    44                    849.5225   791505                   x30_20 D  24771  24770    253
Elapsed time = 1019.98 sec. (1812045.91 ticks, tree = 124.20 MB, solutions = 0)
  24800 24376      877.5330    52                    849.5238   792555                   x40_32 D  24800  24799     19
  24820 24396      915.9350    54                    849.5238   794340                    x0_42 N  24820  24817     30
  24846 24422      940.6066    36                    849.5238   795831                   x21_19 N  24846  24844     50
  24859 24435      965.3762    41                    849.5238   797452                   x31_19 N  24859  24857     58
  24870 24446      982.9512    22                    849.5238   798325                   x17_15 N  24870  24869     65
  24898 24474     1056.2744    39                    849.5238   799199                    x9_43 N  24898  24896     88
  24932 24508     1026.1779    44                    849.5238   799605                   x21_17 N  24932  24930    113
  24957 24533     1055.3121    36                    849.5238   800147                   x27_44 N  24957  24956    132
  24979 24555     1118.4695    33                    849.5238   800999                   x21_22 N  24979  24977    147
  24993 24567     1142.6521    27                    849.5238   801384                    x6_24 N  24993  24991    158
Elapsed time = 1044.57 sec. (1853810.43 ticks, tree = 125.24 MB, solutions = 0)
  25014 24586     1177.3542    33                    849.5238   801733                   x35_19 N  25014  25012    173
  25022 24590    infeasible                          849.5238   801999                   x25_10 N  25022  25020    178
  25089 24655      901.7330    55                    849.5920   803856                   x17_18 U  25089  25088     78
  25121 24683      856.7873    69                    849.6351   805165                   x13_32 D  25121  25120     24
  25143 24705      881.8614    91                    849.6351   807087                   x14_29 N  25143  25142     39
  25165 24727      963.5030    58                    849.6351   808828                   x13_41 N  25165  25163     57
  25184 24740    infeasible                          849.6351   809930                   x30_38 N  25184  25181     71
  25212 24764      874.2034    77                    849.6587   810449                   x14_41 D  25212  25211     37
  25301 24853      932.9898    67                    849.6587   812044                   x39_35 N  25301  25300    126
  25361 24910      878.4588    92                    849.7485   813597                   x41_45 U  25361  25358     25
Elapsed time = 1068.85 sec. (1894013.64 ticks, tree = 127.36 MB, solutions = 0)
  25390 24939      908.0177    62                    849.7485   815364                   x35_39 D  25390  25388     49
  25406 24955      943.9926    58                    849.7485   817400                   x37_14 U  25406  25405     60
  25426 24973      977.9133    44                    849.7485   818978                   x33_32 U  25426  25424     76
  25440 24983      994.1174    60                    849.7485   820030                     x9_8 N  25440  25438     85
  25461 25004     1023.7893    28                    849.7485   820711                    x6_39 U  25461  25460    101
  25484 25027     1042.6916    26                    849.7485   821367                    x12_5 N  25484  25483    118
  25491 25032     1100.4222    19                    849.7485   822091                   x31_38 U  25491  25488    121
  25513 25050      927.5999    80                    849.7638   823828                   x13_10 U  25513  25511     27
  25536 25073      924.6097    79                    849.7638   825288                   x13_28 N  25536  25534     44
  25558 25095      979.4989    19                    849.7638   826724                   x31_22 U  25558  25556     58
Elapsed time = 1094.15 sec. (1934235.06 ticks, tree = 128.77 MB, solutions = 0)
  25575 25112     1026.8274    24                    849.7638   827488                    x2_34 N  25575  25572     68
  25595 25128    infeasible                          849.7638   828110                    x28_6 N  25595  25593     83
  25612 25143    infeasible                          849.7638   828738                   x28_19 N  25612  25610     96
  25650 25181     1087.4122    46                    849.7638   829367                    x6_35 N  25650  25649    129
  25660 25185      858.0918    57                    849.8143   829907                   x33_30 D  25660  25659     15
  25681 25206      871.0147    69                    849.8143   831470                   x40_22 D  25681  25679     29
  25698 25223      935.2685    44                    849.8143   833446                   x14_35 N  25698  25696     42
  25725 25250      915.9742    86                    849.8143   834815                   x13_36 N  25725  25723     64
  25748 25273      916.2964    87                    849.8143   836592                   x32_46 N  25748  25746     82
  25763 25284    infeasible                          849.8143   837977                   x13_23 N  25763  25761     93
Elapsed time = 1118.73 sec. (1974487.79 ticks, tree = 130.49 MB, solutions = 0)
  25842 25363      890.0509    78                    849.8332   839552                   x44_41 D  25842  25841     97
  25900 25421      921.1206    78                    849.8332   841344                   x22_21 N  25900  25899    155
  26000 25521      956.1120    30                    849.8332   842699                     x4_3 D  26000  25999    255
  26073 25594     1012.4197    43                    849.8332   843549                   x11_10 N  26073  26072    328
  26103 25620      871.0781    71                    849.8485   844380                   x42_41 U  26103  26100     16
  26121 25638      900.2488    41                    849.8485   845358                   x40_33 N  26121  26118     26
  26137 25654      922.1883    29                    849.8485   846187                   x12_29 D  26137  26136     37
  26153 25670      968.7424    37                    849.8485   847727                   x14_13 N  26153  26151     48
  26170 25687      959.8118    69                    849.8485   848809                   x14_10 D  26170  26169     61
  26206 25723      982.6177    49                    849.8485   849935                   x31_15 D  26206  26204     90
Elapsed time = 1143.86 sec. (2013659.12 ticks, tree = 132.91 MB, solutions = 0)
  26242 25759     1004.4290    35                    849.8485   851047                   x24_28 N  26242  26240    119
  26280 25795    infeasible                          849.8485   852229                   x31_38 N  26280  26279    150
  26342 25855      912.5331    65                    849.8918   854028                   x30_45 N  26342  26341     74
  26360 25869    infeasible                          849.8918   855597                    x8_36 D  26360  26358     91
  26390 25899      873.7199    56                    849.9178   856739                   x21_22 D  26390  26388     39
  26407 25916      896.5923    52                    849.9178   858277                   x31_21 N  26407  26405     49
  26431 25940      926.7638    62                    849.9178   859473                   x24_21 N  26431  26429     63
  26464 25973      995.2024    64                    849.9178   860362                    x6_34 U  26464  26461     92
  26480 25987    infeasible                          849.9178   860944                    x12_2 N  26480  26478    103
  26502 26005      866.6738    48                    849.9183   861784                   x12_40 D  26502  26501     17
Elapsed time = 1168.96 sec. (2053294.28 ticks, tree = 135.89 MB, solutions = 0)
  26591 26094      916.2943    53                    849.9183   863113                    x10_9 D  26591  26590    106
  26684 26187      967.4332    44                    849.9183   863915                    x6_34 D  26684  26683    199
  26753 26250    infeasible                          849.9183   864274                   x26_18 N  26753  26751    266
  26778 26275      880.9242    20                    849.9192   865854                   x28_43 U  26778  26776     34
  26792 26289      926.7398    66                    849.9192   867224                   x42_21 U  26792  26790     42
  26800 26297      929.6582    74                    849.9192   867675                   x21_44 N  26800  26798     48
  26820 26317      923.0250    66                    849.9192   869136                   x21_18 U  26820  26818     63
  26850 26347      938.6647    20                    849.9192   869946                   x19_18 D  26850  26849     81
  26870 26367      949.9677    58                    849.9192   871082                    x2_31 D  26870  26869     96
  26895 26392     1062.7096    54                    849.9192   873189                   x40_10 N  26895  26893    115
Elapsed time = 1193.80 sec. (2093694.18 ticks, tree = 138.11 MB, solutions = 0)
  26921 26418     1063.2032    26                    849.9192   874505                   x14_26 U  26921  26919    138
  26970 26465      982.1545    47                    849.9192   875229                   x42_24 D  26970  26968    180
  27017 26512     1013.4168     6                    849.9192   876033                    x4_44 U  27017  27015    222
  27035 26528    infeasible                          849.9192   876435                   x31_23 N  27035  27033    234
  27047 26540     1196.4443    19                    849.9192   876753                   x11_10 N  27047  27046    243
  27063 26556     1243.1716    20                    849.9192   876988                   x20_25 N  27063  27062    255
  27086 26575      879.8841    83                    849.9300   877824                   x14_38 D  27086  27085     28
  27154 26639      863.8085    55                    849.9482   879536                   x41_40 N  27154  27152      9
  27172 26657      929.0166    63                    849.9482   881096                    x34_5 N  27172  27170     21
  27198 26681      904.3253    56                    849.9482   882271                   x23_24 D  27198  27196     38
Elapsed time = 1217.47 sec. (2133619.31 ticks, tree = 140.11 MB, solutions = 0)
  27206 26689      955.2303    51                    849.9482   882941                   x34_26 N  27206  27204     42
  27220 26703      960.4357    44                    849.9482   884094                    x6_44 N  27220  27218     53
  27232 26715      972.4125    66                    849.9482   885198                   x43_31 N  27232  27229     60
  27248 26731      984.9680    42                    849.9482   886406                   x42_21 N  27248  27246     72
  27262 26745      984.1099    78                    849.9482   886998                   x28_19 N  27262  27260     82
  27281 26764     1064.1272    33                    849.9482   887893                    x26_5 U  27281  27279     96
  27294 26773      875.4037    50                    849.9543   888801                   x32_45 U  27294  27292     26
  27310 26789      887.3900    97                    849.9543   890311                   x41_16 D  27310  27309     37
  27332 26811      909.3903    39                    849.9543   891603                   x31_46 U  27332  27329     50
  27352 26831      932.1309    15                    849.9543   892783                    x31_1 N  27352  27350     64
Elapsed time = 1245.04 sec. (2175083.96 ticks, tree = 141.15 MB, solutions = 0)
  27370 26849     1020.1954    32                    849.9543   894385                   x13_44 U  27370  27368     77
  27390 26869      982.1519    43                    849.9543   895876                   x35_45 N  27390  27389     95
  27420 26893     1003.8741    74                    849.9543   896878                   x10_46 N  27420  27419    118
  27446 26915    infeasible                          849.9543   898023                    x38_8 N  27446  27445    139
  27464 26931      875.9935    50                    849.9706   899494                   x45_32 U  27464  27462     21
  27478 26945      884.0140    77                    849.9706   900639                   x44_20 N  27478  27476     30
  27505 26972      948.6146    45                    849.9706   901807                   x13_34 U  27505  27503     50
  27522 26989      907.4228    48                    849.9706   902984                   x41_43 U  27522  27519     63
  27536 26997    infeasible                          849.9706   903800                   x28_31 U  27536  27533     70
  27594 27051      854.1899    71                    850.0304   905425                    x0_43 U  27594   2006     14
Elapsed time = 1271.38 sec. (2214942.34 ticks, tree = 142.82 MB, solutions = 0)
  27610 27067      867.3784    96                    850.0304   906516                   x14_42 D  27610  27609     24
  27643 27100      930.8675    42                    850.0304   907982                   x42_12 N  27643  27642     49
  27661 27118      970.7642    16                    850.0304   908836                   x41_44 D  27661  27659     62
  27674 27131     1008.6675    44                    850.0304   909643                   x43_12 N  27674  27673     72
  27691 27146     1020.6190    51                    850.0304   909990                   x38_32 N  27691  27689     84
  27700 27153     1045.7517    28                    850.0304   910381                    x28_1 N  27700  27698     88
  27711 27164     1111.4091    31                    850.0304   910944                     x9_8 N  27711  27709     97
  27739 27188      881.9098    38                    850.0441   911954                   x12_34 N  27739  27738     21
  27788 27237      912.7466    48                    850.0441   913175                   x34_38 D  27788  27787     70
  27843 27292      946.1303    56                    850.0441   914205                   x30_32 D  27843  27842    125
Elapsed time = 1297.92 sec. (2255125.64 ticks, tree = 144.89 MB, solutions = 0)
  27895 27344      990.5421    23                    850.0441   915047                   x39_35 N  27895  27894    177
  27988 27437     1118.4928    12                    850.0441   915906                   x10_30 N  27988  27987    270
  28000 27445      864.6878    40                    850.0566   916532                   x33_31 D  28000  27999     24
  28030 27475      880.7879    60                    850.0566   918004                   x13_34 D  28030  28029     47
  28064 27507      910.2811    54                    850.0566   919528                   x31_26 D  28064  28063     73
  28071 27512    infeasible                          850.0566   920509                   x23_31 N  28071  28070     77
  28136 27575      888.1201    73                    850.0810   922194                   x32_31 D  28136  28135     78
  28160 27595      877.8609    75                    850.1403   923633                   x14_29 D  28160  28158     24
  28178 27613      932.0723    50                    850.1403   925233                   x44_32 U  28178  28176     35
  28214 27645    infeasible                          850.1403   926228                   x44_17 N  28214  28211     66
Elapsed time = 1324.58 sec. (2295828.04 ticks, tree = 147.56 MB, solutions = 0)
  28232 27659      975.8781    20                    850.1403   927255                   x30_34 U  28232  28229     77
  28249 27672      984.6869    36                    850.1403   927758                   x17_15 U  28249  28247     88
  28266 27689     1027.1291    46                    850.1403   928649                    x1_26 N  28266  28264    100
  28307 27726      880.9834    76                    850.1641   929860                   x12_36 D  28307  28306     41
  28365 27782      917.1087    57                    850.1641   931540                    x6_39 U  28365  28364     98
  28433 27850      979.9872    11                    850.1641   932263                   x42_16 D  28433  28432    166
  28458 27871      884.2543    81                    850.1941   933362                    x33_2 U  28458  28456     15
  28479 27892      924.8962    20                    850.1941   934846                    x2_31 U  28479  28476     28
  28488 27901      933.4317    49                    850.1941   935475                   x40_30 N  28488  28487     34
  28519 27930    infeasible                          850.1941   936389                   x32_30 N  28519  28517     60
Elapsed time = 1349.35 sec. (2335527.77 ticks, tree = 149.33 MB, solutions = 0)
  28540 27949      973.0396    24                    850.1941   937090                    x9_27 N  28540  28539     76
  28562 27971      992.4216    51                    850.1941   937458                   x10_35 N  28562  28561     92
  28584 27993     1036.9153    20                    850.1941   937941                     x9_8 N  28584  28583    109
  28595 28004     1033.8458    14                    850.1941   938115                    x20_5 U  28595  28593    116
  28613 28018      871.6305    68                    850.2365   939050                   x42_32 U  28613  28610     25
  28632 28037      933.5874    80                    850.2365   940631                   x42_31 N  28632  28630     38
  28654 28059      940.5742    43                    850.2365   942332                    x33_2 N  28654  28651     52
  28672 28073      951.4514    37                    850.2365   943250                   x43_41 N  28672  28670     63
  28690 28091      965.7042    54                    850.2365   944242                   x18_22 D  28690  28688     74
  28716 28115      986.1846    40                    850.2365   945082                   x22_30 U  28716  28713     91
Elapsed time = 1375.43 sec. (2377344.92 ticks, tree = 150.31 MB, solutions = 0)
  28748 28147     1005.2970    30                    850.2365   945819                    x30_9 U  28748  28745    115
  28770 28167     1035.9733    26                    850.2365   946363                   x38_40 N  28770  28768    132
  28805 28200    infeasible                          850.2365   947137                    x32_6 N  28805  28802    159
  28829 28224     1122.6098    14                    850.2365   947543                    x26_1 U  28829  28827    176
  28837 28232     1212.8834    18                    850.2365   947916                     x1_3 N  28837  28835    181
  28862 28253      886.1453    30                    850.2497   949174                   x31_34 U  28862  28860     29
  28877 28268      914.0244    49                    850.2497   950348                   x34_30 D  28877  28876     38
  28906 28293    infeasible                          850.2497   951442                    x6_39 N  28906  28904     63
  28952 28335      892.2055    67                    850.2956   953133                   x14_13 U  28952  28951     62
  28985 28364      874.4233    48                    850.3046   954512                   x41_28 U  28985  28983     27
Elapsed time = 1399.64 sec. (2416879.55 ticks, tree = 152.48 MB, solutions = 0)
  29010 28389      890.4345    95                    850.3046   955883                   x13_40 D  29010  29008     44
  29030 28409      906.7283    71                    850.3046   957559                    x13_2 D  29030  29029     59
  29051 28426    infeasible                          850.3046   959137                   x32_25 N  29051  29049     76
  29070 28441    infeasible                          850.3046   960354                   x42_46 N  29070  29068     90
  29109 28476      886.2693    89                    850.3654   961931                   x30_34 N  29109  29108     53
  29199 28566      947.9828    67                    850.3654   963367                   x31_30 D  29199  29198    143
  29249 28614     1040.4999    48                    850.3654   964010                   x21_22 N  29249  29248    192
  29276 28641     1076.6660    31                    850.3654   964674                    x10_9 N  29276  29275    219
  29294 28655      899.7588    71                    850.4277   965930                   x14_13 D  29294  29292     25
  29319 28680      934.2790    47                    850.4277   967743                   x34_30 N  29319  29318     46
Elapsed time = 1425.63 sec. (2456780.38 ticks, tree = 154.73 MB, solutions = 0)
  29350 28707      867.0623    89                    850.4412   968828                    x12_9 D  29350  29349     30
  29390 28743      866.6828    78                    850.4597   970376                   x13_40 D  29390  29389     16
  29416 28769      914.4227    60                    850.4597   972106                   x31_33 N  29416  29413     35
  29431 28784      906.8497    53                    850.4597   973338                   x44_46 N  29431  29429     44
  29454 28807      926.1445    52                    850.4597   974503                   x24_32 D  29454  29452     60
  29473 28826      997.9223    33                    850.4597   975508                    x27_8 D  29473  29472     74
  29483 28834     1067.8219    16                    850.4597   976125                    x6_30 N  29483  29480     81
  29489 28840     1115.7144    36                    850.4597   977016                   x13_22 N  29489  29487     84
  29510 28861     1120.2303    34                    850.4597   977871                   x27_11 U  29510  29509    101
  29530 28881     1137.4195    38                    850.4597   978506                   x21_22 U  29530  29529    116
Elapsed time = 1452.06 sec. (2497714.30 ticks, tree = 156.38 MB, solutions = 0)
  29565 28916     1168.3431    33                    850.4597   978969                   x30_11 N  29565  29564    145
  29598 28949     1356.1302    16                    850.4597   979454                   x34_26 U  29598  29596    170
  29619 28970     1413.8468    26                    850.4597   979751                     x6_2 N  29619  29618    187
  29660 29005      868.4893    99                    850.4762   980801                   x13_40 D  29660  29659     32
  29728 29071      935.1782    23                    850.4762   982244                   x33_32 U  29728  29727     99
  29765 29108     1002.6606    35                    850.4762   983327                   x40_23 N  29765  29764    136
  29809 29152     1058.2419    59                    850.4762   984313                    x32_9 N  29809  29808    180
  29850 29193     1109.7524    33                    850.4762   984927                    x11_2 N  29850  29849    221
  29869 29208      920.4626    79                    850.5100   985863                   x30_38 D  29869  29868     25
  29881 29220      990.5775    55                    850.5100   987466                    x9_13 N  29881  29879     33
Elapsed time = 1475.67 sec. (2538708.95 ticks, tree = 158.23 MB, solutions = 0)
  29906 29245     1041.1881    18                    850.5100   988034                   x30_39 N  29906  29904     49
  29920 29259     1061.1635    34                    850.5100   988590                    x38_6 N  29920  29918     58
  29935 29270      875.0238    64                    850.6364   989105                    x1_45 N  29935    282     23
  29953 29288      906.8032    34                    850.6364   990582                   x40_33 U  29953  29951     35
  29974 29307      911.7316    62                    850.6364   991773                    x38_6 N  29974  29972     54
  29985 29318      920.8373    60                    850.6364   993511                   x24_20 U  29985  29982     61
  30000 29333      922.7320    76                    850.6364   994664                   x44_22 D  30000  29999     72
  30027 29360      944.1280    40                    850.6364   996347                   x20_40 D  30027  30026     92
  30040 29373      969.8183    25                    850.6364   996816                    x4_20 N  30040  30039    102
  30057 29390      995.5233    14                    850.6364   997137                    x9_27 U  30057  30056    116
Elapsed time = 1502.76 sec. (2580715.33 ticks, tree = 159.16 MB, solutions = 0)
  30076 29409     1050.1686    16                    850.6364   997616                   x31_39 N  30076  30075    130
  30102 29431      881.7344    46                    850.6680   999292                   x45_34 D  30102  30100     30
  30132 29459    infeasible                          850.6680  1000630                   x41_30 N  30132  30129     54
  30155 29482      954.3791    22                    850.6680  1001132                   x20_40 N  30155  30154     74
  30173 29498      972.9410    37                    850.6680  1001449                   x18_34 U  30173  30171     86
  30211 29532      870.2080    86                    850.6692  1002236                   x29_37 U  30211  30210     40
  30285 29606      917.9079    32                    850.6692  1003358                    x24_2 N  30285  30284    114
  30371 29692      957.0289    40                    850.6692  1004405                   x30_39 U  30371  30370    200
  30440 29761     1028.3530    36                    850.6692  1005045                    x17_5 N  30440  30439    269
  30483 29800    infeasible                          850.6692  1005384                    x41_1 N  30483  30481    311
Elapsed time = 1527.90 sec. (2620295.44 ticks, tree = 161.42 MB, solutions = 0)
  30500 29817      926.2047    78                    850.6703  1006971                   x14_42 N  30500  30497     21
  30519 29836     1062.9679    64                    850.6703  1008351                    x42_2 N  30519  30517     34
  30535 29850    infeasible                          850.6703  1009386                    x42_5 N  30535  30532     43
  30545 29860     1026.6594    68                    850.6703  1010423                   x45_46 N  30545  30543     49
  30564 29877     1054.0178    50                    850.6703  1011139                   x17_15 N  30564  30563     63
  30591 29904     1094.7488    10                    850.6703  1011873                   x38_30 N  30591  30590     85
  30600 29913     1137.6258    47                    850.6703  1012226                   x42_10 N  30600  30599     90
  30644 29953      893.1667    65                    850.6937  1013564                   x42_34 D  30644  30643     44
  30719 30028      943.2178    14                    850.6937  1014887                    x5_26 N  30719  30718    119
  30790 30099     1010.3811    32                    850.6937  1016048                   x33_23 N  30790  30789    190
Elapsed time = 1554.54 sec. (2661312.75 ticks, tree = 163.66 MB, solutions = 0)
  30836 30145     1046.0477    41                    850.6937  1016643                   x10_23 N  30836  30835    236
  30870 30179     1083.9354    39                    850.6937  1017192                   x39_35 N  30870  30869    270
  30890 30197     1212.2928    28                    850.6937  1017421                   x22_26 N  30890  30889    289
  30905 30208      859.8616    75                    850.7085  1018210                   x15_16 U  30905  30903     14
  30930 30233      883.7946   101                    850.7085  1019635                    x14_9 D  30930  30929     34
  30953 30256      888.5823   113                    850.7085  1021174                   x40_17 D  30953  30951     51
  30970 30273      892.3956    63                    850.7085  1022607                   x42_30 D  30970  30969     64
  30992 30295      899.4566    18                    850.7085  1024140                    x30_2 U  30992  30990     80
  31008 30309      927.2924    38                    850.7085  1025145                   x22_30 N  31008  31006     91
  31030 30329      944.8761    16                    850.7085  1025836                   x22_15 U  31030  31027    104
Elapsed time = 1579.14 sec. (2700880.44 ticks, tree = 164.94 MB, solutions = 0)
  31048 30345      980.3985    24                    850.7085  1026435                   x45_32 N  31048  31046    119
  31060 30357     1021.4844    40                    850.7085  1027143                   x35_30 D  31060  31059    128
  31080 30373      867.2325    78                    850.7165  1027817                   x20_16 D  31080  31079     26
  31135 30424      859.0206    71                    850.7186  1029542                   x33_30 U  31135  21969     18
  31154 30443      917.8456    78                    850.7186  1031087                   x14_37 U  31154  31152     30
  31167 30456      944.2243    48                    850.7186  1032141                     x5_2 N  31167  31164     38
  31189 30478      956.4452    24                    850.7186  1033075                   x40_44 N  31189  31187     51
  31197 30484    infeasible                          850.7186  1034123                   x28_16 N  31197  31196     57
  31200 30487      969.1749    52                    850.7186  1034233                   x28_13 D  31200  31199     59
  31222 30509      998.7333    36                    850.7186  1034915                   x31_26 N  31222  31220     77
Elapsed time = 1606.43 sec. (2745318.03 ticks, tree = 167.45 MB, solutions = 0)
  31230 30515     1027.2480    29                    850.7186  1035630                    x7_13 N  31230  31229     83
  31241 30524     1111.4989    48                    850.7186  1036393                   x21_22 N  31241  31239     89
  31267 30550     1096.0721    26                    850.7186  1036798                   x21_17 N  31267  31266    108
  31281 30564     1120.1194    20                    850.7186  1037098                    x6_39 N  31281  31279    117
  31300 30581     1146.5309    36                    850.7186  1037386                    x27_4 D  31300  31299    131
  31333 30614     1169.8504    34                    850.7186  1037732                   x10_17 N  31333  31332    156
  31344 30621    infeasible                          850.7186  1037919                    x28_9 N  31344  31342    163
  31368 30636      874.0163    83                    850.7377  1038453                   x32_45 D  31368  31367     28
  31430 30698      911.4099    57                    850.7377  1040102                   x38_30 D  31430  31429     90
  31456 30720      943.3589    64                    850.7377  1041688                    x3_45 N  31456  31455    114
Elapsed time = 1628.80 sec. (2785047.55 ticks, tree = 168.66 MB, solutions = 0)
  31510 30774      977.2182    35                    850.7377  1042513                   x17_20 N  31510  31509    168
  31600 30864     1085.8779    44                    850.7377  1043473                    x2_23 D  31600  31599    258
  31622 30882      884.7887   102                    850.7465  1045057                   x42_31 N  31622  31620     18
  31638 30898      942.2488    72                    850.7465  1047051                   x29_37 D  31638  31636     28
  31651 30907      867.7296    75                    850.7827  1048673                    x1_45 D  31651    616     18
  31680 30936      872.4297    92                    850.7827  1050170                   x37_14 U  31680  31679     42
  31707 30963      883.2052    52                    850.7827  1051939                   x42_31 U  31707  31705     66
  31720 30972    infeasible                          850.7827  1053688                   x15_16 N  31720  31718     75
  31741 30993      877.6189    82                    850.7991  1055051                   x17_16 U  31741  31738     36
  31752 31004      947.4506    85                    850.7991  1056675                   x45_41 N  31752  31750     42
Elapsed time = 1656.66 sec. (2827477.40 ticks, tree = 170.28 MB, solutions = 0)
  31771 31023      984.4117    58                    850.7991  1058005                   x37_12 N  31771  31770     55
  31786 31036    infeasible                          850.7991  1059304                   x44_17 N  31786  31784     65
  31804 31054     1003.1115    43                    850.7991  1059831                   x23_17 D  31804  31802     80
  31814 31062    infeasible                          850.7991  1060702                   x25_26 N  31814  31812     86
  31867 31111      890.7777   120                    850.8016  1062347                   x37_14 U  31867  31866     54
  31883 31127      953.7656    98                    850.8016  1064428                   x28_43 N  31883  31882     70
  31903 31143      867.3237    83                    850.8149  1065604                   x40_44 D  31903  31902     21
  31922 31162      896.9871   105                    850.8149  1066844                   x33_38 N  31922  31919     32
  31968 31208      897.5657    67                    850.8149  1067895                   x41_31 N  31968  31965     71
  31995 31235      908.9480    61                    850.8149  1069175                    x2_34 U  31995  31993     93
Elapsed time = 1685.72 sec. (2869116.67 ticks, tree = 171.91 MB, solutions = 0)
  32010 31250      992.8606    37                    850.8149  1070156                   x12_44 N  32010  32007    105
  32029 31267      943.5455    44                    850.8149  1071031                    x32_9 N  32029  32027    122
  32077 31311      865.3138   107                    850.8289  1071924                   x37_14 U  32077  32076     47
  32113 31341      859.9961    61                    850.8438  1073488                   x42_44 U  32113  32111     18
  32136 31364      927.7106    62                    850.8438  1075131                   x12_41 N  32136  32133     33
  32151 31379      952.9148    73                    850.8438  1076578                    x14_5 N  32151  32149     46
  32176 31404      957.7904    64                    850.8438  1078059                   x12_27 U  32176  32174     69
  32194 31422      907.9115    51                    850.8438  1079338                    x2_34 N  32194  32192     84
  32205 31429    infeasible                          850.8438  1080704                   x30_34 N  32205  32203     91
  32217 31441      949.3296    75                    850.8438  1081938                   x45_31 N  32217  32214     98
Elapsed time = 1713.57 sec. (2910532.82 ticks, tree = 173.70 MB, solutions = 0)
  32231 31451      858.1581    71                    850.9002  1083181                   x36_37 D  32231  32230     20
  32273 31493      903.4728    56                    850.9002  1084473                   x18_16 N  32273  32272     62
  32297 31515    infeasible                          850.9002  1085535                    x0_43 N  32297  32296     86
  32317 31533      888.0507    62                    850.9028  1086816                   x41_44 N  32317  32315     33
  32330 31546      892.0670    80                    850.9028  1087766                   x13_32 D  32330  32329     42
  32352 31564      905.2262    58                    850.9028  1088801                   x31_34 N  32352  32350     61
  32369 31581      949.2720    47                    850.9028  1090110                    x28_4 U  32369  32367     73
  32385 31595    infeasible                          850.9028  1090954                   x31_16 N  32385  32383     85
  32400 31608      976.6666    35                    850.9028  1091878                    x31_9 D  32400  32399     96
  32413 31613      893.7916    75                    850.9236  1093046                   x33_30 N  32413  32412     20
Elapsed time = 1740.65 sec. (2949648.86 ticks, tree = 174.69 MB, solutions = 0)
  32471 31667      853.7480    54                    850.9563  1094124                   x28_21 U  32471  10591      9
  32491 31687      895.6674    89                    850.9563  1095839                   x44_40 N  32491  32490     23
  32505 31701      933.3692    55                    850.9563  1097144                   x35_38 N  32505  32504     31
  32515 31711      963.3687    64                    850.9563  1098548                   x30_46 N  32515  32513     36
  32533 31729      981.5268    10                    850.9563  1099292                   x31_26 N  32533  32532     53
  32545 31739     1069.4442    29                    850.9563  1100145                   x19_22 N  32545  32543     61
  32560 31748      927.5596    82                    850.9735  1101479                   x42_12 U  32560  32558     23
  32577 31765      916.7094    83                    850.9735  1102824                   x42_44 N  32577  32575     35
  32602 31790      962.0206    79                    850.9735  1104352                   x14_13 N  32602  32600     55
  32618 31806      963.7856    67                    850.9735  1105840                   x44_41 N  32618  32616     66
Elapsed time = 1769.33 sec. (2990960.08 ticks, tree = 192.60 MB, solutions = 0)
  32637 31825      994.0186    26                    850.9735  1106394                    x5_34 N  32637  32634     81
  32655 31843     1012.2874    32                    850.9735  1106677                   x18_16 U  32655  32653     94
  32680 31868     1032.5703    23                    850.9735  1106920                   x16_20 D  32680  32678    113
  32703 31891     1045.4211    24                    850.9735  1107323                   x38_42 N  32703  32702    130
  32732 31920     1125.9830    25                    850.9735  1107732                    x10_8 N  32732  32730    153
  32749 31933      910.5820    44                    850.9789  1109085                   x14_44 U  32749  32747     23
  32761 31945      937.7936    26                    850.9789  1110484                   x41_19 N  32761  32758     30
  32770 31954      981.7269    16                    850.9789  1111726                   x17_28 N  32770  32768     36
  32784 31968     1004.8212    62                    850.9789  1112743                    x2_31 N  32784  32782     46
  32799 31983     1014.3969    38                    850.9789  1113238                   x30_35 D  32799  32797     55
Elapsed time = 1795.20 sec. (3031198.80 ticks, tree = 194.57 MB, solutions = 0)
  32811 31995     1059.0994    45                    850.9789  1113592                     x4_2 N  32811  32810     63
  32824 32008     1106.5901    24                    850.9789  1114013                   x30_26 N  32824  32822     72
  32827 32009    infeasible                          850.9789  1114288                    x9_41 N  32827  32825     74
  32875 32053      880.0309    95                    851.0058  1115771                   x13_21 D  32875  32874     58
  32913 32089      979.3210    67                    851.0058  1117156                   x12_43 D  32913  32912     95
  32965 32141     1042.8616    62                    851.0058  1118212                   x32_31 N  32965  32964    147
  33021 32195    infeasible                          851.0058  1119114                   x18_19 N  33021  33020    203
  33040 32212      865.2661    87                    851.0063  1120317                   x21_28 D  33040  33039     23
  33055 32227      889.4766    72                    851.0063  1121789                   x45_34 U  33055  33052     33
  33072 32244      924.6509    54                    851.0063  1123040                   x41_21 N  33072  33070     45
Elapsed time = 1822.27 sec. (3071132.36 ticks, tree = 196.73 MB, solutions = 0)
  33091 32263      961.9746    29                    851.0063  1124396                   x22_31 N  33091  33088     58
  33119 32291      952.9073    48                    851.0063  1125611                    x23_1 D  33119  33118     80
  33134 32306      989.7109    43                    851.0063  1126651                    x31_1 N  33134  33132     88
  33150 32322      995.3507    14                    851.0063  1127282                    x26_6 D  33150  33149    100
  33172 32344     1003.8327     6                    851.0063  1127672                    x1_25 U  33172  33170    117
  33200 32372     1010.6000    25                    851.0063  1128255                   x32_27 D  33200  33199    141
  33230 32400     1117.9210     9                    851.0063  1128960                   x13_36 U  33230  33228    163
  33279 32445      901.9361    97                    851.0436  1130173                   x13_21 D  33279  33278     53
  33303 32467      964.1765    35                    851.0436  1131118                    x10_8 N  33303  33302     76
  33351 32515     1029.4750    76                    851.0436  1132505                   x22_41 N  33351  33350    124
Elapsed time = 1847.56 sec. (3111236.67 ticks, tree = 198.32 MB, solutions = 0)
  33367 32527      871.7227    86                    851.0828  1133728                   x40_44 N  33367  33365     17
  33386 32546      933.9802    83                    851.0828  1135060                   x30_13 N  33386  33384     32
  33410 32570      968.4704    45                    851.0828  1136532                   x33_13 N  33410  33408     52
  33423 32583     1027.4466    53                    851.0828  1137538                   x19_41 N  33423  33421     60
  33443 32601     1016.7582    47                    851.0828  1138182                   x18_19 D  33443  33441     74
  33464 32622     1046.3031    35                    851.0828  1138578                   x11_41 D  33464  33463     91
  33489 32643      872.6855    73                    851.1039  1139180                   x42_34 D  33489  33488     29
  33550 32702    infeasible                          851.1039  1140987                   x41_38 N  33550  33549     90
  33562 32712      882.2453    37                    851.1052  1142479                   x41_31 N  33562  33561     24
  33574 32724      913.0540    16                    851.1052  1143904                    x32_5 N  33574  33572     32
Elapsed time = 1876.51 sec. (3154099.22 ticks, tree = 200.52 MB, solutions = 0)
  33589 32739      942.6516    39                    851.1052  1144841                   x37_14 N  33589  33587     43
  33613 32763      980.7738    44                    851.1052  1145926                   x28_40 N  33613  33611     62
  33635 32785     1064.0337    20                    851.1052  1147163                    x28_6 N  33635  33633     80
  33659 32807      991.5464    58                    851.1052  1147645                   x13_27 D  33659  33657    100
  33671 32819     1027.3534    56                    851.1052  1148338                    x5_35 N  33671  33669    109
  33692 32836     1061.4200    32                    851.1052  1149189                   x42_41 N  33692  33689    126
  33701 32845     1111.3400    41                    851.1052  1149835                     x3_7 U  33701  33698    133
  33745 32883      871.5256    57                    851.1244  1150831                   x31_34 D  33745  33744     49
  33766 32900      870.1585    43                    851.1305  1152411                   x12_41 U  33766  33763     25
  33789 32921    infeasible                          851.1305  1153690                   x21_20 N  33789  33788     46
Elapsed time = 1902.56 sec. (3194110.49 ticks, tree = 203.07 MB, solutions = 0)
  33808 32938      886.7897    99                    851.1343  1155072                   x44_19 D  33808  33806     23
  33816 32946      959.6807    86                    851.1343  1156668                   x13_30 N  33816  33814     28
  33830 32960      985.6245    52                    851.1343  1157668                     x9_8 N  33830  33828     37
  33843 32973     1079.9231    57                    851.1343  1159279                   x44_32 N  33843  33841     45
  33858 32988     1057.8525    52                    851.1343  1160030                   x39_35 N  33858  33855     55
  33866 32996     1138.1812    38                    851.1343  1161196                   x30_27 N  33866  33864     60
  33878 33008     1130.5009    14                    851.1343  1161558                   x16_17 N  33878  33877     70
  33886 33016     1158.5378    28                    851.1343  1161866                   x44_23 N  33886  33885     75
  33898 33028     1276.0549    22                    851.1343  1162281                   x44_16 N  33898  33897     86
  33913 33039      857.8246    40                    851.1469  1163115                   x12_40 D  33913  33911     15
Elapsed time = 1929.90 sec. (3235357.04 ticks, tree = 204.74 MB, solutions = 0)
  33932 33058      873.8479    37                    851.1469  1164357                   x32_44 D  33932  33930     27
  33950 33076      895.7663    34                    851.1469  1165773                    x32_2 N  33950  33948     36
  33963 33089      920.3756    96                    851.1469  1167151                   x22_46 D  33963  33962     45
  33977 33103      953.6496    36                    851.1469  1168240                   x43_42 N  33977  33975     54
  33990 33116     1022.7042    22                    851.1469  1169316                   x40_17 N  33990  33988     63
  34006 33132     1073.2497    42                    851.1469  1170443                    x14_5 N  34006  34004     77
  34031 33155     1027.4632    27                    851.1469  1171286                    x41_6 N  34031  34029     98
  34045 33167    infeasible                          851.1469  1171621                   x20_32 N  34045  34043    109
  34092 33210      922.7698    71                    851.1528  1173719                   x29_37 D  34092  34090     54
  34131 33249      959.5532    20                    851.1528  1174848                    x10_8 U  34131  34130     93
Elapsed time = 1958.08 sec. (3277364.10 ticks, tree = 206.33 MB, solutions = 0)
  34159 33277     1025.8275    62                    851.1528  1176143                   x11_37 N  34159  34158    121
  34210 33328     1047.1871    33                    851.1528  1176773                    x4_26 D  34210  34209    172
  34270 33388     1072.5862    52                    851.1528  1177360                   x38_33 D  34270  34269    232
  34305 33423     1101.6576    17                    851.1528  1177642                     x4_5 N  34305  34304    267
  34342 33458    infeasible                          851.1528  1177936                    x20_9 N  34342  34341    304
  34360 33472      862.1484    41                    851.1669  1178362                   x17_16 D  34360  34359     13
  34385 33497      884.7198    44                    851.1669  1178927                     x6_2 D  34385  34384     30
* 34396  6765      integral     0      889.8295      851.1669  1179351    4.34%
  34404  6769      854.8810    74      889.8295      851.2015  1179552    4.34%          x22_24 D  34404    417     21
  34440  6803        cutoff            889.8295      851.2015  1180306    4.34%          x13_30 D  34440  34439     57
  34465  6824      862.0391   112      889.8295      851.2021  1181201    4.34%          x14_30 D  34465  34464     32
Elapsed time = 1983.31 sec. (3316843.91 ticks, tree = 61.38 MB, solutions = 1)
  34490  6839      874.5352    75      889.8295      851.2021  1182401    4.34%          x13_31 D  34490  34488     52
  34508  6846      859.5579    82      889.8295      851.2392  1184102    4.34%          x20_16 D  34508  34507     12
  34536  6874      873.3415    92      889.8295      851.2392  1184852    4.34%          x13_30 D  34536  34535     40
  34565  6899      862.9027   100      889.8295      851.2431  1185947    4.34%          x21_28 D  34565  34564     17
  34591  6925      873.4343    89      889.8295      851.2431  1186376    4.34%          x35_38 N  34591  34590     43
  34609  6939      856.5573    80      889.8295      851.2507  1186945    4.34%          x33_34 N  34609  34608     14
  34623  6953      878.0748    78      889.8295      851.2507  1187797    4.34%          x37_14 N  34623  34622     28
  34646  6972      862.9249    62      889.8295      851.2768  1188283    4.33%          x31_34 N  34646  34645     16
  34665  6991      883.6434    97      889.8295      851.2768  1188736    4.33%          x40_12 N  34665  34664     35
  34682  7004      870.1657   101      889.8295      851.3130  1189911    4.33%          x40_32 N  34682  34680     26
Elapsed time = 2004.83 sec. (3356612.65 ticks, tree = 63.46 MB, solutions = 1)
  34697  7017      869.4177    62      889.8295      851.3130  1190765    4.33%           x0_43 N  34697  34696     35
  34710  7028      886.4894   100      889.8295      851.3130  1191607    4.33%          x12_43 N  34710  34709     44
  34731  7042      864.5113    65      889.8295      851.3167  1192069    4.33%          x12_44 N  34731  34730     28
  34769  7080      867.2778    83      889.8295      851.3167  1192329    4.33%           x13_2 N  34769  34768     66
  34790  7097    infeasible            889.8295      851.3167  1192947    4.33%          x41_16 N  34790  34789     86
  34810  7115      873.8156    86      889.8295      851.3964  1193592    4.32%          x12_16 D  34810  34809     36
  34837  7138      871.8355    53      889.8295      851.4982  1194635    4.31%          x12_41 D  34837  34836     31
  34858  7155      868.5877    80      889.8295      851.5237  1195696    4.30%          x12_31 D  34858  34857     24
  34889  7182      852.6372    78      889.8295      851.5241  1196235    4.30%          x15_16 D  34889  25189     15
  34909  7198        cutoff            889.8295      851.5241  1197173    4.30%          x14_13 U  34909  34907     31
Elapsed time = 2024.94 sec. (3395785.30 ticks, tree = 65.63 MB, solutions = 1)
  34929  7208      862.0115    57      889.8295      851.5454  1197968    4.30%          x22_31 N  34929  17171     10
  34948  7227      873.7695    84      889.8295      851.5454  1198538    4.30%          x12_34 N  34948  34947     29
  34969  7243      867.6351    96      889.8295      851.5540  1199183    4.30%          x36_37 N  34969  34968     19
  34993  7267      877.9894    82      889.8295      851.5540  1199435    4.30%          x37_14 N  34993  34992     43
  35012  7282      865.1346    56      889.8295      851.5623  1200193    4.30%          x34_46 N  35012     35     24
  35030  7300      872.0171   107      889.8295      851.5623  1200796    4.30%          x33_13 N  35030  35029     42
  35052  7322      888.0209    57      889.8295      851.5623  1201175    4.30%          x40_35 N  35052  35051     64
  35079  7345      867.2520    92      889.8295      851.5689  1201742    4.30%          x14_41 D  35079  35078     37
  35113  7375      864.4758    46      889.8295      851.6177  1202670    4.29%          x34_46 N  35113     35     24
  35132  7390      882.3634    88      889.8295      851.6177  1203709    4.29%          x20_16 N  35132  35130     37
Elapsed time = 2044.10 sec. (3436481.04 ticks, tree = 67.77 MB, solutions = 1)
  35152  7401      860.5458    97      889.8295      851.7116  1204123    4.28%          x14_29 D  35152  35151     24
  35190  7439      866.5643    91      889.8295      851.7116  1204520    4.28%          x13_17 D  35190  35189     62
  35220  7462      866.3349    67      889.8295      851.7139  1205533    4.28%          x43_28 U  35220  28599     18
  35242  7480        cutoff            889.8295      851.7139  1206539    4.28%           x0_43 U  35242  35240     39
  35279  7517      868.2370   117      889.8295      851.7144  1207129    4.28%          x13_17 D  35279  35278     55
  35300  7532      862.3845    88      889.8295      851.7640  1207936    4.28%           x12_9 D  35300  35299     13
  35331  7561        cutoff            889.8295      851.7640  1209031    4.28%          x13_11 D  35331  35330     44
  35349  7577      888.7478    37      889.8295      851.7650  1210416    4.28%          x33_21 U  35349  35346     24
  35381  7605      886.8278    88      889.8295      851.7714  1211119    4.28%          x42_41 D  35381  35380     44
  35400  7620      872.7227   123      889.8295      851.7961  1212187    4.27%          x12_28 D  35400  35399     21
Elapsed time = 2065.19 sec. (3476920.96 ticks, tree = 69.81 MB, solutions = 1)
  35440  7656      854.0522    64      889.8295      851.8056  1212970    4.27%          x13_44 D  35440  35439     17
  35487  7703      882.0083    52      889.8295      851.8056  1213774    4.27%          x40_13 D  35487  35486     64
  35509  7721      867.5499    71      889.8295      851.8083  1214474    4.27%          x31_34 N  35509  35508     23
  35552  7764      875.1304   109      889.8295      851.8083  1215083    4.27%          x13_16 D  35552  35551     66
  35590  7800        cutoff            889.8295      851.8083  1215900    4.27%          x44_28 N  35590  35589    104
  35607  7815      873.4984    64      889.8295      851.8267  1216474    4.27%          x37_14 U  35607  35605     27
  35632  7828        cutoff            889.8295      851.8267  1217328    4.27%           x0_43 U  35632  35630     46
  35669  7863      866.1248    90      889.8295      851.8299  1217975    4.27%          x13_31 D  35669  35668     53
  35702  7892      871.0240    93      889.8295      851.8417  1219039    4.27%          x12_45 U  35702  35701     17
  35704  7894      871.1442    65      889.8295      851.8417  1219049    4.27%          x37_12 D  35704  35703     19
Elapsed time = 2085.43 sec. (3518708.80 ticks, tree = 71.79 MB, solutions = 1)
  35727  7917      881.8310    38      889.8295      851.8417  1219471    4.27%          x31_43 N  35727  35726     42
  35742  7926      864.0571    83      889.8295      851.8990  1220074    4.26%          x12_32 N  35742  35741     13
  35775  7959      873.2451   119      889.8295      851.8990  1220688    4.26%          x13_27 D  35775  35774     46
  35800  7980      868.3135    79      889.8295      851.9231  1221631    4.26%          x42_41 D  35800  35799     34
  35833  8013      887.8035    90      889.8295      851.9231  1222204    4.26%          x13_30 N  35833  35832     67
  35850  8026      864.4562    86      889.8295      851.9552  1223250    4.26%          x40_28 D  35850  35848     20
  35867  8041      876.6112   109      889.8295      851.9552  1224711    4.26%          x12_21 D  35867  35865     31
  35892  8054      859.2203    70      889.8295      851.9664  1225525    4.26%          x42_28 D  35892  35891     23
  35924  8086      875.7069   110      889.8295      851.9664  1226184    4.26%          x13_30 D  35924  35923     55
  35952  8112        cutoff            889.8295      851.9664  1226812    4.26%          x32_34 D  35952  35951     83
Elapsed time = 2106.43 sec. (3558142.91 ticks, tree = 73.45 MB, solutions = 1)
  35970  8124      866.1734    79      889.8295      851.9696  1227601    4.25%          x44_40 D  35970  35969     19
  35993  8145        cutoff            889.8295      851.9696  1228438    4.25%          x44_16 D  35993  35992     42
  36012  8162      863.5419    65      889.8295      851.9920  1228895    4.25%          x41_34 D  36012  36011     30
  36039  8185        cutoff            889.8295      851.9920  1229682    4.25%          x12_37 U  36039  36037     56
  36064  8210      881.3870   107      889.8295      851.9933  1230908    4.25%          x12_44 D  36064  36063     43
  36086  8227        cutoff            889.8295      852.0098  1231940    4.25%          x40_42 D  36086  36085     17
  36125  8264      864.3061   108      889.8295      852.0217  1232420    4.25%           x14_9 D  36125  36124     56
  36165  8300      856.0262    76      889.8295      852.0279  1233194    4.25%          x42_43 N  36165   2009     17
  36190  8325      875.5308    63      889.8295      852.0279  1233997    4.25%          x14_44 D  36190  36189     42
  36229  8360        cutoff            889.8295      852.0279  1234523    4.25%          x31_22 N  36229  36228     80
Elapsed time = 2127.18 sec. (3597791.97 ticks, tree = 74.95 MB, solutions = 1)
  36255  8384      879.5108    68      889.8295      852.0281  1235357    4.25%           x14_9 D  36255  36254     38
  36283  8408      867.8962    99      889.8295      852.0323  1236203    4.25%          x33_30 D  36283  36282     33
  36320  8441      872.2789    41      889.8295      852.0323  1237326    4.25%           x5_45 U  36320  36318     23
  36341  8454      887.5094    96      889.8295      852.0323  1238416    4.25%          x29_37 U  36341  36340     38
  36369  8476      873.2768    89      889.8295      852.0452  1239202    4.25%          x13_30 D  36369  36368     45
  36399  8502      875.3614    80      889.8295      852.0509  1240205    4.25%          x43_44 D  36399  36398     25
  36409  8512      883.8184   106      889.8295      852.0509  1240458    4.25%          x36_37 N  36409  36408     35
  36426  8524      871.6962    81      889.8295      852.0596  1241017    4.24%          x17_16 N  36426  36425     24
  36457  8549        cutoff            889.8295      852.0596  1241813    4.24%          x32_46 U  36457  36455     53
  36487  8579      870.3365    80      889.8295      852.0829  1242664    4.24%          x13_27 D  36487  36486     44
Elapsed time = 2146.46 sec. (3636710.33 ticks, tree = 76.27 MB, solutions = 1)
  36510  8598      876.3783    67      889.8295      852.0947  1243660    4.24%          x12_40 D  36510  36509     34
  36533  8615      879.4543   109      889.8295      852.0947  1244288    4.24%          x13_40 D  36533  36532     53
  36552  8624      874.0024    80      889.8295      852.1389  1245314    4.24%          x34_45 D  36552  36551     16
  36582  8654      882.0713   107      889.8295      852.1389  1245978    4.24%          x13_44 D  36582  36581     46
  36611  8679      859.9601   119      889.8295      852.1596  1246698    4.23%          x14_29 D  36611  36610     31
  36668  8736      867.2142   112      889.8295      852.1596  1247430    4.23%          x28_45 D  36668  36667     88
  36690  8754      864.0217    67      889.8295      852.1693  1248361    4.23%          x12_40 D  36690  36689     22
  36716  8780      880.3590   110      889.8295      852.1693  1249286    4.23%          x12_23 N  36716  36715     48
  36741  8801      866.6839    86      889.8295      852.1737  1249875    4.23%          x14_30 D  36741  36740     35
  36783  8839        cutoff            889.8295      852.1737  1250423    4.23%          x12_34 U  36783  36781     76
Elapsed time = 2167.61 sec. (3675518.19 ticks, tree = 77.86 MB, solutions = 1)
  36800  8856      873.1161    82      889.8295      852.1990  1251449    4.23%          x40_46 D  36800  36798     18
  36820  8872      862.0235    76      889.8295      852.2091  1252355    4.23%          x40_44 D  36820  36819     21
  36861  8913      868.5645    89      889.8295      852.2091  1252937    4.23%          x45_34 U  36861  36860     62
  36885  8932      860.5840    75      889.8295      852.2218  1253663    4.23%          x12_32 N  36885  18747     19
  36903  8950      886.6958    69      889.8295      852.2218  1254194    4.23%          x44_46 N  36903  36902     37
  36930  8974      877.8685   104      889.8295      852.2419  1255071    4.22%           x33_2 D  36930  36929     34
  36953  8993      866.8219    60      889.8295      852.2423  1255659    4.22%          x12_32 D  36953  36952     37
  36983  9019      870.0596   108      889.8295      852.2516  1256805    4.22%          x30_34 N  36983    418     22
  37018  9047        cutoff            889.8295      852.2516  1257638    4.22%          x44_28 U  37018  37016     51
  37137  9161      875.5466   110      889.8295      852.2691  1259788    4.22%           x14_9 D  37137  37136     74
Elapsed time = 2194.06 sec. (3727867.54 ticks, tree = 79.80 MB, solutions = 1)
  37255  9271      881.2490   100      889.8295      852.2991  1262127    4.22%          x42_44 D  37255  37254     60
  37367  9370      874.5417   110      889.8295      852.3171  1265304    4.22%          x13_40 D  37367  37366     52
  37505  9494      880.2179    93      889.8295      852.3297  1268186    4.21%          x42_13 D  37505  37503     32
  37613  9590      880.3158    85      889.8295      852.3359  1270914    4.21%          x13_40 N  37613  37612     34
  37771  9740      865.0191    73      889.8295      852.3391  1273637    4.21%          x29_37 U  37771  37770     58
  37834  9785        cutoff            889.8295      852.3404  1277513    4.21%          x21_41 U  37834  37832     56
  37951  9893      867.2831    75      889.8295      852.3795  1280265    4.21%           x33_2 D  37951  37950     32
  38076 10011      886.7980    29      889.8295      852.4239  1283191    4.20%            x5_2 D  38076  38074     23
  38198 10121      869.9437    77      889.8295      852.4343  1285679    4.20%          x45_31 D  38198  38197     81
  38310 10221      865.6410    51      889.8295      852.4610  1288994    4.20%           x1_45 D  38310  38308     18
Elapsed time = 2270.45 sec. (3880970.25 ticks, tree = 86.20 MB, solutions = 1)
  38401 10300      871.3203    76      889.8295      852.4963  1291994    4.20%           x45_2 N  38401   4405     11
  38540 10426      884.5965    32      889.8295      852.6066  1294412    4.18%          x12_32 U  38540  38538     16
  38672 10545      879.7274    99      889.8295      852.6349  1297128    4.18%          x44_31 D  38672  38671     92
  38800 10659      856.5130    53      889.8295      852.6560  1300076    4.18%          x12_41 D  38800  38798     19
  38889 10724      863.2916   115      889.8295      852.6680  1303436    4.18%          x36_37 D  38889  38888     26
  39043 10870      867.1112   104      889.8295      852.6997  1305801    4.17%          x32_13 D  39043  39042     69
  39141 10948      885.7156    69      889.8295      852.7086  1309697    4.17%          x41_21 U  39141  39138     56
  39204 10992      867.7899    84      889.8295      852.7900  1312266    4.16%          x12_41 N  39204  39203     18
  39306 11084      885.3308    92      889.8295      852.8289  1315638    4.16%          x41_34 D  39306  39305     34
  39433 11198      881.3890    91      889.8295      852.8548  1318272    4.16%          x13_23 D  39433  39432    114
Elapsed time = 2347.38 sec. (4034954.66 ticks, tree = 92.11 MB, solutions = 1)
  39554 11311      867.8015    92      889.8295      852.8638  1320909    4.15%          x37_14 U  39554  39553     54
  39670 11411      874.5857    87      889.8295      852.9014  1323717    4.15%           x13_5 D  39670  39669     73
  39795 11524      873.8288    67      889.8295      852.9320  1326103    4.15%          x14_13 D  39795  39794     46
  39946 11665      867.1535    38      889.8295      852.9346  1328678    4.15%          x16_15 D  39946  39945     14
  40054 11764      859.9483    86      889.8295      852.9430  1330529    4.15%          x40_34 D  40054  40053     27
  40176 11876      871.1272   113      889.8295      852.9770  1333212    4.14%          x12_27 D  40176  40175     45
  40313 11994      870.1958    99      889.8295      853.0472  1335467    4.13%          x13_43 D  40313  40312     85
  40442 12113      878.6946    71      889.8295      853.0541  1338312    4.13%          x12_43 D  40442  40441     32
  40550 12200      869.5887    56      889.8295      853.0600  1341809    4.13%          x40_32 D  40550  40549     38
  40668 12310      887.2024    52      889.8295      853.0697  1344724    4.13%          x41_44 D  40668  40667     49
Elapsed time = 2425.85 sec. (4188123.33 ticks, tree = 98.84 MB, solutions = 1)
  40775 12397      882.1438    98      889.8295      853.1001  1347846    4.13%          x34_45 D  40775  40774     48
  40893 12501      876.2807    66      889.8295      853.1587  1350156    4.12%          x42_44 D  40893  40892     56
  41000 12599      881.4633    88      889.8295      853.1816  1353298    4.12%          x42_41 D  41000  40999     78
  41155 12744      869.4864   100      889.8295      853.2180  1355954    4.11%          x33_32 D  41155  41154     84
  41230 12791      868.9960    51      889.8295      853.2246  1358413    4.11%          x13_41 N  41230  37387     18
  41331 12882      881.0460    69      889.8295      853.2563  1361469    4.11%           x2_34 N  41331  41330     30
  41407 12938      888.6488    94      889.8295      853.2747  1364021    4.11%          x40_42 N  41407  41405     32
  41524 13041      868.5388   105      889.8295      853.3291  1366493    4.10%          x14_11 D  41524  41523     53
  41646 13147      862.6552    62      889.8295      853.3720  1369406    4.10%          x12_32 D  41646  41645     20
  41792 13287      876.7996    98      889.8295      853.3866  1371550    4.10%          x40_17 D  41792  41791    109
Elapsed time = 2497.46 sec. (4341712.19 ticks, tree = 104.75 MB, solutions = 1)
  41911 13388      885.0047    94      889.8295      853.4165  1374853    4.09%          x13_10 D  41911  41910     33
  42037 13500      871.6966   106      889.8295      853.4283  1377405    4.09%          x14_31 D  42037  42036     63
  42180 13634      870.5908   104      889.8295      853.4489  1379818    4.09%          x19_13 D  42180  42179     55
  42286 13713      869.4477    49      889.8295      853.4524  1382642    4.09%          x42_32 D  42286  42285     70
  42409 13825      867.2640   101      889.8295      853.4604  1385359    4.09%          x33_32 N  42409  42408     84
  42522 13932      886.6550    95      889.8295      853.4656  1387523    4.09%          x30_46 N  42522  42521     82
  42618 14016      872.6294    70      889.8295      853.5090  1390724    4.08%          x14_40 N  42618  42617     22
  42753 14147      881.6043    61      889.8295      853.5136  1393421    4.08%          x45_46 N  42753  42752    107
  42869 14254      884.4900    62      889.8295      853.5163  1395815    4.08%          x32_44 D  42869  42868     35
  42996 14365      860.9278    76      889.8295      853.5280  1398419    4.08%          x40_44 D  42996  42995     22
Elapsed time = 2573.66 sec. (4495104.08 ticks, tree = 110.95 MB, solutions = 1)
  43131 14491      856.8378    48      889.8295      853.5347  1401197    4.08%          x20_16 N  43131  33906     11
  43260 14608      876.6569    70      889.8295      853.5450  1404338    4.08%          x32_13 D  43260  43259     42
  43390 14730      882.3502    54      889.8295      853.5585  1407332    4.08%          x42_41 N  43390  43389     61
  43529 14847      878.7295   104      889.8295      853.5604  1410323    4.08%          x31_34 U  43529  43527     60
  43643 14935      862.5173    56      889.8295      853.5701  1412747    4.07%          x12_32 N  43643  29337     18
  43755 15039      874.9896    85      889.8295      853.6009  1415185    4.07%           x12_9 D  43755  43754     36
  43840 15093      889.4338   100      889.8295      853.6203  1419241    4.07%          x31_41 U  43840  43837     63
  43985 15223      877.1724   121      889.8295      853.6302  1421856    4.07%          x42_13 D  43985  43984     77
  44080 15304      882.7571    52      889.8295      853.6496  1424636    4.07%          x31_34 N  44080  44079     27
  44201 15414      870.9046   126      889.8295      853.6587  1427114    4.06%           x13_5 D  44201  44200     51
Elapsed time = 2649.06 sec. (4649470.66 ticks, tree = 117.13 MB, solutions = 1)
  44333 15543      884.0720    87      889.8295      853.6691  1430219    4.06%          x41_28 D  44333  44332    104
  44452 15637      869.2908    83      889.8295      853.6919  1432418    4.06%          x13_17 D  44452  44451     80
  44551 15722      859.7697   109      889.8295      853.7002  1435339    4.06%          x12_10 D  44551  44550     38
  44661 15814      864.2624   100      889.8295      853.7089  1438963    4.06%          x44_41 D  44661  44660     37
  44786 15931      868.4533    57      889.8295      853.7365  1442050    4.06%          x40_42 U  44786  44785     35
  44878 16011      886.0025    88      889.8295      853.7462  1444663    4.06%          x42_31 D  44878  44876     25
  45001 16120      859.6922    52      889.8295      853.7955  1447223    4.05%          x13_42 D  45001  45000     21
  45144 16256        cutoff            889.8295      853.7956  1449793    4.05%          x33_21 D  45144  45143    103
  45232 16322      873.0113    36      889.8295      853.8134  1452683    4.05%          x44_46 D  45232  45231     42
  45371 16451      887.1203    49      889.8295      853.8189  1455397    4.05%          x13_22 N  45371  45370     80
Elapsed time = 2724.63 sec. (4803189.20 ticks, tree = 124.08 MB, solutions = 1)
  45470 16535      867.1728    96      889.8295      853.8446  1458119    4.04%          x14_31 D  45470  45469     38
  45600 16656      879.1226    68      889.8295      853.8815  1460863    4.04%           x12_1 D  45600  45599     66
  45697 16737      870.1489   122      889.8295      853.8925  1464665    4.04%          x44_13 D  45697  45696     32
  45809 16837        cutoff            889.8295      853.9234  1467306    4.04%          x36_13 U  45809  45807     63
  45897 16912      875.8175    71      889.8295      853.9347  1470234    4.03%          x42_41 D  45897  45896     30
  46000 17003      857.7095    66      889.8295      853.9669  1472475    4.03%          x21_20 D  46000  45999     18
  46086 17078      868.8410    67      889.8295      853.9872  1475485    4.03%          x40_42 D  46086  46085     34
  46190 17172      881.1266    85      889.8295      853.9885  1478393    4.03%          x13_21 D  46190  46189     58
  46297 17263      879.1319    83      889.8295      854.0118  1481645    4.03%          x30_46 D  46297  46296     65
  46400 17357      870.3354    97      889.8295      854.0248  1483791    4.02%          x13_38 D  46400  46399     50
Elapsed time = 2799.97 sec. (4960610.12 ticks, tree = 131.26 MB, solutions = 1)
  46530 17468      878.3581   107      889.8295      854.0604  1487487    4.02%          x13_32 N  46530  46529     31
  46639 17569      859.4112    63      889.8295      854.0681  1489867    4.02%          x14_40 D  46639  46638     36
  46731 17649      887.7464    30      889.8295      854.0803  1493553    4.02%           x5_34 N  46731  46730     46
  46814 17724      876.0419    82      889.8295      854.0963  1495591    4.02%          x42_40 D  46814  46813     53
  46948 17848      868.7226    40      889.8295      854.1014  1499018    4.02%          x15_16 D  46948  46947     43
  47077 17971        cutoff            889.8295      854.1060  1501858    4.01%          x13_30 D  47077  47076     90
  47193 18071      863.9504    75      889.8295      854.1218  1505145    4.01%          x14_40 D  47193  47192     45
  47314 18184      878.4171    72      889.8295      854.1451  1508206    4.01%          x41_25 N  47314  47313     50
  47415 18271      870.0502    34      889.8295      854.1758  1511396    4.01%           x33_2 U  47415  39087     20
  47520 18369      861.7886    80      889.8295      854.1838  1513953    4.01%          x40_32 D  47520  47519     32
Elapsed time = 2874.33 sec. (5115023.48 ticks, tree = 137.41 MB, solutions = 1)
  47645 18489      878.4770    99      889.8295      854.1886  1516496    4.01%          x14_32 D  47645  47644     45
  47755 18579      857.7673    95      889.8295      854.1992  1519470    4.00%          x13_28 D  47755  47754     21
  47890 18710      887.1555    51      889.8295      854.2047  1522651    4.00%          x28_18 D  47890  47889     68
  48002 18804      867.3086   113      889.8295      854.2419  1525732    4.00%          x13_21 D  48002  48001     30
  48154 18948      870.6726    95      889.8295      854.2901  1528824    3.99%          x14_25 D  48154  48153     89
  48277 19059      863.8068    90      889.8295      854.3027  1531734    3.99%          x41_34 D  48277  48276     24
  48391 19165      876.8555    90      889.8295      854.3049  1534421    3.99%          x13_30 D  48391  48390     31
  48534 19297      865.5429    56      889.8295      854.3072  1536563    3.99%          x33_30 N  48534  32472     11
  48651 19400      881.6532    73      889.8295      854.3207  1539444    3.99%          x42_30 D  48651  48650     46
  48765 19501      860.1166    51      889.8295      854.3262  1542403    3.99%          x31_34 N  48765  48764     17
Elapsed time = 2948.89 sec. (5268723.08 ticks, tree = 144.12 MB, solutions = 1)
  48852 19577      869.0900    80      889.8295      854.3359  1545221    3.99%          x37_14 U  48852  48851     43
  49003 19718      878.9386    82      889.8295      854.3520  1547946    3.99%          x38_13 D  49003  49002    101
  49102 19799      867.1276    59      889.8295      854.3594  1551030    3.99%          x33_21 N  49102  23607     20
  49228 19917      875.9906   104      889.8295      854.3625  1553161    3.99%          x12_22 D  49228  49227     73
  49358 20028      871.9197    81      889.8295      854.3942  1555931    3.98%          x13_37 D  49358  49357     69
  49475 20123      859.9498    54      889.8295      854.4092  1558880    3.98%           x33_2 D  49475  49474     23
  49595 20231      866.8159    83      889.8295      854.4419  1561834    3.98%          x42_32 D  49595  49594     31
  49718 20346      865.5750    95      889.8295      854.4452  1564319    3.98%          x44_40 D  49718  49717     41
  49828 20442      868.1148    68      889.8295      854.4752  1567236    3.97%          x25_45 D  49828  49826     20
  49901 20492      878.5122    90      889.8295      854.5235  1570512    3.97%          x40_13 D  49901  49900     29
Elapsed time = 3023.99 sec. (5421812.05 ticks, tree = 151.49 MB, solutions = 1)
  50011 20589      872.4798    91      889.8295      854.5404  1572873    3.97%           x44_2 D  50011  50010     58
  50110 20669      871.2795    98      889.8295      854.5569  1576052    3.96%          x12_10 D  50110  50109     35
  50224 20772      869.1600   117      889.8295      854.5595  1578671    3.96%          x41_31 D  50224  50223     62
  50334 20868      862.2225   105      889.8295      854.5729  1581613    3.96%          x14_32 D  50334  50333     33
  50472 20997      872.9485    73      889.8295      854.5792  1584430    3.96%          x41_34 D  50472  50471     27
  50611 21132      876.4275   101      889.8295      854.5809  1587029    3.96%          x41_28 D  50611  50610    115
  50738 21238      865.2869    79      889.8295      854.6180  1590436    3.96%          x13_32 D  50738  50737     25
  50856 21346      871.6848    96      889.8295      854.6215  1593284    3.96%          x40_44 D  50856  50855     31
  50957 21430      874.8922    30      889.8295      854.6379  1596407    3.95%          x30_35 N  50957  50956     11
  51046 21499      875.6722    93      889.8295      854.6901  1600215    3.95%          x33_13 D  51046  51044     24
Elapsed time = 3097.77 sec. (5575276.40 ticks, tree = 159.29 MB, solutions = 1)
  51130 21564      875.8241    99      889.8295      854.6992  1602697    3.95%           x1_34 D  51130  51129     53
  51220 21639      864.1922    87      889.8295      854.7168  1606105    3.95%          x14_29 N  51220  51219     20
  51330 21740      882.2511    56      889.8295      854.7241  1609045    3.95%          x41_17 N  51330  51329     66
  51448 21845      888.3975    59      889.8295      854.7354  1611632    3.94%          x36_13 D  51448  51447     78
  51576 21954      866.5311    65      889.8295      854.7533  1614263    3.94%          x33_30 N  51576  25117     21
  51694 22050      856.3885    46      889.8295      854.7616  1616533    3.94%           x33_2 N  51694  51693     24
  51827 22173      867.2349    87      889.8295      854.7890  1619607    3.94%          x42_21 D  51827  51826     40
  51959 22297        cutoff            889.8295      854.7967  1621978    3.94%          x41_31 D  51959  51958     89
  52037 22340      861.2761    76      889.8295      854.8034  1625217    3.94%          x42_28 D  52037  52036     13
  52172 22469      882.6027    84      889.8295      854.8043  1627735    3.94%          x22_31 D  52172  52171     87
Elapsed time = 3169.87 sec. (5728758.94 ticks, tree = 168.86 MB, solutions = 1)
  52291 22572      882.1820   109      889.8295      854.8201  1630683    3.93%          x13_27 D  52291  52290     48
  52392 22651      862.6747    63      889.8295      854.8489  1633712    3.93%          x14_29 N  52392  52391     22
  52484 22735      861.9186    77      889.8295      854.8530  1635646    3.93%          x20_16 D  52484  52483     15
  52593 22836      888.4933    85      889.8295      854.8585  1638964    3.93%          x28_43 N  52593  52592     93
  52696 22924      881.6150    93      889.8295      854.8981  1642359    3.93%          x12_41 D  52696  52695     53
  52817 23034      873.1481   100      889.8295      854.9052  1644772    3.92%          x42_17 D  52817  52816     40
  52892 23089      857.0071    59      889.8295      854.9146  1648343    3.92%          x41_28 N  52892   5145     14
  52983 23168      868.7475    78      889.8295      854.9256  1651472    3.92%           x5_45 U  52983  52980     16
  53099 23267      867.5987    58      889.8295      854.9449  1654896    3.92%          x42_40 D  53099  53098     13
  53200 23355      875.6418    99      889.8295      854.9508  1657986    3.92%          x14_38 D  53200  53199     42
Elapsed time = 3241.14 sec. (5883138.31 ticks, tree = 176.26 MB, solutions = 1)
  53342 23489      883.6497    71      889.8295      854.9570  1660537    3.92%          x41_31 N  53342  53341     41
  53418 23553      887.6203    29      889.8295      854.9736  1664443    3.92%          x14_29 D  53418  53417     44
  53503 23615        cutoff            889.8295      854.9955  1668149    3.91%          x41_31 U  53503  53502     44
  53600 23700      872.3098    99      889.8295      855.0199  1670334    3.91%           x14_9 D  53600  53599     55
  53690 23778      875.0676   106      889.8295      855.0340  1673298    3.91%           x0_13 D  53690  53689     26
  53780 23858      877.5727    32      889.8295      855.0497  1676218    3.91%          x33_21 D  53780  53779     32
  53880 23935      868.1959    65      889.8295      855.0764  1679165    3.91%          x30_34 D  53880  53879     46
  54000 24042      864.2673   131      889.8295      855.1076  1682138    3.90%          x13_11 D  54000  53999     36
  54140 24175      865.4101   100      889.8295      855.1296  1684962    3.90%          x14_11 D  54140  54139     70
  54225 24237      866.3524    75      889.8295      855.1377  1688076    3.90%          x33_31 D  54225  54224     22
Elapsed time = 3314.22 sec. (6036646.18 ticks, tree = 184.32 MB, solutions = 1)
  54366 24370      870.9456    77      889.8295      855.1462  1690527    3.90%          x41_34 D  54366  54365     38
  54459 24453      875.9754    88      889.8295      855.1531  1693508    3.90%          x36_37 D  54459  54458     44
  54573 24555      868.2797   109      889.8295      855.1735  1696580    3.89%           x13_9 D  54573  54572     39
  54691 24663      866.3702    87      889.8295      855.1818  1699079    3.89%          x12_28 D  54691  54690     54
  54783 24743      864.0051   111      889.8295      855.1881  1701619    3.89%          x40_13 D  54783  54782     53
  54887 24841      888.0263    56      889.8295      855.1979  1704457    3.89%          x28_40 N  54887  54886     68
  54966 24900      880.9677    77      889.8295      855.2134  1708180    3.89%           x14_9 D  54966  54965     39
  55068 24978      877.4202   116      889.8295      855.2293  1710707    3.89%          x17_21 D  55068  55067     48
  55162 25060      865.0149    50      889.8295      855.2368  1713294    3.89%          x33_30 D  55162  55161     18
  55299 25185      880.6695    94      889.8295      855.2515  1715986    3.89%           x0_43 D  55299  55298     53
Elapsed time = 3384.67 sec. (6189775.48 ticks, tree = 191.76 MB, solutions = 1)
  55390 25253      859.8414    73      889.8295      855.2633  1718897    3.88%          x14_29 D  55390  55389     18
  55488 25335      868.2240   114      889.8295      855.2717  1722128    3.88%          x28_45 D  55488  55487     36
  55608 25447      871.8547   102      889.8295      855.2822  1724536    3.88%          x12_43 D  55608  55607     29
  55716 25537      875.0536   102      889.8295      855.3006  1727957    3.88%          x14_38 D  55716  55715     41
  55829 25638      868.4083    62      889.8295      855.3021  1730168    3.88%          x42_44 D  55829  55828     21
  55926 25722      871.9695    97      889.8295      855.3188  1733559    3.88%          x13_21 D  55926  55925     28
  56031 25810      864.5552    75      889.8295      855.3268  1736576    3.88%          x14_29 N  56031  56030     19
  56137 25906      880.9917    63      889.8295      855.3372  1739065    3.88%          x12_40 U  56137  56135     11
  56231 25983      856.4473    63      889.8295      855.3533  1743031    3.87%           x33_2 D  56231  56230     20
  56354 26092      875.4166    72      889.8295      855.3564  1746194    3.87%          x44_41 D  56354  56353     29
Elapsed time = 3459.62 sec. (6343404.90 ticks, tree = 201.64 MB, solutions = 1)
  56470 26192      867.1066    61      889.8295      855.3686  1748653    3.87%          x44_43 D  56470  56469     40
  56560 26266      881.2376    75      889.8295      855.3811  1751342    3.87%          x12_36 D  56560  56559     58
  56666 26358      858.3126    61      889.8295      855.4035  1754371    3.87%           x33_2 N  56666  56665     20
  56760 26443      871.3901   103      889.8295      855.4127  1757643    3.87%          x13_27 D  56760  56759     31
  56887 26562      865.5742    82      889.8295      855.4224  1760165    3.87%          x12_36 D  56887  56886     55
  56975 26629      864.0847    90      889.8295      855.4344  1763069    3.87%          x14_32 D  56975  56974     51
  57082 26726      888.7845    74      889.8295      855.4403  1766111    3.86%          x29_37 N  57082  57081     73
  57191 26821        cutoff            889.8295      855.4434  1769206    3.86%          x41_28 D  57191  57190     38
  57298 26918      881.7581    81      889.8295      855.4567  1772081    3.86%           x12_2 N  57298  57297     70
  57414 27020      869.8024    64      889.8295      855.4753  1774795    3.86%          x30_32 D  57414  57413     29
Elapsed time = 3531.25 sec. (6497015.95 ticks, tree = 208.64 MB, solutions = 1)
  57540 27138      878.8400    60      889.8295      855.4871  1777104    3.86%          x29_37 U  57540  57539     44
  57660 27244      870.2548    78      889.8295      855.4977  1779649    3.86%          x13_36 D  57660  57659     66
  57768 27340      877.2602   102      889.8295      855.5265  1783198    3.86%          x12_32 U  57768  57766     14
  57880 27439      884.9665    75      889.8295      855.5296  1785818    3.85%          x28_32 D  57880  57879     99
  58009 27556      873.1167    94      889.8295      855.5486  1788495    3.85%          x29_37 U  58009  58008     33
  58089 27613      860.0667    62      889.8295      855.5571  1790724    3.85%          x12_32 N  58089  58088     15
  58202 27717      870.7510    61      889.8295      855.5708  1793655    3.85%          x33_32 D  58202  58201     43
  58309 27809      867.5807   101      889.8295      855.5806  1796930    3.85%          x37_14 U  58309  58308     53
  58438 27926      871.9693    46      889.8295      855.6282  1799840    3.84%          x41_34 U  58438  58435     27
  58563 28031      874.9599   100      889.8295      855.6329  1802837    3.84%          x31_34 D  58563  58562     44
Elapsed time = 3601.42 sec. (6650354.89 ticks, tree = 215.47 MB, solutions = 1)
  58659 28107      868.1161    74      889.8295      855.6434  1805911    3.84%          x14_40 N  58659  58658     27
  58743 28176      867.5706    84      889.8295      855.6461  1808493    3.84%          x13_40 D  58743  58742     19
  58852 28267      874.9417    90      889.8295      855.6498  1812173    3.84%          x14_37 D  58852  58851     38
  58968 28366      862.4485   100      889.8295      855.6627  1814901    3.84%          x40_44 N  58968  58967     26
  59063 28441      883.5299    59      889.8295      855.6667  1817989    3.84%          x42_34 N  59063  40583     23
  59158 28519      860.6165    68      889.8295      855.7116  1820760    3.83%          x40_32 N  59158  59157     26
  59254 28589        cutoff            889.8295      855.7162  1823605    3.83%          x41_16 U  59254  59252     47
  59374 28705      865.1349    98      889.8295      855.7189  1826424    3.83%          x14_44 D  59374  59373     40
  59483 28804      882.4478   108      889.8295      855.7357  1829058    3.83%          x12_45 D  59483  59481     43
  59581 28881        cutoff            889.8295      855.7472  1832277    3.83%           x40_5 D  59581  59580     88
Elapsed time = 3670.69 sec. (6804615.83 ticks, tree = 220.37 MB, solutions = 1)
  59708 28998      872.1257   100      889.8295      855.7604  1834754    3.83%          x13_10 D  59708  59707     37
  59792 29063      882.7255    63      889.8295      855.7663  1838230    3.83%          x33_21 N  59792  59791     60
  59904 29163      864.0564   119      889.8295      855.7760  1840796    3.83%          x13_11 D  59904  59903     45
  59989 29228      872.5121    78      889.8295      855.7995  1844007    3.82%          x12_28 N  59989  24001     17
  60093 29322      872.3524    68      889.8295      855.8139  1847008    3.82%          x41_44 N  60093  60092     29
  60173 29377      872.3041    85      889.8295      855.8223  1850192    3.82%           x13_9 D  60173  60172     45
  60297 29489      880.9200    73      889.8295      855.8343  1852671    3.82%           x12_6 N  60297  60296    103
  60402 29576      859.1976    54      889.8295      855.8471  1855646    3.82%          x43_28 D  60402  60401     20
  60513 29683      887.1192    98      889.8295      855.8479  1857676    3.82%          x42_12 N  60513  60512     64
  60618 29770      881.5150    87      889.8295      855.8685  1861247    3.82%          x44_28 U  60618  60617     27
Elapsed time = 3741.18 sec. (6958770.59 ticks, tree = 225.79 MB, solutions = 1)
  60727 29869      884.1724    82      889.8295      855.8691  1863757    3.82%          x12_36 D  60727  60726     51
  60823 29944        cutoff            889.8295      855.8865  1867262    3.81%          x45_31 D  60823  60822     35
  60939 30040      881.7957    87      889.8295      855.8958  1870311    3.81%          x12_21 D  60939  60938     65
  61055 30144      887.7828    77      889.8295      855.9012  1873160    3.81%          x17_16 D  61055  61054     60
  61145 30219      884.2293    89      889.8295      855.9098  1876439    3.81%          x41_34 D  61145  61144     27
  61252 30315      882.1672    89      889.8295      855.9303  1879171    3.81%          x41_44 D  61252  61251     53
  61334 30380      880.5688    87      889.8295      855.9371  1883366    3.81%          x44_28 U  61334  61333     26
  61414 30442      882.7539    60      889.8295      855.9638  1886540    3.81%          x12_36 D  61414  61413     38
  61532 30548      884.1046    81      889.8295      855.9799  1889493    3.80%          x41_34 D  61532  61531     40
  61600 30601      864.2565    86      889.8295      855.9933  1891883    3.80%          x13_32 D  61600  61599     35
Elapsed time = 3811.95 sec. (7112903.79 ticks, tree = 230.87 MB, solutions = 1)
  61722 30713      863.8879    61      889.8295      855.9971  1894373    3.80%          x44_41 D  61722  61721     23
  61845 30826      887.5564    26      889.8295      855.9994  1897906    3.80%          x33_41 D  61845  61844     73
  61959 30926      886.5305    97      889.8295      856.0016  1901254    3.80%          x12_41 U  61959  61957     73
  62047 30985      875.1578    73      889.8295      856.0139  1904389    3.80%          x40_13 N  62047  62046     29
  62179 31109      874.3346    79      889.8295      856.0203  1906770    3.80%           x13_6 D  62179  62178     70
  62278 31192      878.5164    63      889.8295      856.0251  1909665    3.80%          x14_29 N  62278  62277     21
  62400 31305      864.1103   118      889.8295      856.0284  1911797    3.80%           x1_45 D  62400  62399     42
  62494 31375      861.6800    46      889.8295      856.0340  1915642    3.80%          x14_13 D  62494  62493     20
  62597 31466      880.8129   101      889.8295      856.0469  1918672    3.80%          x37_14 U  62597  62596     38
  62700 31548      870.3744    77      889.8295      856.0716  1921913    3.79%          x37_14 U  62700  62699     38
Elapsed time = 3885.86 sec. (7270332.72 ticks, tree = 236.34 MB, solutions = 1)
  62807 31636        cutoff            889.8295      856.0773  1925302    3.79%          x13_42 D  62807  62806     62
  62950 31773      886.6386    63      889.8295      856.0809  1927835    3.79%          x35_39 D  62950  62949     84
  63039 31833      865.6638    95      889.8295      856.0949  1931170    3.79%          x13_30 D  63039  63038     23
  63150 31936      872.7160    92      889.8295      856.0993  1934165    3.79%           x13_9 D  63150  63149     40
  63228 32002      864.8197    57      889.8295      856.1024  1935980    3.79%          x42_44 D  63228  63226     23
  63318 32070      872.4702    65      889.8295      856.1062  1939138    3.79%          x44_40 D  63318  63317     23
  63445 32189      888.1516    59      889.8295      856.1106  1941667    3.79%          x17_15 N  63445  63444     53
  63547 32256      872.0656    67      889.8295      856.1434  1944769    3.79%          x42_44 N  63547  63546     18
  63679 32376      859.8623    76      889.8295      856.1501  1947343    3.78%          x42_44 N  63679  35889     21
  63770 32446      865.1395    71      889.8295      856.1597  1951174    3.78%          x13_28 D  63770  63769     28
Elapsed time = 3955.26 sec. (7424535.02 ticks, tree = 241.82 MB, solutions = 1)
  63851 32515      864.8443   106      889.8295      856.1637  1954292    3.78%          x14_29 N  63851  63850     21
  63965 32616      857.0233    84      889.8295      856.1708  1957427    3.78%          x33_34 D  63965  63964     17
  64066 32697      880.3438    39      889.8295      856.1755  1960532    3.78%          x44_13 N  64066  64065     51
  64166 32782      876.6191    98      889.8295      856.1795  1963682    3.78%           x13_9 N  64166  64164     33
  64290 32890      862.7808    53      889.8295      856.1937  1966471    3.78%          x42_32 D  64290  64289     19
  64400 32992      885.1110    92      889.8295      856.2086  1968881    3.78%          x12_10 N  64400  64399     38
  64475 33044      865.5557    50      889.8295      856.2154  1972257    3.78%           x0_43 N  64475   8210     18
  64578 33131      867.2971    97      889.8295      856.2230  1975965    3.78%          x41_44 U  64578  64576     23
  64661 33185      871.6345    49      889.8295      856.2254  1978684    3.78%          x13_44 D  64661  64660     28
  64800 33316      883.8665    53      889.8295      856.2286  1981480    3.78%            x5_2 D  64800  64799     66
Elapsed time = 4026.08 sec. (7577911.56 ticks, tree = 248.16 MB, solutions = 1)
  64901 33398        cutoff            889.8295      856.2332  1983582    3.78%          x13_30 D  64901  64900     73
  64988 33475      880.2984    70      889.8295      856.2451  1986226    3.77%          x29_37 N  64988  64987     22
  65085 33552      879.8438   105      889.8295      856.2547  1989639    3.77%          x12_31 N  65085  49312     24
  65200 33659      875.1489    90      889.8295      856.2587  1992440    3.77%          x41_45 D  65200  65199     72
  65325 33775      882.3110    86      889.8295      856.2655  1995101    3.77%           x12_6 D  65325  65324    112
  65443 33871        cutoff            889.8295      856.2945  1997887    3.77%          x12_32 U  65443  65440     29
  65560 33967      862.5772   109      889.8295      856.3051  2000363    3.77%          x35_39 D  65560  65559     24
  65633 34024      883.5591    89      889.8295      856.3105  2003626    3.77%          x12_11 N  65633  65632     35
  65728 34107      872.5766   112      889.8295      856.3268  2007347    3.77%          x13_10 D  65728  65727     35
  65841 34207        cutoff            889.8295      856.3335  2010619    3.76%          x41_34 U  65841  65839     34
Elapsed time = 4097.20 sec. (7733821.39 ticks, tree = 255.71 MB, solutions = 1)
  65930 34278      871.2920   117      889.8295      856.3447  2012831    3.76%          x13_27 D  65930  65929     42
  66026 34358      866.6106   111      889.8295      856.3513  2015879    3.76%          x13_40 D  66026  66025     16
  66130 34453      880.6860   101      889.8295      856.3537  2018399    3.76%          x13_27 D  66130  66129     54
  66235 34532      875.8598    68      889.8295      856.3596  2020812    3.76%          x42_46 D  66235  66234     28
  66372 34653      871.1200   112      889.8295      856.3693  2023499    3.76%          x13_44 N  66372  47843     22
  66479 34740        cutoff            889.8295      856.3806  2026153    3.76%          x28_21 U  66479  66477     56
  66570 34817      881.0522    94      889.8295      856.3867  2028929    3.76%          x33_13 D  66570  66569     76
  66671 34902      865.9872    65      889.8295      856.3944  2031696    3.76%          x33_30 N  66671  63264     15
  66765 34976      859.5667    48      889.8295      856.4118  2034899    3.76%          x12_40 N  66765  43397     21
  66853 35038      866.5397    67      889.8295      856.4221  2037742    3.75%          x42_40 D  66853  66852     15
Elapsed time = 4163.99 sec. (7888122.70 ticks, tree = 261.56 MB, solutions = 1)
  66986 35163      875.7802   100      889.8295      856.4246  2040320    3.75%          x14_10 N  66986  66985     43
  67102 35263      873.0565    88      889.8295      856.4361  2043994    3.75%          x42_32 D  67102  67101     18
  67217 35370      878.2263    96      889.8295      856.4409  2046624    3.75%          x36_13 D  67217  67216     68
  67310 35441      866.9650    56      889.8295      856.4487  2049719    3.75%          x33_31 D  67310  67309     28
  67420 35541      862.3821    74      889.8295      856.4502  2052266    3.75%          x40_28 D  67420  67419     25
  67523 35636      872.6132    72      889.8295      856.4539  2055033    3.75%          x31_34 U  67523  67521     25
  67610 35687      864.9176    96      889.8295      856.4585  2058296    3.75%          x35_39 D  67610  67609     24
  67740 35809      878.2905    62      889.8295      856.4629  2060930    3.75%          x14_21 D  67740  67739     85
  67840 35885      865.0599    95      889.8295      856.4647  2064323    3.75%          x33_12 D  67840  67839     42
  67950 35987      880.9765    97      889.8295      856.4715  2066986    3.75%          x14_42 D  67950  67949     48
Elapsed time = 4236.09 sec. (8041737.98 ticks, tree = 267.36 MB, solutions = 1)
  68049 36075      875.1016    99      889.8295      856.4772  2069664    3.75%          x12_10 D  68049  68048     68
  68162 36175      884.8943    70      889.8295      856.4822  2072506    3.75%          x12_34 D  68162  68161     98
  68264 36263      879.2674    60      889.8295      856.4868  2075881    3.75%          x41_44 N  68264  68263     42
  68367 36350      866.1970    79      889.8295      856.4943  2078208    3.75%           x2_34 N  68367   1201     20
  68453 36410      873.0944    60      889.8295      856.4965  2080782    3.75%          x41_44 D  68453  68452     21
  68555 36504      886.3143    96      889.8295      856.4980  2083333    3.75%          x42_13 N  68555  68554     83
  68669 36607      874.5735    75      889.8295      856.5041  2086269    3.75%          x30_45 D  68669  68668     21
  68735 36654      864.4989    89      889.8295      856.5149  2088410    3.74%          x41_45 D  68735  68734     37
  68839 36745      874.7760    79      889.8295      856.5180  2091043    3.74%          x14_30 D  68839  68838     36
  68950 36840      866.7925    91      889.8295      856.5257  2093851    3.74%          x44_32 D  68950  68949     40
Elapsed time = 4303.68 sec. (8195207.05 ticks, tree = 273.58 MB, solutions = 1)
  69063 36946      872.2988    38      889.8295      856.5297  2096630    3.74%          x41_44 D  69063  69062     48
  69160 37023      883.3980    57      889.8295      856.5424  2100252    3.74%          x41_34 D  69160  69159     39
  69253 37089      868.7968    95      889.8295      856.5478  2102924    3.74%          x42_45 D  69253  69252     52
  69331 37156      879.7400    63      889.8295      856.5550  2105781    3.74%          x13_44 D  69331  69330     26
  69442 37250      871.7423   100      889.8295      856.5580  2109002    3.74%          x44_31 D  69442  69441     48
  69567 37367      873.5259   107      889.8295      856.5691  2111581    3.74%          x12_10 D  69567  69566     78
  69663 37447      875.9525    61      889.8295      856.5827  2114859    3.74%          x12_28 D  69663  69662     30
  69797 37571      872.6748    50      889.8295      856.5840  2117509    3.74%          x44_40 U  69797  69795     22
  69881 37639      879.0055    75      889.8295      856.5948  2120971    3.73%          x12_32 N  69881  47504     17
  69990 37730      877.5529    97      889.8295      856.6058  2124286    3.73%          x42_44 D  69990  69989     34
Elapsed time = 4373.73 sec. (8348848.06 ticks, tree = 279.02 MB, solutions = 1)
  70099 37831      864.3125    68      889.8295      856.6098  2126969    3.73%          x42_32 D  70099  70098     30
  70197 37919      868.5121    92      889.8295      856.6193  2129762    3.73%          x14_37 D  70197  70196     34
  70317 38028      878.9823    91      889.8295      856.6239  2132323    3.73%          x30_34 D  70317  70316     58
  70397 38085      888.0652    58      889.8295      856.6271  2135933    3.73%          x41_44 D  70397  70396     34
  70504 38168      870.2322   107      889.8295      856.6338  2138505    3.73%          x36_37 D  70504  70503     25
  70593 38235      869.2719    72      889.8295      856.6547  2142305    3.73%          x12_33 D  70593  70592     27
  70695 38323      886.5341    58      889.8295      856.6634  2145646    3.73%          x33_38 N  70695  70692     32
  70800 38413      863.3733    82      889.8295      856.6839  2147953    3.72%          x44_41 D  70800  70799     29
  70917 38516      882.2560    48      889.8295      856.6903  2151423    3.72%          x12_42 D  70917  70916     44
  71031 38616      888.7366    36      889.8295      856.6963  2153326    3.72%           x9_13 N  71031  71030     71
Elapsed time = 4444.35 sec. (8504290.58 ticks, tree = 284.46 MB, solutions = 1)
  71144 38705        cutoff            889.8295      856.7059  2156808    3.72%          x14_40 U  71144  71141     41
  71237 38776      871.5554    86      889.8295      856.7083  2159750    3.72%          x37_14 U  71237  71236     33
  71351 38882      885.8406   110      889.8295      856.7095  2162787    3.72%          x40_32 U  71351  71348     24
  71470 38981      868.3593    74      889.8295      856.7126  2165008    3.72%          x42_44 D  71470  71469     60
  71574 39074      869.5764    66      889.8295      856.7184  2167931    3.72%          x13_45 U  71574  37522     18
  71683 39173      870.8145    49      889.8295      856.7263  2170396    3.72%          x41_34 D  71683  71682     42
  71779 39255      868.0941    52      889.8295      856.7322  2173470    3.72%          x44_41 D  71779  71778     15
  71870 39326      868.2452    98      889.8295      856.7359  2177153    3.72%          x31_34 D  71870  71869     24
  71974 39413      878.6208    42      889.8295      856.7383  2180471    3.72%          x40_44 U  71974  71971     25
  72080 39504      859.2949    91      889.8295      856.7442  2183074    3.72%          x44_40 D  72080  72079     19
Elapsed time = 4514.68 sec. (8658828.69 ticks, tree = 289.57 MB, solutions = 1)
  72183 39591      869.6207   106      889.8295      856.7471  2186521    3.72%           x5_45 N  72183  42898     17
  72285 39686      884.9529    87      889.8295      856.7501  2189436    3.72%           x12_9 D  72285  72284     44
  72386 39772        cutoff            889.8295      856.7563  2192170    3.72%          x13_30 D  72386  72385     84
  72491 39871      872.1648   102      889.8295      856.7593  2194418    3.72%          x13_21 D  72491  72490     45
  72596 39950      862.8342   104      889.8295      856.7610  2197103    3.72%          x12_10 D  72596  72595     36
  72713 40047      864.1901    60      889.8295      856.7700  2200502    3.72%          x42_44 D  72713  72711     26
  72809 40132      878.1314    57      889.8295      856.7734  2203649    3.71%          x41_46 D  72809  72808     58
  72901 40213      886.0837    79      889.8295      856.7779  2206606    3.71%          x40_34 U  72901  72898     18
  72999 40281      860.3723   105      889.8295      856.7869  2210117    3.71%          x14_29 D  72999  72998     18
  73114 40382      870.5335    65      889.8295      856.7911  2213330    3.71%          x31_34 D  73114  73113     23
Elapsed time = 4586.76 sec. (8812439.18 ticks, tree = 294.83 MB, solutions = 1)
  73200 40460      870.2363    63      889.8295      856.7935  2216088    3.71%          x41_31 D  73200  73199     59
  73290 40536      871.6506    83      889.8295      856.8014  2219154    3.71%          x40_28 D  73290  73289     22
  73381 40611      872.0283    90      889.8295      856.8056  2222039    3.71%          x12_40 N  73381  64651     19
  73485 40692        cutoff            889.8295      856.8291  2224973    3.71%          x37_14 D  73485  73483     64
  73580 40762      869.6649    99      889.8295      856.8381  2227129    3.71%          x12_27 D  73580  73579     44
  73670 40844      871.0524   110      889.8295      856.8416  2229759    3.71%          x33_40 D  73670  73669     35
  73781 40937      865.7208   101      889.8295      856.8476  2232774    3.71%          x12_28 D  73781  73780     43
  73904 41052      869.7505    66      889.8295      856.8498  2235688    3.71%          x42_40 D  73904  73903     31
  74000 41131      876.3013    82      889.8295      856.8535  2238771    3.71%          x13_41 D  74000  73999     32
  74138 41259      871.0758    86      889.8295      856.8632  2241234    3.70%          x41_44 D  74138  74137     24
Elapsed time = 4660.97 sec. (8971343.14 ticks, tree = 300.23 MB, solutions = 1)
  74232 41331        cutoff            889.8295      856.8668  2243902    3.70%          x40_34 U  74232  74230     26
  74338 41426      881.0296    65      889.8295      856.8714  2247244    3.70%          x41_46 D  74338  74337     64
  74419 41488      879.4518    91      889.8295      856.8800  2250004    3.70%          x14_40 N  74419  74418     33
  74524 41581      880.8669   103      889.8295      856.8828  2253051    3.70%           x2_34 D  74524  74523     53
  74639 41684      876.6414    99      889.8295      856.8940  2255663    3.70%          x40_13 N  74639  74638     59
  74742 41768      880.8861    78      889.8295      856.9071  2258512    3.70%          x14_42 N  74742  74741     26
  74837 41833      869.2795    98      889.8295      856.9095  2260390    3.70%          x42_21 D  74837  74836     52
  74940 41928      886.6646    66      889.8295      856.9160  2263423    3.70%          x21_44 D  74940  74939     49
  75032 41999      880.4197   110      889.8295      856.9275  2266917    3.70%          x13_27 D  75032  75031     59
  75150 42100      877.5107    50      889.8295      856.9320  2270189    3.70%          x32_34 N  75150  75148     21
Elapsed time = 4731.43 sec. (9125511.97 ticks, tree = 305.32 MB, solutions = 1)
  75238 42165      864.6025    62      889.8295      856.9551  2274046    3.69%          x13_42 U  75238  29858     19
  75352 42264      859.6173    69      889.8295      856.9754  2276771    3.69%          x33_31 D  75352  75351     29
  75459 42361      878.0136    34      889.8295      856.9802  2280231    3.69%          x12_27 N  75459  75458     28
  75569 42451        cutoff            889.8295      856.9822  2282867    3.69%          x41_31 D  75569  75567     77
  75680 42548      863.7128   101      889.8295      857.0015  2286032    3.69%          x33_41 D  75680  75679     59
  75793 42651      888.4191    65      889.8295      857.0064  2289058    3.69%          x40_33 N  75793  75791     39
  75897 42734      870.2821    85      889.8295      857.0159  2292121    3.69%          x42_13 D  75897  75896     53
  76003 42830      879.5209   117      889.8295      857.0167  2294756    3.69%          x14_41 D  76003  76002     47
  76106 42916      883.5875   117      889.8295      857.0331  2298591    3.69%          x14_29 D  76106  76105     27
  76212 43011      878.3011    39      889.8295      857.0407  2301810    3.68%          x42_41 U  76212  76209     34
Elapsed time = 4804.21 sec. (9279180.70 ticks, tree = 310.92 MB, solutions = 1)
  76307 43074      865.9260    73      889.8295      857.0476  2304380    3.68%          x31_34 N  76307  60400     19
  76422 43178      877.3920    80      889.8295      857.0533  2307619    3.68%          x30_45 D  76422  76421     37
  76540 43279      859.3350    79      889.8295      857.0577  2310635    3.68%          x12_44 D  76540  76539     15
  76641 43368      878.4531    79      889.8295      857.0612  2314145    3.68%          x29_37 U  76641  76639     27
  76728 43434      868.1006    98      889.8295      857.0664  2317547    3.68%          x42_41 D  76728  76727     20
  76819 43503      885.2889    67      889.8295      857.0699  2320592    3.68%          x37_12 D  76819  76818     26
  76910 43577      889.0381    53      889.8295      857.0803  2324331    3.68%          x45_34 U  76910  76909     29
  76989 43639        cutoff            889.8295      857.0886  2327164    3.68%          x44_43 U  76989  76987     47
  77080 43718      879.4970    82      889.8295      857.0922  2330520    3.68%          x36_37 D  77080  77079     28
  77150 43774      873.0139    64      889.8295      857.0993  2334134    3.68%          x35_39 N  77150  77149     14
Elapsed time = 4874.59 sec. (9436638.75 ticks, tree = 316.28 MB, solutions = 1)
  77250 43867      884.0770    85      889.8295      857.1016  2336796    3.68%          x40_13 D  77250  77249     43
  77342 43937      880.0056    94      889.8295      857.1097  2339976    3.68%          x14_30 D  77342  77341     38
  77440 44017      878.3006    55      889.8295      857.1158  2343701    3.68%          x43_41 D  77440  77439     35
  77535 44090        cutoff            889.8295      857.1281  2346539    3.68%          x41_19 U  77535  77533     76
  77647 44194      868.3789    49      889.8295      857.1339  2349119    3.67%          x13_32 N  77647  52109     25
  77743 44270      868.8465    73      889.8295      857.1400  2351718    3.67%          x12_32 N  77743  77742     18
  77853 44374      884.3191    62      889.8295      857.1405  2354297    3.67%          x14_13 N  77853  77851     46
  77938 44436      875.9766    74      889.8295      857.1472  2358266    3.67%          x32_34 D  77938  77937     28
  78050 44541      879.1566    90      889.8295      857.1481  2360236    3.67%          x40_34 D  78050  78049     77
  78137 44596      869.9824    73      889.8295      857.1528  2363533    3.67%          x13_32 N  78137  42989     16
Elapsed time = 4944.23 sec. (9590796.81 ticks, tree = 321.33 MB, solutions = 1)
  78266 44713      877.0617    65      889.8295      857.1592  2366305    3.67%          x32_45 D  78266  78265     34
  78355 44772      861.0423    45      889.8295      857.1765  2369920    3.67%          x40_32 D  78355  78354     26
  78448 44841      868.2965   114      889.8295      857.1923  2373256    3.67%          x12_10 D  78448  78447     33
  78546 44920      872.2480    37      889.8295      857.2056  2376414    3.67%          x44_41 D  78546  78545     19
  78646 45006        cutoff            889.8295      857.2072  2379421    3.67%          x12_41 U  78646  78644     74
  78763 45111      874.9615    84      889.8295      857.2132  2383033    3.67%          x13_42 D  78763  78762     30
  78872 45208      868.1420    90      889.8295      857.2186  2385574    3.66%          x35_39 D  78872  78871     25
  79000 45322      871.8504    90      889.8295      857.2230  2388222    3.66%          x33_41 D  79000  78999     77
  79114 45428      881.1300    86      889.8295      857.2240  2391028    3.66%          x22_31 N  79114  79113     76
  79199 45499        cutoff            889.8295      857.2284  2394288    3.66%          x13_30 D  79199  79198     55
Elapsed time = 5016.70 sec. (9744249.66 ticks, tree = 326.90 MB, solutions = 1)
  79296 45580      878.5102    92      889.8295      857.2476  2396649    3.66%          x40_32 N  79296  79295     38
  79390 45658      861.0888    42      889.8295      857.2598  2399360    3.66%          x28_31 D  79390  79389     27
  79485 45725      888.1427    88      889.8295      857.2660  2401927    3.66%          x12_11 N  79485  79484     45
  79600 45824      880.5167    83      889.8295      857.2703  2404237    3.66%           x2_31 D  79600  79599     69
  79678 45883      888.6660    80      889.8295      857.2774  2407292    3.66%          x44_40 N  79678  79677     28
  79774 45962      864.0222   106      889.8295      857.2843  2410585    3.66%          x36_37 D  79774  79773     27
  79879 46040      889.5761    87      889.8295      857.2871  2413366    3.66%          x33_38 N  79879  79878     41
  79987 46134        cutoff            889.8295      857.2943  2416228    3.66%          x14_44 U  79987  51733     26
  80062 46192      869.2277    58      889.8295      857.2985  2418943    3.66%          x44_32 D  80062  80061     49
  80156 46265      869.7864    89      889.8295      857.3034  2421865    3.66%          x12_32 N  80156  47163     16
Elapsed time = 5083.20 sec. (9898527.12 ticks, tree = 331.53 MB, solutions = 1)
  80278 46377        cutoff            889.8295      857.3071  2424667    3.65%          x40_12 D  80278  80277    100
  80377 46453      863.4706    53      889.8295      857.3157  2427530    3.65%          x13_40 D  80377  80376     30
  80486 46546        cutoff            889.8295      857.3205  2430862    3.65%          x13_30 U  80486  80484     38
  80601 46645      858.9565    50      889.8295      857.3218  2433608    3.65%          x33_32 N  80601   6987     20
  80720 46747        cutoff            889.8295      857.3290  2436007    3.65%          x13_45 D  80720  80719     70
  80807 46806      885.2689    91      889.8295      857.3343  2438378    3.65%          x41_13 D  80807  80806     40
  80927 46912      884.2387    88      889.8295      857.3385  2441158    3.65%          x13_10 D  80927  80926     44
  81026 46979        cutoff            889.8295      857.3502  2443571    3.65%          x40_12 U  81026  81024     59
  81121 47056      866.4982    71      889.8295      857.3608  2447047    3.65%          x13_44 D  81121  81120     20
  81223 47150      867.4692    99      889.8295      857.3663  2449356    3.65%          x13_41 D  81223  81222     27
Elapsed time = 5151.57 sec. (10052004.25 ticks, tree = 336.91 MB, solutions = 1)
  81327 47236      876.7213    86      889.8295      857.3730  2452955    3.65%          x42_45 D  81327  81326     23
  81433 47328      886.9259    68      889.8295      857.3788  2455779    3.65%          x33_12 D  81433  81432     41
  81536 47400        cutoff            889.8295      857.3889  2459225    3.65%           x45_2 U  81536  81534     23
  81631 47472      873.1021    95      889.8295      857.4022  2461735    3.64%          x14_28 N  81631  81630     42
  81732 47550      880.1190    51      889.8295      857.4146  2465342    3.64%          x42_44 D  81732  81731     20
  81834 47637      863.9535    61      889.8295      857.4168  2468044    3.64%          x42_32 D  81834  81832     29
  81956 47731      864.2074   118      889.8295      857.4184  2471295    3.64%          x33_40 D  81956  81955     71
  82085 47852      878.2767   105      889.8295      857.4230  2473940    3.64%          x14_29 D  82085  82084     49
  82190 47940      888.6049    75      889.8295      857.4304  2477294    3.64%          x41_44 D  82190  82189     43
  82282 48012      869.0071    90      889.8295      857.4385  2480416    3.64%          x33_30 N  82282  82281     16
Elapsed time = 5222.47 sec. (10205634.75 ticks, tree = 342.23 MB, solutions = 1)
  82358 48072      887.6609    76      889.8295      857.4449  2484415    3.64%          x12_42 N  82358  82357     34
  82470 48172      874.7744    84      889.8295      857.4483  2487156    3.64%           x13_9 D  82470  82469     24
  82564 48251      872.5539   102      889.8295      857.4581  2490071    3.64%          x13_10 D  82564  82563     33
  82685 48352      867.0844   111      889.8295      857.4613  2493128    3.64%          x44_31 D  82685  82684     42
  82800 48454      877.6197   100      889.8295      857.4677  2495949    3.64%          x31_34 U  82800  82798     29
  82906 48543      881.5254    95      889.8295      857.4811  2498831    3.64%          x13_31 D  82906  82905     40
  82995 48619      878.8381    87      889.8295      857.4926  2501916    3.63%          x12_36 N  82995  82994     37
  83055 48662      866.0910    85      889.8295      857.5073  2504663    3.63%          x42_32 D  83055  83054     24
  83173 48775      887.4787    87      889.8295      857.5090  2506885    3.63%          x40_28 N  83173  83172     98
  83241 48828        cutoff            889.8295      857.5281  2510299    3.63%          x44_32 U  83241  83238     31
Elapsed time = 5290.14 sec. (10359977.19 ticks, tree = 347.26 MB, solutions = 1)
  83321 48882      888.5803    51      889.8295      857.5311  2514250    3.63%           x5_45 N  83321  83319     27
  83431 48968        cutoff            889.8295      857.5393  2517784    3.63%          x13_44 U  83431  83429     31
  83525 49044      868.4530    85      889.8295      857.5552  2521690    3.63%          x14_29 D  83525  83524     29
  83603 49100      880.0390    33      889.8295      857.5593  2524440    3.63%          x44_46 D  83603  83602     34
  83710 49195      884.9366    83      889.8295      857.5641  2527679    3.63%          x41_31 N  83710  83709     56
  83808 49269      885.3381    75      889.8295      857.5709  2530524    3.63%          x12_11 N  83808  83807     51
  83928 49379      889.6212    77      889.8295      857.5726  2533072    3.63%          x42_44 D  83928  83927     62
  83990 49419      872.3936    75      889.8295      857.5760  2536515    3.62%          x12_41 N  83990  83989     17
  84069 49487      880.5560    97      889.8295      857.5834  2539864    3.62%          x42_31 N  84069  84068     45
  84186 49590      861.1025    95      889.8295      857.5895  2542588    3.62%          x14_29 D  84186  84185     29
Elapsed time = 5361.53 sec. (10513640.06 ticks, tree = 351.96 MB, solutions = 1)
  84281 49664        cutoff            889.8295      857.5967  2545894    3.62%          x37_14 D  84281  84279     43
  84390 49765      871.5703    97      889.8295      857.6062  2548774    3.62%          x36_37 D  84390  84389     39
  84471 49830      884.1730    78      889.8295      857.6114  2551991    3.62%          x42_41 N  84471  84470     32
  84579 49913      864.4180    95      889.8295      857.6176  2554878    3.62%          x12_32 D  84579  84578     35
  84679 49988      866.8909    59      889.8295      857.6209  2557558    3.62%          x33_30 N  84679  64285     15
  84790 50091      878.8615   101      889.8295      857.6244  2559775    3.62%          x35_39 D  84790  84789     27
  84892 50185      876.4353    59      889.8295      857.6326  2562883    3.62%          x13_40 D  84892  84890     30
  84998 50272      876.4718    58      889.8295      857.6359  2565905    3.62%           x45_2 U  84998   3001     11
  85080 50338      869.2118    88      889.8295      857.6454  2568934    3.62%          x42_45 D  85080  85079     23
  85180 50420      863.9318    66      889.8295      857.6506  2572428    3.62%          x44_41 U  85180  85177     20
Elapsed time = 5431.27 sec. (10668234.55 ticks, tree = 357.09 MB, solutions = 1)
  85280 50498      879.7769   100      889.8295      857.6531  2575742    3.62%          x12_34 D  85280  85279     65
  85422 50630      879.8129    92      889.8295      857.6543  2578274    3.62%          x13_30 N  85422  85421     44
  85527 50716      862.6845   118      889.8295      857.6590  2581521    3.62%          x36_37 D  85527  85526     64
  85628 50799        cutoff            889.8295      857.6596  2584395    3.62%          x28_21 D  85628  85625     31
  85737 50899      878.6101    77      889.8295      857.6673  2587559    3.61%          x42_44 D  85737  85736     23
  85842 50982      863.4412    79      889.8295      857.6767  2590801    3.61%          x30_45 D  85842  85841     34
  85951 51073      873.4366   118      889.8295      857.6813  2594401    3.61%          x40_28 D  85951  85950     36
  86040 51151      863.0265    54      889.8295      857.6870  2596902    3.61%          x12_40 N  86040  86039     26
  86137 51225      884.8373   109      889.8295      857.6930  2599839    3.61%           x12_9 D  86137  86136     49
  86248 51315      861.6804    44      889.8295      857.6975  2602473    3.61%          x13_45 N  86248  42659     14
Elapsed time = 5503.16 sec. (10822001.82 ticks, tree = 362.61 MB, solutions = 1)
  86359 51421      887.9545    56      889.8295      857.6981  2604888    3.61%           x1_34 N  86359  86358     43
  86425 51468      887.3068    56      889.8295      857.7066  2608403    3.61%          x12_31 N  86425  86424     45
  86520 51546      883.3429    85      889.8295      857.7154  2611623    3.61%          x41_45 U  86520  86518     25
  86620 51636      886.9328    68      889.8295      857.7214  2615117    3.61%          x42_32 N  86620  86619     77
  86753 51761      868.2319   121      889.8295      857.7248  2617552    3.61%          x14_30 D  86753  86752     48
  86864 51862      874.0868    78      889.8295      857.7290  2620806    3.61%          x12_21 D  86864  86863     39
  86988 51979      867.7152    86      889.8295      857.7322  2623022    3.61%          x28_45 D  86988  86987     39
  87094 52065      881.6335    73      889.8295      857.7378  2626501    3.61%           x45_2 D  87094  87093     52
  87209 52161      877.0579    49      889.8295      857.7442  2629483    3.61%          x13_40 N  87209  41897     25
  87289 52218      878.1481   106      889.8295      857.7602  2632312    3.60%          x41_34 D  87289  87288     36
Elapsed time = 5573.72 sec. (10975644.30 ticks, tree = 368.17 MB, solutions = 1)
  87403 52305      857.9386    49      889.8295      857.7707  2634784    3.60%          x12_28 D  87403  53466     18
  87537 52431      880.3470    99      889.8295      857.7713  2637325    3.60%          x13_28 D  87537  87536     50
  87629 52504      880.7854    87      889.8295      857.7720  2639855    3.60%          x12_27 N  87629  87627     58
  87732 52587      869.8449   103      889.8295      857.7764  2642900    3.60%          x14_35 D  87732  87731     31
  87824 52664      887.5226   102      889.8295      857.7773  2646120    3.60%           x45_2 N  87824  87823     57
  87924 52752      874.1824    98      889.8295      857.7836  2649044    3.60%           x12_9 D  87924  87923     44
  88020 52835      865.5992    60      889.8295      857.7882  2652213    3.60%          x33_30 D  88020  88019     19
  88115 52917      889.0998    56      889.8295      857.7917  2655588    3.60%          x31_41 N  88115  88113     28
  88210 52998      878.0358   111      889.8295      857.7967  2658215    3.60%          x40_34 D  88210  88209     76
  88300 53062      875.1724    64      889.8295      857.7987  2661607    3.60%          x42_28 D  88300  88299     21
Elapsed time = 5640.71 sec. (11129380.67 ticks, tree = 373.38 MB, solutions = 1)
  88381 53129      889.7680    68      889.8295      857.8021  2664661    3.60%          x14_37 U  88381  88379     31
  88507 53231      887.0980    97      889.8295      857.8048  2666832    3.60%          x12_14 N  88507  88506     86
  88636 53346      879.4048    66      889.8295      857.8108  2669392    3.60%          x12_40 D  88636  88635     86
  88731 53420      874.3832   108      889.8295      857.8124  2672792    3.60%          x40_44 D  88731  88730     42
  88833 53506      865.4547    68      889.8295      857.8195  2675866    3.60%          x42_40 D  88833  88832     18
  88943 53603      868.1125    53      889.8295      857.8230  2679071    3.60%          x14_32 D  88943  88942     33
  89030 53670      877.9735   113      889.8295      857.8282  2681876    3.60%          x14_38 D  89030  89029     59
  89114 53738      867.5163    57      889.8295      857.8343  2684938    3.60%          x31_34 N  89114  63967     20
  89215 53819      879.1084   103      889.8295      857.8369  2687911    3.60%          x33_38 D  89215  89214     38
  89307 53890      862.5833    37      889.8295      857.8472  2691093    3.59%          x13_44 N  89307  42991     18
Elapsed time = 5708.52 sec. (11283898.90 ticks, tree = 378.49 MB, solutions = 1)
  89414 53983      873.5117    68      889.8295      857.8490  2694141    3.59%          x13_32 N  89414  28075     18
  89527 54084      865.7964   108      889.8295      857.8524  2697128    3.59%          x14_44 D  89527  89526     35
  89637 54189      865.3515    99      889.8295      857.8559  2699401    3.59%          x33_41 D  89637  89636     64
  89738 54272        cutoff            889.8295      857.8609  2703378    3.59%           x45_2 U  89738  89736     42
  89830 54348      863.1501    73      889.8295      857.8772  2706184    3.59%          x13_40 D  89830  89829     32
  89940 54445      870.1752   112      889.8295      857.8797  2708884    3.59%           x12_9 D  89940  89939     20
  90040 54534      871.0906    61      889.8295      857.8860  2711671    3.59%          x41_44 D  90040  90039     16
  90156 54635      874.3276   110      889.8295      857.8880  2714993    3.59%          x12_34 D  90156  90155     71
  90275 54740      869.9936    78      889.8295      857.8938  2717852    3.59%          x40_32 D  90275  90274     30
  90365 54816      865.9219    86      889.8295      857.9012  2721215    3.59%          x12_41 D  90365  90364     26
Elapsed time = 5782.65 sec. (11438120.40 ticks, tree = 384.88 MB, solutions = 1)
  90496 54943      878.5990    77      889.8295      857.9113  2723744    3.59%          x21_28 D  90496  90495     97
  90576 55013      887.5886    66      889.8295      857.9167  2726677    3.59%          x42_40 U  90576  90574     14
  90689 55109      864.0252    86      889.8295      857.9207  2729403    3.59%          x30_45 D  90689  90688     21
  90800 55196      879.6554    94      889.8295      857.9310  2732427    3.58%          x12_43 D  90800  90799     47
  90910 55292      879.2544    79      889.8295      857.9395  2735699    3.58%          x33_40 D  90910  90909     53
  91065 55439      871.7902   109      889.8295      857.9416  2738308    3.58%           x34_2 D  91065  91064     98
  91150 55495      887.0727    79      889.8295      857.9473  2741687    3.58%          x12_40 N  91150  91148     75
  91255 55586      881.3821    86      889.8295      857.9581  2744151    3.58%          x28_13 N  91255  91254     49
  91330 55643      880.2565    70      889.8295      857.9753  2747327    3.58%          x12_44 D  91330  91329     21
  91425 55711      873.6031   106      889.8295      857.9849  2750391    3.58%           x13_9 D  91425  91424     21
Elapsed time = 5853.06 sec. (11593318.70 ticks, tree = 393.11 MB, solutions = 1)
  91549 55823      886.6923   107      889.8295      857.9900  2753139    3.58%          x12_42 D  91549  91548     59
  91649 55903      878.6301    95      889.8295      857.9928  2755604    3.58%          x29_37 U  91649  91648     32
  91750 55970        cutoff            889.8295      858.0022  2758688    3.58%          x22_24 U  91750  91748     58
  91864 56080      866.5396    98      889.8295      858.0063  2760921    3.58%          x40_32 D  91864  91863     98
  91985 56190      879.2036    96      889.8295      858.0088  2764062    3.58%          x20_16 D  91985  91984     71
  92087 56283      888.8812    20      889.8295      858.0123  2766313    3.58%          x30_39 N  92087  92086     48
  92194 56368      874.9194   101      889.8295      858.0162  2769152    3.58%          x12_11 N  92194  92193     42
  92310 56473      871.0275   105      889.8295      858.0185  2771257    3.57%          x13_28 D  92310  92309     38
  92397 56535        cutoff            889.8295      858.0231  2773812    3.57%          x28_32 U  92397  92395     52
  92469 56602      887.2097    66      889.8295      858.0259  2776000    3.57%          x31_41 N  92469  92468     55
Elapsed time = 5920.46 sec. (11746686.93 ticks, tree = 399.65 MB, solutions = 1)
  92553 56668      887.5722    85      889.8295      858.0324  2779740    3.57%          x41_40 N  92553  92552     46
  92637 56731      872.4554    68      889.8295      858.0418  2783658    3.57%          x13_32 D  92637  92636     13
  92747 56821      865.0867    91      889.8295      858.0495  2786384    3.57%          x34_40 D  92747  92746     15
  92864 56929      872.3936    99      889.8295      858.0504  2788967    3.57%           x6_34 D  92864  92863    107
  92956 57003      888.7544    69      889.8295      858.0645  2793173    3.57%          x31_33 N  92956  92954     24
  93069 57100      861.6833    69      889.8295      858.0688  2795515    3.57%          x42_46 D  93069  93068     31
  93161 57177      870.2095    78      889.8295      858.0734  2799135    3.57%          x32_34 D  93161  93160     41
* 93200+49812                          884.0050      858.0774             2.93%
  93251 49861      872.4205    69      884.0050      858.0790  2802111    2.93%          x41_34 D  93251  93250     54
  93340 49922      874.2644    94      884.0050      858.0819  2805486    2.93%          x12_28 D  93340  93339     32
  93432 49993      882.1146    95      884.0050      858.0850  2809000    2.93%          x32_45 N  93432  93431     25
Elapsed time = 5992.26 sec. (11900282.84 ticks, tree = 354.39 MB, solutions = 2)
  93539 50073      871.3240    92      884.0050      858.0940  2812041    2.93%          x13_40 D  93539  93538     46
  93650 50172      870.1157    56      884.0050      858.0998  2814693    2.93%          x33_30 N  93650  37525     21
  93763 50264      880.0988    76      884.0050      858.1043  2817295    2.93%          x13_27 D  93763  93762     48
  93867 50348      882.6136    44      884.0050      858.1125  2820419    2.93%           x45_2 N  93867  93866     57
  93952 50404      882.0594    77      884.0050      858.1250  2823552    2.93%          x41_31 D  93952  93950     50
  94040 50466      883.2956    82      884.0050      858.1329  2826630    2.93%           x45_2 N  94040  94039     33
  94110 50504      869.1877    97      884.0050      858.1390  2830283    2.93%           x45_2 N  94110  42077     22
  94218 50594      867.0396    64      884.0050      858.1417  2832385    2.93%          x40_28 D  94218  94217     25
  94305 50667      874.6272   109      884.0050      858.1533  2834862    2.92%          x36_37 N  94305  94304     32
  94398 50738      880.3167    93      884.0050      858.1608  2838366    2.92%          x44_40 U  94398  94396     14
Elapsed time = 6057.59 sec. (12053921.18 ticks, tree = 360.05 MB, solutions = 2)
  94511 50831      877.9320   112      884.0050      858.1702  2841293    2.92%          x25_45 D  94511  94510     41
  94601 50893      878.2960    81      884.0050      858.1758  2844760    2.92%          x40_32 N  94601  94600     30
  94697 50973      872.0151   106      884.0050      858.1833  2847350    2.92%          x12_29 N  94697  94696     23
  94780 51036        cutoff            884.0050      858.1862  2850448    2.92%          x13_28 D  94780  94779     21
  94870 51107      870.4958    65      884.0050      858.1981  2853271    2.92%          x12_32 N  94870  46473     17
  94962 51177      861.5723   107      884.0050      858.2020  2856363    2.92%          x13_41 D  94962  94961     30
  95086 51285      877.9943    87      884.0050      858.2037  2858723    2.92%          x25_45 N  95086  95085     40
  95185 51351      882.8773    88      884.0050      858.2078  2861713    2.92%          x13_38 D  95185  95184     63
  95296 51431      872.1418    71      884.0050      858.2306  2864976    2.92%          x12_44 D  95296  95295     27
  95399 51520      879.3487    68      884.0050      858.2344  2868463    2.92%          x42_41 D  95399  95398     37
Elapsed time = 6123.12 sec. (12207212.55 ticks, tree = 364.56 MB, solutions = 2)
  95502 51592      880.1564    87      884.0050      858.2438  2871158    2.91%          x42_41 N  95502  95501     27
  95579 51634      870.4458   114      884.0050      858.2505  2874614    2.91%          x41_31 D  95579  95578     23
  95690 51725      874.3789    37      884.0050      858.2541  2877894    2.91%          x12_10 D  95690  95689     71
  95810 51829      868.4303   106      884.0050      858.2576  2880853    2.91%          x13_42 D  95810  95809     74
  95910 51889      874.0531    89      884.0050      858.2592  2884041    2.91%          x13_30 N  95910  39349     31
  96010 51972      874.4307    75      884.0050      858.2726  2887054    2.91%          x44_41 D  96010  96009     23
  96113 52052        cutoff            884.0050      858.2785  2890380    2.91%          x41_44 D  96113  96112     42
  96208 52131        cutoff            884.0050      858.2873  2893088    2.91%          x40_42 D  96208  96207     29
  96290 52190      878.3319   104      884.0050      858.2962  2896899    2.91%          x42_30 N  96290  96289     36
  96398 52266      882.2533    89      884.0050      858.3088  2900397    2.91%          x12_32 U  96398  51344     21
Elapsed time = 6192.36 sec. (12363047.40 ticks, tree = 370.22 MB, solutions = 2)
  96468 52325      877.3285    79      884.0050      858.3136  2902899    2.91%          x41_34 N  96468  96467     39
  96560 52384      875.4156   115      884.0050      858.3150  2906490    2.91%          x30_45 D  96560  96559     28
  96645 52434      874.7825    43      884.0050      858.3260  2910344    2.90%          x12_32 U  96645  96643     23
  96723 52491      882.1551    48      884.0050      858.3275  2913457    2.90%          x13_40 D  96723  96722     55
  96824 52564      879.1190   100      884.0050      858.3347  2916219    2.90%          x40_44 D  96824  96823     24
  96935 52664      883.3635    86      884.0050      858.3385  2919107    2.90%          x40_17 N  96935  96934     42
  97016 52722      883.5291   107      884.0050      858.3491  2922510    2.90%          x13_31 D  97016  97015     44
  97101 52782      881.0877    94      884.0050      858.3529  2925982    2.90%          x41_28 D  97101  97100     29
  97202 52859      881.4454    86      884.0050      858.3591  2928668    2.90%          x40_42 D  97202  97201     45
  97298 52936      868.5967    78      884.0050      858.3707  2932192    2.90%          x40_44 D  97298  97297     25
Elapsed time = 6258.58 sec. (12516914.20 ticks, tree = 374.38 MB, solutions = 2)
  97392 53012      873.0682    96      884.0050      858.3727  2935279    2.90%          x12_10 D  97392  97391     32
  97481 53084      868.9804    88      884.0050      858.3811  2938117    2.90%          x13_44 D  97481  97480     25
  97583 53168      882.9152    75      884.0050      858.3852  2941094    2.90%          x33_31 N  97583  97582     20
  97668 53234      883.7529    52      884.0050      858.3942  2943157    2.90%          x12_29 N  97668  97667     49
  97763 53304        cutoff            884.0050      858.3978  2945696    2.90%          x33_31 U  97763  97761     32
  97870 53399      879.4230    12      884.0050      858.4030  2948188    2.90%          x20_23 D  97870  97869     39
  97968 53475      862.6057    81      884.0050      858.4089  2951747    2.90%          x44_32 D  97968  97967     23
  98056 53553      881.5543    96      884.0050      858.4096  2955211    2.90%          x44_32 U  98056  98054     26
  98135 53618      876.2015    77      884.0050      858.4168  2957555    2.89%          x42_32 D  98135  98134     36
  98226 53686      874.7519    73      884.0050      858.4212  2961138    2.89%          x30_45 N  98226  98225     28
Elapsed time = 6321.80 sec. (12670845.81 ticks, tree = 379.37 MB, solutions = 2)
  98324 53759      882.2134    95      884.0050      858.4330  2964133    2.89%          x14_30 D  98324  98323     50
  98425 53843      870.0420    40      884.0050      858.4355  2966647    2.89%          x33_31 U  98425  98423     21
  98517 53912      877.0289    66      884.0050      858.4394  2970436    2.89%          x28_31 D  98517  98516     26
  98620 53998      872.3196   110      884.0050      858.4463  2973151    2.89%          x13_43 D  98620  98619     56
  98704 54057      871.1170    79      884.0050      858.4516  2976373    2.89%          x36_37 N  98704  98703     25
  98800 54127        cutoff            884.0050      858.4573  2979376    2.89%          x41_44 U  98800  98798     33
  98897 54201      871.3877   103      884.0050      858.4642  2982397    2.89%          x13_41 D  98897  98896     37
  98991 54270      868.2067    88      884.0050      858.4717  2985818    2.89%          x36_37 D  98991  98990     23
  99070 54317      873.8734    81      884.0050      858.4801  2989939    2.89%          x42_41 D  99070  99069     18
  99164 54391      878.6848    98      884.0050      858.5008  2993881    2.89%          x13_42 N  99164  99163     32
Elapsed time = 6388.28 sec. (12824412.07 ticks, tree = 383.41 MB, solutions = 2)
  99261 54464      875.0081    52      884.0050      858.5067  2997226    2.88%          x13_31 D  99261  99260     34
  99359 54536        cutoff            884.0050      858.5111  2999941    2.88%          x14_11 U  99359  43059     46
  99462 54627      878.6443   105      884.0050      858.5163  3002688    2.88%          x38_45 N  99462  99461     67
  99555 54689      864.8585    43      884.0050      858.5263  3006344    2.88%          x42_40 N  99555  69513     25
  99640 54752      876.5623    84      884.0050      858.5331  3009550    2.88%          x13_10 D  99640  99639     39
  99740 54836      883.6501    84      884.0050      858.5349  3013034    2.88%          x42_40 N  99740  99739     63
  99827 54897      873.8900    83      884.0050      858.5409  3016774    2.88%          x12_40 D  99827  99826     37
  99921 54971      864.2801    50      884.0050      858.5473  3020129    2.88%          x33_40 N  99921  54556     23
 100022 55049        cutoff            884.0050      858.5496  3023101    2.88%          x14_13 D 100022 100020     25
 100114 55126      881.1962    12      884.0050      858.5558  3025496    2.88%          x24_20 N 100114 100113     29
Elapsed time = 6455.60 sec. (12977973.07 ticks, tree = 387.92 MB, solutions = 2)
 100192 55167      881.2260    68      884.0050      858.5627  3029197    2.88%          x12_40 N 100192 100191     30
 100307 55265      880.0116   103      884.0050      858.5675  3032327    2.88%          x13_36 N 100307 100306     66
 100400 55339      875.1516    81      884.0050      858.5776  3035411    2.88%          x13_40 D 100400 100399     22
 100557 55483      882.5878   112      884.0050      858.5785  3037932    2.88%          x40_12 N 100557 100556     73
 100651 55549      866.6992    79      884.0050      858.5835  3041233    2.88%          x41_44 N 100651   9406     17
 100750 55622      875.3967    73      884.0050      858.5890  3044610    2.88%          x36_37 N 100750 100749     33
 100824 55667        cutoff            884.0050      858.5924  3046947    2.87%          x12_29 U 100824 100821     35
 100920 55743      870.6420   121      884.0050      858.6029  3050056    2.87%          x30_32 D 100920 100919     54
 101024 55828      875.7144   110      884.0050      858.6131  3053274    2.87%          x42_28 N 101024 101023     30
 101113 55889      873.4447    53      884.0050      858.6244  3057003    2.87%          x32_34 U 101113 101111     31
Elapsed time = 6523.89 sec. (13133207.06 ticks, tree = 392.32 MB, solutions = 2)
 101201 55943      862.6447    56      884.0050      858.6302  3060045    2.87%          x44_28 N 101201   4004     13
 101284 56008      875.5215    73      884.0050      858.6329  3063311    2.87%          x34_30 N 101284  76538     14
 101372 56076      866.7382    71      884.0050      858.6382  3067081    2.87%          x40_44 D 101372 101371     18
 101471 56159      877.3287    77      884.0050      858.6467  3069717    2.87%           x12_9 N 101471 101470     37
 101581 56254      871.5631    98      884.0050      858.6480  3071826    2.87%          x42_21 D 101581 101580     62
 101674 56330      868.7052    53      884.0050      858.6540  3074688    2.87%          x43_28 D 101674 101673     31
 101782 56410      876.2479    68      884.0050      858.6656  3077803    2.87%           x33_2 N 101782  53349     23
 101863 56465      882.1656   112      884.0050      858.6798  3081667    2.86%          x32_13 D 101863 101861     35
 101954 56540      865.8297    94      884.0050      858.6806  3085071    2.86%          x14_29 N 101954 101953     16
 102035 56601      873.3923    85      884.0050      858.6843  3087525    2.86%          x42_40 D 102035 102034     15
Elapsed time = 6587.10 sec. (13286803.22 ticks, tree = 396.67 MB, solutions = 2)
 102128 56671      864.4603    98      884.0050      858.6874  3090827    2.86%          x44_31 D 102128 102127     19
 102228 56751      869.1264    97      884.0050      858.7004  3094504    2.86%           x1_45 D 102228 102227     29
 102323 56821        cutoff            884.0050      858.7104  3098023    2.86%          x13_28 D 102323 102322     41
 102418 56892        cutoff            884.0050      858.7116  3101262    2.86%          x40_21 U 102418 102416     48
 102511 56960      862.9639    92      884.0050      858.7187  3104514    2.86%          x31_34 N 102511  72896     16
 102619 57055      874.0654   100      884.0050      858.7217  3107330    2.86%          x13_30 N 102619 102618     50
 102709 57124      867.1295    52      884.0050      858.7329  3110182    2.86%          x32_34 D 102709 102708     21
 102822 57211      874.4416   101      884.0050      858.7359  3112672    2.86%          x32_34 N 102822 102821     44
 102910 57262      881.9798    64      884.0050      858.7425  3115952    2.86%          x29_37 D 102910 102909     20
 103033 57366      875.4948    81      884.0050      858.7524  3119260    2.86%          x32_34 D 103033 103032     28
Elapsed time = 6651.83 sec. (13441085.80 ticks, tree = 401.40 MB, solutions = 2)
 103140 57453      875.4015    89      884.0050      858.7551  3122202    2.86%          x40_28 D 103140 103139     47
 103218 57504      873.3458    80      884.0050      858.7587  3126205    2.86%          x41_34 N 103218 103217     32
 103315 57571      868.3391    68      884.0050      858.7633  3129497    2.86%          x12_40 N 103315  62812     26
 103407 57639      875.4824    68      884.0050      858.7738  3133139    2.85%          x44_41 D 103407 103406     24
 103505 57717      882.8036    50      884.0050      858.7775  3136734    2.85%          x41_28 N 103505 103504     51
 103598 57782      868.7714   114      884.0050      858.7815  3139901    2.85%          x36_37 D 103598 103597     39
 103679 57845        cutoff            884.0050      858.7873  3142384    2.85%          x36_37 U 103679 103677     38
 103753 57886      871.6825   104      884.0050      858.7908  3145257    2.85%           x14_9 D 103753 103752     34
 103842 57964      867.7576    94      884.0050      858.7940  3148470    2.85%          x44_32 D 103842 103841     40
 103929 58033      873.8058    69      884.0050      858.8010  3152453    2.85%          x31_34 D 103929 103928     35
Elapsed time = 6717.25 sec. (13594298.29 ticks, tree = 405.55 MB, solutions = 2)
 104033 58108      867.0978   106      884.0050      858.8085  3155668    2.85%          x41_45 D 104033 104032     32
 104130 58181      877.6412    79      884.0050      858.8111  3158740    2.85%          x14_29 D 104130 104129     24
 104229 58260      875.6219   122      884.0050      858.8159  3161898    2.85%          x14_32 N 104229 104228     52
 104335 58341      879.9020   103      884.0050      858.8190  3164728    2.85%          x13_36 N 104335 104334     60
 104446 58434      877.7954   112      884.0050      858.8294  3168092    2.85%          x32_34 N 104446 104445     23
 104549 58512      872.5663    78      884.0050      858.8317  3171266    2.85%          x12_41 D 104549 104548     45
 104654 58591      862.3066    77      884.0050      858.8363  3174643    2.85%           x33_2 D 104654 104653     11
 104759 58671        cutoff            884.0050      858.8416  3177559    2.85%           x8_12 U 104759 104757     26
 104857 58747      875.6993   101      884.0050      858.8508  3180252    2.85%           x13_9 D 104857 104856     32
 104940 58808      861.6294    63      884.0050      858.8553  3183731    2.84%          x33_31 N 104940  73159     19
Elapsed time = 6782.94 sec. (13748211.95 ticks, tree = 410.03 MB, solutions = 2)
 105025 58871      867.6873    95      884.0050      858.8595  3187633    2.84%          x42_40 D 105025 105024     19
 105120 58942      872.7084    96      884.0050      858.8634  3191229    2.84%          x12_10 D 105120 105119     32
 105219 59017      871.4969    96      884.0050      858.8659  3194134    2.84%          x43_31 D 105219 105218     30
 105320 59101        cutoff            884.0050      858.8675  3197066    2.84%          x14_41 U 105320  47758     25
 105412 59175      877.9333    62      884.0050      858.8747  3200258    2.84%          x30_34 N 105412 105411     45
 105510 59253      872.7451    83      884.0050      858.8761  3203549    2.84%          x32_34 N 105510 105509     28
 105612 59333      873.5494   108      884.0050      858.8845  3206573    2.84%          x14_29 D 105612 105611     36
 105697 59392      861.6527    80      884.0050      858.8893  3209771    2.84%          x42_40 U 105697  57327     18
 105803 59478      875.0181    63      884.0050      858.8924  3212866    2.84%          x42_44 N 105803 105802     20
 105882 59538      883.4477    83      884.0050      858.8955  3215761    2.84%          x36_37 D 105882 105880     36
Elapsed time = 6848.59 sec. (13902266.03 ticks, tree = 414.57 MB, solutions = 2)
 105977 59615      878.9363    80      884.0050      858.9005  3218684    2.84%          x36_37 N 105977 105976     22
 106068 59684      878.3857    78      884.0050      858.9046  3221418    2.84%          x13_31 D 106068 106067     36
 106155 59754      879.9657    76      884.0050      858.9115  3224208    2.84%          x12_31 N 106155 106154     47
 106236 59803      874.1106    43      884.0050      858.9195  3227002    2.84%          x31_34 D 106236 106235     29
 106337 59880      879.4419    73      884.0050      858.9252  3229742    2.84%          x13_42 N 106337 106336     24
 106425 59931      864.0316    63      884.0050      858.9338  3232078    2.84%          x42_41 D 106425 106424     19
 106534 60016      865.1144    52      884.0050      858.9379  3235005    2.84%          x43_28 N 106534  38693     23
 106640 60099      874.8723   109      884.0050      858.9406  3238438    2.84%          x28_31 N 106640 106639     26
 106727 60158      866.5597    51      884.0050      858.9495  3241666    2.83%          x42_40 D 106727 106726     18
 106822 60238      877.7195    52      884.0050      858.9515  3244889    2.83%          x40_34 D 106822 106821     36
Elapsed time = 6910.55 sec. (14055864.25 ticks, tree = 418.92 MB, solutions = 2)
 106930 60332        cutoff            884.0050      858.9537  3248284    2.83%          x13_29 D 106930 106929     47
 107003 60387      883.2838    61      884.0050      858.9624  3252195    2.83%           x40_5 N 107003 107002     23
 107077 60424      861.9501    45      884.0050      858.9710  3255399    2.83%          x12_28 D 107077 107076     22
 107190 60525      877.5359    86      884.0050      858.9796  3257844    2.83%           x13_9 N 107190 107189     41
 107278 60595      864.9446    74      884.0050      858.9838  3261019    2.83%          x42_41 D 107278 107277     33
 107381 60680      880.9478    94      884.0050      858.9879  3264325    2.83%          x12_33 N 107381 107380     50
 107454 60721        cutoff            884.0050      858.9925  3267261    2.83%          x42_31 D 107454 107453     36
 107534 60773      881.3597    97      884.0050      858.9964  3270640    2.83%          x30_45 N 107534 107532     30
 107608 60815      877.4941   104      884.0050      859.0036  3274207    2.83%           x45_2 D 107608 107606     36
 107711 60889        cutoff            884.0050      859.0114  3277847    2.83%          x29_37 D 107711 107709     34
Elapsed time = 6977.27 sec. (14209385.58 ticks, tree = 424.68 MB, solutions = 2)
 107806 60961      882.6578   101      884.0050      859.0167  3281095    2.83%          x14_29 D 107806 107805     16
 107902 61032      879.5414    79      884.0050      859.0226  3283902    2.83%          x42_44 N 107902 107901     21
 107980 61081      876.7478   122      884.0050      859.0385  3287359    2.82%          x35_39 D 107980 107979     29
 108075 61158      877.2832    57      884.0050      859.0514  3290727    2.82%          x42_32 N 108075 108074     31
 108152 61219      871.0175    68      884.0050      859.0544  3294892    2.82%          x42_41 D 108152 108151     27
 108256 61297      869.1216    84      884.0050      859.0633  3297911    2.82%          x44_31 D 108256 108255     28
 108341 61353      882.9448    66      884.0050      859.0670  3300481    2.82%           x12_6 N 108341 108340     50
 108428 61424      870.6201   100      884.0050      859.0702  3303175    2.82%          x13_44 D 108428 108427     33
 108552 61523      878.3829    71      884.0050      859.0784  3306112    2.82%          x36_37 D 108552 108551     22
 108651 61600      873.0343    97      884.0050      859.0854  3309233    2.82%          x13_40 D 108651 108650     45
Elapsed time = 7042.02 sec. (14362736.67 ticks, tree = 429.44 MB, solutions = 2)
 108723 61651      872.7626    81      884.0050      859.0906  3311694    2.82%          x40_44 N 108723 108722     36
 108810 61719      871.0325   117      884.0050      859.0951  3314659    2.82%          x12_43 D 108810 108809     66
 108910 61804      877.6896    63      884.0050      859.1007  3317680    2.82%          x29_37 U 108910 108909     30
 109005 61867      879.5973    50      884.0050      859.1031  3320890    2.82%          x41_28 N 109005 109003     33
 109093 61929      864.6100    74      884.0050      859.1108  3324122    2.82%          x44_40 D 109093 109092     29
 109207 62036      876.0250    95      884.0050      859.1191  3326804    2.82%          x42_41 D 109207 109206     60
 109295 62097      880.2748   106      884.0050      859.1221  3329800    2.81%          x13_42 D 109295 109294     32
 109374 62143        cutoff            884.0050      859.1320  3333736    2.81%          x12_10 U 109374  33758     20
 109453 62194      860.7764    44      884.0050      859.1419  3337666    2.81%          x12_40 N 109453  46921     17
 109536 62257      878.2783   106      884.0050      859.1488  3341163    2.81%          x33_31 N 109536 109535     33
Elapsed time = 7106.76 sec. (14517160.44 ticks, tree = 433.86 MB, solutions = 2)
 109638 62340        cutoff            884.0050      859.1543  3344307    2.81%          x44_32 U 109638 109636     31
 109722 62406      879.2289    67      884.0050      859.1624  3347269    2.81%          x31_33 N 109722 109721     50
 109803 62457      871.6832    50      884.0050      859.1669  3350704    2.81%           x33_2 D 109803 109802     23
 109887 62520      879.8513   104      884.0050      859.1725  3353701    2.81%          x13_41 N 109887 109886     43
 109973 62576      871.2774    58      884.0050      859.1795  3357798    2.81%          x28_45 D 109973 109972     24
 110051 62633      866.9987    78      884.0050      859.1819  3360710    2.81%          x33_30 N 110051  27151      8
 110140 62695      876.7874    96      884.0050      859.1898  3364146    2.81%           x5_45 D 110140 110139     23
 110221 62753      880.5085    61      884.0050      859.1965  3367128    2.81%          x33_41 N 110221 110220     34
 110318 62825      873.6568    92      884.0050      859.2056  3370455    2.81%          x12_33 D 110318 110317     48
 110407 62894      880.4493    60      884.0050      859.2136  3373425    2.80%          x31_34 N 110407 110406     17
Elapsed time = 7170.33 sec. (14670744.06 ticks, tree = 437.82 MB, solutions = 2)
 110511 62961      883.8683    66      884.0050      859.2169  3376119    2.80%          x40_22 N 110511 110510     47
 110617 63055      865.2158   110      884.0050      859.2238  3379001    2.80%          x14_40 D 110617 110616     27
 110710 63134      875.8046   110      884.0050      859.2252  3382377    2.80%          x13_10 D 110710 110709     37
 110810 63208      883.6167    91      884.0050      859.2334  3385526    2.80%          x40_28 D 110810 110809     38
 110907 63267      882.9829    82      884.0050      859.2338  3388483    2.80%           x0_43 D 110907 110906     59
 111005 63352      882.7375    93      884.0050      859.2384  3391067    2.80%          x42_13 N 111005 111004     49
 111086 63409      869.2459   105      884.0050      859.2494  3395318    2.80%          x42_40 D 111086 111084     20
 111170 63473      881.2411    93      884.0050      859.2516  3398848    2.80%          x14_29 D 111170 111169     26
 111239 63517      874.4801    74      884.0050      859.2573  3402114    2.80%          x42_40 D 111239 111238     25
 111330 63587      878.6872    63      884.0050      859.2659  3405281    2.80%          x13_29 D 111330 111329     37
Elapsed time = 7235.77 sec. (14824428.05 ticks, tree = 442.13 MB, solutions = 2)
 111421 63652      881.3168    44      884.0050      859.2715  3408848    2.80%          x28_21 D 111421 111420     30
 111532 63745      871.0946    95      884.0050      859.2798  3411966    2.80%          x14_29 D 111532 111530     29
 111627 63819      876.5626    93      884.0050      859.2842  3416060    2.80%          x42_44 U 111627 111624     15
 111698 63861      879.1140    59      884.0050      859.2900  3420054    2.80%          x13_44 D 111698 111697     37
 111796 63934      877.8914    49      884.0050      859.2968  3423515    2.80%          x41_31 D 111796 111795     24
 111880 63999      872.8189    84      884.0050      859.3017  3425929    2.79%          x13_30 D 111880 111879     50
 111988 64090      870.8639    70      884.0050      859.3036  3428824    2.79%          x40_44 D 111988 111987     38
 112083 64158      860.4213    45      884.0050      859.3080  3431134    2.79%           x33_2 N 112083 112082     21
 112197 64255      875.2159    83      884.0050      859.3105  3434337    2.79%          x13_44 U 112197  62816     30
 112322 64364      870.6101    70      884.0050      859.3177  3436621    2.79%          x40_32 N 112322 112321     21
Elapsed time = 7301.48 sec. (14978368.05 ticks, tree = 446.64 MB, solutions = 2)
 112427 64447      859.9534    74      884.0050      859.3226  3439431    2.79%          x45_32 D 112427  19691     20
 112523 64530      863.5925    79      884.0050      859.3250  3442252    2.79%          x42_41 D 112523 112522     21
 112604 64591      877.7569    42      884.0050      859.3291  3445849    2.79%          x30_45 D 112604 112603     30
 112687 64647      871.8919    99      884.0050      859.3309  3448955    2.79%          x29_37 U 112687 112686     34
 112784 64715      863.9458    65      884.0050      859.3404  3452314    2.79%          x40_44 D 112784 112783     23
 112873 64784      877.6255   101      884.0050      859.3441  3456121    2.79%          x42_46 D 112873 112872     45
 112961 64843      862.9795    53      884.0050      859.3536  3459548    2.79%          x13_44 D 112961 112960     25
 113053 64899        cutoff            884.0050      859.3643  3463431    2.79%          x12_44 D 113053 113052     37
 113134 64959      876.6509   102      884.0050      859.3701  3467386    2.79%          x42_40 D 113134 113133     47
 113234 65046      882.4969   103      884.0050      859.3718  3470125    2.79%          x42_28 N 113234 113233     51
Elapsed time = 7367.91 sec. (15131323.64 ticks, tree = 450.91 MB, solutions = 2)
 113330 65116      876.6035    68      884.0050      859.3753  3473792    2.79%          x30_45 D 113330 113329     24
 113431 65190      873.1624   102      884.0050      859.3827  3477210    2.79%          x42_13 D 113431 113430     42
 113521 65260      867.6304    71      884.0050      859.3931  3480610    2.78%          x12_40 D 113521 113520     26
 113623 65335        cutoff            884.0050      859.3964  3484012    2.78%          x13_41 U 113623 113621     39
 113711 65403      869.1715    74      884.0050      859.4020  3487115    2.78%          x44_41 D 113711 113710     21
 113812 65482      871.3100   100      884.0050      859.4061  3490528    2.78%          x40_28 D 113812 113811     37
 113903 65554      876.4623    95      884.0050      859.4096  3493580    2.78%          x13_10 N 113903 113902     26
 114000 65629      873.4639    76      884.0050      859.4154  3496485    2.78%          x43_44 D 114000 113999     27
 114093 65696      878.6230   106      884.0050      859.4201  3500446    2.78%          x12_10 D 114093 114092     28
 114184 65769        cutoff            884.0050      859.4230  3502607    2.78%          x41_46 D 114184 114183     60
Elapsed time = 7433.80 sec. (15284905.44 ticks, tree = 458.24 MB, solutions = 2)
 114267 65832      874.0778    72      884.0050      859.4252  3505411    2.78%          x37_29 D 114267 114266     33
 114365 65907      872.8192    38      884.0050      859.4318  3508811    2.78%          x12_31 N 114365  48086     22
 114426 65944        cutoff            884.0050      859.4341  3512493    2.78%          x44_41 U 114426 114423     29
 114505 65997      877.3300    60      884.0050      859.4366  3515519    2.78%          x42_40 U 114505 114503     27
 114591 66052      875.8327    85      884.0050      859.4416  3519761    2.78%          x28_31 D 114591 114590     29
 114666 66101        cutoff            884.0050      859.4458  3522584    2.78%          x33_31 U 114666 114664     33
 114746 66159      874.7582    65      884.0050      859.4511  3525552    2.78%          x28_41 D 114746 114745     56
 114831 66210        cutoff            884.0050      859.4574  3527790    2.78%          x13_11 U 114831 114829     46
 114920 66276      874.2263    79      884.0050      859.4621  3531037    2.78%           x12_9 D 114920 114919     38
 115025 66365      869.5449    48      884.0050      859.4651  3534225    2.78%          x33_41 N 115025  51751     44
Elapsed time = 7498.19 sec. (15438292.27 ticks, tree = 461.94 MB, solutions = 2)
 115117 66437      870.7304    84      884.0050      859.4677  3537563    2.78%          x12_40 D 115117 115116     26
 115200 66496      867.6686   107      884.0050      859.4728  3540267    2.78%          x12_32 D 115200 115199     24
 115319 66595      873.5799    94      884.0050      859.4765  3542901    2.77%          x14_29 N 115319 115318     31
 115417 66661      883.1905   100      884.0050      859.4786  3545505    2.77%          x12_29 D 115417 115416     57
 115528 66757      880.2126    70      884.0050      859.4806  3548105    2.77%          x42_13 D 115528 115527     34
 115602 66816      875.4261    97      884.0050      859.4866  3551185    2.77%           x45_2 D 115602 115601     20
 115708 66906        cutoff            884.0050      859.4876  3554060    2.77%          x44_43 U 115708 115706     63
 115801 66966      877.4768    54      884.0050      859.4994  3557279    2.77%          x31_13 D 115801 115800     48
 115882 67023      877.2681    71      884.0050      859.5066  3560965    2.77%          x44_41 U 115882 115880     28
 115980 67105      875.6726    69      884.0050      859.5091  3564213    2.77%          x41_34 N 115980 115979     32
Elapsed time = 7561.47 sec. (15592919.76 ticks, tree = 466.55 MB, solutions = 2)
 116055 67156      877.3556   101      884.0050      859.5119  3567313    2.77%          x14_28 D 116055 116054     38
 116134 67209      881.1389    97      884.0050      859.5155  3570170    2.77%          x42_41 N 116134 116133     33
 116221 67268      877.4475   108      884.0050      859.5252  3573387    2.77%          x14_44 D 116221 116220     39
 116309 67323      867.1464    57      884.0050      859.5324  3576851    2.77%          x44_41 D 116309 116308     18
 116397 67382      879.4576    82      884.0050      859.5341  3580392    2.77%          x40_28 N 116397 116396     39
 116481 67428      871.5205    76      884.0050      859.5432  3584192    2.77%          x29_37 U 116481 116480     35
 116576 67493      875.9819    61      884.0050      859.5478  3588253    2.77%          x32_45 D 116576 116575     31
 116670 67560      875.8921    73      884.0050      859.5526  3591164    2.77%          x31_34 D 116670 116669     25
 116769 67641      879.9609    86      884.0050      859.5555  3593928    2.77%          x36_37 N 116769 116768     29
 116856 67708      877.0414   114      884.0050      859.5594  3596650    2.77%          x12_44 D 116856 116855     28
Elapsed time = 7625.46 sec. (15746485.67 ticks, tree = 470.29 MB, solutions = 2)
 116970 67808      872.8484    58      884.0050      859.5629  3599816    2.76%          x12_41 D 116970 116969     33
 117077 67895      879.7335    98      884.0050      859.5675  3603267    2.76%          x28_45 N 117077 117076     40
 117180 67977      862.4658    48      884.0050      859.5763  3605549    2.76%          x12_44 D 117180 117179     24
 117261 68030      867.9874    91      884.0050      859.5830  3609646    2.76%          x13_40 N 117261  69928     30
 117341 68091      861.2868   116      884.0050      859.5858  3613667    2.76%          x44_41 N 117341  57344     35
 117433 68153      870.7464    70      884.0050      859.5914  3617512    2.76%          x42_40 N 117433 117432     14
 117511 68215      878.2669    95      884.0050      859.5946  3620361    2.76%          x32_34 N 117511 117510     45
 117630 68308        cutoff            884.0050      859.5957  3622592    2.76%          x12_40 D 117630 117629     31
 117721 68379      875.6648    84      884.0050      859.6004  3626011    2.76%           x1_45 D 117721 117720     54
 117830 68463      877.8596    97      884.0050      859.6031  3629101    2.76%          x42_31 D 117830 117829     45
Elapsed time = 7690.62 sec. (15900022.71 ticks, tree = 474.98 MB, solutions = 2)
 117938 68555      861.2418    94      884.0050      859.6076  3631830    2.76%          x12_32 D 117938 117937     19
 118030 68629      867.4102   112      884.0050      859.6086  3634051    2.76%          x13_31 D 118030 118029     35
 118109 68685        cutoff            884.0050      859.6200  3637443    2.76%          x45_34 D 118109 118107     28
 118192 68747      873.1306    87      884.0050      859.6252  3640472    2.76%          x28_31 D 118192 118191     34
 118286 68819      871.4280    70      884.0050      859.6277  3643526    2.76%          x12_40 N 118286  46257     26
 118379 68888        cutoff            884.0050      859.6363  3646889    2.76%          x28_32 D 118379 118378     43
 118452 68952      877.1320    63      884.0050      859.6379  3649427    2.76%          x33_13 N 118452 118451     50
 118544 69016      869.7707    81      884.0050      859.6394  3652924    2.76%          x12_45 D 118544 118543     11
 118634 69086      873.7182    74      884.0050      859.6459  3655920    2.76%          x40_44 D 118634 118633     25
 118727 69154      867.9635    66      884.0050      859.6514  3659831    2.75%           x2_34 N 118727  41268     33
Elapsed time = 7755.42 sec. (16054210.51 ticks, tree = 479.28 MB, solutions = 2)
 118820 69239      869.6517   109      884.0050      859.6518  3662227    2.75%           x45_2 D 118820 118819     39
 118923 69322      871.0560    88      884.0050      859.6584  3665458    2.75%          x28_41 D 118923 118922     36
 119000 69367      880.5765    56      884.0050      859.6671  3669229    2.75%          x12_40 D 119000 118999     30
 119082 69418      873.2015    76      884.0050      859.6775  3673031    2.75%          x13_41 D 119082 119081     36
 119170 69482        cutoff            884.0050      859.6841  3677116    2.75%          x42_41 U 119170 119168     21
 119245 69537      867.1636    39      884.0050      859.6878  3680047    2.75%          x28_31 D 119245 119244     23
 119366 69644      876.5674    66      884.0050      859.6911  3682649    2.75%          x32_34 N 119366 119365     37
 119445 69692      866.8080    51      884.0050      859.6938  3685672    2.75%          x13_44 D 119445 119444     34
 119539 69763        cutoff            884.0050      859.6978  3689080    2.75%          x28_41 U 119539 119538     51
 119625 69830      867.8599    75      884.0050      859.7024  3691663    2.75%          x31_34 D 119625 119624     32
Elapsed time = 7821.37 sec. (16207893.91 ticks, tree = 483.42 MB, solutions = 2)
 119710 69896      880.4396    97      884.0050      859.7087  3694982    2.75%          x33_31 N 119710 119709     36
 119795 69952      870.2252    60      884.0050      859.7202  3698583    2.75%          x31_34 U 119795 119793     38
 119886 70026      875.6703    97      884.0050      859.7233  3701631    2.75%           x45_1 D 119886 119885     71
 119980 70104      877.8129   110      884.0050      859.7266  3703984    2.75%          x12_21 D 119980 119979     62
 120086 70197      878.7784    92      884.0050      859.7306  3706097    2.75%          x41_34 N 120086 120085     33
 120162 70249      881.1930    34      884.0050      859.7362  3710340    2.75%          x41_46 N 120162 120160     31
 120241 70306      882.4415    61      884.0050      859.7424  3714029    2.74%          x13_44 U 120241 120238     18
 120321 70361      876.4133   110      884.0050      859.7505  3717562    2.74%          x40_44 D 120321 120320     28
 120420 70433      872.9696    99      884.0050      859.7571  3720907    2.74%           x1_45 D 120420 120419     33
 120504 70492      880.5993    38      884.0050      859.7613  3724347    2.74%          x40_44 N 120504 120503     34
Elapsed time = 7886.16 sec. (16362228.55 ticks, tree = 487.55 MB, solutions = 2)
 120578 70545      873.9009   111      884.0050      859.7710  3726956    2.74%          x14_10 D 120578 120577     34
 120671 70610        cutoff            884.0050      859.7756  3729704    2.74%          x33_41 D 120671 120670     53
 120760 70667      861.8937    36      884.0050      859.7898  3733624    2.74%          x40_44 D 120760 120759     27
 120852 70744      878.5058    28      884.0050      859.7923  3736037    2.74%           x1_45 D 120852 120851     34
 120939 70799      872.3339    99      884.0050      859.7995  3740297    2.74%          x13_41 U 120939  50655     17
 121020 70851      876.7730   119      884.0050      859.8025  3743409    2.74%          x43_28 N 121020  44553     41
 121100 70906      873.1969    77      884.0050      859.8074  3746591    2.74%          x44_41 U 121100  35968     18
 121184 70969        cutoff            884.0050      859.8090  3750004    2.74%          x13_34 U 121184 121182     44
 121250 71004      863.3220    92      884.0050      859.8173  3752885    2.74%          x42_28 D 121250 121249     30
 121331 71057      867.6984   115      884.0050      859.8251  3756727    2.74%          x13_28 D 121331 121330     39
Elapsed time = 7950.04 sec. (16516149.96 ticks, tree = 491.75 MB, solutions = 2)
 121430 71106      870.6815    86      884.0050      859.8271  3759500    2.74%          x33_30 N 121430  60074     17
 121507 71167        cutoff            884.0050      859.8318  3762367    2.73%          x12_41 U 121507 121505     25
 121589 71217      879.7831   108      884.0050      859.8398  3766047    2.73%          x33_32 D 121589 121588     35
 121681 71289      882.6168    65      884.0050      859.8441  3769076    2.73%          x44_41 N 121681 121679     22
 121772 71359      873.0560   110      884.0050      859.8485  3772069    2.73%          x41_44 D 121772 121771     31
 121852 71421      876.5304    71      884.0050      859.8517  3775096    2.73%          x32_34 D 121852 121851     31
 121939 71472      866.0870    43      884.0050      859.8569  3778519    2.73%          x13_44 N 121939  53177     20
 122014 71516      882.2092    57      884.0050      859.8638  3782561    2.73%          x23_28 D 122014 122013     33
 122103 71576      880.2302    71      884.0050      859.8677  3786091    2.73%          x43_28 N 122103 122101     28
 122190 71626      863.8746   101      884.0050      859.8741  3789222    2.73%          x14_44 D 122190 122189     40
Elapsed time = 8014.54 sec. (16669498.65 ticks, tree = 506.63 MB, solutions = 2)
 122277 71687        cutoff            884.0050      859.8769  3792928    2.73%          x14_38 U 122277  43788     27
 122394 71789        cutoff            884.0050      859.8845  3795826    2.73%          x32_34 D 122394 122393     50
 122471 71837        cutoff            884.0050      859.8935  3799180    2.73%          x40_32 U 122471 122469     27
 122589 71929      877.6044    71      884.0050      859.8984  3802492    2.73%          x13_30 N 122589  95618     29
 122676 71988        cutoff            884.0050      859.9018  3805837    2.73%          x44_31 D 122676 122675     39
 122745 72025      873.4202    74      884.0050      859.9097  3808953    2.73%          x42_28 D 122745 122744     37
 122837 72095      873.3761    63      884.0050      859.9136  3812740    2.73%          x44_32 D 122837 122836     24
 122913 72143        cutoff            884.0050      859.9167  3816957    2.72%          x13_10 U 122913  44547     35
 122989 72189      874.4606    88      884.0050      859.9289  3820955    2.72%          x13_40 N 122989  72997     17
 123070 72240        cutoff            884.0050      859.9353  3824291    2.72%          x37_14 D 123070 123068     58
Elapsed time = 8081.99 sec. (16823860.78 ticks, tree = 510.46 MB, solutions = 2)
 123165 72301      873.0437   109      884.0050      859.9371  3827017    2.72%          x13_40 D 123165 123164     28
 123250 72362      863.0053    51      884.0050      859.9396  3830107    2.72%          x31_34 N 123250  56462     33
 123369 72464        cutoff            884.0050      859.9410  3833488    2.72%          x44_40 U 123369 123367     32
 123434 72503      875.1509    79      884.0050      859.9506  3837221    2.72%          x12_40 N 123434  49475     24
 123497 72538        cutoff            884.0050      859.9581  3841330    2.72%          x29_37 D 123497 123496     19
 123590 72610      867.6971    67      884.0050      859.9592  3844806    2.72%          x33_31 D 123590 123589     42
 123680 72675      879.7185    65      884.0050      859.9644  3847634    2.72%          x13_31 N 123680 123679     43
 123766 72738      875.6067    81      884.0050      859.9693  3850669    2.72%          x13_44 D 123766 123765     37
 123869 72810      861.0647   102      884.0050      859.9738  3853944    2.72%          x44_41 D 123869 123868     14
 123959 72881      868.8134    93      884.0050      859.9795  3857396    2.72%          x14_29 D 123959 123958     19
Elapsed time = 8147.88 sec. (16977436.72 ticks, tree = 514.47 MB, solutions = 2)
 124060 72958      867.5899    84      884.0050      859.9847  3860819    2.72%          x40_44 D 124060 124059     27
 124175 73047        cutoff            884.0050      859.9886  3863914    2.72%          x40_12 U 124175 124173     71
 124262 73115      879.8702   105      884.0050      859.9949  3867526    2.72%          x13_11 N 124262 124261     50
 124374 73201      881.5531    83      884.0050      859.9980  3870020    2.72%           x2_31 N 124374 124373     79
 124462 73258      883.6220   102      884.0050      860.0018  3873410    2.72%          x25_45 N 124462 124461     30
 124545 73308      871.6276    56      884.0050      860.0082  3877315    2.71%          x13_40 D 124545 124544     31
 124643 73386      873.9893    52      884.0050      860.0112  3880283    2.71%          x40_28 D 124643 124642     39
 124736 73448        cutoff            884.0050      860.0173  3883716    2.71%          x14_40 U 124736  57343     34
 124834 73528      868.3123    68      884.0050      860.0210  3886480    2.71%           x5_45 N 124834 124833     27
 124933 73608        cutoff            884.0050      860.0232  3889378    2.71%          x41_21 D 124933 124932     46
Elapsed time = 8210.88 sec. (17131641.65 ticks, tree = 519.00 MB, solutions = 2)
 125024 73667      865.0494    91      884.0050      860.0317  3892793    2.71%          x41_31 U 125024  36055     35
 125100 73715      875.5438   105      884.0050      860.0332  3896598    2.71%          x13_41 N 125100 125099     35
 125203 73794      877.6391    92      884.0050      860.0336  3898492    2.71%          x14_32 N 125203 125202     32
 125290 73851      871.5824    73      884.0050      860.0387  3901648    2.71%          x40_44 N 125290 125289     18
 125370 73904      871.2574   121      884.0050      860.0467  3905415    2.71%          x32_45 D 125370 125369     29
 125463 73971      867.0572    82      884.0050      860.0522  3908290    2.71%          x42_28 D 125463 125462     25
 125567 74056      866.9342    36      884.0050      860.0552  3911639    2.71%          x31_34 N 125567  25771     27
 125643 74102        cutoff            884.0050      860.0588  3914690    2.71%          x12_40 U 125643 125641     29
 125722 74151      873.8777    69      884.0050      860.0636  3917799    2.71%          x13_29 N 125722 125721     25
 125817 74229        cutoff            884.0050      860.0689  3920714    2.71%          x13_40 U 125817 125815     38
Elapsed time = 8274.14 sec. (17286261.63 ticks, tree = 523.56 MB, solutions = 2)
 125892 74277      874.5243    69      884.0050      860.0732  3924334    2.71%          x14_29 D 125892 125890     23
 125989 74348      882.9049    50      884.0050      860.0773  3927789    2.71%          x41_31 U 125989 125988     43
 126079 74400      880.2821    75      884.0050      860.0803  3930776    2.71%          x42_28 D 126079 126078     33
 126171 74460      868.2876    45      884.0050      860.0862  3934246    2.71%          x44_41 D 126171 126170     22
 126265 74532      871.0019    61      884.0050      860.0878  3937944    2.71%          x42_44 D 126265 126264     21
 126341 74580      869.6857    91      884.0050      860.0948  3941347    2.70%          x30_45 N 126341  62297     22
 126433 74650      878.3963   103      884.0050      860.0989  3944237    2.70%          x13_27 D 126433 126432     53
 126532 74729      860.1067    32      884.0050      860.1009  3946875    2.70%          x14_13 N 126532  29642     15
 126640 74823        cutoff            884.0050      860.1047  3949132    2.70%          x28_13 U 126640 126638     85
 126730 74895      880.5537   102      884.0050      860.1134  3952562    2.70%          x30_35 D 126730 126729     51
Elapsed time = 8339.01 sec. (17444367.94 ticks, tree = 528.39 MB, solutions = 2)
 126847 75001      881.3482    76      884.0050      860.1147  3955164    2.70%          x28_45 N 126847 126846     51
 126925 75050      876.9545    74      884.0050      860.1177  3958935    2.70%          x42_40 D 126925 126924     52
 127021 75120        cutoff            884.0050      860.1244  3962145    2.70%          x42_41 U 127021 127019     28
 127115 75189      877.8334    66      884.0050      860.1289  3965691    2.70%          x32_34 D 127115 127114     31
 127193 75241      883.0564    68      884.0050      860.1332  3968676    2.70%          x12_43 N 127193 127192     26
 127290 75311      883.1609    92      884.0050      860.1392  3972346    2.70%          x41_28 D 127290 127289     34
 127389 75382      863.9232    78      884.0050      860.1438  3975294    2.70%          x14_29 D 127389 127388     30
 127498 75479        cutoff            884.0050      860.1450  3977678    2.70%          x14_13 U 127498 127497     33
 127581 75534      868.1588   116      884.0050      860.1519  3981037    2.70%          x14_40 D 127581 127580     27
 127660 75594      875.3116    98      884.0050      860.1533  3984917    2.70%          x13_31 N 127660 127659     29
Elapsed time = 8403.91 sec. (17598466.58 ticks, tree = 532.76 MB, solutions = 2)
 127779 75699        cutoff            884.0050      860.1572  3987523    2.70%          x13_42 U 127779 127777     50
 127850 75746      873.9442    67      884.0050      860.1632  3990670    2.70%          x40_44 D 127850 127849     22
 127960 75824      866.3235    68      884.0050      860.1678  3993955    2.70%          x12_40 D 127960 127959     15
 128059 75910      879.3308   102      884.0050      860.1718  3996515    2.70%          x21_44 D 128059 128058     35
 128159 75979        cutoff            884.0050      860.1770  4000422    2.70%          x41_31 D 128159 128158     31
 128245 76038      873.7781    88      884.0050      860.1808  4003894    2.70%          x13_44 D 128245 128243     27
 128353 76124        cutoff            884.0050      860.1820  4006486    2.69%          x32_46 D 128353 128351     73
 128427 76173      882.7117    94      884.0050      860.1858  4009487    2.69%          x13_41 N 128427 128426     50
 128503 76211        cutoff            884.0050      860.1909  4013304    2.69%          x40_32 U 128503 128501     33
 128604 76288      870.8644    82      884.0050      860.1974  4016604    2.69%          x30_45 N 128604 128602     22
Elapsed time = 8467.67 sec. (17752364.64 ticks, tree = 537.09 MB, solutions = 2)
 128697 76356      873.2788    67      884.0050      860.1990  4019127    2.69%           x1_45 N 128697  36233     17
 128774 76403      881.3182    92      884.0050      860.2101  4022989    2.69%          x44_40 N 128774 128773     33
 128870 76471      869.3536   100      884.0050      860.2150  4026332    2.69%          x42_40 D 128870 128869     39
 128988 76569      870.2298   126      884.0050      860.2190  4028961    2.69%          x44_31 D 128988 128987     45
 129089 76651        cutoff            884.0050      860.2209  4031670    2.69%          x14_40 U 129089  55347     33
 129182 76722      877.5940    84      884.0050      860.2266  4035281    2.69%          x13_40 N 129182  40057     31
 129267 76784      870.9037    66      884.0050      860.2307  4039003    2.69%          x43_28 D 129267 129266     25
 129352 76840      876.4245    64      884.0050      860.2390  4042599    2.69%           x33_2 N 129352  58087     14
 129455 76924      882.2804    55      884.0050      860.2403  4045248    2.69%          x44_41 N 129455 129453     28
 129545 76984      877.2071    86      884.0050      860.2453  4049260    2.69%          x13_11 D 129545 129544     60
Elapsed time = 8533.45 sec. (17906391.48 ticks, tree = 541.43 MB, solutions = 2)
 129620 77026      865.4518    56      884.0050      860.2574  4052930    2.69%          x42_40 N 129620 129619     24
 129720 77101      866.9521   110      884.0050      860.2617  4055993    2.69%          x40_28 N 129720 102589     21
 129825 77185        cutoff            884.0050      860.2641  4059071    2.69%          x41_31 U 129825 129823     41
 129919 77254      867.8088    44      884.0050      860.2684  4062839    2.69%          x42_46 D 129919 129918     29
 130000 77312      872.8287   126      884.0050      860.2728  4066296    2.68%          x33_12 D 130000 129999     41
 130102 77380      868.9616    96      884.0050      860.2807  4070546    2.68%          x12_41 U 130102  81901     17
 130189 77441      876.4669    68      884.0050      860.2820  4073667    2.68%          x13_40 N 130189 130188     29
 130280 77512      877.0027   109      884.0050      860.2845  4076937    2.68%          x33_13 D 130280 130279     28
 130380 77582      881.3360    94      884.0050      860.2863  4079772    2.68%          x35_39 D 130380 130379     27
 130473 77652        cutoff            884.0050      860.2895  4083092    2.68%          x29_37 U 130473 130471     21
Elapsed time = 8599.08 sec. (18061714.86 ticks, tree = 545.63 MB, solutions = 2)
 130582 77739        cutoff            884.0050      860.2922  4085610    2.68%          x14_29 U 130582 130579     31
 130668 77796      877.7353    70      884.0050      860.2996  4089198    2.68%          x13_34 D 130668 130667     32
 130755 77853      865.8171    91      884.0050      860.3024  4092838    2.68%          x40_32 D 130755 130754     34
 130872 77953      881.8745    46      884.0050      860.3037  4095683    2.68%           x33_2 D 130872 130871     16
 130960 78004      869.0983   104      884.0050      860.3064  4099378    2.68%          x13_40 D 130960 130959     29
 131057 78085      876.8209    59      884.0050      860.3103  4102288    2.68%          x32_45 D 131057 131056     28
 131144 78157      880.7106    80      884.0050      860.3113  4106277    2.68%          x41_31 U 131144 131142     39
 131214 78199      879.8345   107      884.0050      860.3207  4109318    2.68%          x41_45 N 131214 131213     28
 131295 78259      883.2452    34      884.0050      860.3254  4112660    2.68%          x42_40 D 131295 131293     21
 131384 78319      867.2474    68      884.0050      860.3326  4115943    2.68%          x42_32 N 131384 131383     45
Elapsed time = 8664.87 sec. (18215560.68 ticks, tree = 549.46 MB, solutions = 2)
 131470 78374      874.7580    66      884.0050      860.3375  4119201    2.68%          x42_28 D 131470 131469     14
 131560 78440      873.4727    95      884.0050      860.3415  4122371    2.68%          x29_37 U 131560 131559     48
 131628 78483      872.9635   117      884.0050      860.3480  4126890    2.68%          x35_39 D 131628 131627     18
 131740 78581      866.3604    98      884.0050      860.3538  4128957    2.68%          x44_31 N 131740 131739     42
 131832 78652      876.5354    79      884.0050      860.3607  4132457    2.67%          x14_41 N 131832 131831     40
 131918 78719      873.9460    73      884.0050      860.3645  4135626    2.67%          x37_14 U 131918 131917     62
 131999 78768        cutoff            884.0050      860.3674  4139234    2.67%          x42_31 D 131999 131998     38
 132082 78806      883.2330    42      884.0050      860.3751  4142880    2.67%          x33_31 N 132082 132081     36
 132164 78870      881.5073    63      884.0050      860.3804  4146667    2.67%          x44_32 U 132164 132162     20
 132253 78930        cutoff            884.0050      860.3847  4149565    2.67%           x45_2 U 132253 132251     21
Elapsed time = 8730.69 sec. (18369823.12 ticks, tree = 553.29 MB, solutions = 2)
 132344 78995      871.3607   111      884.0050      860.3892  4152919    2.67%          x13_31 N 132344 132343     42
 132440 79071      878.6898    87      884.0050      860.3948  4156118    2.67%           x33_2 N 132440 132439     23
 132539 79147      864.1165   106      884.0050      860.4009  4159081    2.67%          x13_10 N 132539 132538     31
 132628 79209      877.2585   100      884.0050      860.4077  4162953    2.67%          x33_38 N 132628 132627     46
 132716 79280      869.7587    45      884.0050      860.4098  4165760    2.67%          x29_37 U 132716 132715     19
 132802 79331      879.4611   114      884.0050      860.4114  4168315    2.67%          x14_44 D 132802 132800     50
 132892 79389      870.5368   100      884.0050      860.4177  4171859    2.67%          x12_43 D 132892 132891     30
 132976 79443      877.6115    73      884.0050      860.4238  4176236    2.67%          x28_31 D 132976 132975     29
 133069 79508        cutoff            884.0050      860.4248  4179839    2.67%           x13_8 U 133069 133067     58
 133172 79595      869.4769   122      884.0050      860.4276  4183324    2.67%          x14_31 D 133172 133171     47
Elapsed time = 8796.19 sec. (18523060.21 ticks, tree = 557.45 MB, solutions = 2)
 133250 79649      873.3408    78      884.0050      860.4323  4186945    2.67%          x34_21 D 133250 133249     25
 133331 79705      877.0392   102      884.0050      860.4376  4189978    2.67%          x44_32 N 133331  67827     30
 133400 79761      876.6175   116      884.0050      860.4388  4192123    2.67%          x35_39 D 133400 133399     25
 133483 79822      872.3326    43      884.0050      860.4429  4195102    2.67%          x32_45 D 133483 133482     26
 133568 79866        cutoff            884.0050      860.4484  4199143    2.66%          x42_46 D 133568 133567     36
 133644 79921      879.1102    86      884.0050      860.4590  4202383    2.66%          x36_37 D 133644 133643     31
 133717 79968      876.2517    79      884.0050      860.4668  4205642    2.66%          x44_41 D 133717 133716     21
 133810 80030      878.7034    86      884.0050      860.4698  4209156    2.66%           x13_9 N 133810 133809     29
 133892 80084        cutoff            884.0050      860.4731  4212644    2.66%          x14_31 U 133892  44559     47
 133972 80138      878.6217   116      884.0050      860.4753  4216679    2.66%          x42_31 N 133972 133971     41
Elapsed time = 8859.94 sec. (18676840.39 ticks, tree = 560.83 MB, solutions = 2)
 134080 80227      879.3257    64      884.0050      860.4790  4218750    2.66%          x31_34 D 134080 134079     25
 134162 80285      877.2195    60      884.0050      860.4820  4222567    2.66%          x42_32 U 134162 134160     17
 134250 80340      873.5486    90      884.0050      860.4853  4225607    2.66%          x13_32 N 134250 128805     18
 134335 80390        cutoff            884.0050      860.4894  4228769    2.66%          x41_31 U 134335 134333     27
 134415 80440        cutoff            884.0050      860.4977  4232840    2.66%          x41_44 U 134415 134412     38
 134497 80498      879.4104    42      884.0050      860.5038  4235702    2.66%          x28_45 N 134497 134496     26
 134570 80539      876.9268    41      884.0050      860.5100  4238265    2.66%          x31_34 D 134570 134569     31
 134667 80611      871.3600    58      884.0050      860.5142  4241263    2.66%           x33_2 N 134667  97280      8
 134750 80666      866.7379   114      884.0050      860.5205  4244643    2.66%           x13_9 D 134750 134749     27
 134830 80720      867.5806   109      884.0050      860.5222  4248326    2.66%           x13_9 D 134830 134829     46
Elapsed time = 8922.47 sec. (18830721.32 ticks, tree = 564.48 MB, solutions = 2)
 134939 80811      882.0336   100      884.0050      860.5266  4251115    2.66%          x42_13 D 134939 134938     40
 135031 80865      878.7293   112      884.0050      860.5320  4254689    2.66%          x12_32 N 135031  33243     18
 135122 80921      868.3109    92      884.0050      860.5374  4257838    2.65%          x44_31 D 135122 135121     25
 135216 80997      874.4904    70      884.0050      860.5403  4260423    2.65%          x42_41 D 135216 135215     38
 135318 81064      882.2249    51      884.0050      860.5433  4263553    2.65%           x45_2 N 135318 135317     41
 135384 81104      874.4589    73      884.0050      860.5521  4267009    2.65%          x31_34 N 135384 135383     39
 135468 81157      880.4155    87      884.0050      860.5605  4271121    2.65%          x13_32 N 135468  68095     32
 135553 81211      877.6195   114      884.0050      860.5641  4274514    2.65%          x30_45 U 135553 135551     35
 135637 81268      879.0022    91      884.0050      860.5683  4277881    2.65%          x43_12 D 135637 135636     23
 135696 81310      881.3854    90      884.0050      860.5738  4281145    2.65%          x13_40 N 135696 135695     34
Elapsed time = 8986.91 sec. (18984974.88 ticks, tree = 568.17 MB, solutions = 2)
 135780 81367      874.1049    83      884.0050      860.5785  4284762    2.65%          x14_29 D 135780 135779     18
 135887 81457      873.6542    77      884.0050      860.5830  4287473    2.65%          x40_28 D 135887 135886     30
 135983 81527        cutoff            884.0050      860.5903  4290738    2.65%          x44_32 D 135983 135981     41
 136069 81588      870.6875    43      884.0050      860.6025  4294085    2.65%           x33_2 N 136069 136068     23
 136184 81683      866.3536    78      884.0050      860.6037  4297189    2.65%          x29_10 D 136184 136183     67
 136271 81748      878.0672    50      884.0050      860.6045  4299892    2.65%          x44_41 N 136271 136270     31
 136374 81829      873.0542   120      884.0050      860.6068  4303412    2.65%          x41_31 D 136374 136373     46
 136457 81870        cutoff            884.0050      860.6078  4306244    2.65%          x44_28 U 136457 136455     40
 136546 81929      867.5713   107      884.0050      860.6149  4309623    2.65%          x33_30 D 136546 136545     24
 136639 81990      864.2044    70      884.0050      860.6182  4312812    2.65%          x31_34 N 136639  50101     27
Elapsed time = 9051.98 sec. (19138759.58 ticks, tree = 572.42 MB, solutions = 2)
 136750 82079      878.1249   103      884.0050      860.6213  4315923    2.65%          x29_37 U 136750 136749     36
 136839 82143      868.2037   104      884.0050      860.6260  4318886    2.64%           x12_9 D 136839 136838     24
 136912 82193      881.9139    76      884.0050      860.6310  4322600    2.64%          x12_44 N 136912 136911     26
 137006 82255      873.7527   121      884.0050      860.6373  4325872    2.64%          x29_37 U 137006 137005     33
 137103 82338      878.8415    74      884.0050      860.6401  4328999    2.64%          x13_44 N 137103  64571     20
 137204 82417      874.0387   105      884.0050      860.6420  4331220    2.64%          x14_44 D 137204 137203     28
 137282 82468      869.0488    50      884.0050      860.6500  4334454    2.64%          x42_40 D 137282 137281     24
 137374 82533      861.1869    93      884.0050      860.6559  4338119    2.64%          x12_45 D 137374 137373     25
 137460 82596      866.1711   108      884.0050      860.6598  4341355    2.64%           x33_2 D 137460 137459     29
 137543 82648      879.5379    95      884.0050      860.6615  4344925    2.64%          x31_34 N 137543 137542     32
Elapsed time = 9115.48 sec. (19292521.95 ticks, tree = 576.20 MB, solutions = 2)
 137628 82704      874.9647   100      884.0050      860.6664  4347784    2.64%          x13_10 N 137628 137627     35
 137723 82774      869.1090   112      884.0050      860.6725  4350706    2.64%           x45_2 D 137723 137722     33
 137804 82829      880.0459    41      884.0050      860.6768  4354628    2.64%           x0_43 N 137804 137802     41
 137887 82882      877.0126    74      884.0050      860.6812  4357775    2.64%          x12_31 D 137887 137886     43
 137969 82934      871.6546    84      884.0050      860.6864  4362157    2.64%           x33_2 N 137969  90868     12
 138050 82993      870.6813    91      884.0050      860.6898  4365780    2.64%          x43_44 D 138050 138049     21
 138140 83062      867.1940    95      884.0050      860.6907  4368378    2.64%          x42_32 D 138140 138139     26
 138185 83092      872.9282    39      884.0050      860.6920  4370535    2.64%          x14_29 N 138185 138184     23
 138268 83143      873.6987    63      884.0050      860.6970  4373342    2.64%          x42_12 D 138268 138267     23
 138364 83219        cutoff            884.0050      860.7005  4376333    2.64%          x13_42 D 138364 138363     37
Elapsed time = 9180.40 sec. (19447808.62 ticks, tree = 580.48 MB, solutions = 2)
 138450 83275      870.5340    80      884.0050      860.7025  4378883    2.64%          x13_44 D 138450 138449     26
 138540 83336      882.8226    85      884.0050      860.7073  4382750    2.64%          x42_32 D 138540 138539     29
 138623 83392      878.8300    92      884.0050      860.7162  4386642    2.63%          x12_28 N 138623  37737     25
 138696 83448      873.3010    71      884.0050      860.7257  4389303    2.63%          x42_32 N 138696  35063     22
 138790 83520      881.0529    92      884.0050      860.7292  4392487    2.63%          x31_41 D 138790 138789     52
 138885 83588      877.8168    66      884.0050      860.7329  4395778    2.63%          x31_34 D 138885 138884     36
 138971 83634      883.3083    59      884.0050      860.7397  4399339    2.63%          x12_44 U 138971 138968     46
 139059 83676        cutoff            884.0050      860.7440  4402800    2.63%          x36_37 U 139059  38736     22
 139153 83743      870.9301    82      884.0050      860.7528  4405468    2.63%          x42_44 D 139153 139152     33
 139220 83785      866.8935    81      884.0050      860.7562  4408936    2.63%          x12_40 D 139220 139219     29
Elapsed time = 9244.77 sec. (19603193.87 ticks, tree = 584.02 MB, solutions = 2)
 139311 83851      870.2562    61      884.0050      860.7622  4412778    2.63%          x31_34 N 139311  55982     23
 139388 83903      883.3906    93      884.0050      860.7654  4416431    2.63%          x41_28 N 139388 139387     33
 139481 83977      873.3267   115      884.0050      860.7683  4419382    2.63%          x13_42 D 139481 139480     28
 139564 84043      877.9772    69      884.0050      860.7696  4422367    2.63%          x40_28 U 139564 139562     26
 139649 84101      870.6880    94      884.0050      860.7715  4425314    2.63%          x42_28 N 139649 139648     34
 139729 84158      871.0703    99      884.0050      860.7752  4428686    2.63%          x14_29 D 139729 139728     31
 139832 84239      866.2324    53      884.0050      860.7786  4431323    2.63%          x44_32 N 139832 112432     26
 139912 84280        cutoff            884.0050      860.7803  4434733    2.63%          x14_13 U 139912 139911     24
 139995 84322      868.5664    75      884.0050      860.7820  4437729    2.63%          x12_44 N 139995  94331     14
 140069 84373      881.0395   101      884.0050      860.7917  4441118    2.63%           x12_6 D 140069 140068     53
Elapsed time = 9309.35 sec. (19757147.47 ticks, tree = 587.69 MB, solutions = 2)
 140150 84421      881.5427    97      884.0050      860.7949  4444598    2.63%          x41_44 N 140150 140148     33
 140222 84460        cutoff            884.0050      860.7977  4447214    2.63%          x31_34 D 140222 140221     20
 140310 84524      880.9973    77      884.0050      860.7988  4450655    2.63%          x14_45 N 140310 140309     36
 140399 84586      871.9899    90      884.0050      860.8056  4454200    2.62%           x33_2 N 140399 140398     28
 140479 84642      870.2322    64      884.0050      860.8111  4457924    2.62%          x42_40 U 140479 140477      7
 140564 84699        cutoff            884.0050      860.8150  4461180    2.62%          x13_10 U 140564 140562     49
 140629 84738        cutoff            884.0050      860.8208  4464500    2.62%          x12_45 U 140629  68721     24
 140705 84787      872.9177    79      884.0050      860.8271  4467654    2.62%          x33_12 N 140705 140703     43
 140779 84823      874.9523    82      884.0050      860.8362  4471165    2.62%          x32_34 N 140779 140778     35
 140884 84903      867.4228    63      884.0050      860.8399  4474265    2.62%          x13_28 N 140884  13407     23
Elapsed time = 9373.14 sec. (19911608.43 ticks, tree = 591.00 MB, solutions = 2)
 140974 84980      875.7027    90      884.0050      860.8406  4476942    2.62%          x14_10 D 140974 140973     53
 141070 85036      871.1112   101      884.0050      860.8463  4479989    2.62%          x44_41 U 141070 141068     33
 141151 85099      873.3685    72      884.0050      860.8512  4482748    2.62%          x28_21 D 141151 141150     47
 141240 85167      878.0544    63      884.0050      860.8555  4485721    2.62%          x31_34 D 141240 141239     14
 141319 85210        cutoff            884.0050      860.8576  4488988    2.62%          x12_10 U 141319 141317     26
 141420 85295      878.1818    78      884.0050      860.8598  4491214    2.62%          x44_31 N 141420 141419     33
 141498 85349      874.3064    67      884.0050      860.8627  4494191    2.62%          x28_31 D 141498 141497     32
 141579 85389        cutoff            884.0050      860.8741  4498357    2.62%          x12_44 U 141579  39644     48
 141650 85439      870.7228    20      884.0050      860.8786  4500778    2.62%          x29_10 D 141650 141649      7
 141739 85495        cutoff            884.0050      860.8834  4503554    2.62%          x42_41 U 141739 141738     39
Elapsed time = 9433.69 sec. (20065496.52 ticks, tree = 594.71 MB, solutions = 2)
 141815 85539      874.9519    74      884.0050      860.8909  4508071    2.61%          x40_32 N 141815  60148     21
 141892 85597      881.9456    63      884.0050      860.8961  4511251    2.61%          x42_32 N 141892 141891     32
 141989 85670      883.0281    72      884.0050      860.8989  4514844    2.61%          x44_31 D 141989 141988     37
 142072 85721      863.4119    71      884.0050      860.9061  4518717    2.61%          x44_41 D 142072 142071     33
 142160 85798      880.1452   101      884.0050      860.9096  4521982    2.61%          x30_34 U 142160 142157     40
 142254 85876      877.0801    91      884.0050      860.9114  4524445    2.61%          x12_29 N 142254 142253     46
 142363 85965      870.9385    86      884.0050      860.9179  4527093    2.61%          x44_40 D 142363 142362     22
 142466 86039      864.9328    45      884.0050      860.9234  4530182    2.61%          x12_41 D 142466 142465     26
 142578 86133      878.1418   114      884.0050      860.9288  4533337    2.61%          x40_32 D 142578 142577     49
 142660 86178      869.0877    89      884.0050      860.9354  4536480    2.61%          x43_28 D 142660 142659     27
Elapsed time = 9498.89 sec. (20219531.14 ticks, tree = 598.97 MB, solutions = 2)
 142756 86244      874.5092    65      884.0050      860.9380  4540114    2.61%          x13_31 N 142756  59366     33
 142837 86299      864.8335   106      884.0050      860.9408  4543561    2.61%          x13_28 D 142837 142836     32
 142936 86371        cutoff            884.0050      860.9462  4546846    2.61%          x45_32 D 142936 142935     35
 143020 86426      869.9668   108      884.0050      860.9530  4550232    2.61%          x12_10 D 143020 143019     28
 143115 86501        cutoff            884.0050      860.9552  4553694    2.61%          x32_34 D 143115 143114     30
 143189 86537      882.2315   117      884.0050      860.9579  4557530    2.61%          x42_46 D 143189 143188     22
 143276 86593      882.0861    68      884.0050      860.9609  4560736    2.61%          x40_44 N 143276 143274     29
 143347 86634        cutoff            884.0050      860.9654  4563690    2.61%          x13_41 D 143347 143346     50
 143426 86683      869.3601    46      884.0050      860.9699  4567227    2.61%          x41_28 D 143426 143425     33
 143518 86748      875.5398    70      884.0050      860.9740  4570395    2.61%          x44_31 D 143518 143517     53
Elapsed time = 9564.15 sec. (20372940.61 ticks, tree = 602.54 MB, solutions = 2)
 143610 86819      880.1621    78      884.0050      860.9798  4573480    2.60%          x13_30 N 143610 143609     45
 143711 86892        cutoff            884.0050      860.9832  4576524    2.60%          x14_44 U 143711 143709     38
 143786 86950      861.8750    46      884.0050      860.9850  4580602    2.60%          x13_40 U 143786  88929     20
 143870 87020      872.9382    97      884.0050      860.9855  4584365    2.60%          x36_37 D 143870 143869     32
 143949 87068      877.8447    87      884.0050      860.9899  4588134    2.60%          x41_21 D 143949 143948     48
 144048 87155      879.5153    83      884.0050      860.9922  4590485    2.60%          x13_14 D 144048 144047     66
 144141 87227      867.2825    82      884.0050      860.9935  4592688    2.60%          x42_13 D 144141 144140     65
 144268 87322      872.0311    52      884.0050      860.9990  4596012    2.60%          x13_31 N 144268  91796     31
 144340 87362      876.7233    87      884.0050      861.0025  4599343    2.60%          x12_44 D 144340 144339     25
 144435 87446      870.3174   114      884.0050      861.0036  4601692    2.60%          x14_10 D 144435 144434     44
Elapsed time = 9629.23 sec. (20526175.64 ticks, tree = 606.91 MB, solutions = 2)
 144529 87523      876.3321    56      884.0050      861.0065  4604902    2.60%          x43_41 N 144529 144528     54
 144607 87563      882.4870   111      884.0050      861.0137  4608298    2.60%          x12_10 D 144607 144606     46
 144696 87632      880.4579   101      884.0050      861.0169  4611797    2.60%          x13_27 N 144696 144695     36
 144787 87701      874.8200    58      884.0050      861.0225  4615288    2.60%          x36_37 D 144787 144786     41
 144869 87750      874.6834    98      884.0050      861.0254  4618549    2.60%          x13_27 D 144869 144868     39
 144980 87844      881.4277    78      884.0050      861.0275  4621584    2.60%          x45_30 N 144980 144979     65
 145065 87908      872.2093    49      884.0050      861.0311  4624724    2.60%          x42_41 N 145065 145064     23
 145162 87979        cutoff            884.0050      861.0395  4628019    2.60%          x40_34 U 145162 145160     24
 145247 88031      882.2951   108      884.0050      861.0460  4631871    2.60%          x13_40 D 145247 145246     36
 145340 88100      865.1085    85      884.0050      861.0495  4634685    2.60%          x12_40 D 145340 145339     26
Elapsed time = 9693.71 sec. (20679505.89 ticks, tree = 610.68 MB, solutions = 2)
 145434 88171      880.4051    44      884.0050      861.0507  4637753    2.60%          x13_32 N 145434  55041     22
 145519 88215      876.8668    83      884.0050      861.0580  4642151    2.60%          x13_28 N 145519 145518     24
 145589 88256      881.9211    93      884.0050      861.0603  4644844    2.60%          x29_37 N 145589 145588     24
 145670 88317      872.4777    30      884.0050      861.0619  4646885    2.60%          x22_24 D 145670 145669     28
Starting limited solution polishing.
 145760 88383      866.1346   116      884.0050      861.0657  4650119    2.59%          x13_40 D 145760 145759     17
 145867 88477      873.3725    53      884.0050      861.0672  4652252    2.59%          x40_44 N 145867 145865     18
 145968 88555      878.7781   114      884.0050      861.0707  4654865    2.59%          x12_27 D 145968 145967     59
 146042 88601      868.0602    54      884.0050      861.0755  4657963    2.59%          x33_31 N 146042  83518     23
 146128 88664      884.0046    46      884.0050      861.0784  4660623    2.59%          x44_41 N 146128 146127     28
 146233 88753      881.6449    92      884.0050      861.0805  4662893    2.59%          x40_34 D 146233 146232     35
Elapsed time = 9754.35 sec. (20833901.68 ticks, tree = 614.76 MB, solutions = 2)
 146332 88818      882.1811    46      884.0050      861.0863  4666094    2.59%          x40_32 N 146332 146331     29
 146414 88883        cutoff            884.0050      861.0898  4668807    2.59%          x13_29 U 146414 146412     43
 146497 88931      868.0830   105      884.0050      861.0949  4672544    2.59%          x42_31 D 146497 146496     25
 146590 89013      865.6789    45      884.0050      861.0963  4674942    2.59%          x33_30 D 146590 146588     17
 146663 89060      866.1708    64      884.0050      861.1044  4678506    2.59%          x14_13 D 146663 146662     23
 146757 89126      878.9180    98      884.0050      861.1062  4681024    2.59%          x13_30 D 146757 146756     49
 146829 89174      882.2441    69      884.0050      861.1081  4683744    2.59%          x12_44 N 146829 146827     31
 146895 89211        cutoff            884.0050      861.1173  4686726    2.59%          x14_41 U 146895  80606     26
 146973 89259      873.4294    42      884.0050      861.1249  4690646    2.59%          x41_34 D 146973 146972     32
 147058 89312      874.6234   102      884.0050      861.1315  4694778    2.59%          x12_44 N 147058  99272     18
Elapsed time = 9817.79 sec. (20988160.52 ticks, tree = 618.01 MB, solutions = 2)
 147147 89377        cutoff            884.0050      861.1350  4697847    2.59%          x40_28 U 147147 147144     27
 147225 89435      874.4567   114      884.0050      861.1399  4701236    2.59%          x12_28 D 147225 147224     31
 147300 89482      871.9542    90      884.0050      861.1461  4705413    2.59%          x12_27 D 147300 147299     38
 147398 89547      874.6028    75      884.0050      861.1477  4707901    2.59%          x14_11 N 147398 147396     46
 147485 89608      877.9056    36      884.0050      861.1527  4711530    2.59%           x5_45 U 147485 147483     36
 147565 89660      876.2676    44      884.0050      861.1570  4715084    2.58%          x36_37 D 147565 147564     40
 147661 89723      871.0692   114      884.0050      861.1636  4717969    2.58%           x45_2 D 147661 147660     38
 147791 89835      880.8956   100      884.0050      861.1653  4720372    2.58%          x32_34 D 147791 147790     66
 147873 89886        cutoff            884.0050      861.1660  4724059    2.58%          x29_37 D 147873 147870     24
 147964 89949      877.0940    73      884.0050      861.1682  4726619    2.58%          x12_40 D 147964 147963     36
Elapsed time = 9882.23 sec. (21141711.67 ticks, tree = 621.90 MB, solutions = 2)
 148050 90007      877.9752    37      884.0050      861.1746  4729790    2.58%          x12_44 N 148050  36092     24
 148128 90052      873.7199    92      884.0050      861.1802  4733544    2.58%          x13_42 N 148128  25198     24
 148210 90108      876.6722   107      884.0050      861.1879  4736492    2.58%          x41_28 D 148210 148209     39
 148297 90159      875.7752   102      884.0050      861.1970  4740827    2.58%          x41_28 U 148297 148295     17
 148378 90221      866.7214    78      884.0050      861.2019  4744145    2.58%          x13_28 D 148378 148377     39
 148470 90291      865.6089    98      884.0050      861.2044  4746838    2.58%          x40_44 D 148470 148469     32
 148555 90343        cutoff            884.0050      861.2134  4750381    2.58%          x44_28 U 148555 148553     36
 148646 90419      883.1806    77      884.0050      861.2210  4753228    2.58%          x14_40 N 148646 148645     43
 148723 90464        cutoff            884.0050      861.2236  4756833    2.58%          x42_12 U 148723 148721     49
 148797 90503      875.0362    73      884.0050      861.2300  4760417    2.58%          x41_31 N 148797 148796     32
Elapsed time = 9946.76 sec. (21296082.13 ticks, tree = 625.11 MB, solutions = 2)
 148887 90573      868.6437    64      884.0050      861.2351  4763066    2.58%          x33_30 N 148887  77130     20
 148962 90637      876.9475    83      884.0050      861.2382  4765404    2.58%          x33_31 N 148962 148961     27
 149047 90694      873.3920    38      884.0050      861.2412  4768900    2.58%          x14_44 D 149047 149046     28
 149125 90741      879.1340    54      884.0050      861.2451  4771791    2.57%          x41_34 N 149125 149124     36
 149209 90815      882.2443   127      884.0050      861.2463  4773797    2.57%           x33_2 N 149209 149208     72
 149290 90862      877.5256    39      884.0050      861.2514  4777879    2.57%          x40_34 D 149290 149289     22
 149377 90933      875.1891    99      884.0050      861.2523  4781372    2.57%          x13_11 D 149377 149376     58
 149480 91010      880.3935   117      884.0050      861.2576  4784633    2.57%          x44_31 N 149480 149479     32
 149566 91066      878.1449    72      884.0050      861.2619  4787663    2.57%           x1_45 D 149566 149565     26
 149647 91114      871.0076    94      884.0050      861.2680  4791297    2.57%          x42_40 D 149647 149646     32
Elapsed time = 10009.86 sec. (21450054.96 ticks, tree = 628.93 MB, solutions = 2)
 149738 91183      868.7462    48      884.0050      861.2740  4794710    2.57%          x41_34 N 149738  30906     16
 149816 91216      866.1661   110      884.0050      861.2775  4798394    2.57%          x44_41 N 149816  71628     24
 149900 91274      872.3222    44      884.0050      861.2826  4802267    2.57%          x44_32 D 149900 149898     27
 149984 91335      867.6381   101      884.0050      861.2863  4806573    2.57%          x41_31 D 149984 149982     54
 150076 91404      876.4883    87      884.0050      861.2890  4809705    2.57%          x40_32 N 150076  82819     22
 150149 91457      876.3937    56      884.0050      861.2904  4812829    2.57%          x42_40 D 150149 150148     30
 150223 91494      883.5184    98      884.0050      861.3002  4816804    2.57%          x44_32 N 150223 138194     26
 150326 91565      875.6881    95      884.0050      861.3083  4819834    2.57%          x42_31 D 150326 150325     33
 150399 91614      866.8155    76      884.0050      861.3139  4822787    2.57%          x44_40 D 150399 150398     25
 150484 91679        cutoff            884.0050      861.3177  4825985    2.57%           x13_9 U 150484  86547     28
Elapsed time = 10076.25 sec. (21604955.05 ticks, tree = 632.48 MB, solutions = 2)
 150560 91732      878.5408    77      884.0050      861.3207  4829239    2.57%          x14_29 D 150560 150559     17
 150658 91808      877.9107    85      884.0050      861.3245  4832115    2.57%           x33_2 N 150658  84619     26
 150748 91874      880.3043    90      884.0050      861.3266  4835274    2.57%          x28_31 N 150748 150747     33
 150824 91918      875.0738    48      884.0050      861.3309  4838035    2.56%          x12_31 N 150824  85316     28
 150920 91996      878.1792    64      884.0050      861.3360  4841437    2.56%          x41_34 N 150920 150919     25
 151000 92050      877.1418    61      884.0050      861.3381  4844840    2.56%          x40_32 N 151000 150998     25
 151085 92095      873.6864    77      884.0050      861.3432  4848231    2.56%          x14_29 N 151085 151084     26
 151170 92146      869.0555    83      884.0050      861.3466  4852324    2.56%          x13_44 D 151170 151169     34
 151252 92206      872.5471    53      884.0050      861.3545  4855025    2.56%          x40_32 D 151252 151251     27
 151323 92255      871.7917    95      884.0050      861.3575  4858299    2.56%           x5_45 N 151323 151321     22
Elapsed time = 10141.22 sec. (21760284.32 ticks, tree = 636.10 MB, solutions = 2)
 151429 92344        cutoff            884.0050      861.3601  4861143    2.56%          x33_41 D 151429 151428     74
 151512 92399      879.2691    97      884.0050      861.3645  4864701    2.56%          x12_31 D 151512 151511     30
 151600 92475      874.8422    95      884.0050      861.3669  4866980    2.56%          x12_27 D 151600 151599     78
 151694 92547      881.4684   100      884.0050      861.3701  4870047    2.56%          x13_27 N 151694 151693     42
 151766 92595      875.4353    38      884.0050      861.3734  4872880    2.56%          x40_44 D 151766 151765     32
 151849 92645      871.7782    77      884.0050      861.3768  4875712    2.56%          x40_28 D 151849 151848     26
 151923 92701        cutoff            884.0050      861.3792  4879228    2.56%          x12_34 U 151923 151921     28
 152000 92751      866.4015    62      884.0050      861.3873  4882062    2.56%          x41_31 N 152000 151999     29
 152095 92828      882.8728    95      884.0050      861.3894  4885384    2.56%          x14_37 D 152095 152094     40
 152180 92877      882.2050    70      884.0050      861.3968  4888674    2.56%          x40_32 D 152180 152179     27
Elapsed time = 10203.44 sec. (21916660.69 ticks, tree = 640.00 MB, solutions = 2)
 152252 92916      871.8508    54      884.0050      861.4026  4892824    2.56%          x41_44 D 152252 152250     32
 152330 92972      878.9740    68      884.0050      861.4072  4896748    2.56%          x14_29 D 152330 152329     51
 152416 93031      879.1883   104      884.0050      861.4102  4900215    2.56%          x12_10 N 152416 152415     28
 152481 93052      876.3535    81      884.0050      861.4137  4903766    2.56%          x42_32 N 152481  97236     17
 152577 93132      882.3436    82      884.0050      861.4155  4905988    2.56%          x33_38 N 152577 152576     73
 152660 93185      883.5540    82      884.0050      861.4226  4909607    2.55%          x36_37 N 152660 152659     30
 152730 93217        cutoff            884.0050      861.4299  4913235    2.55%          x41_44 D 152730 152729     28
 152808 93256      875.2559    28      884.0050      861.4352  4916790    2.55%          x13_45 N 152808 106418     13
 152879 93306      880.7062   108      884.0050      861.4387  4920275    2.55%          x45_32 N 152879 152878     33
 152974 93377      878.9214    76      884.0050      861.4438  4923588    2.55%          x44_31 N 152974 152973     52
Elapsed time = 10268.37 sec. (22070563.43 ticks, tree = 643.01 MB, solutions = 2)
 153076 93461      881.2954    59      884.0050      861.4496  4926527    2.55%          x33_41 N 153076 153075     34
 153146 93495      875.3011   102      884.0050      861.4543  4929995    2.55%           x45_2 N 153146 100958     28
 153212 93539      873.7932   110      884.0050      861.4599  4933211    2.55%          x12_10 D 153212 153211     29
 153314 93610      867.8642    93      884.0050      861.4627  4936103    2.55%          x30_45 D 153314 153313     30
 153401 93672      882.8201   109      884.0050      861.4687  4939665    2.55%          x40_32 N 153401 153400     34
 153478 93712      883.2071    75      884.0050      861.4713  4943124    2.55%          x12_28 U 153478 153476     25
 153560 93766      878.2890    65      884.0050      861.4717  4945804    2.55%          x44_28 D 153560 153559     27
 153640 93822      870.3029   112      884.0050      861.4760  4949040    2.55%          x13_41 D 153640 153639     35
 153753 93913      872.6233   103      884.0050      861.4799  4951728    2.55%          x13_34 D 153753 153752     46
 153860 93996      868.8059    84      884.0050      861.4836  4955109    2.55%          x12_28 D 153860 153859     41
Elapsed time = 10332.64 sec. (22224647.93 ticks, tree = 646.89 MB, solutions = 2)
 153963 94072      877.1196   107      884.0050      861.4930  4958294    2.55%          x14_38 D 153963 153962     49
 154027 94105        cutoff            884.0050      861.4977  4962697    2.55%          x14_29 U 154027 154024     25
 154097 94152      873.1718    72      884.0050      861.5026  4965843    2.55%          x44_21 D 154097 154096     40
 154172 94189      864.9626    64      884.0050      861.5071  4969083    2.54%          x31_34 N 154172  88578     29
 154259 94247      875.5167    75      884.0050      861.5127  4972018    2.54%          x30_45 D 154259 154258     26
 154348 94304      869.4664    68      884.0050      861.5145  4975025    2.54%          x40_32 N 154348  61441     22
 154426 94360      881.6847    51      884.0050      861.5179  4977915    2.54%          x12_44 U 154426 154424     12
 154508 94422      879.6971   102      884.0050      861.5193  4980952    2.54%          x28_31 D 154508 154507     31
 154577 94459      877.9975    81      884.0050      861.5253  4984681    2.54%          x40_28 N 154577 154576     26
 154645 94511      878.0170   106      884.0050      861.5296  4987292    2.54%          x31_34 N 154645 154644     37
Elapsed time = 10397.43 sec. (22378625.04 ticks, tree = 650.13 MB, solutions = 2)
 154730 94570      883.3554    68      884.0050      861.5325  4989848    2.54%          x12_40 N 154730 154729     30
 154807 94620      880.0845   103      884.0050      861.5369  4993020    2.54%          x13_10 D 154807 154806     29
 154889 94669        cutoff            884.0050      861.5421  4996603    2.54%          x32_34 U 154889 154887     34
 154975 94725      881.9418    90      884.0050      861.5475  4999922    2.54%          x41_28 N 154975 154974     36
 155065 94795        cutoff            884.0050      861.5509  5002918    2.54%          x28_41 U 155065 155064     38
 155130 94842      881.4916    78      884.0050      861.5561  5007317    2.54%          x28_45 N 155130 155129     28
 155221 94900        cutoff            884.0050      861.5618  5009774    2.54%          x41_28 D 155221 155220     31
 155320 94966      870.2298    78      884.0050      861.5656  5012326    2.54%          x28_31 D 155320 155319     46
 155418 95043      881.4792    91      884.0050      861.5707  5015573    2.54%          x12_29 D 155418 155417     58
 155502 95100      879.9817   100      884.0050      861.5737  5018755    2.54%          x40_42 N 155502 155501     42
Elapsed time = 10460.10 sec. (22532261.18 ticks, tree = 653.82 MB, solutions = 2)
 155574 95140      873.2560    78      884.0050      861.5813  5022396    2.54%          x35_39 D 155574 155573     35
 155663 95205      874.1792    99      884.0050      861.5839  5025011    2.54%          x40_32 D 155663 155662     45
 155744 95257        cutoff            884.0050      861.5882  5029110    2.54%          x13_10 U 155744  99303     38
 155828 95316        cutoff            884.0050      861.5895  5032258    2.54%          x14_29 U 155828 155825     26
 155910 95359      880.7850    52      884.0050      861.5992  5036122    2.53%          x44_31 D 155910 155908     38
 155995 95415      879.6252    59      884.0050      861.6082  5038875    2.53%          x40_32 N 155995 155994     30
 156079 95473      883.4820    59      884.0050      861.6110  5042480    2.53%          x42_41 U 156079 156077     31
 156180 95555      881.9766    56      884.0050      861.6129  5045149    2.53%          x43_41 N 156180 156179     61
 156280 95635      865.2237   102      884.0050      861.6172  5047872    2.53%          x12_10 D 156280 156279     27
 156360 95683        cutoff            884.0050      861.6189  5051511    2.53%          x41_44 D 156360 156359     39
Elapsed time = 10523.30 sec. (22686012.23 ticks, tree = 657.49 MB, solutions = 2)
 156424 95725        cutoff            884.0050      861.6237  5053981    2.53%          x44_28 D 156424 156423     30
 156500 95759      879.9535    92      884.0050      861.6305  5058452    2.53%           x8_12 N 156500 156499     24
 156585 95819        cutoff            884.0050      861.6334  5061654    2.53%          x42_21 D 156585 156584     36
 156670 95882      880.1702   111      884.0050      861.6409  5064534    2.53%          x42_28 N 156670 156669     37
 156749 95926      881.8473   104      884.0050      861.6485  5067853    2.53%          x13_29 N 156749 156748     37
 156841 95980      883.3863    86      884.0050      861.6516  5071104    2.53%          x13_21 D 156841 156840     53
 156929 96033        cutoff            884.0050      861.6552  5074429    2.53%          x21_44 U 156929 156927     35
 157000 96073      881.1509    73      884.0050      861.6617  5078649    2.53%           x45_2 D 157000 156999     32
 157082 96111        cutoff            884.0050      861.6656  5081772    2.53%          x44_41 U 157082 157080     24
 157169 96175      878.4347    48      884.0050      861.6691  5085057    2.53%          x42_40 D 157169 157168     28
Elapsed time = 10588.77 sec. (22840679.22 ticks, tree = 660.31 MB, solutions = 2)
 157238 96217      874.4636    97      884.0050      861.6726  5087778    2.53%          x12_27 D 157238 157237     28
 157325 96281      866.6755    82      884.0050      861.6763  5090985    2.53%          x30_45 D 157325 157324     20
 157411 96340        cutoff            884.0050      861.6794  5093832    2.53%          x41_34 D 157411 157409     37
 157500 96414      882.8311    42      884.0050      861.6808  5096190    2.53%          x41_28 N 157500 157499     38
 157574 96438        cutoff            884.0050      861.6851  5099664    2.52%          x13_28 U 157574 157572     40
 157641 96492      873.9848   100      884.0050      861.6861  5102742    2.52%          x12_10 D 157641 157639     32
 157745 96567      863.0053    80      884.0050      861.6874  5105506    2.52%          x33_34 N 157745  15004     12
 157826 96618      866.4927    56      884.0050      861.6949  5109233    2.52%          x33_41 N 157826  69523     35
 157939 96715      880.7416    48      884.0050      861.6973  5112072    2.52%          x41_31 D 157939 157938     57
 158017 96763      872.6521    65      884.0050      861.7010  5115052    2.52%          x42_41 N 158017  15393     12
Elapsed time = 10651.32 sec. (22994893.49 ticks, tree = 664.01 MB, solutions = 2)
 158095 96815      879.6098    85      884.0050      861.7044  5118739    2.52%          x32_45 N 158095 158093     29
 158180 96858      867.4910    56      884.0050      861.7079  5121775    2.52%          x40_44 N 158180 100707     23
 158270 96916      883.3217    78      884.0050      861.7101  5125168    2.52%          x28_31 N 158270 158269     26
 158339 96961      871.1573   105      884.0050      861.7128  5128130    2.52%          x40_28 N 158339 158337     26
 158414 97005        cutoff            884.0050      861.7161  5130908    2.52%          x31_34 D 158414 158413     33
 158495 97050        cutoff            884.0050      861.7229  5133999    2.52%          x41_34 U 158495 158493     46
 158576 97109      879.6987    97      884.0050      861.7245  5136886    2.52%          x41_34 D 158576 158575     26
 158657 97151      873.9342    79      884.0050      861.7285  5139681    2.52%          x40_28 N 158657 158656     27
 158749 97215      882.4140    82      884.0050      861.7337  5142379    2.52%          x28_41 D 158749 158748     40
 158810 97241      870.2631    48      884.0050      861.7356  5146797    2.52%          x13_32 N 158810 115776     24
Elapsed time = 10715.98 sec. (23149856.59 ticks, tree = 667.71 MB, solutions = 2)
 158883 97276      874.9765    97      884.0050      861.7398  5150217    2.52%          x13_10 N 158883 158882     24
 158951 97319      881.4873    81      884.0050      861.7464  5153082    2.52%          x41_44 N 158951 158950     33
 159030 97369        cutoff            884.0050      861.7532  5156462    2.52%          x36_37 U 159030  94964     33
 159111 97418      883.1223    48      884.0050      861.7576  5159782    2.52%          x41_28 N 159111 159110     31
 159199 97471      867.7298    70      884.0050      861.7618  5163089    2.52%          x12_28 D 159199 159198     39
 159283 97531      882.0375    89      884.0050      861.7632  5165891    2.52%          x30_34 N 159283 159282     51
 159363 97572      872.1718    88      884.0050      861.7679  5169567    2.52%          x32_45 D 159363 159362     27
 159456 97637      880.8855    76      884.0050      861.7695  5172396    2.52%           x1_45 N 159456 159455     31
 159524 97670      875.5523    63      884.0050      861.7743  5175998    2.51%          x14_27 N 159524 159523     38
 159611 97733      878.1998    64      884.0050      861.7787  5178507    2.51%          x40_42 D 159611 159610     53
Elapsed time = 10780.50 sec. (23303615.11 ticks, tree = 671.51 MB, solutions = 2)
 159700 97789      880.1721    59      884.0050      861.7836  5181372    2.51%          x14_29 N 159700 159699     30
 159783 97837      864.2540    63      884.0050      861.7855  5184826    2.51%          x32_45 N 159783   5820     25
 159900 97934      881.7022   108      884.0050      861.7862  5187672    2.51%          x13_30 N 159900 159899     29

Mixed integer rounding cuts applied:  1
Zero-half cuts applied:  4
Gomory fractional cuts applied:  1
User cuts applied:  44847

Root node processing (before b&c):
  Real time             =    0.42 sec. (733.03 ticks)
Sequential b&c:
  Real time             = 10799.66 sec. (23352100.59 ticks)
                          ------------
Total (root+branch&cut) = 10800.07 sec. (23352833.62 ticks)
