Version identifier: 22.1.0.0 | 2022-03-09 | 1a383f8ce
CPXPARAM_Preprocessing_Reduce                    1
CPXPARAM_Threads                                 1
CPXPARAM_Preprocessing_Reformulations            0
CPXPARAM_TimeLimit                               10800
CPXPARAM_MIP_Tolerances_AbsMIPGap                0.999
CPXPARAM_MIP_Limits_TreeMemory                   20000
Legacy callback                                  BbLUID
         Disabling repeat represolve because of lazy constraint/incumbent callback.
1 of 1 MIP starts provided solutions.
MIP start 'm1' defined initial solution with objective 892.1947.
Tried aggregator 1 time.
MIP Presolve eliminated 1349 rows and 0 columns.
MIP Presolve modified 561 coefficients.
Reduced MIP has 635 rows, 1088 columns, and 4895 nonzeros.
Reduced MIP has 1088 binaries, 0 generals, 0 SOSs, and 0 indicators.
Presolve time = 0.00 sec. (3.80 ticks)
Probing time = 0.00 sec. (2.43 ticks)
Clique table members: 635.
MIP emphasis: balance optimality and feasibility.
MIP search method: traditional branch-and-cut.
Parallel mode: none, using 1 thread.
Root relaxation solution time = 0.00 sec. (1.21 ticks)

        Nodes                                         Cuts/
   Node  Left     Objective  IInf  Best Integer    Best Bound    ItCnt     Gap         Variable B NodeID Parent  Depth

*     0+    0                          892.1947        0.0000           100.00%
      0     0      651.8251    12      892.1947      651.8251       78   26.94%
      0     0      723.7417    12      892.1947      Cuts: 16      103   18.88%
      0     0      737.3363    47      892.1947      User: 18      117   17.36%
      0     0      738.2112     8      892.1947      Cuts: 12      120   17.26%
      0     0      738.6867    41      892.1947       Cuts: 6      124   17.21%
      0     0      740.5003    41      892.1947       Cuts: 4      127   17.00%
      0     0      740.7044    48      892.1947       Cuts: 4      130   16.98%
      0     0      756.9489    35      892.1947       Cuts: 7      164   15.16%
      0     0      757.0060    22      892.1947       Cuts: 5      165   15.15%
      0     0      757.9681    33      892.1947       Cuts: 2      171   15.04%
      0     0      758.4467    32      892.1947       Cuts: 6      179   14.99%
      0     0      758.8655    36      892.1947       Cuts: 2      189   14.94%
      0     0      759.1730    32      892.1947       Cuts: 3      195   14.91%
      0     0      760.1778    77      892.1947       Cuts: 8      212   14.80%
      0     0      760.5291    29      892.1947      Cuts: 15      221   14.76%
      0     0      760.6841    41      892.1947       Cuts: 2      227   14.74%
      0     0      760.8531    41      892.1947       Cuts: 9      229   14.72%
      0     0      761.4937    49      892.1947       Cuts: 9      244   14.65%
      0     0      761.8272    58      892.1947       Cuts: 2      254   14.61%
      0     0      761.9183    58      892.1947   ZeroHalf: 2      260   14.60%
      0     0      761.9613    60      892.1947       Cuts: 7      266   14.60%
      0     2      765.1508    45      892.1947      765.2580      266   14.23%                        0             0
Elapsed time = 0.13 sec. (209.88 ticks, tree = 0.01 MB, solutions = 1)
     16    18      804.9318    22      892.1947      768.6697      649   13.85%          x19_18 U     16     15     13
     40    42      860.3240    26      892.1947      768.6697     1337   13.85%           x9_11 D     40     39     30
     67    64      823.3884    30      892.1947      768.8133     2016   13.83%          x18_14 N     67     65     17
    111    95      775.1750    36      892.1947      768.8765     2678   13.82%           x9_11 N    111    110     10
    160   144      860.2012    34      892.1947      768.8765     3540   13.82%           x29_1 D    160    159     59
    219   199      810.8304    48      892.1947      769.1612     4452   13.79%          x21_32 N    219    218     52
    232   212      866.1040     8      892.1947      769.1612     4697   13.79%          x30_16 U    232    231     65
    280   248      790.1337    67      892.1947      771.4282     5295   13.54%           x12_9 D    280    279     23
    331   299      813.7207    66      892.1947      771.4282     5846   13.54%           x5_22 D    331    330     74
    494   425      879.2379    55      892.1947      771.4282     6936   13.54%          x25_34 D    494    493    237
Elapsed time = 2.02 sec. (3366.70 ticks, tree = 0.39 MB, solutions = 1)
    641   555      780.5434    45      892.1947      772.0522    10318   13.47%            x2_4 D    641    640     19
    860   769      816.1812    77      892.1947      772.3751    13014   13.43%           x6_33 D    860    859     95
   1040   937      835.1737    75      892.1947      772.4769    15700   13.42%           x7_19 U   1040   1039     31
   1280  1171      825.6706    70      892.1947      772.6218    18919   13.40%           x3_27 N   1280   1279     93
   1462  1331      808.6388    41      892.1947      772.6287    22099   13.40%           x3_22 N   1462   1460     36
   1605  1468      833.1001    70      892.1947      772.6287    26169   13.40%          x21_31 D   1605   1603    155
   1786  1625      851.5191    69      892.1947      772.8598    29776   13.38%           x5_34 D   1786   1785     95
   1978  1807      879.5367    50      892.1947      773.1200    34004   13.35%           x17_3 N   1978   1977     69
   2153  1977      883.1045    57      892.1947      773.5323    37185   13.30%          x10_31 D   2153   2152    164
   2378  2187      844.8675    28      892.1947      773.9373    41257   13.25%          x32_21 D   2378   2377    131
Elapsed time = 7.18 sec. (12947.99 ticks, tree = 1.94 MB, solutions = 1)
   2616  2405      778.0897    69      892.1947      774.1611    43990   13.23%          x31_15 D   2616   2615      6
   2875  2656      813.4523    71      892.1947      774.2337    47777   13.22%           x6_36 D   2875   2874     36
   3012  2773      868.2283    59      892.1947      774.2337    52559   13.22%          x32_18 N   3012   3011    146
   3240  2977      835.2025    52      892.1947      774.5423    55293   13.19%          x34_23 D   3240   3239     70
   3496  3225      791.8477    85      892.1947      774.6044    59009   13.18%          x30_37 U   3496   3495     31
   3629  3353      825.9207    52      892.1947      775.0289    61703   13.13%           x2_25 D   3629   3627     31
   3810  3527      845.1473    77      892.1947      775.2557    64394   13.11%          x32_21 D   3810   3809    141
   3975  3683      799.4546    42      892.1947      775.3442    67323   13.10%          x33_35 N   3975   3974     18
   4110  3814      825.4788    97      892.1947      775.3497    69913   13.10%           x2_36 N   4110   4109     75
   4239  3939      876.5753    57      892.1947      775.4172    73692   13.09%          x32_19 N   4239   4236     36
Elapsed time = 12.29 sec. (22574.37 ticks, tree = 3.49 MB, solutions = 1)
   4350  4044      802.1117    87      892.1947      775.4708    75887   13.08%           x36_4 D   4350   4349     32
   4486  4176      831.8940    58      892.1947      775.4866    79238   13.08%          x15_31 D   4486   4485     48
   4673  4359      817.1948    93      892.1947      775.5835    82516   13.07%          x36_35 D   4673   4672     80
   4847  4526      873.5027    10      892.1947      775.6090    85513   13.07%           x34_8 U   4847   4846     57
   4940  4616      827.1356    48      892.1947      775.6159    88905   13.07%          x19_21 D   4940   4938     78
   5036  4695      777.5979    26      892.1947      775.7682    91323   13.05%           x12_9 U   5036    113     13
   5281  4936      789.1825    48      892.1947      775.9210    94738   13.03%          x19_18 D   5281   5280     25
   5462  5114      824.5524    98      892.1947      775.9679    97766   13.03%           x6_26 N   5462   5461    142
   5698  5347      837.6760    65      892.1947      775.9917   100360   13.02%          x10_26 D   5698   5697    166
   5820  5451      873.5518    42      892.1947      776.1288   103305   13.01%           x6_36 D   5820   5818     80
Elapsed time = 17.01 sec. (32139.53 ticks, tree = 5.10 MB, solutions = 1)
   5984  5605      879.4841    24      892.1947      776.1685   105482   13.00%           x2_36 U   5984   5982    147
   6152  5765      827.0893    55      892.1947      776.2726   108385   12.99%            x5_3 D   6152   6151     37
   6305  5914      853.9699    70      892.1947      776.3083   111322   12.99%          x34_27 N   6305   6304     86
   6418  6023      850.9257    46      892.1947      776.4011   113718   12.98%            x2_5 U   6418   6416     53
   6554  6132      819.7898    64      892.1947      776.4164   116256   12.98%          x17_34 N   6554   6553     47
   6705  6279      844.5710    44      892.1947      776.4244   118771   12.98%          x32_17 D   6705   6704     65
   6932  6502      855.8417    50      892.1947      776.4589   121585   12.97%          x18_23 U   6932   6931    186
   7072  6637      844.7394    37      892.1947      776.5428   124226   12.96%          x21_35 D   7072   7071     87
   7170  6731      842.7601    30      892.1947      776.6513   127431   12.95%           x25_4 D   7170   7169     34
   7370  6923      832.4036    46      892.1947      776.8033   130313   12.93%          x10_36 D   7370   7369    165
Elapsed time = 21.66 sec. (41727.24 ticks, tree = 6.60 MB, solutions = 1)
   7504  7052      871.4153    71      892.1947      776.8162   133305   12.93%          x20_36 N   7504   7503    104
   7642  7180      817.7659    34      892.1947      776.8627   135654   12.93%          x31_18 D   7642   7641     22
   7744  7279      798.1555    34      892.1947      776.9002   137542   12.92%           x7_35 D   7744   7743     19
   7844  7371      866.5507    16      892.1947      777.0292   140524   12.91%           x6_36 U   7844   7843     59
   7990  7510      853.6255    77      892.1947      777.1057   142534   12.90%          x32_21 D   7990   7989    122
   8100  7616      840.6118    73      892.1947      777.1444   144467   12.90%           x6_33 D   8100   8099     77
   8291  7803      836.7595    79      892.1947      777.1860   147081   12.89%           x4_21 D   8291   8290    114
   8392  7900      830.1783    44      892.1947      777.2082   149468   12.89%          x28_22 D   8392   8390     54
   8483  7976      810.8788    71      892.1947      777.2777   151733   12.88%           x6_26 D   8483   8482     49
   8604  8093      843.5664    64      892.1947      777.3082   154585   12.88%          x34_18 D   8604   8603     38
Elapsed time = 26.08 sec. (51348.33 ticks, tree = 7.85 MB, solutions = 1)
   8780  8265      851.9870    36      892.1947      777.3367   157133   12.87%          x11_30 D   8780   8779     97
   8947  8428      842.9518    68      892.1947      777.4381   159687   12.86%           x5_17 D   8947   8946    148
   9049  8526      826.6189    60      892.1947      777.4954   162183   12.86%           x2_36 D   9049   9048     46
   9117  8575      799.7555    32      892.1947      777.5076   164887   12.85%          x31_18 U   9117   9116     17
   9280  8735      794.1238    83      892.1947      777.5387   167134   12.85%           x5_36 D   9280   9279     38
   9400  8855      885.8412    24      892.1947      777.5387   169508   12.85%          x23_18 D   9400   9399    158
   9532  8983      875.8011    28      892.1947      777.5472   171778   12.85%           x2_17 N   9532   9531    136
   9688  9134      843.0428    67      892.1947      777.5597   174088   12.85%          x32_10 D   9688   9687    128
   9758  9201      864.7109    63      892.1947      777.6007   177379   12.84%          x32_18 N   9758   9757     29
   9871  9299      856.5423    45      892.1947      777.6285   180071   12.84%          x19_34 N   9871   9870    112
Elapsed time = 30.46 sec. (61013.16 ticks, tree = 9.51 MB, solutions = 1)
   9995  9419      861.8233    69      892.1947      777.6809   182656   12.84%            x5_3 D   9995   9994    108
  10170  9588      881.4471    66      892.1947      777.7242   185061   12.83%           x10_4 D  10170  10169    151
  10348  9762      855.4891    69      892.1947      777.7635   188038   12.83%           x22_6 D  10348  10347    188
* 10400+ 9750                          889.4353      777.7655            12.56%
  10417  9769      844.5817    14      889.4353      777.7655   189779   12.56%          x11_13 D  10417  10415     29
  10550  9896      853.4044    83      889.4353      777.8267   191634   12.55%          x26_34 D  10550  10549    116
  10694 10036      840.8853    75      889.4353      777.8316   194125   12.55%           x3_34 D  10694  10693    107
  10828 10165      844.5210    59      889.4353      777.9290   196378   12.54%          x17_21 N  10828  10827     87
  10970 10304      831.0495    82      889.4353      777.9417   199207   12.54%          x17_34 D  10970  10969     72
  11088 10416      818.3826    62      889.4353      777.9679   202093   12.53%          x32_35 U  11088  11087     28
  11160 10470      803.5177    39      889.4353      778.0579   205002   12.52%           x36_4 N  11160  11159     16
Elapsed time = 34.90 sec. (70640.40 ticks, tree = 10.84 MB, solutions = 2)
  11281 10591      881.7446    58      889.4353      778.0579   206629   12.52%          x24_16 D  11281  11280    137
  11414 10717      800.8953    61      889.4353      778.1062   209051   12.52%          x21_22 D  11414  11413     23
  11593 10891      788.8862    38      889.4353      778.1513   211929   12.51%          x32_35 U  11593  11592     10
  11704 11002      853.7165    40      889.4353      778.1513   213729   12.51%          x21_22 D  11704  11703    121
  11798 11085      881.5390    57      889.4353      778.1605   216046   12.51%           x26_3 D  11798  11796     60
  11957 11237      847.8463    70      889.4353      778.1802   218089   12.51%          x23_36 D  11957  11956    161
  12099 11375      847.7908    48      889.4353      778.1888   220113   12.51%          x18_25 D  12099  12098    108
  12195 11467      869.3391    16      889.4353      778.2123   222265   12.50%          x20_36 D  12195  12194     79
  12333 11600      853.0498    44      889.4353      778.2123   224242   12.50%          x34_18 D  12333  12332    100
  12419 11681      858.3410    52      889.4353      778.2505   226803   12.50%           x4_27 N  12419  12417     26
Elapsed time = 39.20 sec. (80265.17 ticks, tree = 12.24 MB, solutions = 2)
  12470 11724      787.4439    28      889.4353      778.3871   229741   12.49%            x5_3 D  12470  12469     14
  12592 11842      797.1538    52      889.4353      778.4194   231910   12.48%           x22_4 D  12592  12591     17
  12701 11945      792.3502    54      889.4353      778.4196   234172   12.48%            x2_4 D  12701  12700     37
  12831 12073        cutoff            889.4353      778.4196   236139   12.48%           x3_21 N  12831  12830    167
  12930 12164      830.2266    50      889.4353      778.4567   238591   12.48%          x21_19 N  12930  12928     14
  12999 12229      828.7487    51      889.4353      778.4583   241034   12.48%           x22_2 D  12999  12998     50
  13143 12369      797.2034    62      889.4353      778.5548   242765   12.47%           x17_4 D  13143  13142     17
  13279 12497      809.1932    74      889.4353      778.5569   245221   12.47%          x21_37 D  13279  13278     46
  13410 12621      837.1886    79      889.4353      778.5656   247592   12.47%          x28_22 D  13410  13409     69
  13843 13025      807.3329    62      889.4353      778.6111   256854   12.46%          x28_17 N  13843  13842    143
Elapsed time = 44.75 sec. (92791.09 ticks, tree = 13.84 MB, solutions = 2)
  14273 13434      854.8803    22      889.4353      778.7002   265924   12.45%          x11_32 D  14273  14272     65
  14770 13916      786.2382    42      889.4353      778.7719   273872   12.44%          x35_30 D  14770  14768     10
  15159 14273      787.3539    56      889.4353      778.8195   283063   12.44%          x19_34 D  15159  15158     17
  15513 14608      787.1946    50      889.4353      778.8592   292344   12.43%          x21_36 D  15513  15512      8
  15920 15000      888.2763    60      889.4353      779.0335   298958   12.41%          x25_27 D  15920  15919     50
  16340 15400      794.9926    44      889.4353      779.1728   308206   12.40%          x35_30 D  16340  16338     17
  16732 15780      885.7574    41      889.4353      779.2393   316694   12.39%          x32_16 N  16732  16731     50
  17029 16055      842.9752    57      889.4353      779.2781   325350   12.39%          x13_32 D  17029  17028     42
  17385 16400      794.9574    80      889.4353      779.3522   332896   12.38%          x18_34 D  17385  17384     20
  17747 16741      828.9332    63      889.4353      779.4080   340613   12.37%           x3_22 D  17747  17746     58
Elapsed time = 61.65 sec. (131084.08 ticks, tree = 34.45 MB, solutions = 2)
  18124 17086      812.8312    42      889.4353      779.4489   348234   12.37%          x17_26 D  18124  18123     46
  18467 17413      846.3394    49      889.4353      779.5621   356788   12.35%          x17_22 N  18467  18464     31
  18815 17732      844.0089    63      889.4353      779.5941   364725   12.35%          x28_22 N  18815  18814     74
  19160 18065      827.7132    77      889.4353      779.6076   371792   12.35%           x7_10 D  19160  19159     61
  19569 18462      835.6411    74      889.4353      779.6407   378784   12.34%          x22_31 D  19569  19568     79
  19932 18809      835.4240    55      889.4353      779.7235   386983   12.33%           x26_1 D  19932  19931    112
  20259 19116      852.6669    57      889.4353      779.7807   394598   12.33%           x5_25 N  20259  20257     41
  20648 19476      805.5276    94      889.4353      779.8616   401718   12.32%           x3_25 D  20648  20647     68
  20950 19760      825.6983    51      889.4353      779.8657   410857   12.32%          x26_36 D  20950  20949     26
  21377 20174      866.4343    28      889.4353      779.9548   418383   12.31%           x12_9 D  21377  21376    178
Elapsed time = 78.63 sec. (169313.51 ticks, tree = 40.06 MB, solutions = 2)
  21698 20478      838.7089    77      889.4353      779.9973   425319   12.30%          x20_17 N  21698  21697    153
  22040 20792        cutoff            889.4353      780.0773   432055   12.30%           x26_7 D  22040  22038     37
  22455 21193      813.6368    88      889.4353      780.1125   439936   12.29%          x31_22 D  22455  22454     60
  22773 21491      786.2731    61      889.4353      780.1367   447396   12.29%          x34_33 U  22773  22772     14
  23200 21906      815.7205    50      889.4353      780.1791   455783   12.28%           x7_30 N  23200  23198     28
  23545 22236      854.9039    70      889.4353      780.2156   463985   12.28%           x32_8 N  23545  23544    101
  23819 22483      880.1207    48      889.4353      780.2419   470881   12.28%           x5_16 D  23819  23818    136
  24210 22862      853.6355    77      889.4353      780.2940   477822   12.27%          x11_22 D  24210  24209    103
  24467 23089      787.5972    26      889.4353      780.3225   485125   12.27%            x5_4 D  24467  24466     16
  24745 23355      787.1222    56      889.4353      780.3504   493115   12.26%            x4_6 U  24745    639     18
Elapsed time = 95.79 sec. (207593.28 ticks, tree = 44.84 MB, solutions = 2)
  25138 23733      817.5724    95      889.4353      780.4007   499834   12.26%           x6_22 D  25138  25137     52
  25404 23987      862.3665    50      889.4353      780.4825   507419   12.25%          x14_36 D  25404  25403    130
  25730 24295      803.3480    31      889.4353      780.5690   514508   12.24%            x2_4 D  25730  25729     19
  26054 24605      786.3902    86      889.4353      780.6307   520803   12.23%           x7_19 U  26054  26053     12
  26363 24896      818.7167    79      889.4353      780.6699   527156   12.23%          x19_34 D  26363  26362    107
  26719 25241      822.1856    58      889.4353      780.6880   533114   12.23%          x18_30 D  26719  26718     89
  27043 25547      806.2870    52      889.4353      780.7503   540483   12.22%          x22_27 D  27043  27042     22
  27268 25755      789.9616    45      889.4353      780.8144   547599   12.21%           x2_22 D  27268  27267     32
  27589 26062      886.5805    55      889.4353      780.9625   554795   12.20%           x2_36 D  27589  27588     50
  27802 26261      849.6808    67      889.4353      781.0043   560824   12.19%          x19_32 N  27802  27801     49
Elapsed time = 112.37 sec. (245814.01 ticks, tree = 50.00 MB, solutions = 2)
  28060 26505      874.9929    34      889.4353      781.0160   568111   12.19%            x1_2 U  28060  28059     32
  28373 26802      825.9480    86      889.4353      781.0727   575297   12.18%           x3_37 D  28373  28372     70
  28628 27040      792.9074    73      889.4353      781.0978   582557   12.18%          x26_36 D  28628  28627     91
  28947 27346      822.8577    69      889.4353      781.1365   589371   12.18%           x5_25 U  28947  28945     22
  29184 27562      797.5206    95      889.4353      781.1730   596181   12.17%           x3_22 D  29184  29183     26
  29429 27798      832.8777    53      889.4353      781.1913   601997   12.17%          x35_30 D  29429  29427     33
* 29517 14689      integral     0      833.8274      781.2044   604763    6.31%          x14_23 D  29517  29516     56
  29792 14950      791.0757    38      833.8274      781.3037   610895    6.30%          x35_30 D  29792  29789     11
  30007 15130      788.7504    51      833.8274      781.3893   617652    6.29%          x19_31 N  30007  30006     16
  30223 15321      808.4760    53      833.8274      781.4832   623640    6.28%          x31_18 D  30223  30222     24
Elapsed time = 127.62 sec. (281743.90 ticks, tree = 30.44 MB, solutions = 3)
  30491 15568      796.4594   103      833.8274      781.5629   629227    6.27%          x18_22 D  30491  30490     73
  30787 15840      792.1861    76      833.8274      781.6411   635759    6.26%          x19_31 U  30787  30786     11
  31026 16049      787.9800    40      833.8274      781.7361   642127    6.25%          x30_32 D  31026  31025     13
  31245 16241      802.6309    84      833.8274      781.7641   649086    6.24%          x33_19 D  31245  31244     22
  31520 16498      824.3466    48      833.8274      781.7908   654811    6.24%           x17_5 D  31520  31518     19
  31806 16758      823.1512    72      833.8274      781.8456   660925    6.23%          x36_25 D  31806  31804     25
  32014 16940      819.9211    34      833.8274      781.9172   667553    6.23%           x3_26 D  32014  32013     38
  32238 17125      797.1185    78      833.8274      782.1159   674355    6.20%          x17_36 U  32238  28552     16
  32486 17356      820.7526    65      833.8274      782.1680   680523    6.20%          x19_13 D  32486  32485     36
  32681 17525      804.8129    60      833.8274      782.2474   687420    6.19%          x19_31 U  32681  32680     19
Elapsed time = 143.23 sec. (320103.97 ticks, tree = 35.45 MB, solutions = 3)
  32866 17682      805.9847    47      833.8274      782.2654   694255    6.18%            x4_6 U  32866  32863     20
  33098 17891      821.0012    59      833.8274      782.2771   700791    6.18%           x5_21 D  33098  33097     67
  33358 18131      826.7030    64      833.8274      782.2871   707242    6.18%          x21_36 D  33358  33357     67
  33580 18327      799.7383    61      833.8274      782.3240   713189    6.18%          x13_32 D  33580  33579     20
  33825 18546      791.8785    26      833.8274      782.3850   719276    6.17%           x3_25 N  33825  20080     10
  34000 18691      798.9909    62      833.8274      782.4041   726235    6.17%           x22_4 D  34000  33999     24
  34212 18881      819.0754    30      833.8274      782.4443   733153    6.16%          x22_27 U  34212  34209     20
  34423 19058      790.5692    60      833.8274      782.4722   738934    6.16%           x5_36 D  34423  34422     19
  34658 19273        cutoff            833.8274      782.5060   745534    6.15%          x22_27 N  34658  34656     28
  34890 19490      808.8835   100      833.8274      782.5377   751920    6.15%          x14_19 D  34890  34889     52
Elapsed time = 158.98 sec. (358514.96 ticks, tree = 39.85 MB, solutions = 3)
  35085 19659      824.0579    74      833.8274      782.5851   758120    6.15%          x34_26 D  35085  35084     62
  35307 19851      832.2234    38      833.8274      782.6254   764591    6.14%          x28_22 D  35307  35306     43
  35511 20025        cutoff            833.8274      782.6830   771448    6.13%          x19_14 N  35511  35509     25
  35744 20228      795.4315    69      833.8274      782.6901   777796    6.13%           x3_36 D  35744  35743     20
  35951 20415      801.7555    51      833.8274      782.7415   784389    6.13%          x34_32 D  35951  35950     20
  36180 20628      828.6838    83      833.8274      782.7580   789783    6.12%          x32_11 N  36180  36179     71
  36412 20827      802.6434    58      833.8274      782.8064   795965    6.12%          x17_36 D  36412  36411     27
  36650 21044      813.7872    53      833.8274      782.8321   801910    6.12%           x7_26 D  36650  36649     55
  36846 21218      823.1679    57      833.8274      782.8577   808269    6.11%          x19_14 N  36846  36845     30
  37102 21446      790.1350    29      833.8274      782.9023   814309    6.11%           x7_30 U  37102   9251     10
Elapsed time = 174.36 sec. (396860.64 ticks, tree = 43.72 MB, solutions = 3)
  37330 21648      806.3658    80      833.8274      782.9138   820543    6.11%          x34_26 D  37330  37329     61
  37520 21815      827.8458    77      833.8274      782.9681   826856    6.10%          x19_26 D  37520  37519     35
  37719 21978      803.5594    75      833.8274      783.0314   833216    6.09%            x3_4 D  37719  37718     53
  37933 22172      801.3069    65      833.8274      783.0654   839742    6.09%          x26_22 D  37933  37932     68
  38178 22401      805.4541    57      833.8274      783.1149   845838    6.08%          x31_18 D  38178  38177     27
  38437 22649      808.8540    86      833.8274      783.1355   851630    6.08%          x18_25 D  38437  38436     91
  38667 22836      818.2636    34      833.8274      783.1704   857979    6.08%           x2_25 D  38667  38665     30
  38896 23027      807.4906    68      833.8274      783.2234   864346    6.07%          x32_33 U  38896  38895     27
  39073 23175      803.6894    45      833.8274      783.2717   871406    6.06%          x17_25 D  39073  39072     37
  39304 23382        cutoff            833.8274      783.2981   877731    6.06%            x6_5 U  39304  39302     59
Elapsed time = 190.04 sec. (435128.58 ticks, tree = 47.26 MB, solutions = 3)
  39520 23567      820.1707    65      833.8274      783.3328   884328    6.06%           x7_21 N  39520  39517     12
  39710 23732      826.1469    62      833.8274      783.4207   891168    6.05%          x13_32 D  39710  39708     37
  39940 23933      817.7242    67      833.8274      783.4887   897077    6.04%           x3_25 D  39940  39939     32
  40163 24130      795.9985    51      833.8274      783.5313   903231    6.03%           x7_19 U  40163  40162     31
* 40353 21245      integral     0      826.9522      783.5469   907570    5.25%
  40394 21278      808.1349    73      826.9522      783.5493   908898    5.25%          x17_26 D  40394  40393     31
  40601 21455      807.3511    41      826.9522      783.6394   915354    5.24%          x17_25 N  40601  36760     13
  40791 21614      807.6060    57      826.9522      783.6647   921002    5.23%          x17_25 U  40791  40789     15
  40996 21791      791.8393    51      826.9522      783.7247   927537    5.23%           x7_19 D  40996  26643     14
  41210 21981      803.5256    93      826.9522      783.7393   934167    5.23%          x31_22 D  41210  41209     55
  41416 22155      812.4519    64      826.9522      783.7866   940868    5.22%          x17_26 U  41416  34807     28
Elapsed time = 205.56 sec. (473606.76 ticks, tree = 44.23 MB, solutions = 4)
  41628 22332      817.2560    31      826.9522      783.8293   947070    5.21%          x22_27 D  41628  41627     20
* 41745 20866      integral     0      823.9441      783.8518   950424    4.87%
  41808 20911      814.9216    67      823.9441      783.8948   953133    4.86%          x26_19 D  41808  41807     36
  41979 21045      800.9458    47      823.9441      783.9467   959818    4.85%           x7_19 N  41979  41977     14
  42166 21186      801.5380    59      823.9441      784.0190   966293    4.85%          x34_33 D  42166  42165     22
  42388 21374      813.7080    48      823.9441      784.0392   972129    4.84%           x7_19 D  42388  42386     12
  42593 21547      803.9737    27      823.9441      784.0588   978205    4.84%          x36_25 D  42593  42592     31
  42809 21733      804.8943    41      823.9441      784.0923   984131    4.84%            x5_4 D  42809  42808     19
  42999 21884      793.7058    36      823.9441      784.1937   990472    4.82%           x27_7 D  42999    512     16
  43175 22024      801.9896    77      823.9441      784.2093   997028    4.82%          x19_27 D  43175  43174     22
  43299 22125      798.7934    34      823.9441      784.2425  1002288    4.82%          x28_36 N  43299  43298     28
Elapsed time = 220.65 sec. (511849.59 ticks, tree = 43.87 MB, solutions = 5)
  43508 22302      804.2404    48      823.9441      784.3058  1008419    4.81%          x21_22 D  43508  43507     22
  43715 22479      797.8263    39      823.9441      784.3558  1014155    4.80%           x17_4 U  43715  43713     10
  43934 22652      799.1766    39      823.9441      784.4030  1020304    4.80%          x19_18 D  43934  43933     22
  44132 22819      819.9314    59      823.9441      784.4516  1025935    4.79%          x22_27 U  44132  44130     30
  44360 23022      793.1301    25      823.9441      784.4891  1031889    4.79%            x6_5 D  44360  44359     19
  44599 23232      808.2314    52      823.9441      784.5275  1037996    4.78%           x7_19 U  44599  44598     31
  44790 23394      807.3941    30      823.9441      784.5670  1044166    4.78%           x3_22 D  44790  44789     33
  44991 23561      798.0077    36      823.9441      784.5970  1050525    4.78%          x26_25 U  44991  44989     13
  45190 23720        cutoff            823.9441      784.6126  1057121    4.77%           x7_32 D  45190  45189     36
  45367 23855      805.3365    68      823.9441      784.6662  1064354    4.77%          x30_37 U  45367  45366     28
Elapsed time = 235.78 sec. (550120.47 ticks, tree = 46.65 MB, solutions = 5)
  45560 24011      813.4311    69      823.9441      784.6874  1070536    4.76%           x27_7 U  45560  45559     35
  45770 24191      809.6775    79      823.9441      784.7077  1076702    4.76%          x14_19 D  45770  45769     48
  45970 24353      800.3653    78      823.9441      784.7484  1082952    4.76%           x7_31 N  45970  45969     21
  46176 24528      811.9742    66      823.9441      784.8226  1088981    4.75%          x34_33 D  46176  46174     26
  46378 24688      818.6397    48      823.9441      784.8417  1094780    4.75%           x5_25 D  46378  46376     42
  46601 24881        cutoff            823.9441      784.8614  1100882    4.74%          x30_32 U  46601  46598     22
  46807 25054        cutoff            823.9441      784.9144  1107125    4.74%            x4_6 U  46807  46805     33
  47032 25249        cutoff            823.9441      784.9587  1113502    4.73%           x27_7 D  47032  47030     15
  47244 25431      820.8686    52      823.9441      785.0047  1119343    4.73%           x5_22 N  47244  47243     32
  47437 25588        cutoff            823.9441      785.0582  1125339    4.72%            x4_3 D  47437  47435     25
Elapsed time = 250.53 sec. (588432.58 ticks, tree = 49.46 MB, solutions = 5)
  47618 25737        cutoff            823.9441      785.1252  1131347    4.71%          x36_27 D  47618  47617     24
  47823 25912      813.2264    69      823.9441      785.1508  1137495    4.71%          x17_22 D  47823  47822     27
  48021 26066      811.8216    27      823.9441      785.1776  1143675    4.70%           x3_36 D  48021  48020     25
  48243 26254      823.4239    28      823.9441      785.2441  1149341    4.70%          x30_34 D  48243  48242     43
  48430 26407      810.4002    58      823.9441      785.2632  1156195    4.69%           x25_4 D  48430  48429     30
  48643 26583      804.6457    74      823.9441      785.2944  1162466    4.69%          x35_30 U  48643  48642     14
  48865 26770      798.2160    59      823.9441      785.3282  1168884    4.69%           x7_19 D  48865  48864     15
  49098 26972      817.3686    26      823.9441      785.3487  1174390    4.68%           x6_25 N  49098  36764     17
  49290 27132      801.5177    94      823.9441      785.3779  1180508    4.68%           x5_21 D  49290  49289     51
  49490 27293      823.0994    70      823.9441      785.4090  1187069    4.68%           x7_31 U  49490  49488     13
Elapsed time = 265.61 sec. (626849.19 ticks, tree = 52.16 MB, solutions = 5)
  49685 27460      806.2850    64      823.9441      785.4401  1193444    4.67%          x19_18 D  49685  49684     32
  49890 27625      805.5018    69      823.9441      785.4904  1199532    4.67%            x5_4 D  49890  49889     30
  50083 27784      808.1573    47      823.9441      785.5261  1205675    4.66%           x7_31 U  50083  50080     23
  50315 27968      815.4805    28      823.9441      785.5603  1211050    4.66%          x17_26 D  50315  50314     29
  50499 28114      788.0360    83      823.9441      785.5998  1217952    4.65%          x19_31 D  50499  32588     18
  50700 28279      808.5836    57      823.9441      785.6151  1224195    4.65%           x7_19 U  50700  50699     24
  50890 28433      820.7671    28      823.9441      785.6379  1229813    4.65%           x3_26 D  50890  50889     25
  51083 28601      803.7654    46      823.9441      785.6520  1235937    4.65%            x3_4 D  51083  51082     17
  51250 28723      811.6753    63      823.9441      785.6956  1242260    4.64%          x33_35 U  51250  51249     33
  51457 28892      820.1936    40      823.9441      785.7182  1248180    4.64%           x5_22 D  51457  51456     51
Elapsed time = 280.65 sec. (665213.09 ticks, tree = 55.25 MB, solutions = 5)
  51634 29030      822.3078    43      823.9441      785.7367  1254643    4.64%            x4_3 D  51634  51633     49
  51827 29184      803.2746    88      823.9441      785.7728  1260563    4.63%          x18_32 D  51827  51825     26
  52021 29346      818.8361    43      823.9441      785.8103  1266261    4.63%           x22_4 D  52021  52020     48
  52231 29515      796.3510    56      823.9441      785.8350  1271893    4.63%           x7_19 N  52231  21423      8
  52418 29669      820.8237    42      823.9441      785.8539  1278311    4.62%           x3_22 N  52418  52417     25
  52614 29829      790.1676    49      823.9441      785.8840  1284295    4.62%           x5_26 D  52614  52613     29
  52815 29998      807.3264    74      823.9441      785.8997  1290986    4.62%          x18_34 N  52815  12583      9
  53000 30151      815.1685    45      823.9441      785.9146  1297642    4.62%            x6_5 U  53000  52999     23
  53198 30323      800.2090    37      823.9441      785.9335  1302430    4.61%           x17_3 N  53198  53197     18
  53375 30465      798.1791    76      823.9441      785.9643  1308416    4.61%           x27_7 N  53375  35368     24
Elapsed time = 295.52 sec. (703566.68 ticks, tree = 58.39 MB, solutions = 5)
  53544 30601        cutoff            823.9441      785.9846  1314510    4.61%          x30_21 U  53544  53542     44
  53761 30795      811.5835    38      823.9441      786.0002  1319904    4.61%          x33_32 U  53761  53760     41
  53945 30940      817.3458    50      823.9441      786.0168  1326271    4.60%           x3_36 D  53945  53944     32
  54135 31096      805.6507    44      823.9441      786.0614  1332477    4.60%           x7_31 U  54135  52191      7
  54317 31244      795.6143    32      823.9441      786.0946  1338678    4.59%            x2_4 D  54317  54316     17
  54490 31391      798.0000    39      823.9441      786.1120  1344561    4.59%           x7_19 D  54490  54489     21
  54693 31555      812.9568    79      823.9441      786.1506  1350747    4.59%           x3_30 D  54693  54692     30
  54877 31708      808.2299    94      823.9441      786.1642  1356726    4.59%          x35_22 D  54877  54876     32
  55050 31847      802.2233    55      823.9441      786.2028  1363139    4.58%           x3_25 D  55050  55049     24
  55221 31988      816.5180    83      823.9441      786.2228  1369184    4.58%          x35_30 D  55221  55220     23
Elapsed time = 310.50 sec. (741829.18 ticks, tree = 60.82 MB, solutions = 5)
  55406 32131      820.5036    81      823.9441      786.2554  1374854    4.57%          x24_22 D  55406  55404     41
  55600 32283      805.4368    51      823.9441      786.2913  1380966    4.57%          x10_19 D  55600  55599     41
  55779 32426      819.8693    68      823.9441      786.3126  1387416    4.57%          x22_27 N  55779  55777     28
  55970 32578      799.9851    24      823.9441      786.3384  1393520    4.56%          x17_36 U  55970  26905     19
  56132 32697      804.0749    85      823.9441      786.3668  1400194    4.56%            x4_6 D  56132  56131     23
  56322 32849      798.0111    52      823.9441      786.3792  1406090    4.56%          x19_18 D  56322  56321     26
  56507 33008      789.0267    26      823.9441      786.3950  1411885    4.56%            x6_5 D  56507  56506     17
  56690 33162      817.2955    58      823.9441      786.4277  1418366    4.55%           x36_4 D  56690  56689     44
  56851 33277      797.7781    64      823.9441      786.4528  1424800    4.55%          x35_30 N  56851  56850     13
  57027 33411      810.0679    40      823.9441      786.4918  1431196    4.55%          x18_32 U  57027  44931     18
Elapsed time = 325.50 sec. (780195.75 ticks, tree = 64.49 MB, solutions = 5)
  57200 33544      797.4152    47      823.9441      786.5122  1437609    4.54%           x7_30 N  57200  57199     17
  57392 33708      796.1012    91      823.9441      786.5247  1443669    4.54%          x18_32 D  57392  57391     37
  57570 33842      797.9216    38      823.9441      786.5606  1450192    4.54%           x7_19 U  57570  57569     26
  57750 33985      791.2669    67      823.9441      786.5846  1456419    4.53%          x19_18 D  57750  57749     20
  57936 34127      820.1023    32      823.9441      786.6145  1462425    4.53%           x7_30 N  57936  57935     32
  58107 34256      815.1683    28      823.9441      786.6290  1469335    4.53%          x26_36 D  58107  58106     33
  58298 34404      814.2911    56      823.9441      786.6473  1475274    4.53%           x27_7 U  58298  58296     24
  58494 34548      803.9453    43      823.9441      786.6782  1480500    4.52%            x6_5 D  58494  58493     22
  58662 34679      791.3945    32      823.9441      786.7092  1485572    4.52%            x2_5 N  58662   7227     23
  58856 34831      801.7269    67      823.9441      786.7272  1492013    4.52%           x7_19 U  58856  58855     21
Elapsed time = 340.35 sec. (818610.95 ticks, tree = 67.11 MB, solutions = 5)
  59034 34971      807.8635    69      823.9441      786.7528  1497691    4.51%          x17_26 D  59034  59033     41
  59205 35107      817.5859    57      823.9441      786.7912  1503755    4.51%            x5_3 D  59205  59204     47
  59434 35317      813.5242    85      823.9441      786.8126  1509595    4.51%           x6_21 D  59434  59433     49
  59608 35461      819.6040    44      823.9441      786.8520  1516077    4.50%          x26_36 D  59608  59607     69
  59788 35606        cutoff            823.9441      786.8733  1522603    4.50%          x24_31 U  59788   3479     15
  59960 35743      801.9472    58      823.9441      786.9026  1528897    4.50%          x31_18 D  59960  59959     23
  60123 35875      798.6406    54      823.9441      786.9151  1535062    4.49%          x17_25 D  60123  60121     22
  60311 36030        cutoff            823.9441      786.9226  1541036    4.49%           x17_3 U  60311  60309     44
  60457 36127      820.5983    36      823.9441      786.9553  1547067    4.49%           x7_27 U  60457  60455     17
  60628 36255      798.2032    40      823.9441      786.9742  1553306    4.49%           x7_30 N  60628  18255     17
Elapsed time = 355.51 sec. (856934.81 ticks, tree = 69.49 MB, solutions = 5)
  60844 36443      816.0003    39      823.9441      787.0023  1558653    4.48%          x24_35 U  60844  60843     64
  61008 36563      811.0327    69      823.9441      787.0293  1564794    4.48%          x34_30 D  61008  61007     33
  61177 36691      809.2695    61      823.9441      787.0583  1571130    4.48%           x5_36 N  61177  61176     21
  61349 36829      797.2980    91      823.9441      787.0694  1577322    4.48%          x19_34 U  61349  61347     13
  61513 36951      800.3807    74      823.9441      787.0997  1583865    4.47%            x5_3 D  61513  61512     37
  61672 37081      819.4158    66      823.9441      787.1125  1590670    4.47%          x21_36 N  61672  61671     23
  61825 37184        cutoff            823.9441      787.1313  1596849    4.47%          x14_19 U  61825  30991     19
  62011 37334      803.9589    58      823.9441      787.1660  1602977    4.46%          x36_27 N  62011  22228     21
  62200 37494      806.9189    66      823.9441      787.1874  1608806    4.46%          x14_19 D  62200  62199     24
  62396 37647      808.9547    38      823.9441      787.2041  1614491    4.46%          x22_27 U  62396  62393     14
Elapsed time = 370.65 sec. (895225.65 ticks, tree = 71.84 MB, solutions = 5)
  62540 37739      811.3420    28      823.9441      787.2329  1621308    4.46%          x17_26 U  62540  42858     23
  62718 37869      822.8063    32      823.9441      787.2614  1627157    4.45%           x3_36 D  62718  62717     57
  62876 37993      817.1588    79      823.9441      787.2799  1633142    4.45%            x4_6 D  62876  62875     40
  63038 38115      803.7398    50      823.9441      787.3198  1639205    4.44%          x16_32 D  63038  63037     29
  63200 38249      818.9011    91      823.9441      787.3339  1645234    4.44%          x16_19 D  63200  63199     44
  63371 38372      816.3823    39      823.9441      787.3513  1651481    4.44%           x22_4 D  63371  63370     48
  63547 38520      812.0687    26      823.9441      787.3699  1657457    4.44%           x3_25 U  63547  63544     18
  63730 38671      819.1195    45      823.9441      787.3843  1663452    4.44%          x35_32 U  63730  63729     53
  63899 38792      804.7612    81      823.9441      787.4101  1669510    4.43%          x19_31 D  63899  11295     14
  64044 38906      810.3711    37      823.9441      787.4317  1675809    4.43%          x17_26 D  64044  64043     30
Elapsed time = 385.81 sec. (933686.59 ticks, tree = 74.54 MB, solutions = 5)
  64172 38996      819.0131    85      823.9441      787.4480  1681336    4.43%          x19_26 N  64172  64171     20
  64349 39133      808.4939    39      823.9441      787.4742  1687103    4.43%            x3_4 U  64349  64348     31
  64522 39254      809.2176    45      823.9441      787.4989  1693323    4.42%            x4_6 D  64522  64521     23
  64706 39398      809.6415    88      823.9441      787.5263  1699400    4.42%           x6_36 D  64706  64705     36
  64863 39506      795.2433    42      823.9441      787.5642  1705559    4.42%            x4_6 D  64863  64862     18
  65046 39652      796.6573    34      823.9441      787.5910  1711594    4.41%          x17_36 D  65046  65045     18
  65207 39783      820.7440    34      823.9441      787.6171  1717600    4.41%          x28_17 N  65207  65206     33
  65402 39931      797.2488    34      823.9441      787.6327  1722888    4.41%           x27_7 U  65402  65401     18
  65576 40066      807.2860    57      823.9441      787.6452  1729189    4.41%           x5_25 D  65576  65575     34
  65726 40177      796.8211    39      823.9441      787.6596  1735752    4.40%          x19_31 U  65726  65725     39
Elapsed time = 400.58 sec. (971938.85 ticks, tree = 76.66 MB, solutions = 5)
  65884 40304      814.7948    50      823.9441      787.6844  1742193    4.40%           x3_25 N  65884  65881     32
  66066 40452        cutoff            823.9441      787.7063  1748234    4.40%           x3_22 U  66066  66064     29
  66244 40594      800.8720    24      823.9441      787.7218  1754017    4.40%          x21_36 D  66244  66243     28
  66423 40745      821.6388    62      823.9441      787.7331  1760023    4.39%          x13_32 D  66423  66422     26
  66600 40873      815.2645    26      823.9441      787.7575  1765997    4.39%          x25_22 D  66600  66599     38
  66801 41038      810.8079    30      823.9441      787.7925  1771526    4.39%          x35_20 U  66801  66800     26
  66993 41190      819.4559    59      823.9441      787.8181  1777445    4.38%          x17_25 U  66993  66990     25
  67184 41345      815.1906    49      823.9441      787.8480  1783111    4.38%          x14_19 D  67184  67183     57
  67392 41520      812.3066    54      823.9441      787.8716  1788626    4.38%            x3_4 D  67392  67390     20
  67566 41659      815.1538    61      823.9441      787.8847  1794050    4.38%          x32_33 U  67566  67565     23
Elapsed time = 415.14 sec. (1010245.26 ticks, tree = 79.15 MB, solutions = 5)
  67729 41786      808.3068    53      823.9441      787.9017  1799626    4.37%            x4_6 D  67729  67728     33
  67931 41956        cutoff            823.9441      787.9142  1804761    4.37%          x34_19 N  67931  67930     43
  68080 42072      821.0133    27      823.9441      787.9390  1811013    4.37%            x5_3 U  68080  68078     38
  68238 42191      792.5444    57      823.9441      787.9591  1817160    4.37%           x17_4 U  68238  37682     17
  68400 42309      821.9241    20      823.9441      787.9767  1822982    4.37%          x10_11 D  68400  68399     47
  68562 42435        cutoff            823.9441      787.9999  1828850    4.36%          x19_30 U  68562  68560     42
  68770 42613      818.2395    65      823.9441      788.0193  1834127    4.36%           x5_26 D  68770  68769     57
  68944 42745      818.1630    68      823.9441      788.0465  1840592    4.36%           x17_5 N  68944  68942     25
  69109 42873      812.1170    58      823.9441      788.0591  1846541    4.36%          x35_30 U  69109  69108     17
  69300 43018      819.3983    65      823.9441      788.0777  1851821    4.35%           x6_36 D  69300  69299     32
Elapsed time = 429.98 sec. (1048747.87 ticks, tree = 81.44 MB, solutions = 5)
  69498 43187      801.7503    40      823.9441      788.0992  1857291    4.35%          x18_32 D  69498  69497     27
  69659 43307        cutoff            823.9441      788.1113  1863929    4.35%          x23_19 U  69659  69657     44
  69833 43433      798.9108    72      823.9441      788.1402  1870015    4.35%          x30_32 U  69833  69831     15
  70000 43556      812.8847    36      823.9441      788.1608  1876234    4.34%           x3_36 D  70000  69999     22
  70175 43690      806.3457    48      823.9441      788.1929  1882272    4.34%            x6_5 D  70175  70174     24
  70339 43819      804.6651    26      823.9441      788.2026  1888127    4.34%          x17_25 U  70339  40287     20
  70470 43908      817.8657    16      823.9441      788.2117  1894166    4.34%           x7_22 N  70470  70469     28
  70610 44005      812.3985    26      823.9441      788.2400  1900295    4.33%          x34_32 D  70610  70609     30
  70789 44149      815.1814    61      823.9441      788.2637  1906596    4.33%          x31_18 N  70789  14227     20
  70991 44321      811.8013    54      823.9441      788.2763  1911407    4.33%          x25_27 N  70991  70989     24
Elapsed time = 445.04 sec. (1087325.30 ticks, tree = 83.68 MB, solutions = 5)
  71156 44453      822.6180    77      823.9441      788.2835  1917200    4.33%            x2_4 N  71156  71154     33
  71324 44584      804.8934    48      823.9441      788.3053  1922692    4.33%           x7_19 D  71324  71323     24
  71470 44683      803.3209    49      823.9441      788.3183  1929118    4.32%           x7_36 D  71470  71469     27
  71653 44835      812.8591    70      823.9441      788.3320  1935010    4.32%          x32_33 U  71653  71651     32
  71789 44923      796.6488   105      823.9441      788.3573  1941309    4.32%          x32_33 D  71789  71787     20
  71944 45045      822.8786    54      823.9441      788.3765  1947333    4.32%          x36_25 D  71944  71943     32
  72101 45163      804.8340    77      823.9441      788.3966  1953354    4.31%           x7_19 N  72101   8039     17
  72277 45305      821.2780    84      823.9441      788.4010  1958644    4.31%          x35_22 D  72277  72276     48
  72480 45464      819.8795    57      823.9441      788.4092  1963831    4.31%          x19_22 D  72480  72479     47
  72640 45570      802.3048    50      823.9441      788.4319  1969716    4.31%           x7_19 U  72640  72639     30
Elapsed time = 460.02 sec. (1125811.50 ticks, tree = 86.16 MB, solutions = 5)
  72784 45677      814.5947    72      823.9441      788.4384  1975119    4.31%           x27_7 U  72784  72783     30
  72928 45782      812.8705    58      823.9441      788.4556  1980765    4.31%           x27_7 D  72928  72925     18
  73071 45877        cutoff            823.9441      788.4756  1987011    4.30%          x16_35 U  73071    792     28
  73252 46028      803.2478    64      823.9441      788.4954  1991877    4.30%          x30_32 U  73252  73250     20
  73415 46154      795.4456    66      823.9441      788.5067  1997594    4.30%          x35_30 U  73415  55794     16
  73560 46256      812.3903    34      823.9441      788.5243  2003795    4.30%          x21_36 D  73560  73559     15
  73722 46385      821.3529    90      823.9441      788.5348  2009890    4.30%            x5_4 D  73722  73721     28
  73935 46556      819.7442    47      823.9441      788.5566  2015021    4.29%          x33_32 U  73935  73934     31
  74089 46667        cutoff            823.9441      788.5708  2020753    4.29%          x17_25 U  74089  74086     22
  74250 46792      808.0329    43      823.9441      788.5881  2026954    4.29%            x3_4 D  74250  74249     22
Elapsed time = 474.78 sec. (1164201.47 ticks, tree = 88.29 MB, solutions = 5)
  74446 46962      799.3179    60      823.9441      788.6064  2031851    4.29%           x17_3 D  74446  74445     35
  74608 47076      801.4973    43      823.9441      788.6175  2037518    4.29%          x18_32 D  74608  74607     15
  74764 47187      793.5376    26      823.9441      788.6524  2043633    4.28%            x6_5 N  74764  41381     11
  74910 47300      806.9173    46      823.9441      788.6642  2049552    4.28%            x2_4 D  74910  74908     20
  75087 47436        cutoff            823.9441      788.6785  2055488    4.28%          x19_30 D  75087  75086     23
  75249 47554      816.1025    60      823.9441      788.7022  2060900    4.28%           x17_5 D  75249  75248     26
  75421 47692      816.4280    37      823.9441      788.7260  2066866    4.27%          x21_22 D  75421  75420     31
  75586 47809      809.8118    71      823.9441      788.7527  2072765    4.27%           x27_7 U  75586  75585     35
  75756 47940      797.4615    49      823.9441      788.7660  2078930    4.27%           x5_36 N  75756  25668     22
  75912 48046      819.8756    58      823.9441      788.7856  2084755    4.27%          x17_26 D  75912  75911     51
Elapsed time = 489.52 sec. (1202522.40 ticks, tree = 90.41 MB, solutions = 5)
  76070 48168      820.7289    85      823.9441      788.7961  2090670    4.27%          x31_22 D  76070  76069     30
  76226 48274        cutoff            823.9441      788.8257  2096608    4.26%           x5_36 U  76226  76224     45
  76363 48373      818.5997    40      823.9441      788.8458  2103280    4.26%          x22_30 U  76363  53796     20
  76501 48482      817.1408    57      823.9441      788.8669  2108665    4.26%          x36_27 D  76501  76500     39
  76634 48567        cutoff            823.9441      788.8822  2115299    4.26%          x36_27 D  76634  76632     35
  76820 48713      807.8631    62      823.9441      788.8936  2120752    4.25%           x2_25 D  76820  76819     28
  76984 48822      811.7830    87      823.9441      788.9113  2126846    4.25%          x31_18 D  76984  76982     24
  77127 48915      816.9869    36      823.9441      788.9213  2132606    4.25%          x34_33 U  77127  77126     29
  77287 49026        cutoff            823.9441      788.9334  2138472    4.25%          x36_30 U  77287  30561     14
  77435 49132        cutoff            823.9441      788.9443  2144463    4.25%          x18_22 D  77435  77434     71
Elapsed time = 504.53 sec. (1240946.08 ticks, tree = 92.32 MB, solutions = 5)
  77580 49220      811.2866    46      823.9441      788.9540  2150182    4.25%            x6_5 U  77580  77578     29
  77766 49364      817.3374    59      823.9441      788.9744  2155642    4.24%           x3_26 D  77766  77765     45
  77961 49530      816.3282    61      823.9441      788.9813  2160944    4.24%           x19_9 D  77961  77960     73
  78123 49634        cutoff            823.9441      788.9907  2166542    4.24%          x35_32 D  78123  78121     37
* 78200+46210                          821.1794      788.9983             3.92%
  78274 46267      810.7258    45      821.1794      789.0046  2172728    3.92%           x5_25 N  78274  78272     32
  78435 46387      805.2491    62      821.1794      789.0165  2178554    3.92%           x7_19 D  78435  78434     20
  78573 46469      815.1723    59      821.1794      789.0349  2185196    3.91%           x2_25 D  78573  78572     24
  78726 46572      801.8611    85      821.1794      789.0547  2191384    3.91%            x2_4 D  78726  78725     18
  78882 46681      811.1509    73      821.1794      789.0802  2197440    3.91%           x27_7 N  78882  27397     11
  79033 46788      810.1151    69      821.1794      789.0936  2202911    3.91%          x27_19 D  79033  79032     14
Elapsed time = 519.60 sec. (1280075.91 ticks, tree = 87.88 MB, solutions = 6)
  79180 46880      820.0084    32      821.1794      789.1102  2209199    3.91%          x29_36 N  79180  79178     29
  79330 46985      815.0118    56      821.1794      789.1427  2214612    3.90%          x18_32 U  79330    796     32
  79500 47096      795.2412    62      821.1794      789.1628  2220450    3.90%          x17_36 D  79500  79499     17
  79665 47216      809.1036    72      821.1794      789.1793  2226313    3.90%          x21_22 D  79665  79664     18
  79843 47351      805.8606    58      821.1794      789.1947  2231859    3.89%          x31_35 D  79843  79842     20
  79979 47441      810.5298    83      821.1794      789.2094  2237961    3.89%          x17_22 D  79979  79978     31
  80147 47572      816.1473    75      821.1794      789.2150  2243552    3.89%            x2_4 U  80147  80146     27
  80333 47707      819.7031    50      821.1794      789.2291  2249034    3.89%           x17_5 U  80333  80331     23
  80508 47838      799.5401    28      821.1794      789.2509  2254513    3.89%           x7_31 D  80508  80507     21
  80672 47960      812.7470    34      821.1794      789.2746  2260434    3.89%           x27_7 U  80672  80671     29
Elapsed time = 534.35 sec. (1318447.04 ticks, tree = 89.85 MB, solutions = 6)
  80825 48067      817.4684    95      821.1794      789.2975  2266175    3.88%          x31_22 D  80825  80824     42
  80990 48179        cutoff            821.1794      789.3068  2271945    3.88%          x12_14 U  80990  80989     53
  81162 48307      807.6260    40      821.1794      789.3290  2277684    3.88%           x6_36 D  81162  81161     31
  81300 48390        cutoff            821.1794      789.3517  2283540    3.88%          x35_30 D  81300  81298     19
  81479 48533      796.7028    82      821.1794      789.3609  2288816    3.87%          x31_34 D  81479  81478     19
  81632 48646      801.7593    48      821.1794      789.3761  2294381    3.87%          x32_33 D  81632  81631     24
  81782 48758      803.5629    30      821.1794      789.3960  2300304    3.87%           x5_25 U  81782  30255     17
  81929 48850      798.7096    24      821.1794      789.4267  2306725    3.87%          x32_35 N  81929  11153     10
  82067 48944      815.1533    26      821.1794      789.4484  2312643    3.86%          x35_30 U  82067  82065     13
  82210 49034      795.8499    62      821.1794      789.4634  2319134    3.86%           x7_31 U  82210  39990     13
Elapsed time = 549.33 sec. (1356862.07 ticks, tree = 91.60 MB, solutions = 6)
  82379 49151      807.4270    42      821.1794      789.4826  2324763    3.86%           x27_7 D  82379  82376     30
  82516 49243      812.2441   108      821.1794      789.5030  2330362    3.86%          x31_22 N  82516  82515     43
  82667 49337      808.2701    57      821.1794      789.5157  2336271    3.86%          x30_32 N  82667  34529     12
  82813 49426      814.5490    81      821.1794      789.5357  2341753    3.85%           x7_31 U  82813  53545     23
  82963 49527        cutoff            821.1794      789.5511  2347562    3.85%            x4_6 D  82963  82962     25
  83120 49633      802.5529    84      821.1794      789.5673  2352813    3.85%            x6_5 D  83120  83119     19
  83285 49757      810.3562    69      821.1794      789.5768  2358340    3.85%            x4_6 D  83285  83283     36
  83451 49868      801.2645    49      821.1794      789.5963  2364044    3.85%            x6_5 D  83451  83449     21
  83606 49971      801.1003    55      821.1794      789.6177  2369999    3.84%          x34_28 U  83606    277     21
  83761 50081      809.5830    26      821.1794      789.6408  2375732    3.84%          x25_26 D  83761  83760     27
Elapsed time = 563.86 sec. (1395273.86 ticks, tree = 93.39 MB, solutions = 6)
  83932 50186      807.7765    54      821.1794      789.6558  2381115    3.84%          x19_31 U  83932  83931     18
  84086 50300      820.5013    32      821.1794      789.6673  2387170    3.84%          x17_21 D  84086  84085     44
  84252 50427      810.7589    46      821.1794      789.6773  2392799    3.84%          x17_36 D  84252  84251     28
  84413 50540      795.4035    48      821.1794      789.6890  2398317    3.83%          x21_36 N  84413  35202     16
  84575 50673      816.9710    39      821.1794      789.6982  2403572    3.83%           x6_36 N  84575  84574     49
  84765 50821        cutoff            821.1794      789.7149  2409090    3.83%           x21_5 U  84765  84763     51
  84917 50923      810.5639    57      821.1794      789.7365  2414887    3.83%            x6_5 D  84917  84916     25
  85084 51051      809.9306    48      821.1794      789.7535  2420307    3.83%          x30_32 D  85084  85083     18
  85235 51160      794.7039    69      821.1794      789.7658  2426082    3.83%          x31_33 D  85235  85234     35
  85400 51282      810.7648    34      821.1794      789.7829  2431663    3.82%           x3_22 N  85400  30436     19
Elapsed time = 578.35 sec. (1433474.07 ticks, tree = 95.52 MB, solutions = 6)
  85575 51426      820.6289    77      821.1794      789.7947  2437553    3.82%           x7_27 U  85575  85572     21
  85745 51554        cutoff            821.1794      789.8049  2442723    3.82%          x36_25 U  85745  85743     36
  85924 51692      796.0694    47      821.1794      789.8138  2448021    3.82%           x2_25 D  85924  85923     16
  86081 51811      794.7954    60      821.1794      789.8254  2453715    3.82%            x3_4 D  86081  86080     24
  86236 51929      807.9917    49      821.1794      789.8597  2459730    3.81%           x27_7 U  86236  86235     16
  86402 52054      800.0499    41      821.1794      789.8733  2465584    3.81%           x2_25 D  86402  86401     21
  86560 52171      818.6421    34      821.1794      789.8930  2471130    3.81%          x17_25 D  86560  86559     42
  86731 52287      801.1236    68      821.1794      789.9031  2476069    3.81%          x18_32 N  86731  86730     32
  86862 52371      804.0435    82      821.1794      789.9111  2482512    3.81%            x2_4 D  86862  86860     21
  87023 52503      791.7770    33      821.1794      789.9246  2487990    3.81%          x32_35 N  87023  16082     17
Elapsed time = 593.07 sec. (1471713.25 ticks, tree = 97.64 MB, solutions = 6)
  87172 52609        cutoff            821.1794      789.9316  2493966    3.81%          x33_35 U  87172  87169     44
  87347 52735      818.7855    22      821.1794      789.9421  2499310    3.80%          x12_14 D  87347  87346     24
  87502 52859      799.2866    36      821.1794      789.9549  2505133    3.80%           x7_19 N  87502  22287     10
  87662 52971      801.5222    69      821.1794      789.9695  2511039    3.80%          x32_35 U  87662  87661     19
  87818 53086      804.8600    61      821.1794      789.9803  2517093    3.80%          x18_32 D  87818  87817     20
  87980 53206      806.7534    80      821.1794      790.0038  2522702    3.80%          x35_33 U  87980   3494     30
  88130 53301        cutoff            821.1794      790.0269  2528742    3.79%          x16_32 D  88130  88129     26
  88297 53416      798.2966    46      821.1794      790.0408  2534297    3.79%           x27_7 D  88297  41723     32
  88458 53522      808.7083    67      821.1794      790.0590  2540103    3.79%          x34_30 D  88458  88457     26
  88615 53630      805.7993    52      821.1794      790.0825  2546012    3.79%           x7_36 D  88615  88614     33
Elapsed time = 607.90 sec. (1510019.49 ticks, tree = 99.47 MB, solutions = 6)
  88776 53758      808.6955    38      821.1794      790.0915  2551547    3.79%            x4_6 D  88776  88775     46
  88919 53837      798.9576    52      821.1794      790.1100  2557588    3.78%            x5_4 D  88919  88918     16
  89049 53911      795.1802    60      821.1794      790.1313  2564005    3.78%            x3_1 N  89049   1446     24
  89216 54026      802.1374    50      821.1794      790.1503  2569043    3.78%          x32_35 N  89216  89215     18
  89354 54120      818.6570    75      821.1794      790.1580  2575450    3.78%           x17_5 U  89354  89351     37
  89519 54237      818.6546    64      821.1794      790.1683  2580877    3.78%          x34_31 N  89519  89517     20
  89688 54357      814.2842    51      821.1794      790.1859  2586295    3.77%           x7_21 D  89688  89686     21
  89864 54490      815.9003    62      821.1794      790.1964  2592101    3.77%           x5_25 D  89864  89863     20
  90020 54602      795.3355    87      821.1794      790.2106  2597527    3.77%            x3_4 D  90020  90019     18
  90200 54757      797.9916    26      821.1794      790.2247  2603000    3.77%           x17_5 U  90200  65127     13
Elapsed time = 622.56 sec. (1548317.80 ticks, tree = 101.42 MB, solutions = 6)
  90356 54860      819.9737    50      821.1794      790.2319  2608657    3.77%            x2_4 D  90356  90355     27
  90503 54969      819.0917    78      821.1794      790.2364  2614427    3.77%          x22_27 D  90503  90501     29
  90651 55059      797.1531    65      821.1794      790.2513  2619874    3.77%          x34_30 N  90651  44613     11
  90797 55164      795.0109    36      821.1794      790.2625  2625877    3.76%           x3_25 U  90797  44137     16
  90924 55243      816.4871    36      821.1794      790.2691  2630936    3.76%           x2_22 D  90924  90923     32
  91075 55353      798.0457    36      821.1794      790.2769  2637025    3.76%           x5_17 U  91075  36856     12
  91214 55446      801.9260    69      821.1794      790.2947  2642947    3.76%           x0_33 D  91214  91213     29
  91406 55600      814.5903    61      821.1794      790.3047  2647910    3.76%          x25_27 D  91406  91404     24
  91557 55695      811.7503    57      821.1794      790.3220  2653765    3.76%          x32_18 D  91557  91556     51
  91706 55794      817.0448    58      821.1794      790.3332  2659437    3.76%           x2_22 N  91706  33214     23
Elapsed time = 637.50 sec. (1586652.53 ticks, tree = 103.27 MB, solutions = 6)
  91866 55903      809.0182    61      821.1794      790.3467  2664980    3.75%          x21_22 D  91866  91865     33
  92029 56021      794.7574    43      821.1794      790.3659  2670331    3.75%          x33_32 N  92029  33923     18
  92172 56110        cutoff            821.1794      790.3886  2676249    3.75%          x21_32 U  92172  92170     29
  92298 56184      809.8053    67      821.1794      790.4096  2682925    3.75%          x26_25 D  92298  92297     44
  92457 56298      815.9468    50      821.1794      790.4255  2688601    3.75%           x3_22 N  92457  92456     29
  92621 56427      818.6944    57      821.1794      790.4378  2693550    3.74%          x19_16 N  92621  92620     47
  92767 56514      816.2138    73      821.1794      790.4486  2699468    3.74%            x3_4 D  92767  92765     29
  92898 56581      811.3591    42      821.1794      790.4625  2705870    3.74%          x35_30 D  92898  92897     20
  93065 56704      814.0963    48      821.1794      790.4695  2711276    3.74%           x2_36 N  93065  93064     29
  93232 56831      811.4779    32      821.1794      790.4785  2716572    3.74%          x17_25 U  93232  14594     18
Elapsed time = 652.23 sec. (1624905.21 ticks, tree = 105.50 MB, solutions = 6)
  93379 56932      813.0015    39      821.1794      790.4934  2722462    3.74%           x3_26 U  93379  18102     25
  93540 57041      806.2513    64      821.1794      790.5031  2727735    3.74%          x34_30 D  93540  93539     18
  93680 57133      814.5497    45      821.1794      790.5248  2733162    3.73%           x7_26 D  93680  93679     44
  93833 57235      796.5051    44      821.1794      790.5344  2738826    3.73%          x17_26 D  93833  93831     19
  93998 57357      805.1842    87      821.1794      790.5429  2743991    3.73%           x17_5 D  93998  93997     28
  94167 57487      814.0189    37      821.1794      790.5534  2749560    3.73%           x7_33 U  94167  94166     30
  94305 57574      819.7913    34      821.1794      790.5692  2755017    3.73%          x17_36 N  94305  94304     41
  94440 57665      813.0350    47      821.1794      790.5765  2761202    3.73%            x6_5 D  94440  94439     25
  94601 57776      804.0075    34      821.1794      790.5897  2766688    3.73%           x17_4 D  94601  94600     14
  94750 57884      817.5780    63      821.1794      790.6010  2772805    3.72%          x17_36 D  94750  94749     17
Elapsed time = 667.07 sec. (1663224.17 ticks, tree = 107.26 MB, solutions = 6)
  94924 58009      804.1955    50      821.1794      790.6202  2777877    3.72%          x19_31 D  94924  56628     19
  95066 58096      808.7772    52      821.1794      790.6331  2783963    3.72%           x7_19 N  95066  95065     20
  95221 58201      820.5332    67      821.1794      790.6428  2789300    3.72%           x2_22 D  95221  95220     41
  95378 58317        cutoff            821.1794      790.6525  2795321    3.72%          x30_37 U  95378  95377     26
  95556 58441      819.2370    62      821.1794      790.6670  2800441    3.72%          x19_30 D  95556  95555     35
  95706 58550      808.9686    70      821.1794      790.6871  2806298    3.71%          x31_18 U  95706  95703     22
  95869 58666      810.4964    48      821.1794      790.6956  2812090    3.71%          x35_30 U  95869  95868     15
  96031 58787      820.3277    41      821.1794      790.7053  2817328    3.71%           x5_26 N  96031  96030     52
  96199 58906      802.4871    42      821.1794      790.7238  2822779    3.71%          x35_32 D  96199  96198     24
  96373 59032      802.4105    85      821.1794      790.7367  2827701    3.71%           x7_19 U  96373  96372     12
Elapsed time = 681.75 sec. (1701553.24 ticks, tree = 109.26 MB, solutions = 6)
  96531 59137        cutoff            821.1794      790.7453  2833234    3.71%            x2_4 U  96531  96528     19
  96673 59238      799.7628    58      821.1794      790.7546  2838995    3.71%            x2_4 D  96673  96672     30
  96830 59362      813.4313    53      821.1794      790.7621  2844343    3.70%          x17_22 D  96830  96829     20
  96975 59452      796.2151    40      821.1794      790.7858  2850066    3.70%            x6_5 N  96975  44537     17
  97116 59550      801.2908    58      821.1794      790.7961  2855992    3.70%           x5_36 U  97116  43455     19
  97260 59651        cutoff            821.1794      790.8118  2861659    3.70%            x4_3 U  97260  97258     27
  97403 59741        cutoff            821.1794      790.8248  2867442    3.70%           x5_25 D  97403  97402     30
  97564 59861      807.3213    39      821.1794      790.8390  2872872    3.69%          x17_26 D  97564  97563     23
  97733 59991      800.9439    43      821.1794      790.8627  2878334    3.69%           x17_5 D  97733  97732     23
  97901 60117        cutoff            821.1794      790.8718  2883703    3.69%          x17_25 U  97901  97898     28
Elapsed time = 696.64 sec. (1739782.60 ticks, tree = 111.22 MB, solutions = 6)
  98052 60226      794.1825    34      821.1794      790.8843  2889080    3.69%            x6_5 D  98052  98051     14
  98205 60341      806.7216    38      821.1794      790.8960  2894921    3.69%          x18_32 D  98205  98204     40
  98355 60447      820.6687    62      821.1794      790.9020  2900791    3.69%          x16_32 N  98355  98353     39
  98510 60555      815.3937    53      821.1794      790.9165  2906137    3.69%            x2_4 D  98510  98508     24
  98669 60674      813.2241    94      821.1794      790.9321  2911608    3.68%          x18_19 D  98669  98668     55
  98861 60832      816.9792    49      821.1794      790.9362  2916454    3.68%          x31_18 D  98861  98860     44
  99012 60936      805.7000    59      821.1794      790.9565  2922206    3.68%          x34_32 D  99012  99011     20
  99180 61068      811.2721    65      821.1794      790.9619  2927362    3.68%           x2_22 D  99180  99179     32
  99330 61180      818.2328    96      821.1794      790.9772  2933305    3.68%          x21_22 D  99330  99329     63
  99460 61259      811.9909    22      821.1794      791.0022  2939195    3.67%            x4_6 D  99460  99459     28
Elapsed time = 711.64 sec. (1778105.49 ticks, tree = 113.36 MB, solutions = 6)
  99600 61359      798.4018    82      821.1794      791.0232  2945110    3.67%           x7_19 D  99600  99599     20
  99795 61520      802.9706    32      821.1794      791.0300  2950064    3.67%           x5_25 N  99795  19211     20
  99956 61637      800.7309    47      821.1794      791.0437  2955630    3.67%          x25_27 D  99956  99955     16
 100100 61733      812.8282    56      821.1794      791.0640  2961507    3.67%           x3_25 D 100100 100099     19
 100267 61853      799.9456    85      821.1794      791.0720  2966901    3.67%          x34_33 D 100267 100266     35
 100419 61963      812.3408    58      821.1794      791.0806  2972749    3.67%          x30_37 U 100419 100418     38
 100579 62060      795.1885    65      821.1794      791.0931  2977840    3.66%           x17_4 N 100579 100578     10
 100748 62194      818.4458    38      821.1794      791.1009  2983321    3.66%          x18_32 N 100748  13941     31
 100895 62282      808.5525    83      821.1794      791.1133  2988949    3.66%           x2_25 D 100895 100894     41
 101061 62410      814.1197    36      821.1794      791.1247  2994064    3.66%          x29_22 D 101061 101060     38
Elapsed time = 726.51 sec. (1816442.38 ticks, tree = 115.75 MB, solutions = 6)
 101210 62512      812.0269    43      821.1794      791.1352  2999700    3.66%          x19_34 U 101210 101208     24
 101356 62616      815.3371    59      821.1794      791.1466  3005829    3.66%           x3_25 U 101356 101353     24
 101494 62712      808.3145    39      821.1794      791.1546  3011529    3.66%          x22_30 D 101494 101493     34
 101646 62809        cutoff            821.1794      791.1619  3016925    3.66%           x2_26 U 101646  26926     40
 101816 62950      819.3496    47      821.1794      791.1718  3022659    3.65%          x34_33 U 101816 101815     33
 101960 63048      797.2414    59      821.1794      791.1797  3028507    3.65%          x21_22 N 101960  79596     19
 102081 63123        cutoff            821.1794      791.1889  3034495    3.65%          x35_30 D 102081 102080     29
 102240 63251      808.8200    95      821.1794      791.2010  3039985    3.65%          x35_30 D 102240 102239     43
 102355 63316      816.1661    46      821.1794      791.2148  3046654    3.65%          x34_32 D 102355 102354     21
*102444 60821      integral     0      819.9360      791.2202  3049087    3.50%          x12_14 D 102444 102443     43
Elapsed time = 740.97 sec. (1852951.68 ticks, tree = 113.39 MB, solutions = 7)
 102589 60914      815.5839    59      819.9360      791.2304  3053951    3.50%           x3_25 N 102589 102588     29
 102737 61007      818.5531    63      819.9360      791.2355  3059762    3.50%          x17_21 N 102737 102736     55
 102884 61111      799.2662    59      819.9360      791.2551  3065637    3.50%          x31_33 D 102884 102883     20
 102992 61182      815.4232    70      819.9360      791.2647  3070135    3.50%          x17_22 N 102992 102991     18
 103146 61291        cutoff            819.9360      791.2848  3075479    3.49%            x6_3 U 103146 103144     26
 103285 61368      814.5303    64      819.9360      791.3021  3081428    3.49%          x35_32 D 103285 103284     23
 103445 61470        cutoff            819.9360      791.3176  3087272    3.49%          x34_33 D 103445 103444     35
 103595 61567      819.2670    38      819.9360      791.3306  3093451    3.49%           x17_3 D 103595 103594     34
 103740 61644      814.6294    65      819.9360      791.3536  3099169    3.49%          x22_27 U 103740  18316     30
 103880 61734      818.3381    60      819.9360      791.3623  3104998    3.48%           x5_25 D 103880 103879     33
Elapsed time = 755.76 sec. (1891305.60 ticks, tree = 115.22 MB, solutions = 7)
 104029 61835      816.6757    53      819.9360      791.3673  3110342    3.48%          x21_22 N 104029  46230     22
 104180 61939      799.8006    79      819.9360      791.3793  3115885    3.48%           x5_25 D 104180 104179     38
 104330 62049      804.0018    46      819.9360      791.3885  3121521    3.48%           x27_7 U 104330 104329     28
 104466 62125      815.3169    39      819.9360      791.4128  3127494    3.48%            x6_5 D 104466 104465     40
 104633 62244      810.4488    70      819.9360      791.4345  3133080    3.48%            x6_3 D 104633 104632     20
 104764 62317      808.6825    42      819.9360      791.4479  3138860    3.47%          x17_36 D 104764 104763     19
 104893 62400        cutoff            819.9360      791.4554  3144651    3.47%           x5_17 D 104893 104892     29
 105043 62512        cutoff            819.9360      791.4721  3149756    3.47%          x36_27 D 105043 105042     39
 105177 62593      812.8309    27      819.9360      791.4815  3156025    3.47%          x18_32 D 105177 105176     24
 105324 62701      813.0096    68      819.9360      791.4865  3161141    3.47%          x17_26 D 105324 105323     39
Elapsed time = 770.69 sec. (1929592.43 ticks, tree = 116.99 MB, solutions = 7)
 105460 62785      811.7117    42      819.9360      791.5104  3167557    3.47%            x6_5 D 105460 105459     14
 105605 62882      810.0653    42      819.9360      791.5247  3173347    3.47%          x22_30 N 105605 105603     37
 105736 62953      800.4130    54      819.9360      791.5385  3179688    3.46%           x27_7 D 105736   4807     18
 105880 63044      799.9255    63      819.9360      791.5516  3185400    3.46%           x17_5 D 105880 105879     25
 106019 63140      818.7897    80      819.9360      791.5624  3190894    3.46%           x5_25 N 106019 106018     29
 106152 63223      813.5127    40      819.9360      791.5752  3196317    3.46%          x30_37 U 106152 106151     36
 106288 63300      814.4772    58      819.9360      791.5852  3202172    3.46%           x6_36 D 106288 106287     21
 106449 63407      816.6856    47      819.9360      791.6010  3207375    3.46%            x2_4 U 106449 106447     27
 106600 63498        cutoff            819.9360      791.6088  3213188    3.45%           x2_25 U 106600 106598     42
 106741 63600      806.8390    53      819.9360      791.6161  3218594    3.45%           x5_36 D 106741 106740     32
Elapsed time = 785.78 sec. (1968102.61 ticks, tree = 118.53 MB, solutions = 7)
 106870 63675      804.5947    87      819.9360      791.6237  3224204    3.45%          x30_37 N 106870  10036     18
 107024 63773      809.3923    48      819.9360      791.6403  3229494    3.45%            x4_6 N 107024 107023     32
 107170 63867      816.6664    41      819.9360      791.6458  3235161    3.45%           x27_7 U 107170 107169     12
 107310 63955      800.3341    46      819.9360      791.6606  3240651    3.45%          x17_22 D 107310 107309     21
 107446 64045      811.9195    32      819.9360      791.6683  3246552    3.45%           x3_22 U 107446  44616     14
 107588 64130        cutoff            819.9360      791.6824  3252389    3.45%          x21_36 U 107588 107586     27
 107746 64253      801.0651    49      819.9360      791.6891  3257606    3.45%           x7_27 D 107746 107745     27
 107902 64367      806.1293    64      819.9360      791.6973  3263358    3.44%            x6_5 N 107902 107901     26
 108062 64485        cutoff            819.9360      791.7054  3268713    3.44%          x25_22 D 108062 108061     37
 108196 64553      805.1349    88      819.9360      791.7200  3274622    3.44%          x17_22 D 108196 108195     30
Elapsed time = 800.89 sec. (2006448.92 ticks, tree = 120.28 MB, solutions = 7)
 108348 64653        cutoff            819.9360      791.7304  3280160    3.44%           x17_3 D 108348 108347     21
 108484 64726      817.6609    29      819.9360      791.7506  3286066    3.44%            x4_3 D 108484 108483     47
 108613 64797      800.4102    60      819.9360      791.7748  3292788    3.43%           x7_19 N 108613  72359     17
 108770 64906      818.0459    74      819.9360      791.7852  3298374    3.43%          x32_35 D 108770 108769     23
 108929 65020      808.4699    83      819.9360      791.8062  3303874    3.43%          x17_26 D 108929 108928     34
 109092 65142      815.6857    56      819.9360      791.8119  3308868    3.43%            x2_4 D 109092 109091     18
 109237 65234      816.6679    96      819.9360      791.8275  3314407    3.43%          x26_36 N 109237 109236     46
 109370 65313      812.8725    44      819.9360      791.8371  3320002    3.43%            x6_5 N 109370 109369     27
 109498 65380      816.0693    56      819.9360      791.8534  3326216    3.42%          x21_22 D 109498 109497     22
 109635 65462      819.7899    44      819.9360      791.8713  3332487    3.42%          x19_34 U 109635 109633     23
Elapsed time = 815.92 sec. (2044769.92 ticks, tree = 121.91 MB, solutions = 7)
 109793 65554      817.2791    45      819.9360      791.8860  3337981    3.42%           x7_19 U 109793 109792     17
 109939 65636      807.3844    62      819.9360      791.8902  3343451    3.42%           x17_5 D 109939 109938     22
 110077 65703      815.8761    28      819.9360      791.9082  3349574    3.42%          x17_26 U 110077  39173     28
 110241 65831      816.8504    48      819.9360      791.9223  3355010    3.42%           x7_19 U 110241 110240     10
 110400 65929      800.3282    58      819.9360      791.9337  3360054    3.42%          x30_32 N 110400 110399     25
 110555 66028      807.5947    61      819.9360      791.9486  3365313    3.41%          x19_18 U 110555  14065     26
 110691 66106      798.3054    63      819.9360      791.9619  3371151    3.41%           x3_25 D 110691 110690     23
 110818 66181      801.5638    58      819.9360      791.9746  3377280    3.41%           x27_7 N 110818 110817     21
 110964 66276      814.7085    41      819.9360      791.9823  3383145    3.41%           x27_7 D 110964 110962     18
 111108 66368      794.2235    69      819.9360      791.9912  3389019    3.41%            x6_5 D 111108 111107     18
Elapsed time = 830.77 sec. (2083275.99 ticks, tree = 126.42 MB, solutions = 7)
 111255 66457        cutoff            819.9360      792.0044  3394815    3.41%            x4_5 D 111255 111254     36
 111405 66559      815.9263    28      819.9360      792.0141  3400352    3.41%          x17_26 N 111405  46532     31
 111562 66656      819.1879    46      819.9360      792.0232  3405951    3.40%          x36_27 D 111562 111561     31
 111708 66752        cutoff            819.9360      792.0339  3411635    3.40%          x30_37 D 111708 111706     40
 111850 66845      803.2657    38      819.9360      792.0510  3417826    3.40%          x17_22 D 111850 111849     30
 112000 66934        cutoff            819.9360      792.0619  3423496    3.40%           x2_25 N 112000 111997     20
 112151 67031      817.0036    68      819.9360      792.0684  3429060    3.40%          x35_32 D 112151 112149     34
 112299 67127      807.2603    37      819.9360      792.0845  3434356    3.40%           x17_3 D 112299 112298     26
 112471 67247      807.4266    60      819.9360      792.0984  3439550    3.40%          x17_22 D 112471 112470     31
 112613 67333        cutoff            819.9360      792.1094  3444802    3.39%            x2_4 U 112613 112611     29
Elapsed time = 845.48 sec. (2121625.18 ticks, tree = 128.11 MB, solutions = 7)
 112733 67400      813.3323    42      819.9360      792.1282  3450722    3.39%           x17_4 N 112733 112730     26
 112886 67498      813.8646    57      819.9360      792.1402  3455746    3.39%           x22_4 D 112886 112885     38
 113040 67592        cutoff            819.9360      792.1474  3461337    3.39%          x33_35 D 113040 113038     38
 113165 67665      801.5906    39      819.9360      792.1614  3467584    3.39%          x34_30 D 113165 113164     23
 113286 67735      794.9287    59      819.9360      792.1718  3473218    3.39%            x5_4 U 113286  37250     18
 113426 67825      804.3035    41      819.9360      792.1803  3478964    3.39%           x3_25 D 113426 113425     19
 113579 67942      797.8396    67      819.9360      792.1884  3484220    3.38%           x27_7 U 113579 113578     37
 113726 68035        cutoff            819.9360      792.1968  3489673    3.38%            x5_4 D 113726 113725     45
 113865 68122      808.7463    75      819.9360      792.2075  3495265    3.38%          x34_31 U 113865   2011     23
 113995 68201      807.4592    55      819.9360      792.2247  3501265    3.38%          x17_22 D 113995 113994     24
Elapsed time = 860.55 sec. (2159909.49 ticks, tree = 129.72 MB, solutions = 7)
 114130 68273      799.2116    58      819.9360      792.2339  3506766    3.38%           x7_31 N 114130 114129     14
 114250 68335      812.1432    59      819.9360      792.2404  3512925    3.38%           x5_25 D 114250 114249     29
 114376 68389      810.0294    63      819.9360      792.2537  3519263    3.38%          x17_36 U 114376  52143     18
 114520 68495        cutoff            819.9360      792.2596  3524204    3.38%            x5_4 D 114520 114519     20
 114665 68582      809.0513    43      819.9360      792.2679  3530171    3.37%          x17_25 N 114665 114664     20
 114804 68671      813.4543    69      819.9360      792.2823  3535803    3.37%          x24_35 D 114804 114803     26
 114930 68743      816.9512    57      819.9360      792.2925  3541752    3.37%          x31_22 D 114930 114928     38
 115079 68832      814.5393    70      819.9360      792.2981  3547709    3.37%           x5_25 N 115079 115078     30
 115205 68904      810.8977    38      819.9360      792.3090  3553441    3.37%            x6_3 D 115205 115204     12
 115338 68969      804.0657    83      819.9360      792.3186  3559702    3.37%           x7_19 U 115338 115337     17
Elapsed time = 875.63 sec. (2198359.07 ticks, tree = 131.16 MB, solutions = 7)
 115478 69058      814.3693    41      819.9360      792.3295  3566004    3.37%          x17_36 D 115478 115477     24
 115607 69138      815.0475    39      819.9360      792.3409  3571184    3.37%          x35_32 U 115607 115606     35
 115760 69241      806.1639    75      819.9360      792.3480  3576542    3.36%          x17_22 D 115760 115759     26
 115890 69317      807.9826    60      819.9360      792.3506  3583011    3.36%          x34_30 D 115890 115889     24
 116010 69380      815.6703    62      819.9360      792.3655  3588574    3.36%            x6_3 N 116010 116009     19
 116181 69506        cutoff            819.9360      792.3778  3593799    3.36%            x4_3 D 116181 116180     33
 116317 69595      816.5801    45      819.9360      792.3863  3599546    3.36%            x3_4 D 116317 116316     29
 116477 69699      796.0420    65      819.9360      792.3904  3604695    3.36%          x18_32 D 116477 116476     20
 116627 69805      802.4087    29      819.9360      792.4009  3610009    3.36%            x6_3 D 116627 116626     22
 116763 69893      804.7581    71      819.9360      792.4116  3615646    3.36%          x19_34 D 116763 116762     25
Elapsed time = 890.44 sec. (2236758.72 ticks, tree = 132.87 MB, solutions = 7)
 116892 69971      815.3550    53      819.9360      792.4200  3621988    3.36%           x7_21 D 116892 116891     39
 117032 70059        cutoff            819.9360      792.4296  3627261    3.35%            x5_4 D 117032 117031     32
 117186 70154        cutoff            819.9360      792.4388  3632337    3.35%           x7_19 D 117186  40162     31
 117333 70259        cutoff            819.9360      792.4471  3637644    3.35%          x17_34 U 117333 117331     43
 117460 70334      818.7442    59      819.9360      792.4570  3643885    3.35%           x7_27 N 117460 117459     38
 117599 70414      813.6449    64      819.9360      792.4611  3649548    3.35%          x34_33 U 117599 117597     38
 117753 70510      803.9290    61      819.9360      792.4760  3654688    3.35%          x18_30 D 117753 117752     28
 117894 70595      815.6506    36      819.9360      792.4857  3660063    3.35%          x17_25 N 117894  58123     24
 118021 70655      795.8963    48      819.9360      792.5019  3665659    3.35%           x17_4 U 118021  99097     13
 118167 70760        cutoff            819.9360      792.5072  3671221    3.35%           x5_36 D 118167 118165     32
Elapsed time = 905.20 sec. (2275138.69 ticks, tree = 134.38 MB, solutions = 7)
 118312 70860      815.3444    38      819.9360      792.5168  3676865    3.34%            x5_3 U 118312 118310     23
 118473 70956        cutoff            819.9360      792.5274  3682445    3.34%          x18_34 U 118473 118471     45
 118630 71061      799.6317    31      819.9360      792.5417  3687942    3.34%          x36_25 U 118630  35865     19
 118772 71156      803.7494    44      819.9360      792.5510  3693568    3.34%            x4_6 D 118772 118771     24
 118903 71227      810.3869    76      819.9360      792.5589  3699468    3.34%          x17_25 N 118903 118901     29
 119026 71275      802.6558    34      819.9360      792.5770  3705363    3.34%          x17_25 D 119026 119025     18
 119180 71391      817.0792    53      819.9360      792.5856  3710994    3.34%           x36_4 D 119180 119179     60
 119320 71476      812.9805    63      819.9360      792.5988  3716619    3.33%          x31_34 U 119320 119319     17
 119451 71555      818.6705    53      819.9360      792.6060  3722255    3.33%           x7_19 U 119451 119449     14
 119588 71626      809.5177    45      819.9360      792.6109  3728086    3.33%           x7_30 D 119588 119587     19
Elapsed time = 920.22 sec. (2313394.62 ticks, tree = 136.57 MB, solutions = 7)
 119733 71719        cutoff            819.9360      792.6184  3733697    3.33%            x6_3 U 119733 119731     22
 119897 71837      812.4873    46      819.9360      792.6313  3738848    3.33%          x18_30 D 119897 119896     37
 120034 71915      818.8253    60      819.9360      792.6424  3744318    3.33%          x31_34 D 120034 120033     25
 120187 72024        cutoff            819.9360      792.6539  3750097    3.33%          x18_30 U 120187 120185     54
 120329 72112      806.2685    76      819.9360      792.6649  3755378    3.33%           x7_19 U 120329 120328     18
 120474 72186        cutoff            819.9360      792.6877  3760529    3.32%          x19_34 U 120474 120472     25
 120620 72282      808.3565    46      819.9360      792.7014  3766110    3.32%            x6_5 D 120620 120619     39
 120768 72375        cutoff            819.9360      792.7140  3771350    3.32%            x5_4 U 120768 120766     24
 120894 72442      816.1841    71      819.9360      792.7281  3777544    3.32%          x31_33 U 120894 120892     21
 121020 72517      799.6440    40      819.9360      792.7350  3783586    3.32%            x6_5 U 121020 121018     16
Elapsed time = 935.00 sec. (2351784.96 ticks, tree = 138.59 MB, solutions = 7)
 121160 72591      814.4529    24      819.9360      792.7470  3789035    3.32%           x2_22 D 121160 121159     40
 121305 72682      803.0852    72      819.9360      792.7587  3794132    3.31%          x31_33 D 121305 121304     23
 121456 72781        cutoff            819.9360      792.7715  3799701    3.31%           x3_22 U 121456 121455     31
 121573 72840      816.8084    42      819.9360      792.7863  3805768    3.31%           x2_25 N 121573  84487     19
 121724 72933      799.2390    45      819.9360      792.7961  3811214    3.31%           x7_21 D 121724 121723     29
 121854 73005      812.2403    83      819.9360      792.8030  3817283    3.31%          x27_19 D 121854 121853     18
 121990 73094      813.6495    36      819.9360      792.8141  3823361    3.31%            x6_3 U 121990 121989     31
 122124 73181      795.4028    42      819.9360      792.8269  3828629    3.31%           x3_25 U 122124  66480     12
 122270 73276      816.8723    62      819.9360      792.8362  3833853    3.31%           x17_5 N 122270 122268     25
 122407 73359        cutoff            819.9360      792.8397  3839721    3.30%           x3_25 U 122407 122404     28
Elapsed time = 949.96 sec. (2390109.38 ticks, tree = 140.57 MB, solutions = 7)
 122550 73452      813.4227    68      819.9360      792.8504  3845058    3.30%          x21_36 D 122550 122549     20
 122705 73558      810.7965    67      819.9360      792.8620  3850758    3.30%           x17_4 D 122705 122704     10
 122843 73642      812.3820    55      819.9360      792.8734  3856389    3.30%          x17_36 D 122843 122842     25
 122980 73731      817.2515    55      819.9360      792.8836  3862141    3.30%          x32_35 U 122980 122979     20
 123128 73821      802.8652    28      819.9360      792.8960  3868021    3.30%            x6_3 U 123128 117222     19
 123260 73910      810.3442    42      819.9360      792.9048  3873309    3.30%           x7_30 D 123260 123259     21
 123389 73975      806.1641    30      819.9360      792.9141  3879359    3.30%            x4_6 N 123389 123388     29
 123534 74061      812.0713    74      819.9360      792.9260  3885674    3.29%          x19_31 N 123534  34539     22
*123600+67119                          817.5262      792.9336             3.01%
 123677 67154      805.4946    48      817.5262      792.9412  3891278    3.01%            x6_3 D 123677 123676     19
 123820 67230        cutoff            817.5262      792.9500  3897015    3.01%            x5_3 D 123820 123819     34
Elapsed time = 964.99 sec. (2428570.66 ticks, tree = 129.88 MB, solutions = 8)
 123972 67331      809.3521    26      817.5262      792.9665  3902537    3.00%          x17_25 U 123972  60667     18
 124124 67444      811.1977    79      817.5262      792.9796  3907441    3.00%          x36_27 N 124124 124123     64
 124250 67511      805.5278    73      817.5262      792.9948  3913076    3.00%          x17_22 D 124250 124249     25
 124400 67612      816.5649    58      817.5262      793.0059  3918351    3.00%          x25_22 D 124400 124399     44
 124538 67686      810.5698    58      817.5262      793.0212  3924098    3.00%            x5_3 D 124538 124537     22
 124665 67758      799.0859    70      817.5262      793.0327  3930326    3.00%          x30_37 D 124665  54715     17
 124809 67841        cutoff            817.5262      793.0416  3935856    2.99%           x27_7 U 124809 124808     17
 124948 67924      803.1788    41      817.5262      793.0508  3941720    2.99%            x3_4 D 124948 124947     20
 125083 68001        cutoff            817.5262      793.0604  3947105    2.99%          x19_30 U 125083 125081     28
 125229 68087        cutoff            817.5262      793.0743  3952791    2.99%           x6_21 N 125229 125228     43
Elapsed time = 980.03 sec. (2466881.86 ticks, tree = 131.45 MB, solutions = 8)
 125370 68170      802.4400    66      817.5262      793.0833  3958626    2.99%           x2_25 N 125370 125369     22
 125506 68244      816.0357    50      817.5262      793.0945  3964396    2.99%           x17_3 D 125506 125505     27
 125645 68328        cutoff            817.5262      793.0990  3969331    2.99%           x3_26 U 125645  27835     20
 125780 68409      807.4742    55      817.5262      793.1093  3974822    2.99%          x34_30 D 125780 125779     26
 125906 68477      799.7299    32      817.5262      793.1165  3980981    2.99%           x6_26 D 125906 125905     38
 126040 68560      799.8245    24      817.5262      793.1229  3986386    2.99%           x3_25 D 126040 126039     19
 126182 68640      805.6177    26      817.5262      793.1334  3992023    2.98%          x36_27 D 126182 126181     33
 126310 68701      803.7433    50      817.5262      793.1420  3997958    2.98%            x2_4 U 126310  63909     21
 126433 68764      800.6079    55      817.5262      793.1510  4003730    2.98%           x7_30 N 126433 126432     11
 126562 68838      794.8591    69      817.5262      793.1564  4009888    2.98%            x5_4 U 126562  50953     25
Elapsed time = 995.13 sec. (2505195.75 ticks, tree = 133.24 MB, solutions = 8)
 126695 68917      809.3739    57      817.5262      793.1653  4016001    2.98%          x30_37 U 126695 126693     17
 126822 68982      807.7905    41      817.5262      793.1750  4021470    2.98%          x35_32 U 126822 126819     20
 126976 69065      807.5696    43      817.5262      793.1826  4026765    2.98%           x17_5 D 126976 126975     31
 127112 69134      806.1021    72      817.5262      793.1992  4032489    2.98%          x19_18 D 127112 127111     30
 127234 69195      803.1015    81      817.5262      793.2061  4038009    2.97%           x17_5 D 127234 127232     23
 127364 69259      799.7639    71      817.5262      793.2182  4043416    2.97%            x3_4 N 127364 109382     23
 127503 69344      800.0646    49      817.5262      793.2298  4049036    2.97%            x6_5 D 127503 127502     18
 127640 69418      817.3025    67      817.5262      793.2490  4054721    2.97%          x30_32 U 127640 127638     23
 127780 69499      802.6872    38      817.5262      793.2586  4060306    2.97%           x2_25 D 127780 127779     28
 127927 69596        cutoff            817.5262      793.2672  4065561    2.97%          x19_18 U 127927  83404     15
Elapsed time = 1010.23 sec. (2543511.02 ticks, tree = 134.83 MB, solutions = 8)
 128052 69658      802.1210    84      817.5262      793.2822  4071507    2.97%          x25_36 N 128052  30476     59
 128201 69748      817.1242    50      817.5262      793.2872  4076959    2.96%            x4_5 D 128201 128200     32
 128345 69828      817.1780    43      817.5262      793.2952  4082858    2.96%            x6_3 U 128345 128343     18
 128493 69923        cutoff            817.5262      793.3034  4088321    2.96%           x3_25 U 128493 128490     27
 128629 69994      814.7320    47      817.5262      793.3205  4093681    2.96%           x27_7 U 128629 128628     38
 128770 70079      801.1326    54      817.5262      793.3291  4099102    2.96%           x17_5 D 128770 128769     22
 128919 70168      800.4702    51      817.5262      793.3420  4104489    2.96%          x30_37 U 128919 128918     27
 129041 70219      800.2889    57      817.5262      793.3524  4110721    2.96%           x17_4 N 129041 104317     16
 129183 70304      810.9439    30      817.5262      793.3625  4116243    2.96%           x5_25 U 129183  36858     14
 129319 70379        cutoff            817.5262      793.3761  4121801    2.95%          x17_36 D 129319 129317     30
Elapsed time = 1025.22 sec. (2581897.96 ticks, tree = 136.38 MB, solutions = 8)
 129455 70454      798.4836    43      817.5262      793.3854  4127935    2.95%           x17_5 U 129455 102415     15
 129616 70571      812.1821    62      817.5262      793.3910  4132866    2.95%          x22_27 U 129616  58051     21
 129757 70646      812.5368    45      817.5262      793.3990  4138598    2.95%          x17_36 N 129757  92596     23
 129908 70731      813.8923    44      817.5262      793.4117  4144188    2.95%            x4_6 U 129908 129905     26
 130042 70810      811.1462    68      817.5262      793.4212  4149759    2.95%           x3_25 D 130042 130041     22
 130190 70910      801.6401    46      817.5262      793.4280  4155400    2.95%          x17_25 D 130190 130189     28
 130323 70979      813.2417    84      817.5262      793.4461  4161273    2.95%          x22_30 D 130323 130322     35
 130475 71074      810.4424    61      817.5262      793.4640  4167021    2.94%          x30_32 N 130475 130474     22
 130604 71141        cutoff            817.5262      793.4723  4173180    2.94%          x19_34 D 130604 130603     22
 130750 71231      814.0999    84      817.5262      793.4809  4178686    2.94%            x2_4 U 130750 130748     26
Elapsed time = 1040.34 sec. (2620236.75 ticks, tree = 138.14 MB, solutions = 8)
 130890 71293      814.0726    64      817.5262      793.4917  4184421    2.94%          x17_25 N 130890  68542     24
 131040 71380      807.6368    65      817.5262      793.5023  4189946    2.94%          x33_32 D 131040 131038     22
 131187 71442      802.6566    63      817.5262      793.5130  4195808    2.94%            x3_4 U 131187  30041     26
 131344 71541      800.0273    48      817.5262      793.5218  4201047    2.94%          x35_32 N 131344   7008     24
 131475 71596      802.3680    41      817.5262      793.5324  4206702    2.93%           x17_5 U 131475 131474     38
 131606 71669      815.8995    66      817.5262      793.5426  4212242    2.93%          x17_25 D 131606 131605     21
 131731 71727      807.8921   108      817.5262      793.5490  4218540    2.93%            x3_4 N 131731 131729     32
 131866 71800      810.9869    42      817.5262      793.5588  4224612    2.93%           x3_25 N 131866  44538     18
 132006 71885      816.7529    51      817.5262      793.5727  4230301    2.93%          x35_30 U 132006 132003     23
 132132 71942      812.9629    48      817.5262      793.5867  4235969    2.93%            x3_4 N 132132 132129     53
Elapsed time = 1055.47 sec. (2658811.05 ticks, tree = 139.41 MB, solutions = 8)
 132269 71996        cutoff            817.5262      793.5966  4241966    2.93%          x21_22 D 132269 132268     30
 132414 72075      811.9013    42      817.5262      793.6072  4247076    2.93%          x17_36 D 132414 132413     23
 132560 72157      808.3041    58      817.5262      793.6186  4252692    2.92%           x7_27 N 132560  30711     13
 132703 72234      811.6748    54      817.5262      793.6329  4258198    2.92%           x5_25 D 132703 132702     32
 132830 72319      800.2740    36      817.5262      793.6370  4263887    2.92%            x3_4 U 132830 108040     16
 132963 72386      806.7510    78      817.5262      793.6415  4269855    2.92%            x5_4 D 132963 132962     30
 133102 72473      814.6474    52      817.5262      793.6500  4275706    2.92%           x27_7 U 133102 133101     31
 133245 72557      809.4093    69      817.5262      793.6627  4280986    2.92%            x4_6 D 133245 133244     31
 133394 72651        cutoff            817.5262      793.6696  4286601    2.92%          x34_33 U 133394 133391     30
 133518 72698      809.9682    44      817.5262      793.6818  4292627    2.92%            x5_3 D 133518 133517     26
Elapsed time = 1070.56 sec. (2697113.43 ticks, tree = 140.86 MB, solutions = 8)
 133660 72787      815.1573    85      817.5262      793.6947  4298451    2.92%          x19_18 D 133660 133659     35
 133790 72855      803.7602    49      817.5262      793.7070  4304095    2.91%          x17_36 D 133790 133789     25
 133937 72950      800.1372    46      817.5262      793.7117  4309731    2.91%          x34_30 D 133937 133936     24
 134094 73056      803.2722    48      817.5262      793.7167  4315221    2.91%          x19_31 D 134094  27438     11
 134248 73159      814.5213    74      817.5262      793.7216  4320760    2.91%          x17_36 D 134248 134247     20
 134381 73227      816.8644    83      817.5262      793.7277  4326885    2.91%           x7_21 N 134381 134380     28
 134515 73303      797.4470    77      817.5262      793.7386  4332096    2.91%          x19_34 U 134515  59688     15
 134658 73369        cutoff            817.5262      793.7489  4337464    2.91%          x30_37 D 134658 134656     38
 134784 73435        cutoff            817.5262      793.7648  4343505    2.91%            x5_3 D 134784 134783     38
 134938 73528      817.3491    81      817.5262      793.7715  4348929    2.91%           x3_25 D 134938 134937     15
Elapsed time = 1085.61 sec. (2735417.46 ticks, tree = 142.62 MB, solutions = 8)
 135058 73585      807.0329    46      817.5262      793.7843  4354689    2.90%          x24_35 D 135058 135057     30
 135206 73663      803.7392    79      817.5262      793.7957  4360269    2.90%           x3_25 D 135206 135205     36
 135337 73717      795.3867    43      817.5262      793.8097  4366525    2.90%          x35_30 D 135337 135336     29
 135461 73770      815.7537    61      817.5262      793.8255  4372671    2.90%            x6_5 D 135461 135460     18
 135597 73838      800.8999    58      817.5262      793.8324  4378212    2.90%           x17_3 N 135597  31324     20
 135730 73913      812.6937    38      817.5262      793.8448  4383637    2.90%          x34_32 D 135730 135729     19
 135880 74012      810.9832    49      817.5262      793.8533  4388547    2.90%            x4_6 N 135880 135879     18
 136020 74089      817.2071    50      817.5262      793.8653  4394136    2.89%          x19_34 D 136020 136019     27
 136163 74179      814.4758    54      817.5262      793.8735  4400154    2.89%           x2_22 U 136163  42204     28
 136283 74235      807.9078    65      817.5262      793.8834  4405586    2.89%          x30_37 N 136283  45295     16
Elapsed time = 1100.60 sec. (2773850.66 ticks, tree = 144.29 MB, solutions = 8)
 136411 74313        cutoff            817.5262      793.8888  4411181    2.89%          x19_31 D 136411 136409     19
 136556 74400      810.8747    80      817.5262      793.8952  4416281    2.89%           x17_5 U 136556 136553     28
 136702 74484      815.3834    65      817.5262      793.9076  4421639    2.89%          x33_32 N 136702 136701     30
 136840 74558      796.8560    24      817.5262      793.9168  4426907    2.89%            x3_4 N 136840  42525     19
 136962 74618        cutoff            817.5262      793.9273  4432773    2.89%          x19_31 U 136962 136960     32
 137093 74675      810.8277    73      817.5262      793.9400  4438706    2.89%           x6_25 D 137093 137092     29
 137237 74769      809.2138    40      817.5262      793.9504  4443969    2.88%          x13_19 D 137237 137236     57
 137374 74838        cutoff            817.5262      793.9593  4450105    2.88%           x7_19 D 137374 137372     21
 137508 74914      802.7728    68      817.5262      793.9668  4455462    2.88%            x2_4 N 137508 137507     12
 137652 74995        cutoff            817.5262      793.9801  4460784    2.88%            x6_5 D 137652 137651     21
Elapsed time = 1115.47 sec. (2812182.11 ticks, tree = 146.22 MB, solutions = 8)
 137790 75082      804.7905    71      817.5262      793.9873  4465868    2.88%           x27_7 U 137790 137789     27
 137922 75160      811.8165    83      817.5262      793.9941  4471631    2.88%          x31_33 D 137922 137921     42
 138071 75241      811.7144    34      817.5262      794.0021  4476881    2.88%          x18_34 N 138071  22782     24
 138223 75347        cutoff            817.5262      794.0133  4482131    2.88%          x21_22 D 138223 138222     36
 138376 75443      807.1665    51      817.5262      794.0207  4487342    2.88%            x6_5 U 138376 129724     18
 138524 75540      816.0935    52      817.5262      794.0299  4492082    2.87%           x7_26 D 138524 138523     25
 138654 75603      815.1060    65      817.5262      794.0433  4497836    2.87%          x31_34 D 138654 138653     42
 138800 75697      801.8083    76      817.5262      794.0525  4503247    2.87%           x3_25 N 138800 138799     26
 138934 75772      809.5789    62      817.5262      794.0634  4509129    2.87%          x35_30 D 138934 138933     32
 139064 75851        cutoff            817.5262      794.0685  4515217    2.87%          x17_36 U 139064 139061     25
Elapsed time = 1130.31 sec. (2850675.95 ticks, tree = 148.40 MB, solutions = 8)
 139207 75944      812.3238    60      817.5262      794.0758  4520641    2.87%           x2_25 D 139207 139205     25
 139341 76006      804.2903    63      817.5262      794.0969  4526413    2.87%          x35_33 U 139341  59001     10
 139490 76087      797.3933    84      817.5262      794.1035  4531907    2.87%           x3_25 N 139490 139489     23
 139633 76167      814.4022    64      817.5262      794.1170  4537474    2.86%            x5_3 U 139633 139631     19
 139775 76254      806.0338    44      817.5262      794.1326  4542774    2.86%          x19_34 U 139775 139774     21
 139905 76326        cutoff            817.5262      794.1394  4548659    2.86%            x5_4 D 139905 139903     33
 140046 76406      801.3812    58      817.5262      794.1508  4554161    2.86%            x6_5 D 140046 140045     15
 140169 76462      807.3726    76      817.5262      794.1599  4560299    2.86%           x27_7 D 140169  41347     18
 140300 76526      798.7453    72      817.5262      794.1736  4566198    2.86%           x17_3 N 140300 140299     21
 140443 76612        cutoff            817.5262      794.1828  4571718    2.86%          x30_32 U 140443  64971     23
Elapsed time = 1145.22 sec. (2889233.60 ticks, tree = 150.10 MB, solutions = 8)
 140574 76690        cutoff            817.5262      794.1925  4577349    2.85%            x2_4 U 140574 140572     24
 140700 76753      816.2448    63      817.5262      794.2039  4583402    2.85%          x30_37 N 140700 140699     32
 140842 76837      804.7144    40      817.5262      794.2151  4588981    2.85%          x30_32 D 140842 140841     16
 140972 76908      814.0613    52      817.5262      794.2253  4595124    2.85%           x5_36 D 140972 140971     28
 141139 77022        cutoff            817.5262      794.2300  4600623    2.85%           x5_22 U 141139  57380     26
 141264 77088      813.8954    30      817.5262      794.2387  4606541    2.85%           x6_25 D 141264 141263     22
 141402 77157      804.8509    40      817.5262      794.2501  4612280    2.85%           x7_30 D 141402 141400     19
 141545 77239      815.9923    55      817.5262      794.2608  4617811    2.85%            x4_6 U 141545  56706     18
 141710 77338      811.5581    51      817.5262      794.2667  4622874    2.85%           x27_7 U 141710 141709     23
 141833 77390      805.5145    63      817.5262      794.2804  4628545    2.84%          x19_35 D 141833 141832     26
Elapsed time = 1160.32 sec. (2927605.06 ticks, tree = 152.14 MB, solutions = 8)
 141959 77442        cutoff            817.5262      794.2956  4634781    2.84%          x34_30 D 141959 141958     26
 142098 77525      807.3278    69      817.5262      794.3071  4640589    2.84%          x33_32 U 142098 116543     15
 142225 77608        cutoff            817.5262      794.3100  4646379    2.84%          x22_27 U 142225 142223     35
 142367 77676      810.8454    24      817.5262      794.3203  4652195    2.84%           x7_35 D 142367 142366     35
 142508 77748        cutoff            817.5262      794.3339  4657723    2.84%          x19_35 D 142508 142507     47
 142654 77828      807.0816    63      817.5262      794.3403  4662737    2.84%            x6_3 D 142654 142653     26
 142803 77923      810.0373    41      817.5262      794.3457  4667986    2.84%          x27_19 U 142803 142800     14
 142960 78026      806.8827    49      817.5262      794.3533  4673183    2.83%            x5_4 U 142960 142958     19
 143109 78094      808.0971    59      817.5262      794.3615  4678649    2.83%           x6_25 U 143109  29539     42
 143238 78157      802.2478    81      817.5262      794.3756  4684208    2.83%            x5_4 N 143238 106783     28
Elapsed time = 1175.27 sec. (2965916.90 ticks, tree = 153.72 MB, solutions = 8)
 143376 78234      801.3171    24      817.5262      794.3826  4690060    2.83%          x34_32 N 143376  37104     13
 143502 78301      813.8928    41      817.5262      794.3934  4695356    2.83%          x32_35 D 143502 143501     34
 143641 78385      808.3592    71      817.5262      794.4001  4700655    2.83%          x17_25 D 143641 143640     24
 143770 78458      805.7871    80      817.5262      794.4057  4706029    2.83%          x21_22 U 143770  31883     22
 143903 78526        cutoff            817.5262      794.4120  4711638    2.83%           x3_22 D 143903 143902     35
 144030 78582      816.5673    59      817.5262      794.4200  4717142    2.83%           x17_3 D 144030 144029     29
 144160 78639      809.7377    53      817.5262      794.4349  4723011    2.82%           x3_30 D 144160 144159     23
 144295 78696      802.5771    54      817.5262      794.4432  4728513    2.82%          x35_33 D 144295 144294     23
 144420 78752      813.7181    61      817.5262      794.4494  4734843    2.82%          x34_33 D 144420 144419     30
 144557 78829      802.1432    60      817.5262      794.4546  4740076    2.82%           x27_7 N 144557 144556     31
Elapsed time = 1190.14 sec. (3004321.33 ticks, tree = 155.16 MB, solutions = 8)
 144695 78910      810.8424    53      817.5262      794.4638  4745870    2.82%          x22_30 D 144695 144694     21
 144820 78967        cutoff            817.5262      794.4728  4751738    2.82%           x6_22 U 144820  27209     13
 144951 79045      813.6009    54      817.5262      794.4815  4757559    2.82%          x18_32 D 144951 144950     30
 145084 79104      812.9432    63      817.5262      794.4929  4762913    2.82%           x5_25 D 145084 145083     28
 145217 79185      804.3718    26      817.5262      794.5010  4767894    2.82%           x3_25 D 145217 145216     19
 145365 79285      812.7236    51      817.5262      794.5043  4772684    2.82%          x17_36 D 145365 145364     27
 145485 79345      816.3284   105      817.5262      794.5120  4778827    2.82%          x17_22 D 145485 145484     35
 145612 79403      813.9900    56      817.5262      794.5243  4784307    2.81%          x17_22 U 145612  41673     20
 145733 79455      810.0215    61      817.5262      794.5343  4790393    2.81%           x3_25 D 145733 145732     23
 145865 79530      806.6202    58      817.5262      794.5423  4795888    2.81%          x34_30 U 145865 145863     16
Elapsed time = 1205.11 sec. (3042645.22 ticks, tree = 156.59 MB, solutions = 8)
 145996 79587      805.8734    38      817.5262      794.5582  4801763    2.81%            x5_4 U 145996 145993     19
 146144 79677      813.3147    26      817.5262      794.5652  4807537    2.81%            x6_3 U 146144 133664     15
 146286 79737      815.0109    71      817.5262      794.5803  4813273    2.81%          x22_27 D 146286 146285     23
 146426 79804      802.5523   104      817.5262      794.5899  4818904    2.81%            x6_5 D 146426 146425     27
 146564 79872      816.1374    71      817.5262      794.5977  4824877    2.80%          x35_30 D 146564 146563     57
 146704 79944      807.9214    42      817.5262      794.6050  4830391    2.80%           x3_25 D 146704 146703     19
 146832 80013      815.2279    85      817.5262      794.6162  4836170    2.80%            x5_3 D 146832 146831     19
 146975 80080        cutoff            817.5262      794.6267  4841476    2.80%           x2_25 U 146975 146972     31
 147108 80137      807.9922    47      817.5262      794.6401  4847257    2.80%          x19_18 N 147108 147107     19
 147241 80191        cutoff            817.5262      794.6458  4853098    2.80%           x17_4 U 147241 147239     18
Elapsed time = 1220.28 sec. (3081181.37 ticks, tree = 157.73 MB, solutions = 8)
 147371 80250      809.4874    65      817.5262      794.6538  4859001    2.80%           x27_7 U 147371 147370     32
 147520 80313      814.1892    57      817.5262      794.6669  4864345    2.80%          x21_30 D 147520 147519     27
 147657 80392      808.9947    48      817.5262      794.6760  4870034    2.80%            x4_6 D 147657 147656     17
 147800 80472      805.0319    58      817.5262      794.6817  4875106    2.79%          x36_27 D 147800 147799     33
 147924 80524        cutoff            817.5262      794.6946  4881441    2.79%           x17_3 D 147924 147923     26
 148044 80584      809.9218    73      817.5262      794.7018  4887358    2.79%          x19_18 U 148044  92559     17
 148180 80654      799.7453    52      817.5262      794.7121  4893102    2.79%           x2_25 D 148180 148179     19
 148323 80731      810.4136    43      817.5262      794.7226  4898279    2.79%          x34_30 D 148323 148322     20
 148454 80793      812.0072    36      817.5262      794.7310  4903701    2.79%          x31_34 U 148454 148453     31
 148587 80854      803.2891    35      817.5262      794.7378  4909338    2.79%           x6_36 D 148587 148586     32
Elapsed time = 1235.26 sec. (3119524.79 ticks, tree = 159.00 MB, solutions = 8)
 148697 80889      803.0285    50      817.5262      794.7500  4915558    2.79%            x6_5 N 148697  78931     21
 148831 80975      816.9626    82      817.5262      794.7547  4920470    2.79%          x18_30 N 148831 148830     32
 148951 81029      806.3516    70      817.5262      794.7651  4926185    2.78%           x27_7 D 148951  31832     14
 149083 81103        cutoff            817.5262      794.7733  4932131    2.78%            x6_5 U 149083 149081     22
 149218 81175      811.6557    79      817.5262      794.7797  4937323    2.78%          x14_19 N 149218 149217     24
 149361 81251      800.2499    45      817.5262      794.7909  4942090    2.78%            x6_3 N 149361 149360     49
 149510 81345        cutoff            817.5262      794.7978  4947245    2.78%           x17_5 D 149510 149509     18
 149638 81408      817.3377    33      817.5262      794.8051  4952475    2.78%           x17_3 N 149638 149636     31
 149764 81477      817.3278    35      817.5262      794.8104  4957468    2.78%          x34_18 D 149764 149763     50
 149916 81559      813.9073    43      817.5262      794.8207  4962858    2.78%           x3_25 U 149916  98269     17
Elapsed time = 1249.90 sec. (3157877.93 ticks, tree = 160.50 MB, solutions = 8)
 150060 81628      802.4531    44      817.5262      794.8321  4968549    2.78%            x3_4 D 150060  81202     24
 150230 81750      804.9814    47      817.5262      794.8395  4973721    2.78%            x6_3 U 150230 145593     15
 150358 81807      815.7875    75      817.5262      794.8491  4979727    2.77%           x27_7 N 150358 150357     31
 150490 81877      803.2863    59      817.5262      794.8582  4985599    2.77%           x2_25 D 150490 150489     25
 150617 81934      812.8817    66      817.5262      794.8646  4991286    2.77%           x3_25 D 150617 150616     28
 150758 82013        cutoff            817.5262      794.8734  4997060    2.77%           x17_5 U 150758 150755     18
 150910 82100      804.2989    49      817.5262      794.8888  5002311    2.77%           x6_36 D 150910 150909     29
 151069 82191        cutoff            817.5262      794.8949  5007553    2.77%           x3_25 U 151069  76057     18
 151210 82267        cutoff            817.5262      794.9038  5013024    2.77%            x4_3 U 151210 151208     24
 151342 82338      802.7100    45      817.5262      794.9098  5018765    2.77%          x18_32 N 151342 151341     20
Elapsed time = 1264.93 sec. (3196295.49 ticks, tree = 162.15 MB, solutions = 8)
 151473 82389        cutoff            817.5262      794.9192  5024251    2.77%          x33_32 D 151473 151470     62
 151616 82474        cutoff            817.5262      794.9269  5029409    2.76%          x17_22 U 151616 151614     25
 151769 82574      813.8899    50      817.5262      794.9351  5034990    2.76%          x33_35 D 151769 151768     24
 151901 82644        cutoff            817.5262      794.9478  5040679    2.76%           x7_19 D 151901 151899     29
 152054 82744      801.1564    67      817.5262      794.9565  5045880    2.76%            x6_3 D 152054 152053     30
 152198 82822      805.4001    47      817.5262      794.9666  5051242    2.76%          x30_37 D 152198 152196     21
 152340 82897      809.9607    49      817.5262      794.9746  5056549    2.76%          x18_30 D 152340 152339     56
 152483 82966      814.6956    48      817.5262      794.9834  5061874    2.76%           x27_7 N 152483 152482     35
 152623 83036      809.9866    67      817.5262      794.9924  5067763    2.76%          x17_36 N 152623  43045     27
 152767 83117      802.7275    53      817.5262      795.0025  5073368    2.76%            x4_6 D 152767 152766     27
Elapsed time = 1279.80 sec. (3234699.72 ticks, tree = 163.73 MB, solutions = 8)
 152897 83171      810.0195    59      817.5262      795.0135  5078859    2.75%           x27_7 U 152897 152896     38
 153031 83239        cutoff            817.5262      795.0206  5084441    2.75%          x34_32 U 153031 153029     25
 153165 83297        cutoff            817.5262      795.0309  5090395    2.75%            x6_3 D 153165 153164     23
 153281 83348      811.3261    26      817.5262      795.0407  5096322    2.75%          x17_25 N 153281  75662     15
 153375 83395      802.2438    60      817.5262      795.0468  5100676    2.75%           x17_3 N 153375  86924     15
 153503 83451        cutoff            817.5262      795.0532  5106679    2.75%          x33_35 U 153503 153501     21
 153643 83535      812.2902    61      817.5262      795.0605  5112689    2.75%          x19_18 D 153643 153642     21
 153775 83610      809.0450    35      817.5262      795.0646  5118255    2.75%          x22_27 N 153775  70089     34
 153920 83678      817.2081    54      817.5262      795.0767  5123869    2.75%           x5_25 N 153920 153918     39
 154062 83755      816.9796    30      817.5262      795.0874  5129313    2.74%           x3_22 N 154062 154060     24
Elapsed time = 1294.85 sec. (3273043.03 ticks, tree = 165.12 MB, solutions = 8)
 154205 83838      810.3614    51      817.5262      795.0992  5134393    2.74%            x3_4 U 154205 154204     15
 154333 83888      810.3489    77      817.5262      795.1102  5139924    2.74%          x32_33 U 154333 154332     37
 154467 83932        cutoff            817.5262      795.1195  5145097    2.74%          x36_17 U 154467   7244     40
 154591 83988      816.6766    33      817.5262      795.1306  5151428    2.74%           x2_25 N 154591 154590     35
 154714 84031        cutoff            817.5262      795.1387  5157249    2.74%            x4_6 U 154714 154712     31
 154844 84097      815.8161    61      817.5262      795.1438  5162799    2.74%            x6_3 D 154844 154842     48
 154981 84159      802.9386    24      817.5262      795.1555  5168196    2.74%            x4_6 N 154981 143814     13
 155110 84222      815.9592    66      817.5262      795.1590  5174087    2.74%          x17_36 N 155110 155108     30
 155249 84305        cutoff            817.5262      795.1697  5178795    2.73%          x31_33 D 155249 155248     31
 155385 84375      815.2090    49      817.5262      795.1770  5184424    2.73%            x5_3 N 155385 155384     35
Elapsed time = 1309.65 sec. (3311330.16 ticks, tree = 166.31 MB, solutions = 8)
 155510 84434      804.0142    52      817.5262      795.1842  5190379    2.73%          x22_30 D 155510 155509     26
 155643 84495      812.1842    95      817.5262      795.1926  5195866    2.73%          x35_30 N 155643 155642     30
 155773 84560        cutoff            817.5262      795.2006  5201595    2.73%          x17_22 U 155773 155771     22
 155925 84649        cutoff            817.5262      795.2074  5206715    2.73%           x17_3 D 155925 155924     18
 156081 84764      801.7488    76      817.5262      795.2107  5211171    2.73%            x6_5 N 156081 116758     21
 156217 84837        cutoff            817.5262      795.2196  5216630    2.73%          x17_30 U 156217  60919     25
 156354 84916      812.2533    47      817.5262      795.2348  5221992    2.73%           x27_7 U 156354 156353     43
 156513 85009      800.8033    72      817.5262      795.2437  5227342    2.73%          x31_35 D 156513 156512     35
 156659 85082        cutoff            817.5262      795.2520  5232577    2.72%           x3_25 U 156659 156657     18
 156785 85141        cutoff            817.5262      795.2632  5238443    2.72%          x34_30 D 156785 156784     22
Elapsed time = 1324.37 sec. (3349705.00 ticks, tree = 167.76 MB, solutions = 8)
 156917 85197        cutoff            817.5262      795.2734  5244020    2.72%           x7_30 D 156917 156916     24
 157044 85259      812.2050    82      817.5262      795.2794  5249560    2.72%          x35_33 D 157044 157043     24
 157180 85322        cutoff            817.5262      795.2911  5255198    2.72%           x3_26 U 157180   7257     53
 157296 85373        cutoff            817.5262      795.3009  5260549    2.72%           x5_36 U 157296 157294     18
 157428 85431        cutoff            817.5262      795.3093  5266410    2.72%            x6_3 U 157428 157425     32
 157553 85489      808.2122    61      817.5262      795.3235  5272024    2.72%            x6_5 D 157553 157552     14
 157686 85554      814.0420    42      817.5262      795.3342  5277839    2.71%          x19_34 U 157686 157684     17
 157818 85616      810.1246    34      817.5262      795.3513  5283858    2.71%            x4_6 U 157818 157815     29
 157955 85694      804.9189    57      817.5262      795.3601  5289565    2.71%            x6_3 N 157955 157954     20
 158088 85759        cutoff            817.5262      795.3673  5294680    2.71%          x35_33 U 158088 158086     23
Elapsed time = 1339.21 sec. (3388017.47 ticks, tree = 168.95 MB, solutions = 8)
 158240 85847      804.7147    55      817.5262      795.3752  5300073    2.71%           x2_25 D 158240 158239     26
 158397 85945        cutoff            817.5262      795.3847  5305614    2.71%           x5_25 U 158397 158395     34
 158530 86013      812.9694    34      817.5262      795.3930  5311155    2.71%          x17_36 U 158530  63586     27
 158679 86102      810.3360    34      817.5262      795.3984  5316453    2.71%            x5_3 D 158679 158678     14
 158803 86169      803.7472    68      817.5262      795.4012  5322288    2.71%          x22_27 D 158803 158802     35
 158943 86233      807.6840    69      817.5262      795.4071  5327695    2.71%          x30_32 D 158943 158942     50
 159095 86325      810.3514    56      817.5262      795.4161  5333354    2.70%            x5_3 U 159095 159093     21
 159235 86404      808.5585    26      817.5262      795.4234  5338227    2.70%            x6_3 N 159235 159234     31
 159368 86465        cutoff            817.5262      795.4308  5343565    2.70%          x21_22 U 159368 159366     36
 159478 86504      814.5038    52      817.5262      795.4398  5349784    2.70%            x4_6 U 159478  50032     22
Elapsed time = 1354.03 sec. (3426325.99 ticks, tree = 170.37 MB, solutions = 8)
 159615 86582      814.4798    88      817.5262      795.4491  5354997    2.70%          x21_22 D 159615 159614     25
 159746 86655      812.8036    89      817.5262      795.4552  5360271    2.70%            x5_4 U 159746 159745     39
 159888 86731      804.7590    36      817.5262      795.4633  5365735    2.70%           x7_27 D 159888 159887     21
 160039 86818      798.8389    66      817.5262      795.4710  5371065    2.70%            x3_4 N 160039  58718     22
 160175 86889      817.4359    32      817.5262      795.4825  5376676    2.70%            x4_5 D 160175 160174     17
 160310 86944      810.9246    68      817.5262      795.4908  5382687    2.70%           x5_22 D 160310 160309     31
 160437 86998      804.1283    58      817.5262      795.4994  5388464    2.69%           x17_5 D 160437 160436     28
 160567 87062        cutoff            817.5262      795.5128  5393576    2.69%            x4_3 U 160567 160565     21
 160687 87107      812.1228    34      817.5262      795.5208  5399272    2.69%           x17_4 D 160687 160686     23
 160826 87166        cutoff            817.5262      795.5336  5404553    2.69%           x17_3 D 160826 160823     36
Elapsed time = 1368.76 sec. (3464647.85 ticks, tree = 171.50 MB, solutions = 8)
 160953 87225      814.1037    75      817.5262      795.5461  5410630    2.69%           x2_25 D 160953 160951     20
 161087 87273      811.8663    34      817.5262      795.5545  5416595    2.69%            x4_6 U 161087  65132     18
 161232 87336      808.7245    41      817.5262      795.5634  5422360    2.69%          x30_32 N 161232 139423     23
 161379 87412        cutoff            817.5262      795.5712  5428177    2.69%           x7_33 D 161379 161377     40
 161519 87486        cutoff            817.5262      795.5810  5434189    2.68%            x6_3 D 161519 161518     20
 161637 87530      807.7739    49      817.5262      795.5896  5440429    2.68%           x7_19 D 161637  41870     21
 161782 87602      803.6205    63      817.5262      795.5971  5446502    2.68%            x5_4 N 161782  68547     29
 161925 87665        cutoff            817.5262      795.6038  5452431    2.68%           x6_36 U 161925 161923     34
 162074 87745      805.1008    50      817.5262      795.6136  5458212    2.68%            x5_3 D 162074 162073     21
 162215 87816      797.6173    50      817.5262      795.6220  5464128    2.68%            x5_4 N 162215  54155     25
Elapsed time = 1384.02 sec. (3503027.99 ticks, tree = 172.68 MB, solutions = 8)
 162338 87884      815.8910    29      817.5262      795.6298  5470178    2.68%            x6_5 D 162338 162337     18
 162483 87957        cutoff            817.5262      795.6440  5476228    2.68%          x17_25 U 162483  90560     21
 162629 88038        cutoff            817.5262      795.6578  5482004    2.67%          x32_33 U 162629 162627     35
 162754 88097      809.6269    45      817.5262      795.6644  5488003    2.67%           x17_5 D 162754 162752     34
 162876 88142        cutoff            817.5262      795.6733  5494258    2.67%           x17_3 U 162876 162873     27
 163008 88196      809.7061    83      817.5262      795.6827  5500123    2.67%          x21_36 U 163008  28633     97
 163148 88262      816.6261    40      817.5262      795.6933  5506008    2.67%          x33_35 D 163148 163147     40
 163288 88334      810.2681    54      817.5262      795.7001  5512135    2.67%          x18_32 D 163288 163287     18
 163414 88383      802.7343    21      817.5262      795.7149  5518160    2.67%           x3_25 D 163414 163412     24
 163997 88680      813.1736    42      817.5262      795.7411  5541342    2.66%          x17_22 D 163997 163996     28
Elapsed time = 1403.92 sec. (3552770.07 ticks, tree = 174.26 MB, solutions = 8)
 164546 88917      813.1895    39      817.5262      795.7788  5565187    2.66%            x5_4 D 164546 164545     32
 165103 89197        cutoff            817.5262      795.8168  5588628    2.66%            x6_3 D 165103 165102     24
 165652 89475        cutoff            817.5262      795.8549  5612626    2.65%            x4_6 U 165652 165650     24
 166241 89785      812.5340    48      817.5262      795.8870  5635839    2.65%            x4_5 D 166241 166240     26
 166835 90094      813.0189    91      817.5262      795.9280  5658395    2.64%          x35_33 D 166835 166834     36
 167395 90360      813.1512    44      817.5262      795.9670  5682409    2.64%            x6_3 U 167395 167393     23
 167983 90700        cutoff            817.5262      795.9991  5702682    2.63%            x5_4 D 167983 167982     22
 168516 90964        cutoff            817.5262      796.0301  5724431    2.63%            x6_3 D 168516 168515     30
 169064 91187      809.4593    50      817.5262      796.0694  5747339    2.62%           x3_25 N 169064  48058     31
 169636 91443      803.9245    55      817.5262      796.1019  5771540    2.62%          x17_36 D 169636 169635     31
Elapsed time = 1464.40 sec. (3705475.98 ticks, tree = 179.84 MB, solutions = 8)
 170218 91749      813.7465    49      817.5262      796.1348  5794715    2.62%           x17_3 D 170218 170217     19
 170768 92001      812.7092    93      817.5262      796.1664  5818671    2.61%            x6_3 N 170768 170767     23
 171295 92238        cutoff            817.5262      796.2019  5841755    2.61%            x4_6 U 171295 171293     22
 171859 92483      802.1204    52      817.5262      796.2425  5865406    2.60%          x17_36 N 171859  89484     23
 172409 92716      815.9289    28      817.5262      796.2886  5887809    2.60%            x6_3 U 172409 172407     42
 173009 93013      807.6155   106      817.5262      796.3299  5910166    2.59%          x17_25 D 173009 173008     31
 173564 93273      815.3075    32      817.5262      796.3598  5933811    2.59%            x4_5 D 173564 173563     27
 174158 93591      815.7831    30      817.5262      796.3985  5955721    2.58%           x7_26 U 174158  84634     29
 174731 93852      816.8403    50      817.5262      796.4263  5979103    2.58%            x2_4 D 174731 174730     26
 175314 94139      810.3538    38      817.5262      796.4696  6002515    2.58%          x30_37 U 175314 175313     52
Elapsed time = 1524.97 sec. (3858251.70 ticks, tree = 185.85 MB, solutions = 8)
 175900 94420        cutoff            817.5262      796.4991  6024961    2.57%          x21_22 U 175900 175898     33
 176446 94656      813.1942    56      817.5262      796.5282  6048056    2.57%           x2_25 N 176446 128552     18
 176995 94886      811.2428    42      817.5262      796.5617  6071741    2.56%            x6_5 N 176995  58913     23
 177583 95198      809.0710    26      817.5262      796.5939  6094436    2.56%            x5_3 D 177583 177582     22
 178129 95435        cutoff            817.5262      796.6251  6117555    2.56%           x17_5 D 178129 178128     32
 178706 95736      812.0215    61      817.5262      796.6571  6139525    2.55%           x17_3 D 178706 178705     27
 179265 95985      816.9699    58      817.5262      796.6877  6162060    2.55%            x6_3 D 179265 179264     19
 179824 96242      808.0058    47      817.5262      796.7232  6185755    2.54%          x19_34 N 179824  68258     16
 180384 96491        cutoff            817.5262      796.7557  6208520    2.54%            x4_6 U 180384 180381     25
 180918 96741      815.2194    49      817.5262      796.7896  6233017    2.54%           x2_25 D 180918 180917     23
Elapsed time = 1585.73 sec. (4011030.89 ticks, tree = 192.98 MB, solutions = 8)
 181471 97015        cutoff            817.5262      796.8155  6255327    2.53%           x7_33 D 181471 181470     37
 182003 97268      812.6021    26      817.5262      796.8457  6279111    2.53%          x33_35 N 182003 182002     32
 182579 97572      817.4418    46      817.5262      796.8694  6301616    2.53%          x11_32 D 182579 182578     57
 183156 97835        cutoff            817.5262      796.8997  6324164    2.52%           x27_7 D 183156 183153     24
 183696 98064      817.0007    94      817.5262      796.9301  6345629    2.52%            x6_3 D 183696 183695     26
 184226 98272      812.7733    68      817.5262      796.9675  6368851    2.51%            x6_3 D 184226 184225     34
 184779 98493        cutoff            817.5262      796.9970  6392322    2.51%           x3_36 U 184779  46812     23
 185341 98724      811.1782    98      817.5262      797.0346  6415120    2.51%           x17_3 D 185341 185340     33
 185908 98982      808.1063    79      817.5262      797.0628  6438221    2.50%            x3_4 D 185908 185907     23
 186432 99224      813.0556    84      817.5262      797.0855  6461057    2.50%          x17_30 D 186432 186431     34
Elapsed time = 1646.20 sec. (4163706.13 ticks, tree = 198.65 MB, solutions = 8)
 187014 99516      813.8219    26      817.5262      797.1170  6483229    2.50%          x22_27 D 187014 187013     33
 187603 99792      804.7820    65      817.5262      797.1456  6506079    2.49%           x3_25 D 187603 187601     18
 188187 100057        cutoff            817.5262      797.1766  6528923    2.49%           x5_26 U 188187  38584     47
 188730 100302      809.0348    58      817.5262      797.2028  6552708    2.49%          x17_22 D 188730 188729     20
 189284 100527      810.7315    72      817.5262      797.2315  6573921    2.48%           x17_3 D 189284 189283     25
 189846 100775      810.5006    75      817.5262      797.2667  6596946    2.48%           x2_25 D 189846 189844     29
 190370 100987      816.8992    61      817.5262      797.3004  6621100    2.47%           x3_25 D 190370 190368     14
 190887 101159      816.0816    67      817.5262      797.3390  6644752    2.47%           x7_27 D 190887 190886     27
 191458 101422      811.6239    58      817.5262      797.3730  6668009    2.47%           x5_36 U 191458  23468     25
 192034 101701      812.2832   109      817.5262      797.4048  6689784    2.46%          x31_33 D 192034 192032     41
Elapsed time = 1706.91 sec. (4316463.42 ticks, tree = 204.25 MB, solutions = 8)
 192575 101916        cutoff            817.5262      797.4371  6712184    2.46%           x6_22 D 192575 192574     18
 193134 102175        cutoff            817.5262      797.4609  6735508    2.45%           x17_5 D 193134 193133     42
 193674 102382      811.5569    65      817.5262      797.4871  6758893    2.45%          x21_22 U 193674  38891     23
 194234 102640        cutoff            817.5262      797.5198  6781731    2.45%          x17_36 U 194234 194232     22
 194793 102880        cutoff            817.5262      797.5436  6804664    2.44%          x17_36 U 194793 194791     38
 195327 103096      815.0136    51      817.5262      797.5868  6828457    2.44%          x22_27 N 195327  82691     30
 195888 103357      804.5749    65      817.5262      797.6190  6850884    2.44%           x17_3 D 195888 195887     25
 196467 103616      817.4007    30      817.5262      797.6487  6872621    2.43%            x3_4 N 196467 196466     27
 197025 103882        cutoff            817.5262      797.6761  6895341    2.43%           x27_7 U 197025 197024     30
 197588 104140      811.9702    64      817.5262      797.7057  6918596    2.42%            x5_3 D 197588 197587     21
Elapsed time = 1767.48 sec. (4469180.36 ticks, tree = 209.00 MB, solutions = 8)
 198129 104338      805.5043    50      817.5262      797.7422  6941132    2.42%          x35_32 N 198129 169868     20
 198645 104521      815.6884    62      817.5262      797.7729  6964686    2.42%          x26_25 D 198645 198644     36
 199192 104740      811.0455    32      817.5262      797.8034  6987911    2.41%          x32_33 U 199192 199191     35
 199716 104951        cutoff            817.5262      797.8303  7011098    2.41%           x6_36 U 199716 199714     32
 200250 105149      816.2215    30      817.5262      797.8542  7033660    2.41%           x22_4 D 200250 200249     32
 200822 105395      809.6714    38      817.5262      797.8851  7055980    2.40%          x19_30 D 200822 200821     24
 201352 105598      811.1419    53      817.5262      797.9170  7079490    2.40%          x36_25 U 201352  57047     23
 201929 105844      815.9213    53      817.5262      797.9479  7100897    2.39%            x2_4 D 201929 201928     33
 202481 106054      809.4504    55      817.5262      797.9885  7124121    2.39%          x22_27 D 202481 202480     31
 203039 106300        cutoff            817.5262      798.0159  7145446    2.39%           x17_3 D 203039 203038     45
Elapsed time = 1827.80 sec. (4621896.51 ticks, tree = 213.51 MB, solutions = 8)
 203580 106514      806.2552    89      817.5262      798.0430  7169101    2.38%            x4_6 N 203580  61866     30
 204146 106769      805.7437    74      817.5262      798.0703  7192401    2.38%           x17_3 U 204146 156402     32
 204725 107039        cutoff            817.5262      798.0901  7214478    2.38%           x5_25 U 204725 204723     38
 205282 107302      815.7577    87      817.5262      798.1203  7237182    2.37%            x6_3 N 205282 205281     22
 205854 107569      813.8166    62      817.5262      798.1486  7259802    2.37%           x17_5 D 205854 205853     27
 206385 107768      817.2575    44      817.5262      798.1751  7283774    2.37%            x4_5 D 206385 206384     26
 206921 107964      814.2237    64      817.5262      798.2012  7307058    2.36%            x6_5 U 206921 206918     32
 207478 108223      813.7424    71      817.5262      798.2325  7329202    2.36%           x6_26 D 207478 207477     21
 208028 108481      813.1224    73      817.5262      798.2551  7351717    2.36%          x17_22 D 208028 208027     30
 208557 108686      815.7790    34      817.5262      798.2913  7375010    2.35%          x18_32 D 208557 208556     32
Elapsed time = 1888.22 sec. (4774615.27 ticks, tree = 218.63 MB, solutions = 8)
 209132 108962      807.5350    34      817.5262      798.3171  7396746    2.35%            x5_4 N 209132 209131     28
 209700 109188      817.1360    80      817.5262      798.3461  7418485    2.35%          x35_30 N 209700 209698     33
 210237 109403      813.4087    28      817.5262      798.3806  7440679    2.34%           x17_3 N 210237 210236     24
 210838 109724      811.6091    55      817.5262      798.4106  7462350    2.34%            x4_6 D 210838 210837     26
 211393 109942      810.0196    54      817.5262      798.4407  7484812    2.33%            x6_5 U 211393 101776     15
 211980 110236      809.5687    68      817.5262      798.4619  7505850    2.33%           x7_26 D 211980 211979     28
 212529 110447      817.4325    39      817.5262      798.4873  7527825    2.33%          x18_32 U 212529  99600     21
 213100 110714        cutoff            817.5262      798.5140  7549758    2.33%           x17_3 U 213100 213098     31
 213664 110990      809.8880    43      817.5262      798.5445  7571897    2.32%          x25_22 U 213664 213662     37
 214242 111255        cutoff            817.5262      798.5727  7593496    2.32%            x4_6 U 214242 214240     18
Elapsed time = 1947.33 sec. (4927384.56 ticks, tree = 224.13 MB, solutions = 8)
 214767 111468      810.8049    54      817.5262      798.6037  7616394    2.31%          x34_33 D 214767 214765     30
 215320 111697        cutoff            817.5262      798.6282  7638676    2.31%           x0_35 D 215320 215319     29
 215847 111901      808.2717    89      817.5262      798.6617  7660627    2.31%            x2_4 N 215847  70717     35
 216388 112124      812.4620    47      817.5262      798.6828  7683468    2.30%          x30_37 N 216388  81450     16
 216938 112374      813.2093    61      817.5262      798.7138  7705635    2.30%           x17_5 U 216938 216937     37
 217474 112608        cutoff            817.5262      798.7426  7728617    2.30%           x27_7 U 217474 217473     28
 218054 112893      814.6756    67      817.5262      798.7679  7750423    2.29%          x17_22 D 218054 218053     37
 218569 113086      814.3802    77      817.5262      798.7927  7773453    2.29%          x19_34 N 218569 121694     21
 219108 113295      815.3417    56      817.5262      798.8205  7796453    2.29%           x7_19 N 219108 219107     14
 219664 113487      813.3199    44      817.5262      798.8531  7818340    2.28%            x5_4 U 219664 162444     12
Elapsed time = 2007.16 sec. (5080232.34 ticks, tree = 228.73 MB, solutions = 8)
 220251 113703        cutoff            817.5262      798.8854  7840000    2.28%            x6_3 D 220251 220250     21
 220800 113927      809.7624    50      817.5262      798.9115  7861881    2.28%           x7_19 N 220800  81600     19
 221335 114139      812.9347    47      817.5262      798.9366  7884205    2.27%           x2_25 D 221335 221333     26
 221928 114422        cutoff            817.5262      798.9587  7905869    2.27%          x32_35 U 221928 221927     21
 222477 114648        cutoff            817.5262      798.9792  7928324    2.27%          x30_37 U 222477 222476     26
 223015 114870        cutoff            817.5262      799.0039  7950665    2.27%            x3_4 D 223015 223014     25
 223557 115094        cutoff            817.5262      799.0285  7973051    2.26%          x14_19 U 223557  66186     18
 224105 115331        cutoff            817.5262      799.0583  7994861    2.26%           x7_21 D 224105 224104     29
 224685 115620      804.8961    63      817.5262      799.0855  8015938    2.26%          x19_36 D 224685 224684     40
 225223 115829        cutoff            817.5262      799.1159  8037928    2.25%          x17_22 U 225223 122561     33
Elapsed time = 2066.45 sec. (5233104.48 ticks, tree = 233.88 MB, solutions = 8)
 225808 116103      805.6808    53      817.5262      799.1453  8059094    2.25%            x6_3 U 225808 122594     27
 226377 116350      808.7724    49      817.5262      799.1744  8080567    2.24%          x33_31 D 226377 226376     27
 226936 116598        cutoff            817.5262      799.1986  8102567    2.24%           x2_25 D 226936 226934     19
 227498 116837      817.0539    72      817.5262      799.2189  8124030    2.24%           x3_25 N 227498 227497     33
 228050 117062      813.6763    98      817.5262      799.2403  8145790    2.24%          x22_27 N 228050  61878     42
 228640 117322      804.1154    68      817.5262      799.2687  8168512    2.23%          x35_33 D 228640  45790     19
 229200 117576      808.3085    72      817.5262      799.2905  8190470    2.23%            x5_3 N 229200 229199     27
 229756 117793      812.8372    27      817.5262      799.3142  8212884    2.23%           x7_21 D 229756 229755     32
 230326 118025      807.1780    47      817.5262      799.3329  8234879    2.23%          x31_33 D 230326  87762     26
 230840 118190      811.1300    44      817.5262      799.3608  8258213    2.22%          x35_30 N 230840  97991     24
Elapsed time = 2125.87 sec. (5386131.56 ticks, tree = 240.25 MB, solutions = 8)
 231395 118416      808.5969    47      817.5262      799.3862  8280642    2.22%            x5_3 D 231395 231394     30
 231913 118583        cutoff            817.5262      799.4188  8302265    2.21%           x2_25 U 231913 133148     27
 232431 118779      811.3530    84      817.5262      799.4438  8324808    2.21%          x17_36 D 232431 232430     32
 232989 119045      809.6287    78      817.5262      799.4648  8346474    2.21%           x3_36 N 232989 232988     38
 233500 119218        cutoff            817.5262      799.4966  8369348    2.21%            x6_3 D 233500 233499     27
 234041 119422      802.4860    34      817.5262      799.5250  8391182    2.20%            x6_5 D 234041 234040     25
 234576 119607      808.9021    57      817.5262      799.5475  8413740    2.20%            x6_5 D 234576 234575     22
 235101 119795      809.6026    51      817.5262      799.5680  8435941    2.20%          x21_36 N 235101  38029     22
 235614 119959      811.2748    41      817.5262      799.5958  8457055    2.19%          x34_37 D 235614 235613     40
 236134 120171      810.7447    38      817.5262      799.6142  8478447    2.19%           x3_36 D 236134 236133     24
Elapsed time = 2185.38 sec. (5538841.61 ticks, tree = 245.60 MB, solutions = 8)
 236656 120348      811.5333    70      817.5262      799.6395  8500218    2.19%          x35_33 D 236656 236655     36
 237190 120547      813.3878    39      817.5262      799.6649  8522755    2.18%            x3_4 U 237190 153693     29
 237698 120739      811.4048    91      817.5262      799.6907  8545432    2.18%            x3_4 N 237698 237697     21
 238251 120964      817.5153    51      817.5262      799.7122  8566707    2.18%          x17_22 N 238251 238250     52
 238780 121160        cutoff            817.5262      799.7346  8588198    2.18%          x28_22 U 238780  50583     24
 239335 121386      817.4027    60      817.5262      799.7549  8609926    2.17%           x3_25 U 239335 239333     18
 239885 121612      805.8485    32      817.5262      799.7758  8630783    2.17%            x6_5 N 239885  58952     24
 240440 121857        cutoff            817.5262      799.8017  8652567    2.17%          x17_26 U 240440  73206     24
 240967 122063        cutoff            817.5262      799.8251  8674451    2.17%            x4_6 U 240967 240965     24
 241529 122281      816.3144    34      817.5262      799.8468  8695639    2.16%           x7_27 U 241529 241527     39
Elapsed time = 2244.57 sec. (5691595.88 ticks, tree = 250.60 MB, solutions = 8)
 242057 122470      807.9764    73      817.5262      799.8720  8718417    2.16%            x5_3 U 242057 166826     28
 242594 122632        cutoff            817.5262      799.8917  8740530    2.16%          x35_30 D 242594 242593     32
 243130 122843      812.7945    69      817.5262      799.9142  8761409    2.15%           x2_25 D 243130 243129     18
 243705 123079      813.6195    49      817.5262      799.9382  8783766    2.15%          x21_36 N 243705  79506     24
 244238 123267      814.4778    72      817.5262      799.9667  8805364    2.15%          x21_22 U 244238  19639     29
 244761 123444      806.9522    37      817.5262      799.9923  8828184    2.14%           x17_3 N 244761 244760     19
 245334 123672        cutoff            817.5262      800.0136  8849479    2.14%            x6_5 U 245334 245332     24
 245881 123879      810.7370    57      817.5262      800.0355  8871994    2.14%          x17_22 N 245881 245880     30
 246410 124054        cutoff            817.5262      800.0617  8894533    2.14%            x5_4 U 246410 246408     23
 246958 124274      812.4902    35      817.5262      800.0830  8916730    2.13%          x17_36 U 246958  55926     22
Elapsed time = 2304.10 sec. (5844450.43 ticks, tree = 254.88 MB, solutions = 8)
 247456 124425        cutoff            817.5262      800.1069  8937494    2.13%          x18_19 U 247456  89089     28
 247987 124603        cutoff            817.5262      800.1292  8959988    2.13%          x19_30 U 247987 247985     25
 248520 124793        cutoff            817.5262      800.1489  8981016    2.13%           x17_5 D 248520 248519     37
 249088 125018        cutoff            817.5262      800.1735  9001903    2.12%          x36_25 U 249088 249086     31
 249630 125205      808.6495    90      817.5262      800.1933  9023690    2.12%           x7_30 D 249630 249629     32
 250152 125362        cutoff            817.5262      800.2180  9045793    2.12%          x18_32 U 250152 131227     21
 250701 125554      815.4467    71      817.5262      800.2451  9067560    2.11%           x17_5 D 250701 250700     35
 251228 125720      814.5535    36      817.5262      800.2717  9088627    2.11%           x7_19 U 251228 251227     29
 251750 125888      804.9887    50      817.5262      800.2987  9110745    2.11%           x27_7 N 251750  53524     26
 252267 126056        cutoff            817.5262      800.3192  9132084    2.10%            x4_6 U 252267 105189     23
Elapsed time = 2362.87 sec. (5997275.68 ticks, tree = 258.75 MB, solutions = 8)
 252799 126245      810.3271    75      817.5262      800.3456  9154452    2.10%          x34_30 U 252799 177010     21
 253347 126433      812.3183    52      817.5262      800.3720  9176552    2.10%          x30_32 D 253347 253346     34
 253858 126601        cutoff            817.5262      800.3996  9199099    2.09%          x36_27 D 253858 253857     27
 254357 126732      812.0756   102      817.5262      800.4245  9221186    2.09%           x7_27 N 254357 161957     34
 254891 126930      808.7520    56      817.5262      800.4439  9242596    2.09%          x30_32 D 254891 254890     32
 255448 127125        cutoff            817.5262      800.4644  9265037    2.09%           x7_19 D 255448 135030     19
 255978 127302        cutoff            817.5262      800.4843  9286408    2.08%            x3_4 U 255978 255976     26
 256474 127421      812.9492   101      817.5262      800.5104  9309143    2.08%            x6_5 N 256474 110579     39
 257009 127591        cutoff            817.5262      800.5313  9330309    2.08%          x25_27 D 257009 257008     27
 257536 127774      817.3242    45      817.5262      800.5544  9352494    2.08%          x19_14 N 257536 257535     36
Elapsed time = 2422.00 sec. (6150056.44 ticks, tree = 262.26 MB, solutions = 8)
 258080 127999      810.7202    37      817.5262      800.5713  9373532    2.07%           x5_36 N 258080 258079     32
 258615 128197        cutoff            817.5262      800.5947  9394518    2.07%          x34_33 D 258615 258614     25
 259140 128401        cutoff            817.5262      800.6118  9415365    2.07%          x35_33 U 259140 259138     32
 259659 128572        cutoff            817.5262      800.6328  9437436    2.07%          x18_32 D 259659 259658     16
 260227 128798      816.3145    78      817.5262      800.6528  9458147    2.06%           x17_5 D 260227 260226     30
 260768 128993      813.0939    66      817.5262      800.6741  9479513    2.06%            x6_3 U 260768 227569     41
 261314 129188      807.6236    52      817.5262      800.6968  9501228    2.06%            x2_4 N 261314  96650     27
 261863 129355        cutoff            817.5262      800.7227  9522853    2.06%           x3_25 U 261863 261861     26
 262392 129534      807.5276    30      817.5262      800.7448  9544580    2.05%          x17_22 N 262392 262391     21
 262890 129656        cutoff            817.5262      800.7726  9567330    2.05%          x21_22 U 262890 103871     25
Elapsed time = 2480.45 sec. (6302765.13 ticks, tree = 266.91 MB, solutions = 8)
 263414 129849        cutoff            817.5262      800.7938  9589614    2.05%           x27_7 D 263414 263412     25
 263959 130028      810.9130    32      817.5262      800.8127  9610693    2.04%            x3_4 N 263959 263958     29
 264515 130261      812.5403    46      817.5262      800.8283  9631367    2.04%           x7_21 D 264515 264513     38
 265022 130409      817.0385    41      817.5262      800.8475  9652555    2.04%            x6_5 D 265022 265021     26
 265586 130578      815.5459    41      817.5262      800.8745  9673572    2.04%          x17_22 D 265586 265585     22
 266120 130763      816.2453    35      817.5262      800.8963  9694581    2.03%           x17_5 N 266120 266119     28
 266659 130950      813.5625    53      817.5262      800.9220  9716364    2.03%            x5_3 N 266659 266657     29
 267224 131149      815.9910    52      817.5262      800.9444  9738340    2.03%            x6_3 D 267224 267223     15
 267754 131328      816.4518    61      817.5262      800.9619  9760094    2.03%           x3_25 D 267754 267753     40
 268284 131504        cutoff            817.5262      800.9823  9781480    2.02%           x6_36 U 268284  93843     27
Elapsed time = 2538.98 sec. (6455547.50 ticks, tree = 273.54 MB, solutions = 8)
 268807 131698      813.4017    60      817.5262      801.0034  9801784    2.02%          x17_25 D 268807 268806     26
 269300 131848        cutoff            817.5262      801.0221  9823378    2.02%            x5_4 U 269300 269298     25
 269795 132000      817.4894    48      817.5262      801.0455  9844435    2.02%            x6_3 D 269795 269794     25
 270304 132164        cutoff            817.5262      801.0669  9865666    2.01%            x2_4 U 270304 270301     23
 270815 132343      812.2847    54      817.5262      801.0863  9886810    2.01%            x5_4 N 270815 149791     29
 271344 132519      816.8865    47      817.5262      801.1044  9906518    2.01%           x25_4 D 271344 271343     26
 271848 132698        cutoff            817.5262      801.1235  9926872    2.01%           x7_21 U 271848 156412     42
 272391 132883      816.1187    61      817.5262      801.1448  9947186    2.00%           x7_19 N 272391  64763     19
 272878 133000        cutoff            817.5262      801.1663  9969244    2.00%            x6_3 U 272878 272876     24
 273390 133175      812.0190    55      817.5262      801.1882  9990387    2.00%            x2_4 N 273390 273389     29
Elapsed time = 2596.78 sec. (6608309.51 ticks, tree = 276.86 MB, solutions = 8)
 273941 133398        cutoff            817.5262      801.2077 10011571    2.00%           x2_25 D 273941 273940     21
 274448 133556      804.4298    61      817.5262      801.2320 10031536    1.99%          x17_36 D 274448   2866     31
 274990 133774      804.2922    31      817.5262      801.2496 10052099    1.99%            x6_5 N 274990 274989     24
 275510 133953      812.2148    56      817.5262      801.2780 10072927    1.99%          x30_32 D 275510 275509     21
 276033 134135        cutoff            817.5262      801.2952 10093059    1.99%            x4_3 U 276033 276031     36
 276530 134282      808.5525    61      817.5262      801.3149 10114341    1.98%            x4_6 N 276530 150457     19
 277082 134507        cutoff            817.5262      801.3328 10134388    1.98%          x21_22 U 277082  67033     42
 277624 134717        cutoff            817.5262      801.3510 10154332    1.98%           x7_26 U 277624 186849     33
 278139 134884      810.4202    75      817.5262      801.3674 10174671    1.98%            x6_3 U 278139 132448     26
 278660 135055      812.6175    97      817.5262      801.3852 10194922    1.97%           x27_7 U 278660 278659     49
Elapsed time = 2654.36 sec. (6761167.57 ticks, tree = 280.87 MB, solutions = 8)
 279185 135250      814.8657    80      817.5262      801.4075 10215540    1.97%            x6_3 D 279185 279184     32
 279707 135434        cutoff            817.5262      801.4278 10236743    1.97%          x31_34 U 279707 112970     25
 280186 135575      815.7111    32      817.5262      801.4440 10256872    1.97%           x5_17 N 280186 280184     38
 280661 135695        cutoff            817.5262      801.4611 10276975    1.97%           x17_3 U 280661 186974     26
 281184 135872        cutoff            817.5262      801.4852 10297631    1.96%          x19_14 U 281184  78629     30
 281691 136026        cutoff            817.5262      801.5045 10318722    1.96%            x4_6 U 281691 281689     19
 282220 136186        cutoff            817.5262      801.5262 10339395    1.96%           x6_36 U 282220  82408     37
 282719 136336      816.0921    28      817.5262      801.5426 10359523    1.96%            x5_3 N 282719 182431     32
 283226 136505        cutoff            817.5262      801.5593 10380155    1.95%           x3_25 U 283226 283224     24
 283761 136692      810.8410    64      817.5262      801.5782 10400448    1.95%           x27_7 D 283761  49221     26
Elapsed time = 2711.99 sec. (6913986.84 ticks, tree = 284.60 MB, solutions = 8)
 284299 136846      808.6428    55      817.5262      801.6013 10420593    1.95%          x17_22 D 284299 284298     26
 284815 136973        cutoff            817.5262      801.6254 10442184    1.94%          x17_25 U 284815 230407     23
 285298 137092      817.4049    36      817.5262      801.6454 10463380    1.94%            x6_3 D 285298 285297     31
 285840 137310        cutoff            817.5262      801.6612 10483165    1.94%            x3_4 U 285840 285839     22
 286331 137427      812.7300    51      817.5262      801.6827 10502226    1.94%            x6_3 U 286331 286328     26
 286797 137568      812.1587    54      817.5262      801.7031 10522060    1.94%            x6_3 D 286797 286796     26
 287291 137692      807.2138    69      817.5262      801.7243 10542354    1.93%            x5_3 N 287291 183163     18
 287799 137836        cutoff            817.5262      801.7402 10563737    1.93%          x17_22 D 287799 287798     27
 288294 137966      810.0440    61      817.5262      801.7610 10584704    1.93%           x17_3 D 288294 288293     31
 288799 138154      817.2507    65      817.5262      801.7770 10605156    1.93%          x19_22 N 288799 288797     33
Elapsed time = 2769.71 sec. (7066802.94 ticks, tree = 290.04 MB, solutions = 8)
 289352 138379        cutoff            817.5262      801.7905 10624828    1.92%          x21_36 U 289352 289350     21
 289878 138559        cutoff            817.5262      801.8090 10644854    1.92%            x5_4 U 289878 289876     16
 290381 138686        cutoff            817.5262      801.8297 10665575    1.92%            x4_6 D 290381 290380     18
 290882 138827        cutoff            817.5262      801.8500 10686110    1.92%          x31_22 U 290882  38383     38
 291400 138984      817.1690    63      817.5262      801.8677 10706465    1.92%          x36_25 U 291400 291398     32
 291904 139081      814.4637    67      817.5262      801.8885 10728121    1.91%          x31_33 N 291904 276769     36
 292409 139239      816.0701    81      817.5262      801.9064 10748028    1.91%            x6_3 N 292409 292408     23
 292927 139413      812.8499    50      817.5262      801.9265 10768244    1.91%            x4_6 D 292927 292926     64
 293450 139579      816.1742    46      817.5262      801.9439 10788467    1.91%            x3_4 D 293450 293448     27
 293953 139708      813.7610    41      817.5262      801.9629 10808815    1.90%          x17_36 D 293953 293952     38
Elapsed time = 2826.95 sec. (7219591.83 ticks, tree = 293.77 MB, solutions = 8)
 294455 139859        cutoff            817.5262      801.9794 10828813    1.90%           x1_22 U 294455 294453     32
 295000 140059      813.4546    40      817.5262      801.9954 10848090    1.90%          x19_34 U 295000 294999     32
 295489 140173        cutoff            817.5262      802.0147 10868548    1.90%           x2_25 U 295489  34334     30
 295974 140298      803.5433    48      817.5262      802.0313 10889143    1.90%            x5_4 U 295974 136977     28
 296470 140483        cutoff            817.5262      802.0479 10909059    1.89%           x7_35 U 296470 296468     25
 296987 140643        cutoff            817.5262      802.0665 10929132    1.89%          x18_32 U 296987 183308     23
 297495 140797      816.7534    62      817.5262      802.0844 10950407    1.89%          x33_19 N 297495  87101     13
 298025 140952        cutoff            817.5262      802.1015 10970412    1.89%          x21_36 U 298025 298023     28
 298535 141101      813.2452    56      817.5262      802.1208 10991063    1.88%            x6_3 N 298535 206717     17
 299045 141245      816.9230    36      817.5262      802.1408 11012312    1.88%            x6_3 N 299045 299044     17
Elapsed time = 2884.30 sec. (7372497.96 ticks, tree = 298.38 MB, solutions = 8)
 299570 141423      809.9576    32      817.5262      802.1578 11032564    1.88%            x6_3 U 299570 134442     21
 300087 141582        cutoff            817.5262      802.1766 11053482    1.88%          x22_30 U 300087 300085     26
 300601 141741      813.8607    69      817.5262      802.1926 11073256    1.88%          x18_32 N 300601 300599     22
 301118 141924      809.4666    73      817.5262      802.2113 11093678    1.87%           x3_25 D 301118 301117     26
 301610 142031      810.6667    96      817.5262      802.2288 11113343    1.87%           x3_36 D 301610 301609     36
 302110 142148      811.0788    66      817.5262      802.2473 11133530    1.87%            x5_4 D 302110 302109     13
 302605 142288        cutoff            817.5262      802.2676 11154110    1.87%           x2_25 U 302605 139056     22
 303127 142471      808.3041    58      817.5262      802.2820 11174438    1.86%            x6_3 D 303127 303126     37
 303659 142617      807.3496    70      817.5262      802.2966 11194518    1.86%          x35_32 D 303659 303658     24
 304200 142795        cutoff            817.5262      802.3162 11213508    1.86%            x5_4 D 304200 304199     22
Elapsed time = 2941.60 sec. (7525275.85 ticks, tree = 301.99 MB, solutions = 8)
 304714 142930      816.2536    46      817.5262      802.3359 11233463    1.86%          x34_30 D 304714 304713     29
 305231 143099      813.1218    62      817.5262      802.3546 11253501    1.86%          x17_22 N 305231 305230     37
 305756 143271      814.9408    28      817.5262      802.3702 11273240    1.85%           x25_4 N 305756 167706     29
 306266 143395        cutoff            817.5262      802.3900 11293849    1.85%          x17_35 D 306266 306265     54
 306761 143520        cutoff            817.5262      802.4107 11314204    1.85%          x18_19 U 306761  34601     21
 307284 143682      809.5843    78      817.5262      802.4292 11335053    1.85%           x7_22 D 307284 307283     32
 307812 143849      810.0955    53      817.5262      802.4467 11354853    1.84%            x5_4 D 307812 307811     14
 308330 144034      808.7939    75      817.5262      802.4609 11374998    1.84%          x18_32 N 308330 308329     28
 308861 144204      813.0004    59      817.5262      802.4766 11395304    1.84%           x5_25 D 308861 308860     43
 309377 144364        cutoff            817.5262      802.4937 11415315    1.84%           x7_30 D 309377 309376     32
Elapsed time = 2998.51 sec. (7678001.29 ticks, tree = 305.50 MB, solutions = 8)
 309899 144515        cutoff            817.5262      802.5120 11435667    1.84%           x3_36 U 309899  52846     29
 310428 144706      816.5781    42      817.5262      802.5270 11455891    1.83%          x31_18 D 310428 310427     37
 310928 144792      806.6165    41      817.5262      802.5466 11477103    1.83%            x6_5 N 310928 180730     29
 311459 144982      815.8928    35      817.5262      802.5620 11496955    1.83%            x3_4 D 311459 311458     16
 311920 145092      808.3340    60      817.5262      802.5800 11515985    1.83%           x17_5 U 311920  89457     36
 312397 145170      809.7185    41      817.5262      802.6024 11537372    1.83%           x17_3 D 312397 312396     42
 312915 145304        cutoff            817.5262      802.6225 11556897    1.82%           x2_25 U 312915 194973     23
 313440 145449      816.5459    58      817.5262      802.6434 11577190    1.82%          x18_32 U 313440 105010     21
 313976 145599      814.1113    68      817.5262      802.6607 11596483    1.82%          x19_30 N 313976 226352     30
 314502 145749      817.2828    52      817.5262      802.6762 11616414    1.82%          x21_22 D 314502 314501     38
Elapsed time = 3055.69 sec. (7830836.25 ticks, tree = 308.53 MB, solutions = 8)
 314995 145860      809.4258    62      817.5262      802.6937 11637097    1.81%          x34_32 D 314995 314994     24
 315526 145995      810.8690    67      817.5262      802.7103 11656649    1.81%            x5_4 D 315526 315525     30
 316033 146137      813.2564    56      817.5262      802.7292 11677231    1.81%            x5_3 D 316033 316032     23
 316540 146274        cutoff            817.5262      802.7459 11696960    1.81%          x19_30 D 316540 316539     27
 317090 146462      813.8491    64      817.5262      802.7594 11716852    1.81%           x17_3 D 317090 317089     33
 317595 146594        cutoff            817.5262      802.7761 11737666    1.80%           x5_25 U 317595  53640     35
 318090 146703        cutoff            817.5262      802.7915 11757386    1.80%            x5_3 U 318090 318088     29
 318597 146821      813.3093    38      817.5262      802.8087 11777278    1.80%          x25_27 D 318597 318596     34
 319114 146981      816.9991    78      817.5262      802.8240 11797659    1.80%            x5_3 D 319114 319113     43
 319612 147105        cutoff            817.5262      802.8434 11818077    1.80%           x2_25 U 319612  98618     17
Elapsed time = 3112.84 sec. (7983566.26 ticks, tree = 311.25 MB, solutions = 8)
 320124 147226        cutoff            817.5262      802.8638 11837949    1.79%           x3_36 U 320124  85682     30
 320635 147375      807.1415    53      817.5262      802.8798 11858687    1.79%            x6_3 D 320635 320634     22
 321164 147524      816.9242    32      817.5262      802.8993 11878644    1.79%           x2_25 N 321164  78326     19
 321679 147653      809.8938    60      817.5262      802.9182 11899250    1.79%           x0_33 D 321679 321678     19
 322196 147802      803.7256    55      817.5262      802.9352 11919486    1.78%            x5_4 N 322196 196528     17
 322726 147982      809.5957    59      817.5262      802.9508 11939944    1.78%            x4_6 N 322726 210286     25
 323222 148105      812.0419    61      817.5262      802.9704 11960742    1.78%            x3_4 N 323222 206719     19
 323714 148208      811.5076    33      817.5262      802.9896 11980947    1.78%          x34_33 D 323714 323713     43
 324246 148367        cutoff            817.5262      803.0092 12000635    1.78%          x31_34 U 324246 324244     28
 324758 148485      815.9924    67      817.5262      803.0282 12020462    1.77%           x17_5 N 324758 324757     24
Elapsed time = 3169.95 sec. (8136356.09 ticks, tree = 313.83 MB, solutions = 8)
 325255 148563      816.2274    58      817.5262      803.0450 12041368    1.77%            x6_3 N 325255 152983     27
 325797 148739        cutoff            817.5262      803.0573 12060275    1.77%           x3_25 U 325797 325795     19
 326300 148890      809.9000    50      817.5262      803.0723 12078611    1.77%           x7_19 U 326300 326299     20
 326815 149021      812.4352    38      817.5262      803.0930 12099108    1.77%          x19_31 N 326815 121305     24
 327316 149121      807.3075   104      817.5262      803.1100 12120124    1.76%           x7_21 N 327316 327315     37
 327821 149242      814.0102    91      817.5262      803.1306 12140869    1.76%           x3_25 D 327821 327820     32
 328303 149309        cutoff            817.5262      803.1469 12162106    1.76%            x6_3 U 328303 157130     22
 328800 149411        cutoff            817.5262      803.1610 12182173    1.76%            x4_6 U 328800 286313     25
 329345 149589        cutoff            817.5262      803.1757 12202407    1.76%           x5_25 U 329345 329343     41
 329871 149732      814.1970    74      817.5262      803.1912 12222784    1.75%          x31_34 U 329871 115021     14
Elapsed time = 3227.01 sec. (8289266.24 ticks, tree = 316.12 MB, solutions = 8)
 330397 149861      817.0863    94      817.5262      803.2064 12243005    1.75%          x18_32 D 330397 330396     25
 330891 149964        cutoff            817.5262      803.2250 12262360    1.75%          x35_32 D 330891 330890     33
 331367 150062        cutoff            817.5262      803.2415 12281936    1.75%            x4_6 U 331367  96472     18
 331859 150173      808.8761    54      817.5262      803.2588 12301995    1.75%           x5_25 D 331859 331858     25
 332392 150345      810.5281    70      817.5262      803.2753 12321032    1.74%          x31_33 N 332392 332391     36
 332907 150442        cutoff            817.5262      803.2895 12340434    1.74%            x5_4 U 332907 332905     25
 333396 150525      816.6419    38      817.5262      803.3100 12361062    1.74%          x17_36 N 333396  47891     26
 333914 150667      815.3244    42      817.5262      803.3264 12380834    1.74%            x4_6 N 333914  80866     16
 334411 150766      811.9439    50      817.5262      803.3410 12400304    1.74%          x18_34 N 334411 334409     54
 334896 150826        cutoff            817.5262      803.3637 12419964    1.73%          x19_18 U 334896  89639     32
Elapsed time = 3284.01 sec. (8442010.72 ticks, tree = 318.32 MB, solutions = 8)
 335430 150986      813.5362    61      817.5262      803.3804 12438928    1.73%          x17_25 D 335430 335429     27
 335948 151101        cutoff            817.5262      803.3957 12458930    1.73%            x6_5 U 335948 335946     25
 336456 151216      809.8981    52      817.5262      803.4131 12478786    1.73%           x22_4 N 336456 336455     25
 336940 151291      814.1394    45      817.5262      803.4336 12499019    1.72%           x3_25 D 336940 336939     23
 337422 151406      810.9681    34      817.5262      803.4493 12517946    1.72%          x34_30 N 337422 164254     36
 337960 151527      809.6072    64      817.5262      803.4655 12537237    1.72%            x6_5 D 337960 337959     31
 338477 151657        cutoff            817.5262      803.4835 12556481    1.72%          x18_32 D 338477 338476     22
 338985 151756      813.8284    26      817.5262      803.5025 12576621    1.72%          x18_35 D 338985 338984     36
 339486 151851        cutoff            817.5262      803.5187 12596959    1.71%            x3_4 U 339486 339484     26
 339981 151907      806.1602    57      817.5262      803.5357 12617952    1.71%           x17_5 N 339981  94506     21
Elapsed time = 3342.59 sec. (8594783.32 ticks, tree = 320.63 MB, solutions = 8)
 340496 152054      814.2001    70      817.5262      803.5522 12638049    1.71%           x17_5 D 340496 340495     31
 341001 152146        cutoff            817.5262      803.5682 12658353    1.71%          x35_33 U 341001 341000     34
 341486 152224        cutoff            817.5262      803.5860 12677605    1.71%          x19_30 U 341486 219233     33
 342022 152383      816.4186    49      817.5262      803.6007 12697367    1.70%          x17_22 D 342022 342021     24
 342507 152457      814.9012    93      817.5262      803.6182 12717594    1.70%            x4_6 D 342507 342506     29
 343000 152544      811.8532    69      817.5262      803.6366 12737094    1.70%          x22_27 N 343000  44441     39
 343509 152648      814.2636    41      817.5262      803.6544 12757418    1.70%            x4_6 N 343509 343508     31
 344005 152750        cutoff            817.5262      803.6696 12778103    1.69%           x0_35 U 344005  71830     53
 344487 152857      816.7118    34      817.5262      803.6868 12797400    1.69%           x17_4 N 344487 344486     23
 344964 152938        cutoff            817.5262      803.7033 12816948    1.69%          x25_22 U 344964 165140     16
Elapsed time = 3401.36 sec. (8747583.21 ticks, tree = 322.64 MB, solutions = 8)
 345460 153078      815.7879    85      817.5262      803.7172 12837049    1.69%          x30_37 U 345460 345459     27
 345948 153174      813.1685    25      817.5262      803.7366 12857621    1.69%            x4_6 D 345948 345947     23
 346449 153297        cutoff            817.5262      803.7527 12878026    1.68%            x6_3 D 346449 346448     23
 346943 153379      816.7393    68      817.5262      803.7692 12897525    1.68%           x7_30 D 346943 346941     29
 347449 153494      815.7772    47      817.5262      803.7882 12917746    1.68%           x3_25 D 347449 347448     21
 347938 153564      807.4126    69      817.5262      803.8061 12936504    1.68%          x35_30 D 347938 192465     40
 348455 153661        cutoff            817.5262      803.8235 12955346    1.68%          x34_30 U 348455  57415     61
 348950 153761      809.1023    44      817.5262      803.8422 12974865    1.67%          x26_25 N 348950 209404     19
 349458 153883      807.1340    69      817.5262      803.8570 12993768    1.67%           x7_30 D 349458 349457     26
 349971 154003      806.5141    18      817.5262      803.8728 13013934    1.67%          x17_25 U 349971 306318     24
Elapsed time = 3458.59 sec. (8900384.01 ticks, tree = 325.33 MB, solutions = 8)
 350445 154093      815.7650    75      817.5262      803.8913 13035327    1.67%          x34_30 D 350445 350444     34
 350947 154222      816.7209    48      817.5262      803.9063 13054886    1.67%          x25_27 D 350947 350946     25
 351437 154312        cutoff            817.5262      803.9220 13073980    1.66%            x2_4 U 351437 242299     21
 351926 154365        cutoff            817.5262      803.9402 13095019    1.66%           x3_22 U 351926  46851     29
 352414 154475        cutoff            817.5262      803.9532 13114258    1.66%            x4_6 U 352414 352412     36
 352905 154558        cutoff            817.5262      803.9692 13134634    1.66%          x35_32 D 352905 352904     28
 353425 154667      805.4154    48      817.5262      803.9836 13154251    1.66%           x7_26 D 353425 353424     31
 353906 154735        cutoff            817.5262      803.9984 13174877    1.65%            x6_5 U 353906 353904     21
 354413 154828      814.8079    61      817.5262      804.0164 13194441    1.65%            x4_6 N 354413 354412     21
 354917 154947      805.3235    36      817.5262      804.0275 13214450    1.65%            x4_6 N 354917 277468     22
Elapsed time = 3515.13 sec. (9053166.44 ticks, tree = 327.11 MB, solutions = 8)
 355379 155000      813.9360    62      817.5262      804.0449 13234009    1.65%            x4_6 N 355379 221937     37
 355921 155160      817.0265    86      817.5262      804.0609 13253291    1.65%           x5_25 D 355921 355920     35
 356434 155263      815.4802    55      817.5262      804.0759 13273068    1.65%          x17_36 D 356434 356433     41
 356948 155411      813.6043    35      817.5262      804.0915 13291420    1.64%          x21_36 N 356948 356947     36
 357434 155518      814.3338    50      817.5262      804.1046 13310766    1.64%            x3_4 U 357434  91352     14
 357916 155592      812.3979    54      817.5262      804.1180 13330267    1.64%            x3_4 U 357916 281344     13
 358400 155663      813.8783    34      817.5262      804.1347 13350475    1.64%            x4_6 U 358400 358397     25
 358878 155717      811.3499    35      817.5262      804.1546 13371201    1.64%          x17_25 D 358878 358877     31
 359360 155762        cutoff            817.5262      804.1737 13390395    1.63%          x35_33 D 359360 359359     30
 359857 155867        cutoff            817.5262      804.1881 13410387    1.63%          x34_32 U 359857 359855     21
Elapsed time = 3571.25 sec. (9205972.83 ticks, tree = 328.88 MB, solutions = 8)
 360371 156001      808.0083    65      817.5262      804.2008 13429779    1.63%           x7_31 N 360371 140053     15
 360898 156089      817.4416    35      817.5262      804.2184 13449716    1.63%            x6_3 D 360898 360897     15
 361374 156121        cutoff            817.5262      804.2357 13469595    1.63%           x3_25 D 361374 361373     27
 361867 156187      811.0455    63      817.5262      804.2521 13488928    1.62%            x4_6 D 361867 361866     27
 362340 156244      813.3581    51      817.5262      804.2729 13509031    1.62%           x7_21 N 362340 362339     24
 362846 156331        cutoff            817.5262      804.2910 13527510    1.62%            x2_4 U 362846 171143     21
 363360 156451      812.6452    71      817.5262      804.3048 13547717    1.62%            x4_6 D 363360 363359     41
 363878 156558      813.3579    44      817.5262      804.3228 13567197    1.62%          x31_18 N 363878 125726     18
 364346 156608        cutoff            817.5262      804.3411 13586883    1.61%           x3_30 U 364346 135164     27
 364835 156680        cutoff            817.5262      804.3559 13605930    1.61%          x22_27 U 364835 151553     31
Elapsed time = 3627.59 sec. (9358845.67 ticks, tree = 330.79 MB, solutions = 8)
 365324 156757      815.0291    47      817.5262      804.3724 13625193    1.61%           x2_25 D 365324 365323     23
 365827 156846        cutoff            817.5262      804.3872 13644975    1.61%            x5_3 U 365827 361194     15
 366350 156945      805.3734    73      817.5262      804.4050 13664685    1.60%           x17_3 N 366350 248509     20
 366858 157038        cutoff            817.5262      804.4243 13684495    1.60%           x7_31 U 366858 131007     20
 367359 157123      811.8430    38      817.5262      804.4391 13704378    1.60%           x2_25 D 367359 367358     30
 367841 157193      809.7386    40      817.5262      804.4560 13725050    1.60%            x6_5 N 367841 295270     21
 368305 157228        cutoff            817.5262      804.4713 13745424    1.60%           x5_17 D 368305 368304     33
 368795 157314      816.4761    57      817.5262      804.4878 13765160    1.59%          x21_36 N 368795 368794     26
 369321 157439        cutoff            817.5262      804.5070 13784892    1.59%            x3_4 D 369321 369319     26
 369810 157528      815.9427    67      817.5262      804.5230 13803925    1.59%          x17_36 N 369810 369809     22
Elapsed time = 3684.20 sec. (9511608.90 ticks, tree = 334.73 MB, solutions = 8)
 370297 157586      815.5394    70      817.5262      804.5397 13823829    1.59%           x3_25 N 370297 178474     24
 370766 157596        cutoff            817.5262      804.5620 13844263    1.59%          x19_31 U 370766 370764     26
 371250 157723      808.2821    52      817.5262      804.5753 13863361    1.58%            x2_4 N 371250  35497     18
 371750 157808        cutoff            817.5262      804.5920 13883908    1.58%           x2_25 U 371750 371748     26
 372233 157859      813.3073    75      817.5262      804.6083 13903970    1.58%          x17_25 D 372233 372232     27
 372737 157947      814.7576    35      817.5262      804.6226 13923166    1.58%            x6_3 D 372737 372736     33
 373289 158091      816.8513    50      817.5262      804.6400 13941712    1.58%          x19_32 N 373289 373288     37
 373783 158178        cutoff            817.5262      804.6539 13961246    1.57%          x36_21 D 373783 373782     21
 374272 158225      808.5832    42      817.5262      804.6692 13981220    1.57%           x17_5 N 374272 113172     31
 374751 158299      816.0656    97      817.5262      804.6846 14000495    1.57%            x6_3 N 374751 199099     29
Elapsed time = 3740.90 sec. (9664366.03 ticks, tree = 336.74 MB, solutions = 8)
 375258 158407      805.6111    61      817.5262      804.6998 14019152    1.57%            x6_3 N 375258 375257     25
 375745 158477      812.4200    36      817.5262      804.7142 14039056    1.57%            x4_5 D 375745 375744     23
 376265 158581      816.0386    28      817.5262      804.7281 14058287    1.57%          x33_35 D 376265 376264     38
 376766 158662      811.2207    62      817.5262      804.7443 14078034    1.56%            x2_4 N 376766 255540     11
 377235 158743      809.6500    45      817.5262      804.7567 14097809    1.56%           x17_3 D 377235 377234     31
 377750 158835      809.1262    43      817.5262      804.7713 14117089    1.56%            x6_5 D 377750 377749     18
 378226 158869        cutoff            817.5262      804.7897 14136255    1.56%          x17_25 U 378226  78186     28
 378756 158975      816.7997    43      817.5262      804.8054 14154848    1.56%            x5_3 N 378756 257563     23
 379233 159016        cutoff            817.5262      804.8232 14174129    1.55%          x17_36 U 379233  84010     28
 379732 159137      812.7433    34      817.5262      804.8375 14192612    1.55%          x19_31 U 379732 379731     16
Elapsed time = 3796.71 sec. (9817236.17 ticks, tree = 338.61 MB, solutions = 8)
 380225 159178      815.2452    82      817.5262      804.8550 14213009    1.55%          x35_32 D 380225 380224     32
 380740 159286      813.1577    40      817.5262      804.8697 14232134    1.55%           x7_27 D 380740 380739     26
 381230 159365      805.7191    44      817.5262      804.8854 14251685    1.55%           x7_21 N 381230  91464     22
 381761 159498      814.1030    41      817.5262      804.9019 14271032    1.54%          x35_33 D 381761 381760     27
 382273 159560      811.0463    62      817.5262      804.9192 14290618    1.54%           x17_3 N 382273 172687     21
 382756 159580        cutoff            817.5262      804.9342 14310559    1.54%          x16_32 U 382756 154111     24
 383280 159668      817.1831    30      817.5262      804.9504 14329082    1.54%           x17_3 D 383280 383279     32
 383806 159791      815.6629    47      817.5262      804.9652 14347660    1.54%          x32_35 N 383806 112860     23
 384304 159845      815.6038    44      817.5262      804.9797 14366105    1.53%          x34_30 N 384304 213445     18
 384809 159917      812.2046    63      817.5262      804.9960 14386016    1.53%          x32_35 D 384809 384807     31
Elapsed time = 3852.91 sec. (9970051.67 ticks, tree = 341.08 MB, solutions = 8)
 385314 159977        cutoff            817.5262      805.0102 14404532    1.53%           x7_36 U 385314  22797     39
 385841 160062      814.9370    52      817.5262      805.0260 14423869    1.53%          x17_36 D 385841 385840     35
 386366 160182      814.6873    51      817.5262      805.0383 14442357    1.53%          x30_32 N 386366 182904     26
 386846 160204      810.3653    65      817.5262      805.0581 14461869    1.53%            x3_4 N 386846 386845     31
 387321 160217      811.6385    52      817.5262      805.0758 14481242    1.52%          x21_36 N 387321 136581     35
 387796 160270      814.4052    45      817.5262      805.0894 14500679    1.52%          x21_36 N 387796  57942     23
 388309 160338        cutoff            817.5262      805.1069 14519042    1.52%           x7_21 U 388309  92538     35
 388812 160377      813.6626    46      817.5262      805.1246 14537942    1.52%           x3_25 N 388812 388811     35
 389310 160440      813.8342    72      817.5262      805.1384 14557792    1.52%          x34_32 N 389310 228060     22
 389819 160507      807.3728    75      817.5262      805.1530 14576390    1.51%          x17_22 D 389819 389818     33
Elapsed time = 3908.61 sec. (10122873.96 ticks, tree = 342.87 MB, solutions = 8)
 390298 160529      812.0519    58      817.5262      805.1675 14595255    1.51%            x4_6 N 390298 286296     27
 390781 160544        cutoff            817.5262      805.1838 14614908    1.51%          x19_18 U 390781 390779     52
 391287 160623      812.2851    26      817.5262      805.1970 14634375    1.51%          x26_25 N 391287  33875     19
 391791 160697      810.8340    31      817.5262      805.2146 14653082    1.51%            x6_3 N 391791 180530     27
 392264 160776        cutoff            817.5262      805.2308 14671460    1.50%           x22_4 U 392264 392262     39
 392800 160851      817.0595    48      817.5262      805.2459 14690583    1.50%            x5_4 U 392800 392798     31
 393315 160898        cutoff            817.5262      805.2616 14709224    1.50%            x6_3 U 393315 393313     33
 393828 161008      811.6848    84      817.5262      805.2737 14728418    1.50%           x17_3 N 393828 381270     25
 394354 161115      812.4046    66      817.5262      805.2862 14746119    1.50%          x36_27 D 394354 394353     21
 394812 161150        cutoff            817.5262      805.2983 14765058    1.50%          x33_32 U 394812 394811     30
Elapsed time = 3964.08 sec. (10275711.76 ticks, tree = 344.32 MB, solutions = 8)
 395331 161219        cutoff            817.5262      805.3162 14784484    1.49%           x27_7 U 395331 395330     17
 395814 161246      814.8960    69      817.5262      805.3323 14804493    1.49%          x34_33 N 395814 284847     35
 396340 161341      814.2210    35      817.5262      805.3465 14823042    1.49%          x33_32 U 396340 396339     25
 396857 161427      808.8556    51      817.5262      805.3618 14841513    1.49%            x5_3 N 396857 379943     34
 397354 161486        cutoff            817.5262      805.3767 14860164    1.49%            x4_6 U 397354 397352     27
 397835 161523        cutoff            817.5262      805.3929 14880020    1.48%            x4_6 U 397835 350701     25
 398333 161616      812.0256    34      817.5262      805.4070 14898748    1.48%           x7_27 D 398333 398332     31
 398818 161646        cutoff            817.5262      805.4235 14918114    1.48%           x17_5 U 398818 398816     24
 399302 161671      814.3113    48      817.5262      805.4396 14938043    1.48%           x7_31 D 399302 399301     21
 399813 161727      816.9030    58      817.5262      805.4559 14955845    1.48%          x32_35 N 399813 399811     22
Elapsed time = 4019.81 sec. (10428512.10 ticks, tree = 345.51 MB, solutions = 8)
 400292 161747      812.4323    97      817.5262      805.4724 14975682    1.47%          x32_34 N 400292 400290     32
 400790 161800      812.4856    48      817.5262      805.4860 14994146    1.47%          x32_35 D 400790 400788     21
 401293 161863        cutoff            817.5262      805.5001 15012322    1.47%           x3_25 U 401293 312744     29
 401799 161932      805.8193    51      817.5262      805.5178 15031970    1.47%           x5_36 D 401799  36554     21
 402274 161984      809.0810    68      817.5262      805.5299 15051065    1.47%           x2_25 N 402274 402273     34
 402774 162053      814.4930    32      817.5262      805.5440 15069848    1.47%          x19_34 U 402774 402771     26
 403268 162117      815.9728    79      817.5262      805.5589 15088626    1.46%            x5_3 N 403268 403267     39
 403736 162097        cutoff            817.5262      805.5730 15107633    1.46%          x18_34 U 403736 403734     45
 404240 162129      814.7491    72      817.5262      805.5874 15126712    1.46%            x5_3 D 404240 404239     26
 404755 162168        cutoff            817.5262      805.6024 15144707    1.46%            x6_5 D 404755 404754     36
Elapsed time = 4075.36 sec. (10581314.52 ticks, tree = 346.40 MB, solutions = 8)
 405252 162251        cutoff            817.5262      805.6136 15163418    1.46%          x36_27 D 405252 405251     36
 405753 162282      817.4534    44      817.5262      805.6321 15182256    1.45%          x31_34 N 405753 405752     27
 406246 162334        cutoff            817.5262      805.6462 15200929    1.45%           x7_21 U 406246  38272     54
 406718 162345        cutoff            817.5262      805.6649 15220662    1.45%          x34_32 U 406718 172225     31
 407215 162390      814.6936    22      817.5262      805.6789 15238783    1.45%           x3_25 U 407215 250091     14
 407731 162451      810.0110    74      817.5262      805.6934 15257665    1.45%            x4_6 N 407731 407730     19
 408232 162494      816.7115    87      817.5262      805.7091 15277661    1.45%            x2_4 N 408232 307649     20
 408702 162533        cutoff            817.5262      805.7239 15297061    1.44%          x17_22 D 408702 408700     24
 409151 162524      816.9322    73      817.5262      805.7388 15316353    1.44%            x6_3 N 409151 303192     23
 409635 162553        cutoff            817.5262      805.7538 15335111    1.44%            x3_4 U 409635 219580     16
Elapsed time = 4131.12 sec. (10734169.46 ticks, tree = 347.30 MB, solutions = 8)
 410135 162632      815.6850    45      817.5262      805.7687 15354034    1.44%          x19_30 N 410135 203608     20
 410642 162720      810.8903    55      817.5262      805.7800 15372569    1.44%            x6_3 N 410642 410641     17
 411142 162758        cutoff            817.5262      805.7971 15390513    1.43%          x31_34 U 411142 106612     27
 411613 162798      814.3183    32      817.5262      805.8108 15408525    1.43%           x3_25 N 411613 264860     15
 412109 162810        cutoff            817.5262      805.8269 15427562    1.43%          x17_26 U 412109 412107     30
 412595 162785      809.4762    52      817.5262      805.8460 15447181    1.43%          x17_25 N 412595 194780     27
 413078 162811        cutoff            817.5262      805.8607 15466570    1.43%          x35_33 D 413078 413077     30
 413564 162844      811.7513    76      817.5262      805.8761 15485459    1.43%           x7_27 N 413564 413563     30
 414041 162843        cutoff            817.5262      805.8936 15505437    1.42%          x30_32 U 414041 204692     25
 414562 162912        cutoff            817.5262      805.9084 15523693    1.42%           x17_3 D 414562 414561     23
Elapsed time = 4186.59 sec. (10886971.34 ticks, tree = 348.18 MB, solutions = 8)
 415058 162927        cutoff            817.5262      805.9240 15543118    1.42%          x35_30 D 415058  45248     25
 415518 162940      813.7404    53      817.5262      805.9398 15562188    1.42%          x34_33 U 415518 415517     41
 416008 162996      815.9863    48      817.5262      805.9545 15579873    1.42%          x17_25 N 416008 416007     34
 416507 163020        cutoff            817.5262      805.9706 15598769    1.41%           x7_26 U 416507 120240     37
 417008 163085        cutoff            817.5262      805.9850 15616888    1.41%           x17_3 D 417008 417007     28
 417495 163150        cutoff            817.5262      805.9972 15635659    1.41%          x21_36 D 417495 417494     27
 417971 163135      807.8086    40      817.5262      806.0150 15654244    1.41%           x3_25 N 417971 417970     41
 418470 163142        cutoff            817.5262      806.0297 15674006    1.41%           x7_33 U 418470 418468     41
 418953 163153        cutoff            817.5262      806.0476 15692155    1.40%            x4_6 U 418953 418951     26
 419440 163209        cutoff            817.5262      806.0615 15710410    1.40%            x6_3 U 419440 314224     17
Elapsed time = 4242.12 sec. (11039765.62 ticks, tree = 348.84 MB, solutions = 8)
 419937 163260      816.8614    48      817.5262      806.0766 15728885    1.40%           x3_22 N 419937 419936     25
 420437 163269        cutoff            817.5262      806.0914 15748184    1.40%          x19_18 U 420437  80235     15
 420920 163294      808.2397    45      817.5262      806.1061 15766501    1.40%          x34_33 N 420920 331757     36
 421424 163338        cutoff            817.5262      806.1202 15784759    1.40%            x5_3 U 421424 421422     27
 421929 163381      816.2994    65      817.5262      806.1336 15803826    1.39%           x3_25 D 421929 421928     27
 422382 163378      815.6556    24      817.5262      806.1484 15823409    1.39%            x6_3 N 422382 422381     24
 422874 163395      812.2345    45      817.5262      806.1616 15841532    1.39%            x5_4 N 422874 313071     18
 423350 163425      815.4280    77      817.5262      806.1759 15859574    1.39%           x2_25 D 423350 423349     30
 423810 163413      812.5955    59      817.5262      806.1925 15878012    1.39%          x22_27 N 423810 423809     40
 424294 163395      814.6246    53      817.5262      806.2097 15896927    1.38%          x17_36 D 424294 424293     34
Elapsed time = 4297.55 sec. (11192522.23 ticks, tree = 349.27 MB, solutions = 8)
 424793 163454        cutoff            817.5262      806.2232 15915605    1.38%            x4_6 U 424793 120511     18
 425273 163448      815.2020    31      817.5262      806.2382 15934791    1.38%            x4_6 N 425273 144345     21
 425735 163414      811.8586    61      817.5262      806.2547 15954476    1.38%          x21_36 D 425735 425734     39
 426218 163426        cutoff            817.5262      806.2686 15973424    1.38%            x5_3 U 426218 232014     19
 426708 163447        cutoff            817.5262      806.2816 15991616    1.38%          x17_36 U 426708 426705     31
 427189 163458        cutoff            817.5262      806.2950 16010858    1.37%          x19_31 D 427189 427187     35
 427669 163461      813.0657    26      817.5262      806.3077 16028712    1.37%           x3_25 N 427669 427668     28
 428148 163454      816.0135    57      817.5262      806.3260 16047104    1.37%           x3_25 N 428148 428147     24
 428633 163446        cutoff            817.5262      806.3413 16065829    1.37%            x6_3 U 428633 371734     35
 429134 163461        cutoff            817.5262      806.3566 16084493    1.37%            x4_6 U 429134 429132     24
Elapsed time = 4353.75 sec. (11345256.39 ticks, tree = 349.66 MB, solutions = 8)
 429596 163487      814.8776    53      817.5262      806.3699 16102026    1.36%          x33_32 N 429596 336296     26
 430104 163513        cutoff            817.5262      806.3847 16120750    1.36%            x4_6 U 430104 430102     21
 430619 163559      816.2416    22      817.5262      806.3982 16139286    1.36%          x25_22 N 430619 430617     33
 431110 163539      814.6236    42      817.5262      806.4163 16158398    1.36%           x3_25 N 431110 120099     25
 431596 163530      809.1058    52      817.5262      806.4306 16177605    1.36%          x17_25 N 431596 431595     33
 432098 163584        cutoff            817.5262      806.4448 16195334    1.36%            x5_3 D 432098 432097     30
 432601 163590        cutoff            817.5262      806.4605 16214537    1.35%          x17_22 U 432601 203861     37
 433092 163613      813.0282    23      817.5262      806.4754 16233783    1.35%            x2_4 N 433092  53292     34
 433555 163586        cutoff            817.5262      806.4907 16252358    1.35%            x5_3 D 433555 433554     32
 434051 163590      812.7417    67      817.5262      806.5046 16270828    1.35%          x18_32 N 434051 434050     18
Elapsed time = 4409.60 sec. (11498111.26 ticks, tree = 350.20 MB, solutions = 8)
 434527 163553      816.4016    69      817.5262      806.5230 16290121    1.35%            x4_6 N 434527 287465     25
 435002 163566      807.9960    24      817.5262      806.5412 16308439    1.34%           x3_25 N 435002  63914     26
 435493 163595        cutoff            817.5262      806.5546 16326946    1.34%           x2_25 U 435493 110653     24
 435975 163616        cutoff            817.5262      806.5703 16345890    1.34%          x30_32 U 435975  67003     20
 436446 163642      816.2315    46      817.5262      806.5844 16364354    1.34%           x2_25 N 436446 436445     24
 436942 163646      815.9461    56      817.5262      806.5990 16382241    1.34%          x34_30 U 436942 196233     39
 437402 163622        cutoff            817.5262      806.6134 16401070    1.33%           x17_5 D 437402 437401     32
 437882 163645        cutoff            817.5262      806.6265 16418123    1.33%            x6_3 U 437882 421851     26
 438360 163627      810.2745    24      817.5262      806.6404 16436716    1.33%            x5_3 N 438360 235044     22
 438870 163634      816.0924    43      817.5262      806.6593 16455367    1.33%          x35_32 N 438870  95548     28
Elapsed time = 4465.24 sec. (11651007.47 ticks, tree = 350.41 MB, solutions = 8)
 439389 163683        cutoff            817.5262      806.6742 16473210    1.33%            x6_3 U 439389 439387     18
 439891 163696        cutoff            817.5262      806.6878 16490847    1.33%          x30_37 D 439891 136397     33
 440380 163680        cutoff            817.5262      806.7035 16510092    1.32%            x6_5 U 440380 258974     25
 440860 163711        cutoff            817.5262      806.7167 16528056    1.32%           x17_5 D 440860 440859     37
 441323 163712      813.6215    40      817.5262      806.7299 16546072    1.32%          x31_34 N 441323  43740     24
 441812 163754      813.4624    41      817.5262      806.7424 16564530    1.32%            x5_3 N 441812 441811     30
 442283 163760      815.5918    20      817.5262      806.7551 16583076    1.32%            x2_4 N 442283 189218     27
 442757 163712      814.0514    74      817.5262      806.7722 16602176    1.32%            x5_3 N 442757 134902     21
 443200 163666      813.4357    63      817.5262      806.7891 16620838    1.31%          x35_32 U 443200 443198     24
 443691 163661      811.1828    56      817.5262      806.8041 16638937    1.31%           x7_35 N 443691 443690     36
Elapsed time = 4520.68 sec. (11803882.31 ticks, tree = 350.63 MB, solutions = 8)
 444205 163726      815.4138    70      817.5262      806.8196 16657100    1.31%          x31_34 N 444205 444204     27
 444675 163711        cutoff            817.5262      806.8339 16675631    1.31%          x19_31 D 444675 252346     17
 445144 163712        cutoff            817.5262      806.8476 16692710    1.31%           x25_4 U 445144 235376     37
 445608 163715        cutoff            817.5262      806.8610 16711218    1.30%          x34_25 U 445608 101741     38
 446092 163747      808.5971    46      817.5262      806.8743 16729248    1.30%            x4_6 D 446092 204869     29
 446596 163786      817.1727    65      817.5262      806.8881 16747397    1.30%          x19_30 D 446596 446595     26
 447093 163803        cutoff            817.5262      806.9014 16765854    1.30%           x2_25 U 447093 109478     26
 447586 163793        cutoff            817.5262      806.9162 16784291    1.30%            x5_4 D 447586 447585     24
 448080 163784        cutoff            817.5262      806.9319 16803115    1.30%            x3_4 D 448080 165193     26
 448547 163782        cutoff            817.5262      806.9445 16820683    1.29%          x19_15 D 448547 448546     30
Elapsed time = 4575.76 sec. (11956583.87 ticks, tree = 350.85 MB, solutions = 8)
 449040 163772        cutoff            817.5262      806.9587 16838291    1.29%           x7_30 U 449040 449038     23
 449514 163780        cutoff            817.5262      806.9724 16857199    1.29%          x21_22 U 449514 420033     28
 450014 163806      814.7940    28      817.5262      806.9854 16875261    1.29%           x2_25 N 450014 450012     30
 450495 163798        cutoff            817.5262      806.9994 16893455    1.29%          x30_37 U 450495 450494     30
 450964 163801      816.7759    59      817.5262      807.0132 16911931    1.29%            x3_4 N 450964 336579     23
 451435 163771        cutoff            817.5262      807.0283 16929589    1.28%            x6_5 U 451435 158149     28
 451924 163736        cutoff            817.5262      807.0436 16947813    1.28%          x34_33 U 451924 451922     44
 452389 163733      811.0420    42      817.5262      807.0593 16965910    1.28%          x33_32 N 452389 222214     28
 452883 163770        cutoff            817.5262      807.0721 16983445    1.28%           x7_18 U 452883 452881     29
 453390 163781      809.0811    28      817.5262      807.0833 17000837    1.28%            x6_5 D 453390 453389     29
Elapsed time = 4630.81 sec. (12109355.09 ticks, tree = 351.74 MB, solutions = 8)
 453859 163735      809.4537    52      817.5262      807.0989 17018915    1.28%           x7_21 D 453859 453858     40
 454351 163710      814.0123    52      817.5262      807.1143 17037499    1.27%           x17_3 D 454351 454350     26
 454846 163707        cutoff            817.5262      807.1291 17055243    1.27%          x31_34 D 454846 454844     30
 455326 163691      812.5317    50      817.5262      807.1427 17072276    1.27%           x2_25 N 455326 455325     27
 455820 163688      810.6805    84      817.5262      807.1557 17090457    1.27%           x17_3 N 455820 409500     26
 456288 163628        cutoff            817.5262      807.1699 17109158    1.27%          x17_22 U 456288 131237     31
 456780 163600      813.6444    54      817.5262      807.1839 17127367    1.27%          x33_32 N 456780 117425     33
 457248 163558      811.6090    42      817.5262      807.2004 17145191    1.26%           x17_4 N 457248 138974     18
 457744 163520        cutoff            817.5262      807.2186 17163849    1.26%          x18_19 U 457744 132745     26
 458212 163516      815.3396    49      817.5262      807.2330 17182064    1.26%          x30_32 N 458212 373658     23
Elapsed time = 4685.96 sec. (12262173.77 ticks, tree = 351.45 MB, solutions = 8)
 458705 163526      816.8120    72      817.5262      807.2439 17199068    1.26%          x32_33 U 458705 458704     33
 459180 163514      813.7010    59      817.5262      807.2584 17217329    1.26%          x33_32 N 459180 459179     25
 459676 163505      816.7095    73      817.5262      807.2717 17235799    1.25%            x6_5 N 459676 329948     29
 460172 163498      814.8513    57      817.5262      807.2862 17253304    1.25%            x6_3 D 460172 460171     30
 460655 163493        cutoff            817.5262      807.3000 17271405    1.25%          x32_35 D 460655 460654     40
 461133 163466      812.5482    48      817.5262      807.3136 17289789    1.25%           x7_30 N 461133 461132     32
 461637 163489        cutoff            817.5262      807.3268 17307666    1.25%          x17_36 U 461637 196885     25
 462137 163470      811.4694    63      817.5262      807.3421 17325920    1.25%            x6_5 D 462137 462136     32
 462616 163426        cutoff            817.5262      807.3569 17343656    1.24%          x18_33 U 462616 462613     27
 463107 163413        cutoff            817.5262      807.3718 17361275    1.24%           x17_5 U 463107 463105     30
Elapsed time = 4740.92 sec. (12414892.93 ticks, tree = 351.17 MB, solutions = 8)
 463559 163346      816.8653    24      817.5262      807.3863 17378986    1.24%           x7_30 U 463559 463557     36
 464045 163349        cutoff            817.5262      807.3997 17396225    1.24%            x4_6 U 464045 206808     22
 464507 163284        cutoff            817.5262      807.4153 17415057    1.24%          x17_22 U 464507 281963     28
 464968 163280        cutoff            817.5262      807.4267 17431860    1.24%            x6_3 U 464968 288524     20
 465430 163226      810.7312    49      817.5262      807.4402 17450035    1.23%          x19_34 N 465430 465429     15
 465921 163213      814.7507    54      817.5262      807.4541 17468409    1.23%           x17_4 N 465921 130037     18
 466397 163173      813.7202    68      817.5262      807.4670 17486709    1.23%           x17_3 N 466397 242915     31
 466884 163168      815.3854    35      817.5262      807.4796 17503882    1.23%          x35_30 D 466884 466883     22
 467381 163145        cutoff            817.5262      807.4944 17522808    1.23%          x19_34 U 467381 259711     31
 467867 163125        cutoff            817.5262      807.5085 17541296    1.23%            x3_4 D 467867 467865     21
Elapsed time = 4796.09 sec. (12567771.74 ticks, tree = 350.69 MB, solutions = 8)
 468372 163125        cutoff            817.5262      807.5230 17558485    1.22%            x6_3 U 468372 468370     25
 468880 163132      815.2320    40      817.5262      807.5356 17576361    1.22%           x17_3 U 468880 468878     29
 469364 163089        cutoff            817.5262      807.5498 17595409    1.22%          x18_32 U 469364 381272     27
 469838 163070        cutoff            817.5262      807.5639 17612489    1.22%            x3_4 U 469838 469836     27
 470344 163084        cutoff            817.5262      807.5794 17630107    1.22%          x21_22 U 470344 407894     35
 470840 163070        cutoff            817.5262      807.5939 17647365    1.21%          x17_22 U 470840 470838     43
 471316 163002      816.6985    27      817.5262      807.6096 17665181    1.21%          x32_35 U 471316 471315     31
 471790 162943      813.4410    27      817.5262      807.6242 17682704    1.21%          x34_32 N 471790 345912     22
 472235 162883      813.6972    60      817.5262      807.6372 17701092    1.21%            x2_4 N 472235  61476     25
 472699 162837      816.1242    34      817.5262      807.6512 17718179    1.21%            x4_6 N 472699 472698     28
Elapsed time = 4850.67 sec. (12720515.56 ticks, tree = 350.29 MB, solutions = 8)
 473171 162831      816.4089    57      817.5262      807.6647 17735363    1.21%          x21_36 N 473171 166664     26
 473655 162814      812.5823    36      817.5262      807.6776 17753288    1.20%           x0_35 N 473655 473654     34
 474152 162796      816.0145    60      817.5262      807.6908 17770555    1.20%            x6_5 N 474152 474151     20
 474632 162733        cutoff            817.5262      807.7067 17788595    1.20%          x33_32 D 474632 474630     26
 475103 162722      812.0869    45      817.5262      807.7187 17805350    1.20%            x6_3 N 475103 475102     27
 475580 162661      811.0059    32      817.5262      807.7343 17823035    1.20%            x3_4 N 475580 125729     21
 476060 162634        cutoff            817.5262      807.7454 17841173    1.20%            x2_4 U 476060 127611     32
 476528 162541        cutoff            817.5262      807.7606 17858921    1.19%            x3_4 U 476528 476526     30
 476998 162491        cutoff            817.5262      807.7772 17876808    1.19%           x3_25 U 476998 191177     21
 477495 162477      815.5542    24      817.5262      807.7911 17895619    1.19%            x6_3 N 477495 330925     22
Elapsed time = 4905.36 sec. (12873311.14 ticks, tree = 349.58 MB, solutions = 8)
 477971 162484      811.1539    35      817.5262      807.8034 17913061    1.19%          x30_32 N 477971 477970     18
 478452 162443        cutoff            817.5262      807.8196 17930945    1.19%           x7_21 U 478452 119490     21
 478943 162389      811.7388    48      817.5262      807.8348 17948699    1.19%            x6_3 D 478943 478942     27
 479404 162360      816.2941    39      817.5262      807.8495 17965107    1.18%           x3_25 D 479404 479403     42
 479900 162301        cutoff            817.5262      807.8650 17982561    1.18%          x17_25 U 479900 223776     21
 480358 162223        cutoff            817.5262      807.8791 17999919    1.18%          x18_30 U 480358 429996     24
 480813 162114      815.7040    33      817.5262      807.8928 18017039    1.18%            x4_6 N 480813 480811     23
 481275 162061        cutoff            817.5262      807.9062 18033376    1.18%           x2_25 U 481275  52815     10
 481749 161981      815.4950    88      817.5262      807.9217 18051013    1.17%           x17_3 N 481749 203403     31
 482226 161929      813.2730    60      817.5262      807.9375 18067734    1.17%           x2_25 D 482226 482225     32
Elapsed time = 4959.72 sec. (13026028.13 ticks, tree = 348.29 MB, solutions = 8)
 482710 161887      815.1075    31      817.5262      807.9534 18084892    1.17%           x7_32 D 482710 482709     35
 483184 161826        cutoff            817.5262      807.9686 18102671    1.17%           x27_7 D 483184 134053     41
 483668 161818        cutoff            817.5262      807.9809 18118679    1.17%            x4_5 U 483668 210539     33
 484169 161828      815.0465    55      817.5262      807.9920 18135426    1.17%            x6_3 N 484169 259219     32
 484678 161817        cutoff            817.5262      808.0042 18152209    1.16%           x7_32 U 484678 484676     30
 485160 161747        cutoff            817.5262      808.0184 18169883    1.16%           x7_31 U 485160 485158     13
 485634 161691        cutoff            817.5262      808.0322 18187360    1.16%            x4_6 U 485634 407177     28
 486106 161637      810.9510    41      817.5262      808.0457 18205560    1.16%          x35_33 N 486106 465396     25
 486609 161636      816.9944    40      817.5262      808.0589 18222156    1.16%           x17_5 D 486609 486608     46
 487101 161577      810.8318    20      817.5262      808.0713 18240282    1.16%            x5_4 N 487101 317344     36
Elapsed time = 5014.07 sec. (13178843.41 ticks, tree = 348.37 MB, solutions = 8)
 487575 161553      817.5003    45      817.5262      808.0852 18257074    1.15%          x19_31 N 487575 487574     24
 488044 161512        cutoff            817.5262      808.0986 18273409    1.15%            x5_4 U 488044 488042     17
 488536 161466      811.8886    42      817.5262      808.1136 18291036    1.15%            x5_4 N 488536  82333     23
 489050 161449      810.3530    25      817.5262      808.1247 18309012    1.15%           x3_25 D 489050 489049     34
 489507 161398      815.9449    57      817.5262      808.1385 18326462    1.15%            x2_4 N 489507 432867     21
 489978 161357        cutoff            817.5262      808.1513 18343458    1.15%          x23_19 U 489978 489976     17
 490444 161225        cutoff            817.5262      808.1690 18362010    1.14%            x2_4 U 490444 490442     19
 490898 161136        cutoff            817.5262      808.1829 18379967    1.14%            x6_3 U 490898 363216     18
 491362 161063      816.0777    42      817.5262      808.1952 18396613    1.14%            x5_3 N 491362 491361     51
 491819 160958        cutoff            817.5262      808.2110 18414055    1.14%           x27_7 D 491819 318523     20
Elapsed time = 5068.26 sec. (13331628.85 ticks, tree = 347.16 MB, solutions = 8)
 492293 160925        cutoff            817.5262      808.2233 18430967    1.14%            x6_3 U 492293 223458     27
 492750 160820        cutoff            817.5262      808.2363 18448911    1.14%           x3_25 U 492750 166637     25
 493262 160827      815.9153    37      817.5262      808.2470 18466811    1.14%          x31_18 N 493262  57572     29
 493761 160792      817.1292    40      817.5262      808.2615 18484062    1.13%           x17_3 D 493761 493760     26
 494244 160710        cutoff            817.5262      808.2731 18500989    1.13%          x19_37 U 494244  90422     27
 494701 160642      815.6074    93      817.5262      808.2863 18518208    1.13%           x7_19 N 494701 494700     22
 495193 160615      816.1979    32      817.5262      808.2985 18534698    1.13%           x5_25 N 495193 495191     38
 495665 160608      814.5211    74      817.5262      808.3098 18551164    1.13%            x2_4 N 495665 170657     21
 496150 160552      814.3516    35      817.5262      808.3239 18567692    1.13%            x6_3 N 496150 395292     20
 496617 160433        cutoff            817.5262      808.3396 18585701    1.12%            x6_3 U 496617 496615     14
Elapsed time = 5122.30 sec. (13484435.43 ticks, tree = 346.33 MB, solutions = 8)
 497080 160340        cutoff            817.5262      808.3540 18602416    1.12%           x5_25 U 497080 214275     44
 497533 160218        cutoff            817.5262      808.3692 18619611    1.12%            x6_3 U 497533 194828     13
 498015 160131        cutoff            817.5262      808.3827 18636777    1.12%           x17_3 U 498015 125247     24
 498492 160046        cutoff            817.5262      808.3946 18653607    1.12%          x18_35 U 498492 498490     39
 498951 159981      814.3314    75      817.5262      808.4088 18670360    1.12%           x5_25 N 498951 498949     31
 499417 159935        cutoff            817.5262      808.4218 18687067    1.11%            x4_6 U 499417 135115     32
 499877 159849        cutoff            817.5262      808.4352 18703865    1.11%          x21_36 U 499877  63986     26
 500363 159828      816.5591    36      817.5262      808.4481 18721015    1.11%            x5_3 N 500363 500361     36
 500824 159712      816.9406    27      817.5262      808.4628 18739155    1.11%            x5_3 U 500824 500822     17
 501310 159639      812.4488    54      817.5262      808.4785 18756092    1.11%           x17_3 N 501310 404346     21
Elapsed time = 5176.34 sec. (13637203.79 ticks, tree = 344.82 MB, solutions = 8)
 501793 159546        cutoff            817.5262      808.4940 18773763    1.10%           x5_25 U 501793 501791     26
 502277 159447        cutoff            817.5262      808.5075 18791033    1.10%            x4_6 U 502277 321342     21
 502742 159350        cutoff            817.5262      808.5189 18807195    1.10%           x5_25 U 502742 316827     28
 503211 159240        cutoff            817.5262      808.5334 18825673    1.10%          x35_30 U 503211 223151     27
 503694 159164        cutoff            817.5262      808.5460 18843177    1.10%            x5_3 D 503694 181550     29
 504172 159092      814.0608    66      817.5262      808.5593 18860259    1.10%            x6_5 N 504172  60147     23
 504664 159024      816.3804    31      817.5262      808.5732 18876971    1.10%           x5_17 U 504664 504662     42
 505136 158959      813.2164    99      817.5262      808.5870 18893328    1.09%          x35_33 D 505136 505135     39
 505626 158902      810.4538    49      817.5262      808.5995 18910742    1.09%           x7_21 N 505626 505625     36
 506094 158789        cutoff            817.5262      808.6142 18927933    1.09%           x7_36 U 506094 111079     29
Elapsed time = 5230.68 sec. (13789922.70 ticks, tree = 343.07 MB, solutions = 8)
 506563 158709        cutoff            817.5262      808.6267 18944559    1.09%           x3_25 U 506563 506561     20
 507010 158628      812.9213    52      817.5262      808.6398 18961526    1.09%           x7_30 N 507010 507009     27
 507473 158508        cutoff            817.5262      808.6540 18977813    1.09%           x3_25 U 507473 197868     15
 507942 158459        cutoff            817.5262      808.6679 18993604    1.08%          x35_32 U 507942 168575     38
 508404 158383        cutoff            817.5262      808.6817 19009448    1.08%           x3_25 U 508404 273835     28
 508870 158306      814.3191    39      817.5262      808.6947 19025195    1.08%            x6_3 N 508870 378537     33
 509343 158239      816.7774    44      817.5262      808.7064 19041678    1.08%          x17_36 N 509343 509342     28
 509824 158164        cutoff            817.5262      808.7195 19058048    1.08%            x4_6 D 509824 509823     38
 510303 158039        cutoff            817.5262      808.7351 19075361    1.08%            x5_3 U 510303 258681     15
 510777 157932        cutoff            817.5262      808.7488 19092129    1.07%            x3_4 U 510777 320093     28
Elapsed time = 5283.82 sec. (13942715.62 ticks, tree = 341.15 MB, solutions = 8)
 511261 157866      809.4547    52      817.5262      808.7640 19108690    1.07%            x2_4 N 511261 393780     25
 511754 157765        cutoff            817.5262      808.7789 19125529    1.07%          x19_34 U 511754 253633     31
 512243 157726      810.4867    56      817.5262      808.7928 19141635    1.07%           x17_3 N 512243 341348     33
 512740 157681        cutoff            817.5262      808.8060 19157084    1.07%           x6_25 U 512740  93283     25
 513237 157624        cutoff            817.5262      808.8197 19174649    1.06%          x17_26 U 513237 239009     33
 513739 157561      816.4096    52      817.5262      808.8345 19191292    1.06%          x19_31 N 513739   7145     19
 514210 157466      811.5490    63      817.5262      808.8483 19207329    1.06%          x30_32 N 514210 242480     20
 514684 157358      810.7689    52      817.5262      808.8612 19223781    1.06%           x7_21 N 514684 514683     36
 515153 157301      816.3286    23      817.5262      808.8739 19239484    1.06%          x21_22 N 515153 515151     18
 515622 157217        cutoff            817.5262      808.8866 19255320    1.06%            x6_3 U 515622 292091     44
Elapsed time = 5336.95 sec. (14095562.18 ticks, tree = 339.43 MB, solutions = 8)
 516090 157121      813.8733    35      817.5262      808.8994 19272172    1.06%          x31_15 N 516090 101610     25
 516575 156986        cutoff            817.5262      808.9147 19288655    1.05%          x34_32 D 516575 516574     47
 517048 156844      814.9624    87      817.5262      808.9296 19305911    1.05%          x30_32 N 517048 186346     22
 517550 156738        cutoff            817.5262      808.9426 19321976    1.05%          x17_36 U 517550 441563     31
 518026 156672      816.1040    30      817.5262      808.9543 19338818    1.05%            x5_4 N 518026 518025     20
 518504 156520      817.1188   100      817.5262      808.9706 19356762    1.05%          x30_32 N 518504 154940     24
 518991 156419        cutoff            817.5262      808.9857 19374120    1.04%          x30_37 U 518991 518990     26
 519515 156326        cutoff            817.5262      809.0002 19391812    1.04%          x28_36 U 519515  99770     24
 520009 156222        cutoff            817.5262      809.0152 19409854    1.04%          x17_25 U 520009 209734     28
 520509 156152      815.1361    49      817.5262      809.0274 19426897    1.04%            x6_5 N 520509 115424     27
Elapsed time = 5391.29 sec. (14248366.45 ticks, tree = 337.01 MB, solutions = 8)
 521005 156012        cutoff            817.5262      809.0428 19443853    1.04%          x31_18 U 521005 311367     27
 521496 155910        cutoff            817.5262      809.0578 19460999    1.04%           x27_7 D 521496 200486     38
 521990 155817        cutoff            817.5262      809.0720 19477607    1.03%           x7_27 U 521990 521988     31
 522487 155734        cutoff            817.5262      809.0852 19493634    1.03%           x0_33 U 522487 381036     18
 522987 155653      817.2279    34      817.5262      809.0991 19510233    1.03%            x6_3 N 522987 316369     22
 523485 155580      811.0610    18      817.5262      809.1126 19527835    1.03%          x30_32 N 523485 363787     17
 523990 155515      813.7661    55      817.5262      809.1247 19544414    1.03%          x33_35 N 523990 442874     27
 524475 155380      813.3598    71      817.5262      809.1389 19561688    1.03%          x33_32 N 524475 322661     30
 524980 155277        cutoff            817.5262      809.1534 19579103    1.02%            x6_3 U 524980 524978     19
 525484 155190        cutoff            817.5262      809.1676 19597565    1.02%            x5_3 D 525484 470981     35
Elapsed time = 5445.25 sec. (14401148.66 ticks, tree = 335.00 MB, solutions = 8)
 525990 155060        cutoff            817.5262      809.1820 19614357    1.02%          x35_32 D 525990 525989     32
 526473 154915        cutoff            817.5262      809.1997 19632192    1.02%          x17_25 U 526473 443886     25
 526968 154822        cutoff            817.5262      809.2130 19648679    1.02%            x4_6 D 526968 526967     38
 527475 154736      811.6960    51      817.5262      809.2265 19665883    1.02%            x5_3 N 527475 299452     27
 527966 154583      815.8384    68      817.5262      809.2426 19682787    1.01%            x6_3 N 527966 527965     17
 528456 154521      817.3261    96      817.5262      809.2551 19698888    1.01%           x17_3 N 528456 528455     23
 528933 154384        cutoff            817.5262      809.2705 19716403    1.01%            x4_3 U 528933 109002     41
 529431 154285        cutoff            817.5262      809.2834 19732560    1.01%            x6_3 D 529431 529430     22
 529919 154135        cutoff            817.5262      809.2984 19750232    1.01%            x6_5 D 529919 529918     27
 530408 154012        cutoff            817.5262      809.3135 19767212    1.00%            x4_6 U 530408 530406     32
Elapsed time = 5499.28 sec. (14553913.95 ticks, tree = 332.76 MB, solutions = 8)
 530895 153918        cutoff            817.5262      809.3267 19783828    1.00%          x30_37 D 530895 279666     38
 531391 153787      817.0466    49      817.5262      809.3399 19801105    1.00%            x3_4 N 531391 531389     48
 531889 153665        cutoff            817.5262      809.3544 19818057    1.00%           x0_35 U 531889 531887     37
 532387 153572        cutoff            817.5262      809.3686 19834835    1.00%          x30_37 D 532387 288833     35
 532899 153464      817.4237    40      817.5262      809.3830 19851355    1.00%            x4_6 N 532899 306387     19
 533391 153344      817.4792    28      817.5262      809.3977 19868098    0.99%           x6_22 N 533391 533390     30
 533899 153213      815.3126    54      817.5262      809.4114 19885156    0.99%            x4_6 N 533899 162586     24
 534417 153092      815.3023    60      817.5262      809.4281 19901610    0.99%           x17_3 N 534417 312396     42
 534912 152937      813.7976    50      817.5262      809.4433 19918464    0.99%          x18_32 N 534912 534911     34
 535406 152825      815.1004    64      817.5262      809.4571 19934610    0.99%            x4_6 N 535406 535405     24
Elapsed time = 5553.00 sec. (14706624.08 ticks, tree = 330.55 MB, solutions = 8)
 535896 152699      816.3028    63      817.5262      809.4690 19951644    0.99%            x5_3 N 535896 535895     26
 536405 152597        cutoff            817.5262      809.4829 19967696    0.98%           x3_36 U 536405 391974     33
 536891 152484        cutoff            817.5262      809.4955 19984618    0.98%            x6_5 U 536891 305731     28
 537377 152329      817.2236    65      817.5262      809.5094 20001623    0.98%            x5_4 N 537377 433507     25
 537873 152191        cutoff            817.5262      809.5234 20018009    0.98%           x2_25 U 537873  43120     26
 538363 152046      810.2920    89      817.5262      809.5379 20034831    0.98%           x7_30 N 538363 254143     33
 538860 151912        cutoff            817.5262      809.5505 20051315    0.98%          x32_35 D 538860 538858     38
 539348 151783        cutoff            817.5262      809.5633 20068194    0.97%            x6_3 D 539348 539347     23
 539845 151682      813.7969    59      817.5262      809.5756 20084570    0.97%            x4_6 N 539845 539844     21
 540341 151592      814.6927    38      817.5262      809.5888 20101224    0.97%           x27_7 N 540341 540340     35
Elapsed time = 5606.73 sec. (14859308.18 ticks, tree = 328.08 MB, solutions = 8)
 540840 151438        cutoff            817.5262      809.6023 20117408    0.97%            x5_3 U 540840 540838     23
 541349 151358        cutoff            817.5262      809.6161 20132958    0.97%            x6_5 U 541349 224732     34
 541841 151164        cutoff            817.5262      809.6316 20150008    0.97%           x6_36 U 541841 312709     21
 542334 151027      812.3833    53      817.5262      809.6435 20166591    0.96%            x6_5 N 542334 542333     33
 542839 150859        cutoff            817.5262      809.6594 20183242    0.96%           x17_3 U 542839 229238     45
 543332 150712      817.1827    39      817.5262      809.6723 20200138    0.96%           x7_19 N 543332 543331     27
 543830 150590      813.0575    48      817.5262      809.6850 20216202    0.96%          x16_32 N 543830 543829     19
 544338 150456      816.1889    69      817.5262      809.6986 20232320    0.96%          x30_32 N 544338 544337     29
 544841 150330        cutoff            817.5262      809.7138 20248287    0.96%          x19_16 U 544841 198425     39
 545335 150146        cutoff            817.5262      809.7291 20264963    0.95%           x3_25 U 545335 156313     24
Elapsed time = 5660.27 sec. (15012100.23 ticks, tree = 324.85 MB, solutions = 8)
 545830 150040      816.5784    74      817.5262      809.7407 20281478    0.95%          x19_30 N 545830 545829     21
 546337 149902        cutoff            817.5262      809.7550 20297516    0.95%           x5_25 U 546337 132513     32
 546838 149757      812.4208    58      817.5262      809.7696 20314121    0.95%            x5_3 N 546838  82854     18
 547339 149603        cutoff            817.5262      809.7841 20330171    0.95%            x3_4 D 547339 547337     28
 547833 149491        cutoff            817.5262      809.7981 20347219    0.95%          x18_32 U 547833 217093     22
 548334 149412        cutoff            817.5262      809.8104 20362921    0.94%            x6_5 U 548334 149456     16
 548831 149258        cutoff            817.5262      809.8265 20379371    0.94%            x2_4 U 548831 548829     32
 549334 149112        cutoff            817.5262      809.8418 20395638    0.94%            x6_3 U 549334 536812     14
 549839 148956      810.7845    79      817.5262      809.8552 20411647    0.94%          x19_31 N 549839 549838     29
 550346 148783        cutoff            817.5262      809.8700 20428150    0.94%           x5_25 U 550346 202507     23
Elapsed time = 5713.57 sec. (15164815.64 ticks, tree = 321.88 MB, solutions = 8)
 550842 148606      814.9550    73      817.5262      809.8856 20444741    0.93%            x5_4 N 550842 190760     29
 551336 148446        cutoff            817.5262      809.9012 20461138    0.93%            x4_6 U 551336 104285     28
 551837 148307        cutoff            817.5262      809.9151 20477257    0.93%           x7_27 U 551837 509917     38
 552339 148197        cutoff            817.5262      809.9275 20493072    0.93%          x35_33 U 552339 325298     23
 552867 148142        cutoff            817.5262      809.9415 20508118    0.93%            x6_5 U 552867 448730     20
 553366 147979        cutoff            817.5262      809.9565 20524859    0.93%            x4_6 U 553366 471025     24
 553864 147793        cutoff            817.5262      809.9729 20541064    0.92%           x7_36 U 553864 329233     37
 554368 147657        cutoff            817.5262      809.9880 20557200    0.92%          x17_35 U 554368 399684     30
 554866 147462        cutoff            817.5262      810.0043 20573606    0.92%            x6_3 U 554866 314441     27
 555377 147362      815.9767    52      817.5262      810.0161 20589077    0.92%            x2_4 N 555377  85719     16
Elapsed time = 5766.56 sec. (15317569.96 ticks, tree = 319.09 MB, solutions = 8)
 555871 147195        cutoff            817.5262      810.0315 20605861    0.92%            x6_3 U 555871 177748     30
 556383 147019        cutoff            817.5262      810.0458 20621546    0.92%            x6_3 U 556383 462411     13
 556883 146903        cutoff            817.5262      810.0588 20638379    0.91%          x35_33 U 556883 556881     29
 557391 146750      815.7461    42      817.5262      810.0725 20654453    0.91%            x5_3 N 557391 557390     20
 557875 146621      811.4086    36      817.5262      810.0838 20671257    0.91%           x27_7 N 557875  76614     23
 558381 146437        cutoff            817.5262      810.0990 20687570    0.91%          x21_36 D 558381 558380     29
 558867 146272        cutoff            817.5262      810.1143 20703928    0.91%          x35_32 D 558867 558866     25
 559375 146125        cutoff            817.5262      810.1271 20719692    0.91%          x17_36 U 559375 320747     23
 559877 145954        cutoff            817.5262      810.1433 20736078    0.90%          x36_25 U 559877  21622     78
 560366 145767      813.1058    30      817.5262      810.1584 20752758    0.90%            x5_4 N 560366 345584     25
Elapsed time = 5820.13 sec. (15470262.46 ticks, tree = 315.99 MB, solutions = 8)
 560869 145616        cutoff            817.5262      810.1722 20768965    0.90%            x6_3 U 560869 254874     36
 561395 145426      814.6190    34      817.5262      810.1866 20783978    0.90%            x4_6 N 561395 561394     24
 561896 145225      810.4413    99      817.5262      810.2009 20799997    0.90%            x6_5 N 561896 501782     42
 562391 145038        cutoff            817.5262      810.2146 20816516    0.89%          x35_33 U 562391 148257     20
 562897 144862        cutoff            817.5262      810.2293 20832646    0.89%          x17_22 U 562897 330855     28
 563398 144725    infeasible            817.5262      810.2420 20848124    0.89%            x5_3 U 563398 563396     31
 563900 144503        cutoff            817.5262      810.2557 20864465    0.89%            x6_3 U 563900 375669     55
 564408 144361        cutoff            817.5262      810.2681 20880106    0.89%          x17_36 U 564408 316158     40
 564917 144214      813.8464    53      817.5262      810.2826 20895773    0.89%            x4_6 N 564917  39336     48
 565419 144047        cutoff            817.5262      810.2973 20911535    0.88%          x34_30 U 565419 268119     35
Elapsed time = 5873.08 sec. (15623065.75 ticks, tree = 312.54 MB, solutions = 8)
 565934 143875        cutoff            817.5262      810.3102 20927204    0.88%          x14_32 U 565934 177361     29
 566431 143722        cutoff            817.5262      810.3245 20943400    0.88%           x36_7 U 566431  44037     34
 566945 143584      815.3576    67      817.5262      810.3377 20958753    0.88%           x3_25 N 566945 566944     28
 567443 143369        cutoff            817.5262      810.3538 20975682    0.88%          x13_32 U 567443 143495     28
 567946 143228        cutoff            817.5262      810.3664 20991443    0.88%          x18_32 U 567946 393702     25
 568450 143059        cutoff            817.5262      810.3799 21007508    0.87%            x5_4 U 568450 568447     28
 568944 142888      815.3933    59      817.5262      810.3937 21023578    0.87%            x6_3 N 568944 568943     39
 569457 142712        cutoff            817.5262      810.4072 21039078    0.87%          x19_32 U 569457 352376     28
 569955 142556        cutoff            817.5262      810.4211 21055590    0.87%           x17_3 U 569955 569953     28
 570465 142395        cutoff            817.5262      810.4356 21071315    0.87%          x30_37 D 570465 199649     22
Elapsed time = 5926.11 sec. (15775819.95 ticks, tree = 309.39 MB, solutions = 8)
 570977 142220        cutoff            817.5262      810.4497 21086706    0.87%          x19_22 U 570977 453196     30
 571481 142039        cutoff            817.5262      810.4635 21102448    0.86%            x6_3 U 571481 391279     24
 571973 141894        cutoff            817.5262      810.4781 21118885    0.86%          x31_35 U 571973 271876     41
 572491 141773        cutoff            817.5262      810.4914 21134041    0.86%            x5_4 D 572491 572489     41
 572999 141560      813.9392    57      817.5262      810.5063 21150022    0.86%           x17_3 N 572999 572998     30
 573500 141419        cutoff            817.5262      810.5189 21166576    0.86%           x5_36 U 573500  73284     34
 574016 141248      817.1042    47      817.5262      810.5336 21182075    0.86%            x6_3 N 574016 574015     33
 574510 141063        cutoff            817.5262      810.5476 21198876    0.85%            x4_6 U 574510 184496     25
 575014 140927      816.5204    44      817.5262      810.5617 21214948    0.85%            x2_4 N 575014 438396     19
 575535 140735        cutoff            817.5262      810.5765 21230037    0.85%          x17_25 U 575535 238174     27
Elapsed time = 5979.04 sec. (15928542.34 ticks, tree = 306.03 MB, solutions = 8)
 576049 140528        cutoff            817.5262      810.5920 21245998    0.85%            x5_4 U 576049 220383     25
 576557 140329        cutoff            817.5262      810.6067 21261981    0.85%            x4_6 U 576557 488991     18
 577069 140167        cutoff            817.5262      810.6205 21277433    0.84%            x3_4 D 577069 577068     32
 577572 139964        cutoff            817.5262      810.6355 21293471    0.84%           x7_21 U 577572 259733     28
 578082 139743      814.4144    64      817.5262      810.6505 21309286    0.84%           x7_27 N 578082 578081     33
 578591 139574        cutoff            817.5262      810.6645 21324634    0.84%          x17_26 D 578591 578590     32
 579102 139409        cutoff            817.5262      810.6777 21339929    0.84%          x17_22 U 579102 579100     25
 579601 139195      817.4618    60      817.5262      810.6925 21355986    0.84%            x6_5 N 579601 551173     17
 580095 138985      815.3777    26      817.5262      810.7056 21372364    0.83%          x16_23 N 580095 580094     58
 580601 138758        cutoff            817.5262      810.7211 21388463    0.83%          x18_32 U 580601  60387     43
Elapsed time = 6032.20 sec. (16081334.99 ticks, tree = 301.71 MB, solutions = 8)
 581115 138536        cutoff            817.5262      810.7381 21404334    0.83%            x3_4 U 581115 581113     23
 581626 138300      816.2242    36      817.5262      810.7528 21419893    0.83%           x7_27 N 581626 581624     28
 582148 138130        cutoff            817.5262      810.7657 21435040    0.83%            x2_4 U 582148 342181     23
 582661 137949      811.6893    89      817.5262      810.7793 21450784    0.83%          x31_18 N 582661 318114     35
 583179 137739        cutoff            817.5262      810.7944 21465893    0.82%            x5_3 D 583179 583178     23
 583689 137533        cutoff            817.5262      810.8085 21481475    0.82%          x30_32 U 583689 525034     19
 584190 137319        cutoff            817.5262      810.8237 21497644    0.82%           x17_5 U 584190 584189     28
 584694 137095        cutoff            817.5262      810.8378 21513564    0.82%            x6_3 U 584694 283144     22
 585194 136887        cutoff            817.5262      810.8514 21529820    0.82%          x34_18 U 585194 585192     48
 585705 136686        cutoff            817.5262      810.8652 21545324    0.81%           x27_7 D 585705 127007     30
Elapsed time = 6085.14 sec. (16234100.23 ticks, tree = 297.36 MB, solutions = 8)
 586207 136419        cutoff            817.5262      810.8802 21561400    0.81%          x26_25 U 586207  39574     68
 586719 136205      814.4704    38      817.5262      810.8941 21576941    0.81%            x3_4 N 586719 178493     43
 587230 135992      813.4520    58      817.5262      810.9085 21592752    0.81%            x5_3 N 587230 158731     23
 587744 135735        cutoff            817.5262      810.9242 21608394    0.81%          x17_25 U 587744 390517     25
 588256 135507      817.1653    46      817.5262      810.9383 21623506    0.81%          x34_30 N 588256 588255     28
 588763 135296        cutoff            817.5262      810.9533 21639093    0.80%            x6_3 U 588763 588762     30
 589269 135066        cutoff            817.5262      810.9683 21654880    0.80%           x7_32 D 589269 589267     24
 589782 134894      816.6717    48      817.5262      810.9806 21670145    0.80%            x6_3 N 589782 481607     20
 590302 134673      816.1120    45      817.5262      810.9966 21685328    0.80%          x19_34 N 590302 590301     21
 590818 134520        cutoff            817.5262      811.0090 21700416    0.80%          x30_32 U 590818 446171     34
Elapsed time = 6138.15 sec. (16386844.45 ticks, tree = 293.12 MB, solutions = 8)
 591322 134278        cutoff            817.5262      811.0232 21716480    0.80%          x33_32 U 591322 591320     35
 591837 134030        cutoff            817.5262      811.0389 21731895    0.79%          x22_30 U 591837 591835     35
 592341 133820      813.3760   102      817.5262      811.0525 21747871    0.79%          x18_32 N 592341 592340     29
 592846 133599        cutoff            817.5262      811.0660 21763537    0.79%            x2_4 D 592846 592845     14
 593362 133389        cutoff            817.5262      811.0809 21778584    0.79%          x34_30 U 593362 260956     29
 593887 133155        cutoff            817.5262      811.0963 21793499    0.79%          x19_31 D 593887 593885     17
 594391 132980        cutoff            817.5262      811.1088 21809530    0.78%            x6_5 U 594391 200976     23
 594904 132746        cutoff            817.5262      811.1229 21824980    0.78%            x6_3 U 594904 447559     23
 595426 132556      816.9665    39      817.5262      811.1361 21839929    0.78%          x34_30 N 595426 460549     27
 595944 132354      811.6413    54      817.5262      811.1504 21855265    0.78%          x30_32 D 595944 595943     22
Elapsed time = 6190.90 sec. (16539560.30 ticks, tree = 289.03 MB, solutions = 8)
 596457 132167        cutoff            817.5262      811.1632 21870914    0.78%           x7_32 U 596457 416196     33
 596965 131924      817.1418    27      817.5262      811.1781 21886552    0.78%            x3_4 N 596965 596964     21
 597485 131722      816.0733    66      817.5262      811.1905 21901164    0.77%            x3_4 N 597485 246322     24
 597991 131400      814.1435    77      817.5262      811.2092 21917799    0.77%            x3_4 N 597991 553229     25
 598499 131170      814.4119    39      817.5262      811.2238 21933540    0.77%           x17_5 N 598499 177402     23
 599018 130964      817.3576    70      817.5262      811.2377 21949041    0.77%            x2_4 N 599018 599017     24
 599527 130734        cutoff            817.5262      811.2520 21964892    0.77%          x34_33 D 599527 238532     33
 600037 130476      815.5304    65      817.5262      811.2655 21980404    0.77%            x3_4 N 600037 411355     27
 600555 130233        cutoff            817.5262      811.2803 21995404    0.76%           x7_27 U 600555 600553     28
 601084 129980        cutoff            817.5262      811.2961 22009788    0.76%          x34_33 D 601084 601083     37
Elapsed time = 6243.80 sec. (16692378.77 ticks, tree = 284.00 MB, solutions = 8)
 601595 129796      816.4727    49      817.5262      811.3079 22024919    0.76%           x7_21 N 601595 601594     26
 602108 129563        cutoff            817.5262      811.3236 22040717    0.76%          x23_19 U 602108 213018     38
 602629 129296      817.2394    28      817.5262      811.3388 22055759    0.76%           x7_19 N 602629 602628     36
 603139 129098        cutoff            817.5262      811.3513 22071329    0.76%            x4_6 D 603139 603138     16
 603658 128896      815.8481    61      817.5262      811.3651 22086262    0.75%          x19_31 N 603658 587975     24
 604183 128616        cutoff            817.5262      811.3820 22101114    0.75%          x31_15 D 604183 604182     27
 604704 128370        cutoff            817.5262      811.3965 22116139    0.75%          x35_32 U 604704 604703     37
 605213 128163        cutoff            817.5262      811.4095 22131636    0.75%          x34_24 D 605213 605212     37
 605743 127919        cutoff            817.5262      811.4240 22146377    0.75%           x7_19 D 605743 365200     26
 606265 127675        cutoff            817.5262      811.4394 22161452    0.74%          x19_16 U 606265 319176     53
Elapsed time = 6296.33 sec. (16845122.40 ticks, tree = 278.94 MB, solutions = 8)
 606767 127430      817.4243    58      817.5262      811.4542 22175775    0.74%            x6_5 N 606767 558688     24
 607282 127190        cutoff            817.5262      811.4675 22191253    0.74%            x2_4 U 607282 607281     28
 607797 126923        cutoff            817.5262      811.4833 22206231    0.74%          x16_32 U 607797 291929     41
 608318 126686        cutoff            817.5262      811.4973 22221317    0.74%           x0_33 U 608318 228028     17
 608843 126436        cutoff            817.5262      811.5117 22236199    0.74%            x3_4 D 608843 608842     28
 609371 126218        cutoff            817.5262      811.5258 22250821    0.73%          x17_22 U 609371 113401     22
 609889 125949      814.7359    46      817.5262      811.5411 22265836    0.73%          x33_35 N 609889 518989     25
 610413 125675        cutoff            817.5262      811.5571 22280611    0.73%            x4_6 U 610413 322940     23
 610939 125439        cutoff            817.5262      811.5727 22295211    0.73%          x18_32 U 610939 236425     25
 611462 125202        cutoff            817.5262      811.5866 22310002    0.73%          x34_30 U 611462  76233     22
Elapsed time = 6348.39 sec. (16997884.06 ticks, tree = 274.24 MB, solutions = 8)
 611984 124976        cutoff            817.5262      811.5993 22324475    0.72%           x7_30 D 611984 611982     23
 612503 124748        cutoff            817.5262      811.6138 22339426    0.72%          x18_32 U 612503 473126     34
 613031 124523        cutoff            817.5262      811.6286 22353750    0.72%           x17_3 U 613031 589829     34
 613553 124250        cutoff            817.5262      811.6432 22368507    0.72%          x16_22 U 613553  40255     81
 614074 123974      816.9339    32      817.5262      811.6597 22383641    0.72%          x30_37 N 614074  65610     32
 614599 123711        cutoff            817.5262      811.6746 22398501    0.72%            x5_3 U 614599 289095     29
 615121 123444        cutoff            817.5262      811.6904 22413483    0.71%            x5_3 U 615121 615119     30
 615644 123228        cutoff            817.5262      811.7039 22428307    0.71%            x4_6 U 615644 615642     21
 616179 122962        cutoff            817.5262      811.7204 22442928    0.71%           x7_26 U 616179 167645     29
 616707 122746      817.0516    55      817.5262      811.7335 22457784    0.71%          x19_30 N 616707 616705     32
Elapsed time = 6400.37 sec. (17150689.56 ticks, tree = 269.08 MB, solutions = 8)
 617241 122472        cutoff            817.5262      811.7489 22471893    0.71%          x21_22 U 617241  84169     30
 617773 122216        cutoff            817.5262      811.7633 22486114    0.70%            x5_3 U 617773 299575     23
 618302 121927        cutoff            817.5262      811.7795 22500662    0.70%          x34_30 D 618302 618301     36
 618818 121685      813.8657    93      817.5262      811.7932 22515824    0.70%            x6_3 N 618818 437612     29
 619343 121414        cutoff            817.5262      811.8087 22530560    0.70%           x5_25 U 619343 448736     32
 619873 121150        cutoff            817.5262      811.8240 22545188    0.70%            x4_6 U 619873 619871     25
 620407 120905      816.2788    70      817.5262      811.8391 22559302    0.70%          x34_23 N 620407 288812     29
 620940 120607        cutoff            817.5262      811.8553 22573733    0.69%           x27_7 D 620940 295852     24
 621461 120364        cutoff            817.5262      811.8696 22588246    0.69%          x31_35 U 621461 370917     42
 621994 120053        cutoff            817.5262      811.8875 22602606    0.69%           x2_25 U 621994 113805     46
Elapsed time = 6452.44 sec. (17303436.84 ticks, tree = 263.27 MB, solutions = 8)
 622518 119785      814.5505    49      817.5262      811.9032 22617467    0.69%           x2_17 N 622518 588882     56
 623056 119480        cutoff            817.5262      811.9165 22631144    0.69%           x17_5 D 623056 499024     32
 623578 119202        cutoff            817.5262      811.9322 22645983    0.68%            x2_4 U 623578 623576     31
 624109 118938        cutoff            817.5262      811.9460 22660016    0.68%            x4_6 U 624109 220744     27
 624637 118613        cutoff            817.5262      811.9619 22674675    0.68%            x6_5 U 624637 563490     25
 625163 118311        cutoff            817.5262      811.9774 22689047    0.68%          x17_25 U 625163 522361     27
 625688 118028        cutoff            817.5262      811.9923 22704061    0.68%            x3_4 U 625688 546631     34
 626223 117742        cutoff            817.5262      812.0070 22718037    0.68%          x19_31 D 626223 271939     20
 626758 117430        cutoff            817.5262      812.0227 22732561    0.67%            x5_4 U 626758 260353     29
 627279 117133      812.8134    73      817.5262      812.0379 22747433    0.67%          x32_35 N 627279 109169     34
Elapsed time = 6504.57 sec. (17456177.82 ticks, tree = 257.16 MB, solutions = 8)
 627811 116853      816.5262    69      817.5262      812.0546 22762056    0.67%          x25_27 N 627811 627810     25
 628350 116542        cutoff            817.5262      812.0691 22776064    0.67%           x26_4 U 628350  96338     36
 628874 116278        cutoff            817.5262      812.0818 22790717    0.67%          x17_36 U 628874 380574     25
 629407 115948        cutoff            817.5262      812.0985 22805262    0.66%           x6_25 U 629407 151304     33
 629939 115643        cutoff            817.5262      812.1156 22819669    0.66%            x4_6 U 629939 311504     39
 630478 115333        cutoff            817.5262      812.1313 22833253    0.66%            x6_3 U 630478 220458     44
 631011 115021        cutoff            817.5262      812.1469 22847873    0.66%           x3_27 U 631011  26829     32
 631546 114713      812.3210    57      817.5262      812.1599 22861598    0.66%           x3_25 N 631546 174686     23
 632076 114435        cutoff            817.5262      812.1760 22875693    0.65%           x5_36 U 632076  85612     33
 632609 114111      816.6778    51      817.5262      812.1922 22889678    0.65%          x32_35 N 632609 576299     30
Elapsed time = 6556.57 sec. (17608943.17 ticks, tree = 250.75 MB, solutions = 8)
 633139 113824        cutoff            817.5262      812.2066 22903978    0.65%          x21_36 U 633139  41055     28
 633679 113503        cutoff            817.5262      812.2220 22917762    0.65%            x6_3 U 633679 539355     55
 634211 113181        cutoff            817.5262      812.2377 22931561    0.65%           x5_25 U 634211 421841     23
 634751 112872        cutoff            817.5262      812.2540 22945209    0.64%            x2_4 U 634751 141929     20
 635287 112594        cutoff            817.5262      812.2687 22959116    0.64%            x6_3 U 635287 449432     45
 635818 112247        cutoff            817.5262      812.2833 22973065    0.64%          x21_36 U 635818  13378     38
 636357 111978      815.7273    20      817.5262      812.2985 22987036    0.64%           x3_25 N 636357  99460     29
 636891 111665        cutoff            817.5262      812.3133 23000890    0.64%           x2_25 U 636891  52302     34
 637423 111342        cutoff            817.5262      812.3308 23014982    0.64%            x6_3 U 637423 611957     30
 637963 111057        cutoff            817.5262      812.3463 23028370    0.63%          x19_32 D 637963 637962     26
Elapsed time = 6608.10 sec. (17761672.09 ticks, tree = 244.49 MB, solutions = 8)
 638497 110787        cutoff            817.5262      812.3595 23042112    0.63%          x35_33 U 638497 149890     86
 639037 110458      814.5689    79      817.5262      812.3749 23055650    0.63%          x35_32 N 639037 613102     27
 639568 110120        cutoff            817.5262      812.3913 23069736    0.63%          x18_30 U 639568 365543     26
 640101 109775      813.9117    51      817.5262      812.4086 23083552    0.63%            x4_6 N 640101 243602     25
 640642 109451        cutoff            817.5262      812.4251 23097478    0.62%          x18_32 U 640642 161088     20
 641182 109121        cutoff            817.5262      812.4414 23111285    0.62%            x6_3 U 641182 570076     17
 641720 108787        cutoff            817.5262      812.4559 23125263    0.62%          x17_25 U 641720 522901     30
 642252 108447      816.0389    41      817.5262      812.4724 23139494    0.62%            x4_6 N 642252 642251     29
 642791 108128      815.9793    28      817.5262      812.4875 23153450    0.62%          x34_33 N 642791 642790     45
 643336 107863        cutoff            817.5262      812.5023 23166679    0.61%           x7_27 U 643336 495467     28
Elapsed time = 6659.82 sec. (17914415.28 ticks, tree = 237.93 MB, solutions = 8)
 643872 107531      814.5758    77      817.5262      812.5188 23180853    0.61%            x4_6 N 643872 603898     22
 644415 107202        cutoff            817.5262      812.5343 23194235    0.61%          x22_32 N 644415 217699     35
 644953 106886        cutoff            817.5262      812.5501 23208068    0.61%            x6_3 U 644953 275432     21
 645490 106592        cutoff            817.5262      812.5638 23222184    0.61%           x3_30 U 645490 132474     28
 646024 106238      813.2172    32      817.5262      812.5794 23236070    0.61%           x3_25 N 646024 262327     24
 646567 105933        cutoff            817.5262      812.5963 23249243    0.60%           x3_25 U 646567  82354     23
 647122 105581        cutoff            817.5262      812.6126 23262062    0.60%           x25_4 U 647122 485757     26
 647662 105194        cutoff            817.5262      812.6295 23275807    0.60%            x4_6 U 647662 380243     23
 648206 104856        cutoff            817.5262      812.6466 23289117    0.60%          x22_27 U 648206 248276     30
 648754 104491        cutoff            817.5262      812.6649 23302471    0.59%           x3_25 U 648754 161707     27
Elapsed time = 6711.39 sec. (18067189.24 ticks, tree = 231.01 MB, solutions = 8)
 649299 104136      815.2873    30      817.5262      812.6826 23315648    0.59%          x17_26 N 649299 649298     38
 649851 103821        cutoff            817.5262      812.6956 23328734    0.59%          x34_22 D 649851 649850     34
 650394 103443        cutoff            817.5262      812.7115 23342325    0.59%          x21_36 U 650394 393250     31
 650933 103090        cutoff            817.5262      812.7284 23356050    0.59%            x6_3 U 650933 650931     26
 651469 102727        cutoff            817.5262      812.7439 23369786    0.58%            x5_3 U 651469 411602     30
 652014 102395        cutoff            817.5262      812.7588 23383060    0.58%           x27_7 D 652014 652012     30
 652561 102040      816.5853    65      817.5262      812.7757 23396207    0.58%           x17_5 N 652561 228204     37
 653101 101678        cutoff            817.5262      812.7915 23409471    0.58%            x5_4 U 653101 274774     38
 653645 101330        cutoff            817.5262      812.8077 23423088    0.58%           x3_25 U 653645 125730     22
 654190 100980        cutoff            817.5262      812.8224 23436505    0.58%           x5_25 U 654190 489963     24
Elapsed time = 6762.73 sec. (18219876.11 ticks, tree = 223.67 MB, solutions = 8)
 654733 100630        cutoff            817.5262      812.8384 23449873    0.57%            x6_3 D 654733 654732     24
 655281 100246        cutoff            817.5262      812.8557 23462953    0.57%           x7_27 U 655281 481038     29
 655827 99906      816.3514    44      817.5262      812.8716 23476165    0.57%          x32_35 N 655827 445493     25
 656374 99554        cutoff            817.5262      812.8853 23489189    0.57%           x2_25 U 656374 260059     26
 656926 99237        cutoff            817.5262      812.9002 23501678    0.57%          x17_22 U 656926 178837     30
 657468 98866        cutoff            817.5262      812.9170 23515030    0.56%          x17_30 U 657468 579219     30
 658020 98465        cutoff            817.5262      812.9344 23527937    0.56%          x30_32 U 658020 532813     18
 658572 98078      816.7843    54      817.5262      812.9523 23541156    0.56%           x5_22 N 658572 147074     29
 659120 97698        cutoff            817.5262      812.9694 23554302    0.56%          x21_22 U 659120 363275     50
 659653 97300        cutoff            817.5262      812.9807 23567948    0.56%          x17_36 U 659653 100402     14
Elapsed time = 6814.18 sec. (18372611.11 ticks, tree = 216.11 MB, solutions = 8)
 660214 96980      814.6568    47      817.5262      812.9967 23579914    0.55%            x6_5 N 660214 472932     15
 660763 96649      813.4045    64      817.5262      813.0122 23592865    0.55%           x2_25 N 660763 209476     44
 661311 96307        cutoff            817.5262      813.0279 23605975    0.55%           x2_25 U 661311  83193     38
 661870 95951        cutoff            817.5262      813.0447 23618705    0.55%            x5_3 U 661870 276466     35
 662423 95561        cutoff            817.5262      813.0618 23631733    0.55%          x17_22 U 662423 379589     27
 662975 95165        cutoff            817.5262      813.0794 23644821    0.54%           x7_27 U 662975 600833     32
 663539 94818      817.2164    61      817.5262      813.0953 23656725    0.54%           x17_5 N 663539 177736     23
 664095 94429        cutoff            817.5262      813.1118 23669285    0.54%          x17_25 U 664095 457681     31
 664652 94042        cutoff            817.5262      813.1299 23681842    0.54%          x31_33 U 664652  92889     29
 665207 93689        cutoff            817.5262      813.1472 23694443    0.54%            x6_3 U 665207 618635     21
Elapsed time = 6864.51 sec. (18525359.92 ticks, tree = 208.88 MB, solutions = 8)
 665762 93286        cutoff            817.5262      813.1652 23707267    0.53%            x3_4 U 665762  45459     43
 666319 92948        cutoff            817.5262      813.1815 23719495    0.53%           x17_3 U 666319 372790     46
 666874 92557      815.8765    50      817.5262      813.1977 23731989    0.53%          x32_35 N 666874 120811     16
 667435 92165      814.1836    54      817.5262      813.2160 23744022    0.53%            x2_4 N 667435  83501     28
 667997 91751        cutoff            817.5262      813.2333 23755957    0.53%           x27_7 D 667997 509623     33
 668555 91357        cutoff            817.5262      813.2509 23768433    0.52%          x36_27 U 668555 469097     24
 669115 90979      816.5329    55      817.5262      813.2685 23780804    0.52%           x7_27 N 669115 666097     75
 669668 90570        cutoff            817.5262      813.2851 23793595    0.52%            x4_6 U 669668 619060     19
 670221 90173      817.5228    52      817.5262      813.3029 23805976    0.52%            x6_3 N 670221 670220     23
 670782 89767        cutoff            817.5262      813.3212 23818677    0.51%            x3_4 U 670782  83869     19
Elapsed time = 6915.16 sec. (18678127.52 ticks, tree = 200.53 MB, solutions = 8)
 671341 89371        cutoff            817.5262      813.3375 23830993    0.51%          x16_18 D 671341 671339     45
 671908 88945      816.4147    71      817.5262      813.3557 23842828    0.51%          x31_34 N 671908 671906     18
 672476 88533        cutoff            817.5262      813.3742 23854580    0.51%            x6_5 U 672476 492501     38
 673031 88113        cutoff            817.5262      813.3902 23867085    0.51%          x17_25 U 673031 454821     24
 673598 87686        cutoff            817.5262      813.4065 23878909    0.50%            x6_3 U 673598 291867     23
 674152 87284        cutoff            817.5262      813.4230 23891546    0.50%           x3_22 U 674152 261322     36
 674718 86897        cutoff            817.5262      813.4389 23903136    0.50%            x2_4 U 674718 535353     25
 675271 86481      817.4756    31      817.5262      813.4569 23915885    0.50%          x19_26 N 675271 271201     39
 675835 86092        cutoff            817.5262      813.4736 23927511    0.50%           x17_3 U 675835 475432     29
 676405 85672        cutoff            817.5262      813.4929 23939477    0.49%          x17_22 U 676405 343049     27
Elapsed time = 6965.62 sec. (18830869.08 ticks, tree = 191.79 MB, solutions = 8)
 676969 85265        cutoff            817.5262      813.5107 23951332    0.49%            x6_5 U 676969 676967     20
 677531 84814        cutoff            817.5262      813.5295 23963069    0.49%            x5_3 D 677531 677530     36
 678092 84442        cutoff            817.5262      813.5456 23975267    0.49%            x5_4 U 678092 678090     25
 678656 84023        cutoff            817.5262      813.5625 23987155    0.48%          x24_35 U 678656 112343     30
 679230 83557        cutoff            817.5262      813.5830 23998250    0.48%            x6_3 U 679230 575077     27
 679803 83174      817.3819    62      817.5262      813.5986 24009695    0.48%            x5_3 N 679803 364179     23
 680366 82772        cutoff            817.5262      813.6158 24021805    0.48%          x34_32 D 680366 442615     20
 680931 82356        cutoff            817.5262      813.6317 24033415    0.48%          x17_26 U 680931 130839     42
 681505 81944      816.6483    26      817.5262      813.6484 24044875    0.47%            x6_5 N 681505 259803     19
 682073 81523        cutoff            817.5262      813.6668 24056239    0.47%            x6_5 U 682073 465411     18
Elapsed time = 7015.62 sec. (18983603.62 ticks, tree = 183.01 MB, solutions = 8)
 682648 81127      816.1168    40      817.5262      813.6840 24067570    0.47%            x3_4 N 682648 395836     21
 683218 80687        cutoff            817.5262      813.7020 24078940    0.47%          x27_19 U 683218 234510     29
 683790 80257        cutoff            817.5262      813.7194 24090180    0.47%           x3_25 U 683790 409599     40
 684353 79836        cutoff            817.5262      813.7354 24101772    0.46%          x24_33 U 684353  48299     13
 684927 79444        cutoff            817.5262      813.7528 24112825    0.46%          x21_36 U 684927 107411     25
 685500 79057      816.5662    35      817.5262      813.7683 24123830    0.46%            x2_4 N 685500 296578     20
 686075 78624        cutoff            817.5262      813.7869 24135122    0.46%          x23_31 U 686075  77647     48
 686648 78147      815.6197    62      817.5262      813.8052 24146150    0.46%           x7_33 N 686648 644696     27
 687221 77704        cutoff            817.5262      813.8236 24157350    0.45%           x5_25 U 687221 398884     36
 687786 77280        cutoff            817.5262      813.8401 24169367    0.45%           x7_27 U 687786 402077     29
Elapsed time = 7064.97 sec. (19136370.69 ticks, tree = 174.50 MB, solutions = 8)
 688368 76868        cutoff            817.5262      813.8573 24179780    0.45%          x22_30 U 688368  56367     29
 688937 76469        cutoff            817.5262      813.8757 24191303    0.45%           x7_21 U 688937 193898     48
 689518 76042        cutoff            817.5262      813.8927 24202026    0.44%           x3_25 U 689518 344717     27
 690093 75614        cutoff            817.5262      813.9107 24213097    0.44%           x22_3 U 690093  35181     58
 690672 75156        cutoff            817.5262      813.9298 24223899    0.44%          x19_31 D 690672 357453     18
 691250 74701        cutoff            817.5262      813.9487 24234890    0.44%           x17_5 U 691250 683509     28
 691834 74214        cutoff            817.5262      813.9701 24245344    0.43%           x4_27 U 691834  22814     56
 692414 73779        cutoff            817.5262      813.9900 24256301    0.43%          x30_37 D 692414 625275     36
 692995 73331      815.6141    24      817.5262      814.0076 24267173    0.43%           x25_4 N 692995 190653     22
 693576 72884        cutoff            817.5262      814.0267 24277981    0.43%           x5_25 U 693576 296852     34
Elapsed time = 7114.06 sec. (19289065.35 ticks, tree = 165.14 MB, solutions = 8)
 694153 72401        cutoff            817.5262      814.0472 24289022    0.43%           x6_36 U 694153  87633     20
 694736 71928        cutoff            817.5262      814.0659 24299467    0.42%          x34_30 U 694736 577594     32
 695320 71515        cutoff            817.5262      814.0827 24309817    0.42%           x3_25 U 695320 404757     21
 695894 71063        cutoff            817.5262      814.1007 24320772    0.42%          x34_33 U 695894 471748     36
 696479 70594        cutoff            817.5262      814.1211 24330937    0.42%          x17_25 U 696479 527202     26
 697064 70152        cutoff            817.5262      814.1390 24341269    0.41%          x34_32 U 697064 354975     34
 697648 69725      816.9900    82      817.5262      814.1560 24351430    0.41%            x0_3 N 697648 697646     25
 698234 69274        cutoff            817.5262      814.1760 24361659    0.41%          x17_25 U 698234  68950     27
 698822 68823        cutoff            817.5262      814.1955 24371334    0.41%          x19_30 U 698822 403372     29
 699406 68390      816.7475    64      817.5262      814.2146 24381635    0.41%          x31_18 N 699406 699404     23
Elapsed time = 7162.74 sec. (19441778.29 ticks, tree = 155.42 MB, solutions = 8)
 699997 67959        cutoff            817.5262      814.2336 24391681    0.40%           x3_36 U 699997 282765     28
 700583 67509        cutoff            817.5262      814.2515 24401799    0.40%          x17_25 U 700583 289686     50
 701168 67074      816.4061    52      817.5262      814.2703 24411796    0.40%          x31_18 N 701168 701167     32
 701761 66623        cutoff            817.5262      814.2886 24421377    0.40%            x3_4 U 701761 143357     17
 702349 66166        cutoff            817.5262      814.3079 24431342    0.39%           x2_25 U 702349 395217     52
 702916 65688        cutoff            817.5262      814.3221 24442520    0.39%           x5_27 U 702916  26077     36
 703501 65239        cutoff            817.5262      814.3397 24452762    0.39%           x3_25 U 703501 281130     23
 704093 64784        cutoff            817.5262      814.3594 24462462    0.39%          x27_19 U 704093 567621     33
 704679 64304      816.5257    46      817.5262      814.3790 24472583    0.38%            x3_4 N 704679 329498     33
 705267 63827        cutoff            817.5262      814.3986 24482533    0.38%          x21_36 U 705267  80673     31
Elapsed time = 7211.19 sec. (19594521.73 ticks, tree = 145.83 MB, solutions = 8)
 705864 63380      815.9740    67      817.5262      814.4172 24492257    0.38%            x6_5 N 705864 313330     28
 706457 62891        cutoff            817.5262      814.4368 24502118    0.38%          x34_19 U 706457 423308     35
 707054 62427        cutoff            817.5262      814.4547 24511813    0.38%           x27_7 D 707054 471792     25
 707645 61933        cutoff            817.5262      814.4758 24521393    0.37%           x17_5 U 707645 136163     29
 708239 61434      817.4018    48      817.5262      814.4974 24531041    0.37%          x35_33 N 708239 313010     38
 708836 60946        cutoff            817.5262      814.5184 24540429    0.37%          x17_30 U 708836  59630     31
 709428 60456      816.9631    60      817.5262      814.5391 24550244    0.37%          x35_30 N 709428 365640     40
 710025 59969      816.6843    21      817.5262      814.5583 24559710    0.36%          x12_13 N 710025 710024     61
 710623 59481        cutoff            817.5262      814.5768 24569135    0.36%          x35_32 U 710623 431801     29
 711222 59014        cutoff            817.5262      814.5954 24578437    0.36%           x3_25 U 711222 528288     34
Elapsed time = 7259.07 sec. (19747316.59 ticks, tree = 136.04 MB, solutions = 8)
 711821 58547        cutoff            817.5262      814.6144 24587925    0.36%          x19_31 D 711821 260196     46
 712416 58057        cutoff            817.5262      814.6342 24597447    0.35%          x30_37 D 712416 597926     39
 713013 57581        cutoff            817.5262      814.6538 24606891    0.35%            x5_3 U 713013 261043     31
 713615 57078        cutoff            817.5262      814.6740 24615783    0.35%          x32_35 U 713615 713614     28
 714218 56571        cutoff            817.5262      814.6936 24624675    0.35%           x5_26 U 714218  84080     39
 714822 56072        cutoff            817.5262      814.7128 24633639    0.34%           x2_25 U 714822 330535     28
 715426 55543        cutoff            817.5262      814.7335 24642339    0.34%          x18_32 U 715426 527636     21
 716032 55037        cutoff            817.5262      814.7529 24651127    0.34%          x19_30 U 716032 340808     32
 716631 54513        cutoff            817.5262      814.7729 24660215    0.34%            x3_4 U 716631 301091     24
 717235 53998        cutoff            817.5262      814.7940 24669028    0.33%          x17_25 U 717235 534243     36
Elapsed time = 7306.56 sec. (19899984.92 ticks, tree = 124.78 MB, solutions = 8)
 717836 53494        cutoff            817.5262      814.8143 24677881    0.33%          x34_33 U 717836 591293     29
 718442 52981        cutoff            817.5262      814.8360 24686852    0.33%          x17_36 U 718442 175030     26
 719051 52473        cutoff            817.5262      814.8570 24695431    0.33%           x3_25 U 719051 154913     27
 719660 51931        cutoff            817.5262      814.8777 24703797    0.32%          x17_22 U 719660 622196     37
 720256 51439        cutoff            817.5262      814.8980 24713074    0.32%          x33_35 U 720256 256921     47
 720863 50932        cutoff            817.5262      814.9172 24721662    0.32%          x17_25 U 720863 384234     25
 721468 50423        cutoff            817.5262      814.9394 24730560    0.32%          x30_37 D 721468 414386     31
 722069 49938        cutoff            817.5262      814.9585 24739501    0.31%           x7_21 U 722069 354992     72
 722675 49439        cutoff            817.5262      814.9781 24748004    0.31%           x7_26 U 722675 457102     31
 723278 48948        cutoff            817.5262      814.9956 24756677    0.31%           x7_36 U 723278 465585     39
Elapsed time = 7353.42 sec. (20052699.51 ticks, tree = 114.41 MB, solutions = 8)
 723882 48425      816.8696    64      817.5262      815.0160 24765608    0.31%          x31_33 N 723882 723881     23
 724485 47914      817.0972    50      817.5262      815.0358 24774321    0.30%            x6_5 N 724485 688070     25
 725094 47372        cutoff            817.5262      815.0561 24783063    0.30%          x31_34 U 725094 305968     32
 725704 46844        cutoff            817.5262      815.0779 24791220    0.30%          x18_32 U 725704 407325     37
 726310 46330        cutoff            817.5262      815.0998 24799942    0.30%            x4_6 D 726310 526078     16
 726925 45785        cutoff            817.5262      815.1219 24807816    0.29%           x17_3 U 726925 248362     40
 727538 45240        cutoff            817.5262      815.1430 24816000    0.29%           x5_25 U 727538 104289     32
 728152 44719        cutoff            817.5262      815.1626 24824096    0.29%           x17_3 U 728152 300658     38
 728767 44176        cutoff            817.5262      815.1850 24832094    0.29%           x7_35 U 728767 337027     39
 729382 43620        cutoff            817.5262      815.2063 24839847    0.28%           x2_25 U 729382 264286     26
Elapsed time = 7399.99 sec. (20205432.25 ticks, tree = 103.16 MB, solutions = 8)
 730001 43061        cutoff            817.5262      815.2277 24847395    0.28%          x19_32 U 730001 283690     22
 730615 42508        cutoff            817.5262      815.2502 24855447    0.28%           x5_25 U 730615 406178     35
 731231 41955        cutoff            817.5262      815.2723 24863376    0.28%           x7_22 U 731231 247527     46
 731848 41413        cutoff            817.5262      815.2939 24871113    0.27%           x7_33 U 731848 731847     31
 732470 40886        cutoff            817.5262      815.3146 24878343    0.27%           x2_25 U 732470 378272     28
 733089 40347        cutoff            817.5262      815.3375 24885826    0.27%          x12_14 D 733089 733087     37
 733708 39815        cutoff            817.5262      815.3613 24893296    0.26%           x17_3 U 733708 555972     35
 734332 39264        cutoff            817.5262      815.3828 24900448    0.26%          x18_32 U 734332 234416     40
 734955 38702        cutoff            817.5262      815.4041 24907633    0.26%          x19_31 D 734955 212171     20
 735574 38158      817.0940    52      817.5262      815.4269 24915066    0.26%            x2_4 N 735574 181584     17
Elapsed time = 7445.76 sec. (20358146.85 ticks, tree = 91.70 MB, solutions = 8)
 736197 37614      817.0962    33      817.5262      815.4505 24922361    0.25%           x17_5 N 736197 736196     52
 736821 37074        cutoff            817.5262      815.4723 24929610    0.25%            x6_3 D 736821 189032     19
 737447 36513        cutoff            817.5262      815.4938 24936767    0.25%          x35_33 U 737447 547097     44
 738074 35969        cutoff            817.5262      815.5166 24943911    0.25%            x6_3 U 738074 582540     24
 738700 35405        cutoff            817.5262      815.5401 24950893    0.24%          x19_32 U 738700 182123     35
 739327 34860        cutoff            817.5262      815.5628 24957900    0.24%           x5_25 U 739327 466733     30
 739954 34301      816.6531    55      817.5262      815.5862 24964573    0.24%           x3_25 N 739954 160107     19
 740585 33740        cutoff            817.5262      815.6089 24971278    0.23%            x0_3 U 740585 481116     35
 741212 33198        cutoff            817.5262      815.6335 24978194    0.23%          x25_22 U 741212 741210     33
 741841 32622        cutoff            817.5262      815.6575 24984957    0.23%          x30_34 U 741841 741839     19
Elapsed time = 7490.78 sec. (20510809.68 ticks, tree = 79.49 MB, solutions = 8)
 742469 32036      816.4474    66      817.5262      815.6808 24991606    0.23%            x6_3 N 742469 252229     21
 743093 31465        cutoff            817.5262      815.7030 24998399    0.22%            x4_6 U 743093 170768     24
 743726 30889        cutoff            817.5262      815.7285 25004755    0.22%          x35_36 U 743726  48388     51
 744356 30317        cutoff            817.5262      815.7527 25011311    0.22%           x27_7 D 744356 465286     34
 744989 29739        cutoff            817.5262      815.7772 25017630    0.21%          x23_18 U 744989 247742     46
 745626 29148        cutoff            817.5262      815.8026 25023748    0.21%           x2_25 U 745626 508481     27
 746263 28587        cutoff            817.5262      815.8259 25029950    0.21%            x4_3 U 746263 631179     64
 746901 27988        cutoff            817.5262      815.8502 25036021    0.21%           x12_9 U 746901 675549     47
 747537 27402        cutoff            817.5262      815.8763 25042210    0.20%          x22_27 U 747537 364471     33
 748176 26830        cutoff            817.5262      815.9024 25048050    0.20%           x17_5 U 748176 312565     29
Elapsed time = 7535.52 sec. (20663485.04 ticks, tree = 66.86 MB, solutions = 8)
 748814 26232        cutoff            817.5262      815.9292 25054021    0.20%           x17_3 U 748814 138699     28
 749453 25646        cutoff            817.5262      815.9560 25059807    0.19%          x30_32 U 749453 342176     35
 750094 25045        cutoff            817.5262      815.9822 25065660    0.19%           x26_4 U 750094  79323     28
 750734 24455        cutoff            817.5262      816.0086 25071236    0.19%           x5_25 U 750734 464018     29
 751377 23842        cutoff            817.5262      816.0353 25076921    0.18%            x6_3 U 751377 276476     17
 752022 23258        cutoff            817.5262      816.0614 25082579    0.18%            x3_4 U 752022 261509     24
 752665 22673        cutoff            817.5262      816.0857 25088039    0.18%           x2_25 U 752665 205731     33
 753309 22076        cutoff            817.5262      816.1135 25093317    0.17%          x35_30 U 753309 555105     20
 753954 21454        cutoff            817.5262      816.1429 25098744    0.17%           x7_21 U 753954 523614     43
 754598 20852        cutoff            817.5262      816.1701 25104065    0.17%           x3_25 U 754598 565829     34
Elapsed time = 7579.80 sec. (20816193.87 ticks, tree = 54.15 MB, solutions = 8)
 755245 20234        cutoff            817.5262      816.1964 25109249    0.16%          x17_22 U 755245  56775     27
 755890 19618        cutoff            817.5262      816.2243 25114344    0.16%          x17_36 U 755890 348634     24
 756538 19006        cutoff            817.5262      816.2534 25119525    0.16%            x6_5 U 756538 247560     26
 757193 18395        cutoff            817.5262      816.2816 25124274    0.15%          x19_31 D 757193 389517     31
 757841 17781        cutoff            817.5262      816.3122 25129408    0.15%           x3_25 U 757841 273358     20
 758492 17173        cutoff            817.5262      816.3410 25134401    0.14%          x21_22 U 758492 549055     19
 759143 16561        cutoff            817.5262      816.3702 25139314    0.14%           x3_25 U 759143 532468     33
 759794 15931        cutoff            817.5262      816.4029 25144127    0.14%          x18_35 U 759794 624681     25
 760448 15305        cutoff            817.5262      816.4323 25148756    0.13%            x1_2 D 760448 638216     44
 761102 14692        cutoff            817.5262      816.4640 25153394    0.13%          x36_35 U 761102   5448    129
Elapsed time = 7623.67 sec. (20968885.58 ticks, tree = 40.88 MB, solutions = 8)
 761759 14068        cutoff            817.5262      816.4969 25157880    0.13%           x2_22 U 761759  40896     32

Zero-half cuts applied:  19
Gomory fractional cuts applied:  1
User cuts applied:  12060

Root node processing (before b&c):
  Real time             =    0.13 sec. (209.97 ticks)
Sequential b&c:
  Real time             = 7631.97 sec. (21000069.70 ticks)
                          ------------
Total (root+branch&cut) = 7632.11 sec. (21000279.67 ticks)

