Version identifier: 22.1.0.0 | 2022-03-09 | 1a383f8ce
CPXPARAM_Preprocessing_Reduce                    1
CPXPARAM_Threads                                 1
CPXPARAM_Preprocessing_Reformulations            0
CPXPARAM_TimeLimit                               10800
CPXPARAM_MIP_Tolerances_AbsMIPGap                0.999
CPXPARAM_MIP_Limits_TreeMemory                   20000
Legacy callback                                  BbLUID
         Disabling repeat represolve because of lazy constraint/incumbent callback.
Tried aggregator 2 times.
MIP Presolve eliminated 485 rows and 2 columns.
MIP Presolve modified 67 coefficients.
Aggregator did 5 substitutions.
Reduced MIP has 157 rows, 1077 columns, and 2755 nonzeros.
Reduced MIP has 1077 binaries, 0 generals, 0 SOSs, and 0 indicators.
Presolve time = 0.00 sec. (1.68 ticks)
Probing time = 0.00 sec. (2.31 ticks)
Clique table members: 157.
MIP emphasis: balance optimality and feasibility.
MIP search method: traditional branch-and-cut.
Parallel mode: none, using 1 thread.
Root relaxation solution time = 0.00 sec. (1.08 ticks)

        Nodes                                         Cuts/
   Node  Left     Objective  IInf  Best Integer    Best Bound    ItCnt     Gap         Variable B NodeID Parent  Depth

      0     0      406.0000    16                    406.0000      138         
      0     0      407.0000    18                     User: 3      161         
      0     0      407.0000    14                    Cuts: 25      172         
      0     0      407.0000    17                     Cuts: 7      176         
      0     0      407.0000    14                    Cuts: 11      196         
      0     0      407.0000    14                     User: 2      196         
      0     0      407.7500    61                     User: 2      197         
      0     0      407.7500    63                     User: 4      200         
      0     0      407.7500    64                     User: 3      201         
      0     0      407.7500    70                     User: 5      206         
      0     0      407.8933    74                     User: 4      230         
      0     0      408.0000    18                     User: 4      235         
      0     0      408.0185    50                     User: 1      252         
*     0+    0                          927.0000      408.0185            55.99%
      0     2      408.1250    51      927.0000      408.1250      252   55.97%                        0             0
Elapsed time = 0.17 sec. (148.98 ticks, tree = 0.01 MB, solutions = 1)
     53    53      441.5000    28      927.0000      409.0000     1068   55.88%          x47_41 D     53     52     45
    109   106      460.0000    16      927.0000      409.0000     1903   55.88%          x33_20 U    109    108     45
    143   132      495.5000    32      927.0000      409.2500     2531   55.85%          x44_40 N    143    142     26
    180   161      436.0000    51      927.0000      410.0000     3558   55.77%          x28_33 D    180    179     12
    220   201      444.8333    41      927.0000      410.0000     3772   55.77%          x11_10 D    220    219     52
    250   231      477.6667    16      927.0000      410.0000     3957   55.77%          x24_21 N    250    249     82
    275   255      576.5000    17      927.0000      410.0000     4094   55.77%          x15_31 U    275    274    107
    302   276      424.3571    72      927.0000      410.0000     4548   55.77%          x29_30 D    302    301     20
    330   300      464.0000    28      927.0000      410.0000     5149   55.77%          x26_28 D    330    329     40
    442   412      515.6250    39      927.0000      410.0000     5931   55.77%          x10_14 N    442    440    135
Elapsed time = 2.41 sec. (3395.24 ticks, tree = 0.45 MB, solutions = 1)
    582   545      456.3333    29      927.0000      410.1250     7229   55.76%          x20_13 N    582    581     91
    736   695      432.1649    61      927.0000      410.5000     8200   55.72%          x20_31 N    736    735     72
    880   831      428.6364    29      927.0000      410.6667     9148   55.70%           x9_22 D    880    879     22
    991   938      445.0000    15      927.0000      411.0000    10554   55.66%          x24_28 U    991    989     21
   1153  1100      470.0000    14      927.0000      411.0000    11541   55.66%           x6_30 U   1153   1152    175
   1274  1208      458.5000    24      927.0000      411.0000    12389   55.66%          x21_35 D   1274   1273     91
   1380  1306      421.2353    41      927.0000      411.0000    13407   55.66%           x9_16 D   1380   1379     30
   1499  1425      567.3333    19      927.0000      411.0000    14182   55.66%          x24_13 D   1499   1498    149
   1660  1580      469.3333    24      927.0000      411.0000    15330   55.66%           x8_17 D   1660   1659    168
*  1800+ 1714                          880.0000      411.0000            53.30%
   1856  1772      432.5000     8      880.0000      411.0000    16249   53.30%           x23_8 D   1856   1854    173
Elapsed time = 8.27 sec. (13129.90 ticks, tree = 1.97 MB, solutions = 2)
   2060  1972      449.6667    18      880.0000      411.0000    17264   53.30%          x20_24 D   2060   2059    179
   2262  2171      494.5000    20      880.0000      411.0000    18329   53.30%          x12_33 U   2262   2261    174
   2350  2255      517.4286    22      880.0000      411.1250    19346   53.28%          x14_23 D   2350   2349     83
   2398  2303      633.0000    10      880.0000      411.1250    19592   53.28%          x21_33 U   2398   2397    131
   2448  2349      455.0000    51      880.0000      411.1250    20295   53.28%          x26_33 N   2448   2447     40
   2561  2458      467.0000    22      880.0000      411.2000    21620   53.27%          x22_29 U   2561   2559     36
   2609  2506      478.0000     8      880.0000      411.2000    22201   53.27%          x21_22 U   2609   2607     72
   2701  2598      516.2500    32      880.0000      411.2000    22657   53.27%           x6_15 N   2701   2700    155
   2870  2763      471.0000     8      880.0000      411.5000    23577   53.24%          x19_15 D   2870   2869    160
   3113  2999      458.5000    15      880.0000      411.6667    24778   53.22%          x20_21 D   3113   3112    235
Elapsed time = 14.12 sec. (22963.22 ticks, tree = 6.43 MB, solutions = 2)
   3260  3142      434.8750    28      880.0000      412.0000    25449   53.18%           x9_16 D   3260   3259    154
   3353  3232      422.5714    44      880.0000      412.0000    25868   53.18%          x26_24 N   3353   3351     18
   3426  3303    infeasible            880.0000      412.0000    26541   53.18%           x5_30 N   3426   3424     81
   3488  3361      505.0000    21      880.0000      412.0000    27138   53.18%           x8_12 N   3488   3486    132
   3687  3554      448.0000    16      880.0000      412.0000    28124   53.18%            x6_8 D   3687   3686    176
   3868  3731      452.0000     8      880.0000      412.0000    28995   53.18%          x16_31 D   3868   3867    168
   4000  3857      479.0000     8      880.0000      412.1667    29830   53.16%          x18_28 D   4000   3999    101
   4128  3977      435.5000    35      880.0000      412.2500    30735   53.15%          x28_24 D   4128   4127     11
   4225  4070      456.5000    12      880.0000      412.2500    32265   53.15%          x25_30 N   4225   4223     28
   4303  4142      458.0167    34      880.0000      412.2500    33208   53.15%          x10_15 D   4303   4302     37
Elapsed time = 19.53 sec. (32866.15 ticks, tree = 9.21 MB, solutions = 2)
   4405  4244      499.1667    31      880.0000      412.2500    33936   53.15%          x29_28 D   4405   4404    139
   4470  4304      458.5000    16      880.0000      412.6250    34730   53.11%          x22_13 D   4470   4469     62
   4644  4478      555.0000    20      880.0000      412.6250    35739   53.11%            x9_8 D   4644   4643    236
   4857  4684    infeasible            880.0000      412.7059    36848   53.10%          x18_24 D   4857   4856    206
   5070  4887      441.0000     8      880.0000      413.0000    38142   53.07%          x22_21 N   5070   5069     15
   5113  4930      525.0000    29      880.0000      413.0000    38682   53.07%          x17_26 N   5113   5112     58
   5157  4970      578.0000    10      880.0000      413.0000    38906   53.07%          x15_27 D   5157   5156    100
   5198  5009    infeasible            880.0000      413.0000    39096   53.07%            x6_7 U   5198   5197    141
   5302  5109      455.4403    69      880.0000      413.0000    39995   53.07%          x30_29 D   5302   5301    108
   5500  5302      444.4251    60      880.0000      413.0000    41046   53.07%          x16_29 D   5500   5499     78
Elapsed time = 25.59 sec. (42570.14 ticks, tree = 11.03 MB, solutions = 2)
   5682  5476      476.6667    46      880.0000      413.0833    42082   53.06%          x35_25 N   5682   5680     32
   5739  5525      461.7500    43      880.0000      413.4324    43148   53.02%          x14_35 N   5739   5738     48
   5796  5576      452.0000    13      880.0000      413.5000    44005   53.01%           x9_24 D   5796   5795     57
   5919  5695      436.0000    60      880.0000      413.6250    44733   53.00%          x35_25 U   5919   5918      7
   6024  5793      520.0000    26      880.0000      413.6250    45475   53.00%           x6_24 N   6024   6023    109
   6102  5868      454.8571    27      880.0000      413.6667    46066   52.99%           x9_22 N   6102   6101     56
   6134  5900      480.0000    14      880.0000      413.6667    46299   52.99%          x20_31 N   6134   6133     88
   6200  5966      534.5000    14      880.0000      413.6667    46451   52.99%          x24_22 N   6200   6199    154
   6269  6029      497.0000    11      880.0000      413.7500    47139   52.98%           x23_7 D   6269   6267     45
   6297  6057      501.7368    33      880.0000      413.7500    47341   52.98%           x9_24 D   6297   6296     66
Elapsed time = 30.99 sec. (52328.58 ticks, tree = 12.09 MB, solutions = 2)
   6364  6124      513.3810    35      880.0000      413.7500    47663   52.98%          x26_20 N   6364   6363    128
   6420  6169      470.5000    55      880.0000      413.8571    48242   52.97%          x44_38 N   6420   6419     35
   6480  6219      448.0000    19      880.0000      414.0000    49477   52.95%          x25_32 N   6480   6479     40
   6562  6301      492.0800    45      880.0000      414.0000    50163   52.95%          x36_47 N   6562   6561    122
   6630  6364      438.6667    15      880.0000      414.0000    50915   52.95%          x30_35 D   6630   6629     47
   6750  6484      468.0000    15      880.0000      414.0000    51344   52.95%          x20_21 D   6750   6749    167
   6800  6530      453.0000    34      880.0000      414.0000    52413   52.95%           x9_25 N   6800   6798     45
   6902  6632      458.6667    21      880.0000      414.0000    52830   52.95%            x8_7 D   6902   6901    141
   6975  6701      434.1758    67      880.0000      414.0000    53442   52.95%           x25_7 D   6975   6974     49
   7130  6852    infeasible            880.0000      414.0000    53873   52.95%          x20_24 N   7130   7128    203
Elapsed time = 36.34 sec. (62551.45 ticks, tree = 13.30 MB, solutions = 2)
   7180  6889      458.0000    50      880.0000      414.2222    55448   52.93%          x49_47 U   7180   7178     20
   7232  6941      465.1250    44      880.0000      414.2222    56158   52.93%          x13_25 D   7232   7231     63
   7297  7004      501.3333    16      880.0000      414.2222    56444   52.93%          x22_14 D   7297   7296    123
   7340  7041      463.1739    43      880.0000      414.3333    56962   52.92%          x13_23 N   7340   7339     51
   7372  7073      538.0000    25      880.0000      414.3333    57203   52.92%           x8_22 N   7372   7371     83
   7408  7109      568.5000    14      880.0000      414.3333    57336   52.92%          x23_25 D   7408   7407    119
   7452  7149      455.0000    28      880.0000      414.3415    58237   52.92%           x20_7 N   7452   7451     42
   7530  7222      434.4583    41      880.0000      414.4000    58980   52.91%          x26_30 D   7530   7529     52
   7601  7291    infeasible            880.0000      414.4000    59209   52.91%           x6_31 D   7601   7600    123
   7690  7378      452.5000    28      880.0000      414.4000    59878   52.91%           x25_8 N   7690   7689    106
Elapsed time = 41.71 sec. (72390.77 ticks, tree = 14.13 MB, solutions = 2)
   7730  7414      427.7619    40      880.0000      414.4286    60595   52.91%           x25_6 D   7730   7729     42
   7800  7484      431.4286    32      880.0000      414.4286    61638   52.91%          x11_22 D   7800   7799    104
   7856  7540      489.0385    31      880.0000      414.4286    61940   52.91%          x23_13 D   7856   7855    152
   7900  7576      445.0000    38      880.0000      414.5000    62560   52.90%          x29_32 D   7900   7899     28
   8024  7700      479.4000    20      880.0000      414.5000    63219   52.90%            x8_7 N   8024   8023    152
   8090  7758      432.5000    22      880.0000      414.6000    63770   52.89%          x29_32 D   8090   8089     16
   8138  7802      436.3889    58      880.0000      414.6667    64724   52.88%          x10_15 N   8138   8137     30
   8225  7889      472.0000    27      880.0000      414.6667    65444   52.88%           x6_15 D   8225   8224    117
   8277  7937      442.4103    52      880.0000      414.7500    66293   52.87%          x28_22 D   8277   8276     24
   8308  7964      439.4375    51      880.0000      414.7500    66766   52.87%          x26_11 D   8308   8307     12
Elapsed time = 46.81 sec. (82172.17 ticks, tree = 15.09 MB, solutions = 2)
   8336  7992      462.0000    10      880.0000      414.7500    67974   52.87%          x17_10 U   8336   8334     32
   8373  8029      476.5000     8      880.0000      414.7500    68256   52.87%          x11_15 D   8373   8372     65
   8411  8056      524.2500    51      880.0000      415.0000    68629   52.84%          x36_40 U   8411   8410     32
   8533  8174      440.6667    20      880.0000      415.0000    69307   52.84%          x12_31 D   8533   8532    135
   8633  8270      431.7500    27      880.0000      415.0000    70006   52.84%          x26_23 D   8633   8632     90
   8677  8314      456.3750    22      880.0000      415.0000    70177   52.84%          x22_13 D   8677   8676    134
   8721  8358      484.3333    13      880.0000      415.0000    70326   52.84%           x30_7 D   8721   8720    178
   8846  8479      448.4211    34      880.0000      415.0000    71180   52.84%           x6_20 D   8846   8845    145
   8881  8504    infeasible            880.0000      415.0000    71356   52.84%          x30_20 U   8881   8879    176
   9187  8802    infeasible            880.0000      415.0000    74323   52.84%           x8_20 U   9187   9185    206
Elapsed time = 53.33 sec. (94777.03 ticks, tree = 16.86 MB, solutions = 2)
   9381  8983      441.9048    43      880.0000      415.0000    76973   52.84%          x22_24 D   9381   9380     43
   9609  9207      465.5000    20      880.0000      415.0000    80274   52.84%          x10_19 N   9609   9607     77
   9778  9355      438.8462    39      880.0000      415.1875    82133   52.82%          x33_23 U   9778   9777     66
  10120  9689      480.3333    21      880.0000      415.2500    84621   52.81%           x23_7 D  10120  10119     62
  10397  9955      457.0000    20      880.0000      415.5000    87705   52.78%          x25_20 D  10397  10396     54
  10659 10211      451.2000    18      880.0000      415.5000    89292   52.78%          x15_32 D  10659  10658    165
  10901 10438      434.0000     8      880.0000      415.5278    92144   52.78%          x34_35 U  10901  10900     18
  11136 10662      502.6667    23      880.0000      415.6111    93728   52.77%           x5_18 D  11136  11135    175
  11398 10916      509.0000    21      880.0000      415.6667    96687   52.77%           x15_7 D  11398  11396    156
  11590 11098      471.0000    34      880.0000      415.7333    98012   52.76%          x32_15 D  11590  11589     77
Elapsed time = 73.24 sec. (133093.93 ticks, tree = 21.04 MB, solutions = 2)
  11759 11256      557.5000    18      880.0000      415.7500   100400   52.76%          x13_14 U  11759  11758    120
  11873 11366      463.0000    28      880.0000      415.7778   102258   52.75%           x8_12 N  11873  11872     64
  12186 11669      478.7500    25      880.0000      415.8415   104246   52.75%          x32_27 N  12186  12185    130
  12462 11938      471.5000    14      880.0000      415.9762   105976   52.73%          x19_16 D  12462  12461    146
  12613 12085      503.0000    12      880.0000      416.0000   107141   52.73%           x9_10 N  12613  12612     96
  12800 12264      455.0000     0      880.0000      416.0000   108165   52.73%           x9_12 D  12800  12799    127
  13044 12504      535.6667    16      880.0000      416.0000   109423   52.73%           x18_7 D  13044  13043    200
  13228 12670      471.5000    26      880.0000      416.0000   111436   52.73%          x32_29 D  13228  13227     49
  13403 12835      448.4483    51      880.0000      416.0000   112765   52.73%          x26_10 N  13403  13402     65
  13693 13121      490.0000    16      880.0000      416.0000   114373   52.73%          x13_12 D  13693  13692    183
Elapsed time = 93.54 sec. (171797.53 ticks, tree = 28.88 MB, solutions = 2)
  13798 13216      436.6500    67      880.0000      416.1250   116329   52.71%          x48_50 D  13798  13797     19
  14003 13418      451.0000    25      880.0000      416.2222   118068   52.70%           x9_18 U  14003  14002     36
  14150 13558      572.0000     8      880.0000      416.2222   119025   52.70%          x32_29 U  14150  14148    146
  14332 13732      453.0000    10      880.0000      416.2500   121037   52.70%          x10_28 D  14332  14331     32
  14487 13869      472.0000    10      880.0000      416.3333   122070   52.69%          x23_20 U  14487  14486     39
  14712 14090      491.7500    15      880.0000      416.3636   122989   52.69%          x30_32 U  14712  14711    174
  14848 14216      487.7143    36      880.0000      416.3974   124645   52.68%           x18_7 N  14848  14847    157
  14999 14363      519.0000     8      880.0000      416.4167   126007   52.68%           x9_11 U  14999  14997    139
  15183 14541      490.6923    24      880.0000      416.4286   127454   52.68%          x10_20 N  15183  15182    188
  15450 14793      435.1333    40      880.0000      416.5000   129874   52.67%          x31_19 U  15450  15449     14
Elapsed time = 113.15 sec. (210391.08 ticks, tree = 32.80 MB, solutions = 2)
  15598 14935      433.0000    54      880.0000      416.5333   131426   52.67%          x48_46 D  15598   2892     15
  15676 15013      478.3750    26      880.0000      416.5333   133243   52.67%          x16_18 N  15676  15675     81
  16028 15353      464.8000    16      880.0000      416.5758   134520   52.66%           x24_8 D  16028  16027    215
  16185 15499      526.0000     8      880.0000      416.6667   136615   52.65%          x26_17 U  16185  16183    117
  16414 15718      500.5000    14      880.0000      416.7333   138982   52.64%           x22_9 N  16414  16413     87
  16511 15815      607.5000    10      880.0000      416.7333   139325   52.64%          x11_25 D  16511  16510    184
  16617 15910      468.5000    12      880.0000      416.7692   140828   52.64%          x24_16 D  16617  16616    151
  16715 15996      481.5000    41      880.0000      416.8000   142080   52.64%          x26_43 N  16715  16714     35
  16856 16133      492.0000    23      880.0000      416.8333   143171   52.63%          x10_21 N  16856  16855    128
  17037 16304      440.8696    38      880.0000      416.8333   144800   52.63%          x17_10 D  17037  17036     77
Elapsed time = 134.06 sec. (249112.98 ticks, tree = 36.38 MB, solutions = 2)
  17183 16446      498.0000    34      880.0000      416.9000   146525   52.62%          x35_28 N  17183  17181     36
  17259 16507      430.5000    42      880.0000      416.9167   147750   52.62%          x17_10 N  17259    292     13
  17514 16756      468.8286    29      880.0000      416.9167   149530   52.62%           x8_31 D  17514  17513    174
  17646 16880      433.6667    25      880.0000      417.0000   150680   52.61%          x29_34 N  17646  17645     27
  17790 17020      440.6250    40      880.0000      417.0000   151699   52.61%           x5_11 U  17790  17788     23
  17931 17159      500.0000     8      880.0000      417.0000   152745   52.61%          x19_11 U  17931  17929    149
  18132 17344      458.4000    27      880.0000      417.0000   154608   52.61%          x26_33 U  18132  18130     45
  18221 17433      463.6818    30      880.0000      417.0000   155553   52.61%          x22_13 N  18221  18220    119
  18316 17520      429.5833    63      880.0000      417.0000   156243   52.61%          x35_25 D  18316  18315     17
  18389 17593      551.1111    26      880.0000      417.0000   157349   52.61%          x11_26 D  18389  18388     90
Elapsed time = 157.42 sec. (287786.89 ticks, tree = 40.30 MB, solutions = 2)
  18512 17712      435.1587    52      880.0000      417.0000   158358   52.61%          x26_32 D  18512  18511     75
  18779 17972      473.0000    18      880.0000      417.0000   160330   52.61%          x11_10 U  18779  18778    142
  18986 18175      459.0455    37      880.0000      417.0000   162108   52.61%          x32_30 D  18986  18985    150
  19095 18275      424.0000    30      880.0000      417.0000   163705   52.61%          x39_49 D  19095   2727     18
  19285 18462      469.0000    11      880.0000      417.0000   165178   52.61%          x20_25 D  19285  19284     49
  19454 18621      466.6000    29      880.0000      417.0000   166540   52.61%          x25_28 D  19454  19453     98
  19531 18698      525.4000    30      880.0000      417.0000   166844   52.61%          x25_17 D  19531  19530    175
  19637 18800      506.5000     8      880.0000      417.0000   167631   52.61%           x8_17 U  19637  19634    135
  19696 18853      469.0000    10      880.0000      417.0000   168441   52.61%           x6_24 N  19696  19695     55
  19973 19126      474.5000    12      880.0000      417.0185   170313   52.61%          x32_30 D  19973  19972    165
Elapsed time = 180.38 sec. (326233.98 ticks, tree = 44.38 MB, solutions = 2)
  20100 19241      435.5391    53      880.0000      417.0606   171502   52.61%          x23_24 D  20100  20099     65
  20400 19532      434.9655    53      880.0000      417.1000   173276   52.60%          x23_11 D  20400  20399     52
  20623 19752      477.0000    25      880.0000      417.1111   174839   52.60%          x10_20 D  20623  20622    108
  20710 19835      457.0455    45      880.0000      417.1500   176053   52.60%          x29_30 D  20710  20708     56
  20778 19903      500.8889    19      880.0000      417.1500   176938   52.60%          x15_10 N  20778  20776    109
  20821 19946      596.2667    26      880.0000      417.1500   177201   52.60%           x30_8 D  20821  20820    141
  20973 20090      509.6667    22      880.0000      417.1667   178649   52.59%          x16_20 N  20973  20972    148
  21122 20221    infeasible            880.0000      417.1818   180620   52.59%          x32_33 U  21122  21120    108
  21232 20331      489.5000    14      880.0000      417.1944   181794   52.59%          x23_14 N  21232  21231    132
  21426 20518      502.0000     8      880.0000      417.1944   183062   52.59%           x6_30 D  21426  21425    154
Elapsed time = 203.61 sec. (365293.44 ticks, tree = 62.42 MB, solutions = 2)
  21541 20620      466.0000    16      880.0000      417.3289   185557   52.58%            x7_9 U  21541  21540     62
  21670 20745      457.1146    61      880.0000      417.3333   186792   52.58%          x27_26 U  21670  21669     63
  21746 20821      535.5000    12      880.0000      417.3333   187451   52.58%            x6_7 U  21746  21744    128
  21808 20877      436.3333    28      880.0000      417.3333   188161   52.58%          x34_35 U  21808  21807     47
  22080 21143      454.3750    27      880.0000      417.3333   190055   52.58%          x32_27 D  22080  22079    139
  22219 21273      491.2500    32      880.0000      417.3333   192169   52.58%          x30_33 D  22219  22218     47
  22359 21405      426.0000    41      880.0000      417.3750   193609   52.57%          x39_49 N  22359   2102     15
  22482 21528      500.2000    21      880.0000      417.3750   194446   52.57%           x6_22 D  22482  22481    138
  22549 21591      484.7143    32      880.0000      417.3833   195424   52.57%          x22_28 D  22549  22548     80
  22632 21674      550.0000    15      880.0000      417.3833   196002   52.57%           x9_18 N  22632  22631    163
Elapsed time = 227.88 sec. (404159.14 ticks, tree = 65.74 MB, solutions = 2)
  22700 21739    infeasible            880.0000      417.3833   196314   52.57%          x16_31 D  22700  22699    231
  22800 21835      512.8966    43      880.0000      417.3929   197207   52.57%          x24_22 D  22800  22799    127
  22980 22005      434.5000    34      880.0000      417.4857   198781   52.56%          x26_10 D  22980   1723     44
  23275 22292    infeasible            880.0000      417.4917   200217   52.56%          x20_22 U  23275  23273    174
  23440 22452      452.3333    26      880.0000      417.5000   201701   52.56%          x15_22 N  23440  23439     57
  23586 22594      489.0000    31      880.0000      417.5000   202692   52.56%          x15_22 D  23586  23585     88
  23720 22724    infeasible            880.0000      417.5000   203112   52.56%          x23_14 N  23720  23719    221
  23892 22884      445.5000    31      880.0000      417.5278   204920   52.55%          x17_24 U  23892   2932     55
  24013 23005      512.0000    24      880.0000      417.5278   205532   52.55%          x19_14 D  24013  24012    176
  24073 23059      458.5000     8      880.0000      417.5439   206565   52.55%           x9_24 U  24073  24071     93
Elapsed time = 252.47 sec. (443427.41 ticks, tree = 69.88 MB, solutions = 2)
  24150 23122      444.3333    40      880.0000      417.6000   207416   52.55%          x25_32 D  24150  24149     26
  24311 23275      453.3333    33      880.0000      417.6031   208560   52.55%          x33_23 U  24311  24310     59
  24381 23345      459.6296    30      880.0000      417.6031   209468   52.55%          x26_31 D  24381  24379    118
  24433 23391      487.0000    18      880.0000      417.6061   210296   52.54%          x30_32 D  24433  24432     67
  24577 23531      472.6667    16      880.0000      417.6061   211095   52.54%          x19_13 N  24577  24576    156
  24685 23633    infeasible            880.0000      417.6061   212033   52.54%          x32_30 D  24685  24684    161
  24792 23732      453.0000    29      880.0000      417.6111   212797   52.54%          x30_29 U  24792   1734     54
  24865 23805      483.5000    10      880.0000      417.6111   213050   52.54%          x14_20 D  24865  24863    118
  25046 23974      471.0000    14      880.0000      417.6667   214661   52.54%           x30_8 D  25046  25045    165
  25219 24135      460.5000    22      880.0000      417.6667   215950   52.54%          x35_25 D  25219  25217     19
Elapsed time = 276.02 sec. (482239.92 ticks, tree = 73.26 MB, solutions = 2)
  25272 24188      503.0000    14      880.0000      417.6667   217091   52.54%           x23_7 N  25272  25271     59
  25322 24234      455.2500    39      880.0000      417.6667   218051   52.54%          x46_45 N  25322  25321     20
  25478 24388    infeasible            880.0000      417.6667   218879   52.54%          x16_17 D  25478  25477    176
  25559 24461      470.6667    23      880.0000      417.6797   220897   52.54%          x22_20 N  25559  25557    109
  25692 24586      448.1379    44      880.0000      417.6797   222430   52.54%          x23_13 N  25692  25691    101
  25838 24728      468.2222    33      880.0000      417.6797   223520   52.54%          x26_10 D  25838  25837     92
  25890 24780      537.0000    20      880.0000      417.6797   224331   52.54%          x32_23 D  25890  25889    144
  25960 24846    infeasible            880.0000      417.6797   224655   52.54%          x13_17 U  25960  25959    213
  26162 25042      442.3187    49      880.0000      417.6923   226304   52.53%          x17_35 D  26162  26161     75
  26309 25179      474.0000     8      880.0000      417.7273   227290   52.53%          x24_27 D  26309  26308    101
Elapsed time = 301.45 sec. (521277.55 ticks, tree = 76.63 MB, solutions = 2)
  26445 25311      468.0000    15      880.0000      417.7500   227929   52.53%          x24_21 D  26445  26444    134
  26478 25340      442.0000    38      880.0000      417.7500   228401   52.53%          x24_30 U  26478   2942     65
  26742 25597      440.6667    47      880.0000      417.7500   230529   52.53%          x25_33 D  26742  26741     86
  26841 25692      438.7500    53      880.0000      417.7500   231960   52.53%          x29_30 U  26841   2902     25
  27018 25865      454.0119    50      880.0000      417.7578   233547   52.53%          x25_28 N  27018  27017     34
  27180 26023      446.3704    40      880.0000      417.7647   234488   52.53%          x26_10 D  27180  27179     50
  27400 26239      463.5000    27      880.0000      417.7714   236127   52.53%           x12_6 D  27400  27399    144
  27469 26302      485.2500    30      880.0000      417.7879   237331   52.52%          x17_27 D  27469  27468    100
  27521 26348      449.1325    50      880.0000      417.8000   237871   52.52%          x24_16 D  27521  27520     56
  27690 26513      444.4286    45      880.0000      417.8013   238764   52.52%          x32_30 D  27690  27689    100
Elapsed time = 325.55 sec. (560750.20 ticks, tree = 81.04 MB, solutions = 2)
  27890 26703      451.6000    43      880.0000      417.8013   240452   52.52%          x17_35 D  27890  27889     81
  28024 26833      493.7750    48      880.0000      417.8261   242107   52.52%          x24_21 N  28024  28022     94
  28064 26873      508.5000    23      880.0000      417.8261   242916   52.52%           x5_31 D  28064  28062    123
  28128 26937      556.5000    16      880.0000      417.8261   243497   52.52%           x17_7 U  28128  28125    172
  28185 26990      487.5000    18      880.0000      417.8393   244555   52.52%          x11_10 N  28185  28184     64
  28261 27066      562.5000    14      880.0000      417.8393   244935   52.52%           x25_8 D  28261  28260    140
  28307 27112      676.0000    16      880.0000      417.8393   245160   52.52%            x5_6 U  28307  28306    186
* 28320 27123      integral     0      726.0000      417.8393   245197   42.45%           x18_8 D  28320  28319    199
  28496 27297      504.5000    18      726.0000      417.8571   246713   42.44%           x15_7 D  28496  28495    206
  28537 27330      472.0000    16      726.0000      417.8792   247417   42.44%          x26_22 D  28537  28536     37
Elapsed time = 348.53 sec. (597246.03 ticks, tree = 83.83 MB, solutions = 3)
  28670 27453      464.5000    32      726.0000      417.9091   249279   42.44%          x30_31 U  28670   2974     97
  28715 27498      513.2500    17      726.0000      417.9091   249836   42.44%           x9_19 U  28715  28713    133
  28757 27532      432.8333    48      726.0000      417.9231   250463   42.43%          x35_25 D  28757  28756     12
  28820 27587      442.5556    48      726.0000      417.9368   252206   42.43%          x25_27 D  28820  28819     95
  29034 27793    infeasible            726.0000      417.9375   253215   42.43%           x16_6 U  29034  29032    217
  29083 27842      480.0000    10      726.0000      417.9375   254440   42.43%          x18_25 U  29083  29081     69
  29182 27938      448.0000    22      726.0000      417.9375   255286   42.43%          x35_25 U  29182  29181     38
  29267 28023      523.5000    22      726.0000      417.9375   255701   42.43%          x25_21 D  29267  29266    123
  29368 28120      443.4762    45      726.0000      417.9444   256944   42.43%           x26_7 D  29368  29367    116
  29498 28246      507.3333    17      726.0000      418.0000   257859   42.42%          x20_24 D  29498  29497    110
Elapsed time = 372.66 sec. (636495.09 ticks, tree = 87.04 MB, solutions = 3)
  29637 28381      463.5000    14      726.0000      418.0000   259222   42.42%          x15_10 D  29637  29636     64
  29761 28501      457.0000    33      726.0000      418.0000   260541   42.42%          x13_35 U  29761  29759     44
  29816 28556      487.0000    22      726.0000      418.0000   261960   42.42%          x11_22 U  29816  29814     88
  29898 28628      446.1386    63      726.0000      418.0000   263312   42.42%          x28_32 D  29898  29897     39
  30102 28826      455.4868    60      726.0000      418.0000   264601   42.42%          x26_34 D  30102  30101     80
  30215 28931      476.0000    20      726.0000      418.0000   265672   42.42%           x26_7 N  30215  30214    145
  30332 29042      474.0000    23      726.0000      418.0000   266784   42.42%          x32_11 D  30332  30331    108
  30421 29127      453.0000    18      726.0000      418.0000   267461   42.42%          x15_22 D  30421  30420     34
  30585 29287      482.4348    28      726.0000      418.0000   268736   42.42%           x10_6 N  30585  30584    164
  30761 29455    infeasible            726.0000      418.0000   269835   42.42%           x10_6 U  30761  30759    188
Elapsed time = 397.30 sec. (675080.53 ticks, tree = 91.37 MB, solutions = 3)
  30809 29503      465.0000    21      726.0000      418.0000   270894   42.42%           x25_6 N  30809  30807     67
  30908 29602      478.0000    10      726.0000      418.0000   271503   42.42%           x8_31 D  30908  30906    152
  30968 29658      457.5217    46      726.0000      418.0000   272929   42.42%          x23_32 D  30968  30967     68
  31107 29785      448.0000    14      726.0000      418.0030   274594   42.42%          x28_33 D  31107  31105     25
  31170 29848      459.5714    27      726.0000      418.0030   276516   42.42%          x24_30 N  31170  31168     78
  31306 29980    infeasible            726.0000      418.0030   277659   42.42%          x32_16 D  31306  31304    202
  31516 30182      465.1667    33      726.0000      418.0418   279339   42.42%          x32_11 D  31516  31515    196
  31648 30306      435.3333    47      726.0000      418.0704   280941   42.41%          x28_32 U  31648   1706     30
  31708 30366      479.0000    12      726.0000      418.0704   281585   42.41%          x32_30 U  31708  31706     80
  31772 30424      461.6418    44      726.0000      418.0805   282320   42.41%          x19_28 D  31772  31771    145
Elapsed time = 420.52 sec. (713715.79 ticks, tree = 94.89 MB, solutions = 3)
  31933 30581      467.0000     8      726.0000      418.0909   283287   42.41%            x6_8 D  31933  31932    173
  31992 30636      478.6250    24      726.0000      418.0909   283665   42.41%          x14_30 D  31992  31991    157
  32029 30668    infeasible            726.0000      418.0909   283789   42.41%          x14_16 U  32029  32028    193
  32072 30711      507.0000    10      726.0000      418.0909   284289   42.41%           x6_31 N  32072  32070    145
  32156 30791      499.8889    21      726.0000      418.1212   284759   42.41%          x24_13 N  32156  32155    176
  32243 30866      475.0000     8      726.0000      418.1481   285885   42.40%           x25_7 N  32243  32241    155
  32331 30946      440.6981    56      726.0000      418.1667   286871   42.40%          x11_10 N  32331  32330     56
  32575 31182    infeasible            726.0000      418.1667   288277   42.40%           x22_8 D  32575  32574    167
  32636 31235      453.9500    70      726.0000      418.1783   290114   42.40%          x44_38 D  32636  32635     20
  32841 31440      514.0000    18      726.0000      418.1783   291405   42.40%          x15_20 N  32841  32840    225
Elapsed time = 443.98 sec. (752457.57 ticks, tree = 98.67 MB, solutions = 3)
  32898 31491      511.0000    19      726.0000      418.2069   292332   42.40%          x29_31 U  32898  32896    101
  32955 31548      501.0000     8      726.0000      418.2069   292738   42.40%           x16_7 D  32955  32953    151
  33015 31600      508.3333    19      726.0000      418.2500   293383   42.39%          x16_31 D  33015  33014    198
  33104 31681      482.4444    34      726.0000      418.3167   294848   42.38%           x5_17 D  33104  33103    128
  33200 31771      484.2500    25      726.0000      418.3167   295958   42.38%          x25_11 D  33200  33199    144
  33333 31900      495.1667    18      726.0000      418.3210   296811   42.38%           x24_8 D  33333  33332    191
  33403 31960    infeasible            726.0000      418.3529   297506   42.38%           x16_6 D  33403  33402    213
  33510 32063    infeasible            726.0000      418.3569   298569   42.38%          x23_24 U  33510  33509    182
  33635 32186      494.6875    36      726.0000      418.3899   300062   42.37%           x6_12 N  33635  33634    209
  33703 32250      517.5000    24      726.0000      418.3939   301359   42.37%           x12_7 N  33703  33701    129
Elapsed time = 466.94 sec. (791605.10 ticks, tree = 101.76 MB, solutions = 3)
  33790 32331      510.0000     8      726.0000      418.4000   302317   42.37%          x23_31 D  33790  33789    143
  33909 32446      439.8571    33      726.0000      418.4000   303394   42.37%           x5_33 U  33909  33908     93
  34110 32643      445.0000    12      726.0000      418.4058   304688   42.37%           x23_8 D  34110  34109    124
  34261 32790      484.7000    24      726.0000      418.4156   305845   42.37%          x12_31 N  34261  34260    184
  34351 32876      572.1667    15      726.0000      418.4167   306550   42.37%           x22_7 U  34351  34348    199
  34418 32934      479.6667    36      726.0000      418.4355   308082   42.36%          x23_13 D  34418  34417    131
  34494 33004      511.3333    17      726.0000      418.4368   308822   42.36%          x19_28 D  34494  34493    181
  34571 33075      506.0000     8      726.0000      418.4368   309197   42.36%          x17_19 D  34571  34570    171
  34630 33128      510.5938    35      726.0000      418.4444   309942   42.36%          x18_30 D  34630  34629    176
  34665 33161    infeasible            726.0000      418.4444   310111   42.36%           x8_21 U  34665  34663    204
Elapsed time = 490.44 sec. (830445.73 ticks, tree = 106.66 MB, solutions = 3)
  34727 33217      461.5000    21      726.0000      418.4821   310923   42.36%          x23_13 N  34727  34726    104
  34840 33324    infeasible            726.0000      418.4821   311565   42.36%          x30_16 U  34840  34838    215
  34924 33408      480.0000    12      726.0000      418.5000   312228   42.36%           x9_24 D  34924  34923    116
  34981 33459      521.0000    10      726.0000      418.5000   312759   42.36%          x24_21 U  34981   3059    182
  35018 33496      614.0000     8      726.0000      418.5000   312861   42.36%          x16_17 D  35018  35017    219
  35061 33535      454.6818    43      726.0000      418.5000   313840   42.36%          x14_11 D  35061  35060     58
  35093 33567      460.3333    24      726.0000      418.5000   315022   42.36%          x16_28 D  35093  35091     80
  35168 33636      544.0000    10      726.0000      418.5000   315618   42.36%          x22_28 D  35168  35167    191
  35210 33674      456.5000    15      726.0000      418.5238   316156   42.35%           x25_6 D  35210  35209     27
  35266 33730      521.5000    12      726.0000      418.5238   316508   42.35%          x10_11 U  35266  35265     83
Elapsed time = 516.46 sec. (870207.03 ticks, tree = 108.92 MB, solutions = 3)
  35306 33770      610.0000     8      726.0000      418.5238   316690   42.35%           x7_17 D  35306  35305    123
  35355 33817      715.5000     8      726.0000      418.5238   316868   42.35%           x7_13 D  35355  35354    171
  35495 33937      448.0000     8      726.0000      418.6667   318419   42.33%          x29_28 U  35495  35493     57
  35551 33993      504.2000    22      726.0000      418.6667   318816   42.33%           x8_17 U  35551  35549    104
  35577 34011      448.3333    51      726.0000      418.7000   319415   42.33%          x20_31 D  35577  35576     77
  35696 34125      466.6667    70      726.0000      418.7059   320384   42.33%           x5_33 N  35696  35695     23
  35768 34189      496.5000    24      726.0000      418.7273   321682   42.32%          x20_13 N  35768  35765    139
  35852 34265      478.0769    37      726.0000      418.8000   322587   42.31%          x31_19 U  35852  35851    131
  35907 34309      514.0000     8      726.0000      418.8333   323418   42.31%          x18_14 U  35907  35904    158
  35944 34344      568.0000    14      726.0000      418.8333   323592   42.31%           x8_17 D  35944  35943    186
Elapsed time = 539.38 sec. (909351.69 ticks, tree = 111.44 MB, solutions = 3)
  35980 34376      517.0000     0      726.0000      418.9020   324232   42.30%          x22_21 D  35980  35979     46
  36026 34414    infeasible            726.0000      418.9286   324560   42.30%          x18_20 U  36026  36024    156
  36119 34497      507.5000    20      726.0000      419.0000   325423   42.29%           x8_31 N  36119  36118    201
* 36200+34572                          724.0000      419.0000            42.13%
  36225 34599      449.0667    37      724.0000      419.0000   326472   42.13%           x6_10 D  36225  36224     99
  36372 34738    infeasible            724.0000      419.0000   327442   42.13%          x39_45 N  36372  36371     52
  36513 34877      476.0000    10      724.0000      419.0000   328724   42.13%          x16_32 D  36513  36512    157
  36567 34927      430.0000    67      724.0000      419.0000   329037   42.13%          x41_45 U  36567   1298     18
  36620 34976      568.5000    27      724.0000      419.0000   330398   42.13%          x13_25 U  36620  36618     54
  36699 35055      576.3000    26      724.0000      419.0000   331147   42.13%          x33_30 D  36699  36698    125
  36754 35106      443.2500    47      724.0000      419.0000   331544   42.13%          x45_41 U  36754  36753     35
Elapsed time = 565.02 sec. (948422.79 ticks, tree = 114.57 MB, solutions = 4)
  36863 35211      536.5000    14      724.0000      419.0000   332178   42.13%           x32_7 N  36863  36862    142
  36906 35250    infeasible            724.0000      419.0000   332309   42.13%           x6_25 U  36906  36904    184
  36973 35311      463.0000    18      724.0000      419.0000   334203   42.13%          x26_15 N  36973  36972     44
  37075 35411      540.0000    10      724.0000      419.0000   334610   42.13%           x8_16 D  37075  37074    145
  37125 35453      456.4091    78      724.0000      419.0000   336271   42.13%          x22_29 D  37125  37123     17
  37154 35482      503.1667    23      724.0000      419.0000   337317   42.13%          x24_22 N  37154  37152     38
  37186 35514      541.0000     8      724.0000      419.0000   337824   42.13%          x17_32 U  37186  37184     58
  37203 35531      544.3333    33      724.0000      419.0000   337901   42.13%           x9_14 D  37203  37201     70
  37290 35614      448.6667    50      724.0000      419.0000   338657   42.13%          x30_27 D  37290  37289     82
  37401 35725      508.6667    29      724.0000      419.0000   339224   42.13%           x8_20 D  37401  37400    193
Elapsed time = 591.24 sec. (987789.13 ticks, tree = 117.14 MB, solutions = 4)
  37487 35804      459.0000    45      724.0000      419.0000   340734   42.13%          x11_10 D  37487  37486     77
  37633 35948      531.6667    11      724.0000      419.0000   341145   42.13%           x30_6 U  37633  37631    222
  37745 36050      637.5000    24      724.0000      419.0125   342824   42.13%          x26_13 D  37745  37744    114
  37875 36177      549.5000    21      724.0000      419.0417   343939   42.12%          x30_13 D  37875  37874    173
  37915 36213      476.0000    22      724.0000      419.0625   345174   42.12%            x7_9 U  37915  37913     35
  37948 36240      497.6364    42      724.0000      419.1250   345997   42.11%           x6_28 N  37948   3040    163
  38024 36310      561.6250    32      724.0000      419.1842   346906   42.10%           x8_29 N  38024  38023    169
  38116 36394    infeasible            724.0000      419.3333   347775   42.08%           x18_7 N  38116  38115    220
  38272 36546      492.0000    10      724.0000      419.5000   349092   42.06%          x32_13 D  38272  38271    172
  38365 36635      477.6176    40      724.0000      419.5000   349906   42.06%          x27_30 D  38365  38364     71
Elapsed time = 616.37 sec. (1026300.75 ticks, tree = 121.00 MB, solutions = 4)
  38463 36733      516.0000    12      724.0000      419.5000   350436   42.06%           x9_30 D  38463  38462    169
  38554 36814      464.8421    54      724.0000      419.5000   351460   42.06%          x33_23 U  38554  38553     27
  38654 36914      515.1667    17      724.0000      419.5000   352061   42.06%           x15_7 D  38654  38653    127
  38689 36945      446.0000    16      724.0000      419.5000   353019   42.06%          x21_22 N  38689  38688     29
  38710 36966      463.3333    26      724.0000      419.5000   353305   42.06%          x29_30 D  38710  38709     43
  38755 37011      474.1250    23      724.0000      419.5000   353609   42.06%          x18_13 N  38755  38754     81
  38792 37048      501.6667    30      724.0000      419.5000   353836   42.06%          x24_14 N  38792  38791    111
  38834 37086    infeasible            724.0000      419.5000   354087   42.06%           x22_6 U  38834  38831    143
  38977 37225      488.6667    19      724.0000      419.5000   355504   42.06%            x7_9 N  38977  38976    145
  39090 37332      565.5238    50      724.0000      419.5000   356660   42.06%          x26_17 D  39090  39089     81
Elapsed time = 641.62 sec. (1065184.69 ticks, tree = 123.98 MB, solutions = 4)
  39180 37418      517.0000    50      724.0000      419.5000   357431   42.06%          x29_32 D  39180  39179     25
  39224 37456      505.3333    11      724.0000      419.5833   358096   42.05%           x19_8 U  39224  39223    194
  39258 37486      485.5000    30      724.0000      419.6140   359517   42.04%          x14_28 N  39258  39256     35
  39297 37521      570.5000    20      724.0000      419.6140   360141   42.04%          x23_20 N  39297  39295     61
  39420 37638      468.0000    12      724.0000      419.7143   361269   42.03%          x24_16 D  39420  39419    144
  39470 37686    infeasible            724.0000      419.7143   361467   42.03%           x6_31 N  39470  39469    194
  39534 37746      529.6667    38      724.0000      419.7429   363090   42.02%          x25_26 U  39534  39533     81
  39590 37802      566.3333    15      724.0000      419.7429   363425   42.02%          x17_33 D  39590  39589    137
  39648 37860      661.4000    17      724.0000      419.7429   363752   42.02%          x21_22 N  39648  39647    195
  39730 37932      507.2667    32      724.0000      420.0000   364821   41.99%          x31_19 U  39730  39729     76
Elapsed time = 667.85 sec. (1105109.54 ticks, tree = 126.62 MB, solutions = 4)
  39843 38041      442.0769    32      724.0000      420.0000   365611   41.99%          x26_16 D  39843  39842     56
  39921 38115      441.5000    24      724.0000      420.0000   366468   41.99%          x29_34 D  39921  39920     33
  40021 38215      460.1429    19      724.0000      420.0000   367133   41.99%           x9_27 D  40021  40020    133
  40168 38351      489.0000    25      724.0000      420.0000   368238   41.99%          x33_23 U  40168  40167    104
  40260 38435      469.4545    48      724.0000      420.0000   369665   41.99%          x26_35 D  40260  40259     94
  40302 38477      504.0000    10      724.0000      420.0000   370122   41.99%           x23_7 U  40302  40300    128
  40380 38549      469.3750    39      724.0000      420.0000   370676   41.99%           x19_8 U  40380  40379    109
  40476 38635      459.5000    50      724.0000      420.0000   371426   41.99%          x31_27 N  40476  40475     94
  40579 38732      431.1538    59      724.0000      420.0000   372463   41.99%          x34_35 U  40579  40578     21
  40631 38780      461.0000    14      724.0000      420.1250   373930   41.97%          x16_35 U  40631  40629     38
Elapsed time = 692.88 sec. (1143892.84 ticks, tree = 183.10 MB, solutions = 4)
  40686 38835      488.3333    32      724.0000      420.1250   375004   41.97%          x10_29 N  40686  40684     82
  40741 38890      487.5385    29      724.0000      420.1250   375503   41.97%          x26_13 N  40741  40740    130
  40788 38935    infeasible            724.0000      420.1250   375790   41.97%          x30_16 D  40788  40787    170
  40910 39043      458.5000    41      724.0000      420.1250   376950   41.97%          x10_35 D  40910  40908     61
  40962 39095      502.0000    24      724.0000      420.1250   377363   41.97%          x14_11 D  40962  40961    107
  41002 39135      522.3333    16      724.0000      420.1250   377487   41.97%           x31_7 U  41002  41000    141
  41106 39233    infeasible            724.0000      420.1250   378166   41.97%           x8_21 D  41106  41105    154
  41147 39253      467.2222    48      724.0000      420.1250   379990   41.97%          x19_11 N  41147  41145     82
  41200 39306      468.3947    39      724.0000      420.1250   380585   41.97%           x8_20 D  41200  41199    131
  41290 39390      470.8250    41      724.0000      420.1667   382103   41.97%          x16_11 D  41290  41289     82
Elapsed time = 716.71 sec. (1183447.61 ticks, tree = 185.86 MB, solutions = 4)
  41374 39468      438.6667    35      724.0000      420.2328   383074   41.96%          x27_26 U  41374  41373     22
  41495 39570      455.2571    61      724.0000      420.5000   384586   41.92%          x27_32 D  41495  41494     63
  41618 39687      434.8235    71      724.0000      420.5000   385689   41.92%          x35_25 D  41618  41617     31
  41766 39831      427.8333    62      724.0000      420.5000   386706   41.92%          x16_22 U  41766   1305     25
  41832 39897      499.5000    20      724.0000      420.5000   387850   41.92%          x11_33 D  41832  41831     91
  41884 39949      594.5000    10      724.0000      420.5000   388294   41.92%            x8_9 U  41884  41883    143
  41923 39984      427.8333    62      724.0000      420.5000   389617   41.92%          x40_39 U  41923   1307     27
  42036 40097      479.1000    29      724.0000      420.5000   390554   41.92%           x9_32 D  42036  42035    140
  42132 40189      459.6000    37      724.0000      420.5000   391370   41.92%           x5_24 N  42132  42131     68
  42175 40228      444.3585    47      724.0000      420.5000   392464   41.92%          x25_32 U  42175  42174     43
Elapsed time = 744.02 sec. (1224638.15 ticks, tree = 192.41 MB, solutions = 4)
  42222 40275      458.0000     8      724.0000      420.5000   393131   41.92%          x17_19 D  42222  42220     80
  42238 40291      478.0000    12      724.0000      420.5000   393249   41.92%          x31_19 N  42238  42236     92
  42255 40306      505.5000    21      724.0000      420.5000   393387   41.92%          x13_18 N  42255  42252    103
  42330 40377      447.5385    46      724.0000      420.5714   393943   41.91%          x24_29 D  42330  42329     80
  42400 40447      469.2500    22      724.0000      420.5714   394443   41.91%          x20_22 D  42400  42399    150
  42558 40599      477.5000    23      724.0000      420.6250   395470   41.90%          x24_18 D  42558  42557    134
  42679 40715      447.0000    18      724.0000      420.6667   396505   41.90%          x16_10 D  42679  42678     65
* 42800+40806                          684.0000      420.6667            38.50%
  42822 40830      487.0000    14      684.0000      420.6667   397516   38.50%          x26_31 N  42822  42820     97
  42871 40877      537.3333    14      684.0000      420.6667   397976   38.50%           x25_6 N  42871  42869    140
  43000 40998      464.6667    32      684.0000      420.7500   399109   38.49%           x6_19 N  43000   1782    102
Elapsed time = 771.66 sec. (1264771.21 ticks, tree = 195.97 MB, solutions = 5)
  43096 41090      468.2500    42      684.0000      420.8125   399848   38.48%          x19_11 D  43096  43095    110
  43196 41184      449.7500    42      684.0000      420.9020   400930   38.46%          x28_33 U  43196   2928     51
  43332 41320      479.0714    32      684.0000      420.9020   401795   38.46%          x17_31 D  43332  43331    187
  43391 41375      489.0000    26      684.0000      420.9318   402274   38.46%           x6_24 U  43391  43389    144
  43425 41401    infeasible            684.0000      420.9318   402387   38.46%          x10_14 U  43425  43422    172
  43528 41496      489.0000    34      684.0000      421.0000   403723   38.45%          x43_42 U  43528  43526     46
  43656 41620      479.3333    28      684.0000      421.0000   405034   38.45%          x18_11 D  43656  43655    154
  43711 41671      471.0000    12      684.0000      421.0000   406085   38.45%           x8_12 U  43711  43709     25
  43761 41721      504.5000     8      684.0000      421.0000   406921   38.45%           x9_15 U  43761  43759     65
  43799 41759      510.5789    32      684.0000      421.0000   407369   38.45%           x26_7 D  43799  43797     95
Elapsed time = 797.50 sec. (1303466.35 ticks, tree = 199.50 MB, solutions = 5)
  43830 41787      429.5000    22      684.0000      421.0000   407716   38.45%           x20_7 N  43830   1369     20
  43879 41830      440.3333    30      684.0000      421.0000   408919   38.45%          x29_32 N  43879  43878     24
  43983 41932      529.5000    10      684.0000      421.0000   409638   38.45%          x24_21 D  43983  43982    127
  44000 41943      452.5104    57      684.0000      421.0000   410367   38.45%           x5_11 D  44000  43999     39
  44044 41987      474.1111    24      684.0000      421.0000   411481   38.45%          x23_32 D  44044  44043     77
  44073 42016      481.4474    39      684.0000      421.0000   411950   38.45%          x31_13 D  44073  44072     98
  44126 42069      501.2500    19      684.0000      421.0000   412553   38.45%          x18_20 D  44126  44125    144
  44164 42107      537.2500    19      684.0000      421.0000   412915   38.45%           x7_21 N  44164  44162    175
  44230 42169      483.1667    40      684.0000      421.0000   414009   38.45%           x6_22 D  44230  44229     72
  44363 42296      447.6111    40      684.0000      421.0000   414932   38.45%           x5_33 U  44363  44362     49
Elapsed time = 823.14 sec. (1342148.56 ticks, tree = 202.04 MB, solutions = 5)
  44458 42391      482.6667    24      684.0000      421.0000   415415   38.45%           x9_31 D  44458  44457    144
  44574 42503      471.4000    23      684.0000      421.0000   416326   38.45%          x20_21 D  44574  44573    108
  44638 42563      456.4310    59      684.0000      421.0000   417104   38.45%          x22_29 D  44638  44637     31
  44764 42689      515.2000    15      684.0000      421.0000   417834   38.45%          x24_31 D  44764  44763    157
  44815 42736      444.1452    47      684.0000      421.0000   419147   38.45%           x5_11 D  44815  44814     35
  44851 42772      469.0000    23      684.0000      421.0000   419744   38.45%           x6_28 D  44851  44850     63
  44884 42805      499.2857    15      684.0000      421.0000   420021   38.45%          x33_21 U  44884  44882     88
  44949 42864      491.1282    38      684.0000      421.0000   420802   38.45%           x5_33 U  44949  44948     40
  45099 43008      445.7000    77      684.0000      421.0000   421659   38.45%          x44_40 D  45099     46     41
  45132 43035      509.0000    14      684.0000      421.0000   422463   38.45%          x31_43 U  45132  45130     81
Elapsed time = 849.28 sec. (1381060.00 ticks, tree = 205.55 MB, solutions = 5)
  45158 43061      569.3333    11      684.0000      421.0000   422599   38.45%          x10_13 D  45158  45157    101
  45201 43096      531.1250    27      684.0000      421.0000   423344   38.45%          x32_27 D  45201  45200     93
  45254 43141      486.0000     8      684.0000      421.0000   425163   38.45%          x30_33 N  45254  45253     52
  45287 43170      508.2500    16      684.0000      421.0000   426078   38.45%          x21_22 U  45287  45286    122
  45328 43211      525.0000    37      684.0000      421.0000   426515   38.45%          x21_26 N  45328  45326    154
  45379 43254      492.0000    26      684.0000      421.0000   427728   38.45%           x8_35 N  45379  45378    104
  45490 43365      524.6667    24      684.0000      421.0000   428334   38.45%           x24_7 D  45490  45489    215
  45600 43469      460.3333    25      684.0000      421.0000   429636   38.45%          x30_31 D  45600  45599    130
  45723 43588      444.0000     8      684.0000      421.0000   430373   38.45%            x7_9 U  45723  45722     71
  45875 43734      441.8800    58      684.0000      421.0000   431428   38.45%          x29_32 D  45875  45873     30
Elapsed time = 874.90 sec. (1421604.37 ticks, tree = 208.92 MB, solutions = 5)
  45910 43765      480.0000    18      684.0000      421.0000   432494   38.45%          x32_29 N  45910  45908     58
  45945 43800      547.1429    25      684.0000      421.0000   432808   38.45%          x19_20 D  45945  45944     86
  46061 43912      477.0000    22      684.0000      421.0500   433871   38.44%          x24_18 D  46061  46060    127
  46135 43986      534.5000     8      684.0000      421.0500   434147   38.44%           x8_13 D  46135  46134    201
  46178 44025      457.6667    20      684.0000      421.0645   434807   38.44%          x25_32 N  46178  46177     56
  46211 44050      458.0000    19      684.0000      421.2000   435402   38.42%           x25_7 D  46211  46210    151
  46314 44147      470.1667    43      684.0000      421.2000   436602   38.42%          x44_42 U  46314  46312     44
  46359 44192      463.3571    37      684.0000      421.2000   437324   38.42%          x13_31 N  46359  46358     82
  46415 44248      498.0000    20      684.0000      421.2000   437606   38.42%          x24_31 N  46415  46412    133
  46427 44254      434.5000    33      684.0000      421.2000   437962   38.42%          x12_13 U  46427   1378     29
Elapsed time = 901.51 sec. (1460853.66 ticks, tree = 211.45 MB, solutions = 5)
  46491 44314      467.7750    41      684.0000      421.2222   438912   38.42%          x25_27 N  46491  46490     61
  46592 44415      509.5000    17      684.0000      421.2222   439334   38.42%           x12_6 D  46592  46591    162
  46687 44506      463.3214    34      684.0000      421.2222   440109   38.42%           x6_24 D  46687  46686    116
  46800 44613      443.3333    43      684.0000      421.2222   440775   38.42%          x29_32 D  46800  46799     26
  46858 44667      464.4167    31      684.0000      421.2500   442022   38.41%           x5_19 N  46858  46857     54
  46891 44700      482.0000    12      684.0000      421.2500   442524   38.41%          x27_16 D  46891  46890     79
  46918 44727      515.6667    20      684.0000      421.2500   442937   38.41%           x8_14 N  46918  46917     99
  46935 44742      580.6667    13      684.0000      421.2500   443088   38.41%          x24_20 D  46935  46933    111
  46971 44770      481.0000    22      684.0000      421.2647   443753   38.41%          x28_31 N  46971  46970    115
  47080 44878      567.2500    27      684.0000      421.2647   444174   38.41%           x30_8 N  47080  47079    224
Elapsed time = 927.22 sec. (1500763.44 ticks, tree = 214.52 MB, solutions = 5)
  47223 45014      468.7500    33      684.0000      421.2683   445316   38.41%          x12_11 D  47223  47222    148
  47287 45070    infeasible            684.0000      421.2683   445558   38.41%          x20_30 U  47287  47285    209
  47373 45156      544.5000    18      684.0000      421.2857   446372   38.41%          x18_25 N  47373  47372    102
  47443 45225      616.5000    12      684.0000      421.2857   446586   38.41%          x14_22 D  47443  47442    172
  47495 45273      532.0000    24      684.0000      421.3000   447739   38.41%          x32_23 D  47495  47494     67
  47541 45315      475.0000    12      684.0000      421.3333   448855   38.40%          x15_22 U  47541  47539     29
  47571 45345      494.0000    20      684.0000      421.3333   449733   38.40%          x26_12 N  47571  47569     50
  47608 45378      455.7500    21      684.0000      421.3333   450439   38.40%          x26_32 N  47608  47607     45
  47734 45498    infeasible            684.0000      421.3333   450964   38.40%           x8_12 U  47734  47732    169
  47799 45555      491.2500    49      684.0000      421.3378   452463   38.40%          x17_35 D  47799  47798     65
Elapsed time = 954.69 sec. (1540276.90 ticks, tree = 217.89 MB, solutions = 5)
  47912 45661      533.5000     8      684.0000      421.3784   453663   38.39%           x21_8 N  47912  47911    214
  47956 45698      466.1316    46      684.0000      421.4000   454618   38.39%          x21_11 N  47956  47955     69
  48060 45800      515.3333    12      684.0000      421.4000   454900   38.39%          x24_31 U  48060  48058    172
  48200 45936      485.7500    29      684.0000      421.5000   456479   38.38%          x21_31 D  48200  48199    155
  48393 46126      456.0455    46      684.0000      421.5000   457858   38.38%          x20_28 D  48393  48392    202
  48487 46216      467.2000    22      684.0000      421.5000   458975   38.38%          x13_18 U  48487  48486     61
  48600 46323      443.2500    57      684.0000      421.5000   459815   38.38%          x25_27 D  48600  48599     52
  48675 46398      473.0000    26      684.0000      421.5000   460323   38.38%          x30_21 D  48675  48674    127
  48758 46477      438.0000    57      684.0000      421.5000   460877   38.38%          x34_47 N  48758   2884     22
  48907 46626      462.2727    38      684.0000      421.5000   462258   38.38%          x29_28 U  48907  48906    171
Elapsed time = 980.80 sec. (1579399.76 ticks, tree = 223.26 MB, solutions = 5)
  49018 46729      433.0000    16      684.0000      421.5000   462806   38.38%          x34_35 U  49018  49017     16
  49093 46804      474.0000     8      684.0000      421.5000   463704   38.38%          x17_13 D  49093  49092     91
  49173 46884      530.0000     8      684.0000      421.5000   463947   38.38%           x10_6 N  49173  49172    171
  49200 46907      459.0000     4      684.0000      421.5000   464264   38.38%          x16_13 D  49200  49199     39
  49252 46959      503.0000    10      684.0000      421.5000   464439   38.38%           x19_8 U  49252  49251     91
  49279 46982      475.0000     8      684.0000      421.6000   465306   38.36%          x39_47 U  49279  49277     28
  49311 47014      520.5000    14      684.0000      421.6000   465802   38.36%          x26_22 N  49311  49309     51
  49347 47044    infeasible            684.0000      421.6667   466661   38.35%          x17_24 N  49347  49346     52
  49392 47085      493.0000    14      684.0000      421.7255   468097   38.34%           x23_7 N  49392  49391     54
  49428 47119      537.0000    18      684.0000      421.7255   468550   38.34%          x12_13 U  49428  49427     89
Elapsed time = 1009.86 sec. (1619964.12 ticks, tree = 225.77 MB, solutions = 5)
  49451 47142      611.0000    10      684.0000      421.7255   468710   38.34%          x23_24 N  49451  49450    112
  49480 47169      658.7500    12      684.0000      421.7255   468794   38.34%          x16_18 N  49480  49479    140
  49595 47276      446.5000    36      684.0000      421.8824   469825   38.32%          x28_24 U  49595  49592     27
  49615 47296      473.6667    22      684.0000      421.8824   470523   38.32%           x8_27 D  49615  49613     40
  49690 47361      484.5000    40      684.0000      422.0000   471587   38.30%          x17_19 N  49690  49689     71
  49754 47420      468.5000    28      684.0000      422.0000   472754   38.30%           x5_33 U  49754  49753     41
  49838 47498      454.4500    38      684.0000      422.0000   474034   38.30%          x24_21 N  49838  49837     83
  49886 47542      449.6667    24      684.0000      422.0000   475002   38.30%          x33_23 U  49886  49885     34
  49920 47576      487.8000    21      684.0000      422.0000   475541   38.30%          x18_30 U  49920  49918     59
  49940 47596      498.3333    19      684.0000      422.0000   475714   38.30%          x21_26 D  49940  49938     75
Elapsed time = 1036.11 sec. (1659624.75 ticks, tree = 228.23 MB, solutions = 5)
  49972 47628      553.3333    21      684.0000      422.0000   475974   38.30%            x6_8 U  49972  49969    100
  50003 47659      565.5000    12      684.0000      422.0000   476114   38.30%           x15_8 D  50003  50001    127
  50041 47691      477.0000     8      684.0000      422.0000   476829   38.30%           x6_24 D  50041  50040     60
  50134 47784      520.0000     8      684.0000      422.0000   477060   38.30%           x7_11 D  50134  50133    153
  50194 47840      459.5000    12      684.0000      422.0000   477758   38.30%          x11_10 U  50194  50193     72
  50312 47947      440.6667    21      684.0000      422.0000   478578   38.30%          x30_31 D  50312  50311     33
  50440 48075      445.9730    39      684.0000      422.0000   479178   38.30%           x6_21 D  50440  50439    161
  50530 48157      478.0000    27      684.0000      422.0000   480277   38.30%           x8_13 D  50530  50529    129
  50570 48192      446.0000    49      684.0000      422.0000   480837   38.30%          x29_30 U  50570    504     14
  50606 48228      475.0000    10      684.0000      422.0000   481303   38.30%          x24_27 D  50606  50605     50
Elapsed time = 1062.19 sec. (1698805.48 ticks, tree = 231.52 MB, solutions = 5)
  50713 48335      497.0000    19      684.0000      422.0000   481759   38.30%          x21_20 N  50713  50712    157
  50761 48379      488.1667    32      684.0000      422.0000   482783   38.30%          x21_22 U  50761  50760    112
  50784 48402      528.5000    10      684.0000      422.0000   483107   38.30%           x8_13 U  50784  50782    128
  50812 48430      554.0000    15      684.0000      422.0000   483232   38.30%          x22_32 D  50812  50811    152
  50833 48445    infeasible            684.0000      422.0000   483313   38.30%          x14_22 D  50833  50831    168
  50907 48513      508.0000    12      684.0000      422.1000   485140   38.29%          x15_22 D  50907  50906     95
  50948 48554      536.5000    10      684.0000      422.1000   485481   38.29%          x24_29 U  50948  50947    136
  50985 48591      608.0000    11      684.0000      422.1000   485776   38.29%            x5_6 U  50985  50984    173
* 51007 48607      integral     0      678.0000      422.1000   485844   37.74%
  51031 48619      440.7500    59      678.0000      422.2000   486384   37.73%          x29_30 U  51031    680     17
  51053 48641      494.3333    24      678.0000      422.2000   486687   37.73%          x22_12 U  51053  51051     32
Elapsed time = 1087.98 sec. (1738433.95 ticks, tree = 233.71 MB, solutions = 6)
  51081 48659      444.5000    53      678.0000      422.2222   487248   37.73%          x29_30 U  51081     80     23
  51174 48752      463.8182    28      678.0000      422.2222   487850   37.73%            x8_7 D  51174  51173    116
  51232 48806      447.5556    27      678.0000      422.2500   488456   37.72%          x30_32 D  51232  51231     45
  51266 48840      475.0000    29      678.0000      422.2500   488860   37.72%          x18_21 D  51266  51265     79
  51303 48877      506.1818    37      678.0000      422.2500   489078   37.72%          x12_31 D  51303  51302    116
  51357 48929      527.5000    12      678.0000      422.2500   489278   37.72%           x30_9 N  51357  51355    169
  51430 48998      506.0000    37      678.0000      422.2500   490171   37.72%            x7_9 U  51430  51429     85
  51566 49131      470.1786    37      678.0000      422.2500   491230   37.72%           x6_32 D  51566  51565    114
  51600 49165      520.0000    18      678.0000      422.2500   491569   37.72%           x12_9 N  51600  51599    148
  51632 49193      483.0000    12      678.0000      422.3182   492514   37.71%          x17_24 U  51632  51630     22
Elapsed time = 1117.17 sec. (1778479.52 ticks, tree = 236.64 MB, solutions = 6)
  51647 49208      499.5000    17      678.0000      422.3182   492781   37.71%          x21_22 N  51647  51646     32
  51677 49222      445.5000    42      678.0000      422.5000   493088   37.68%          x44_41 U  51677   1361     12
  51823 49366      504.0000    25      678.0000      422.5000   493995   37.68%          x17_10 D  51823  51822    157
  51882 49419      492.0909    41      678.0000      422.5000   494750   37.68%          x20_25 U  51882  51881     70
  52000 49533      455.5000    31      678.0000      422.5000   495288   37.68%          x47_45 U  52000  51999     10
  52119 49652      508.0000    16      678.0000      422.5000   496297   37.68%          x10_24 D  52119  52118    129
  52230 49759      446.1242    64      678.0000      422.5000   496913   37.68%          x27_26 U  52230  52229     65
  52350 49873      455.5333    56      678.0000      422.5000   497755   37.68%          x34_35 U  52350  52349     29
  52378 49901      457.1250    26      678.0000      422.5000   499115   37.68%          x29_28 U  52378  52376     48
  52403 49926      473.0000    25      678.0000      422.5000   499450   37.68%           x9_12 N  52403  52400     66
Elapsed time = 1146.87 sec. (1820107.40 ticks, tree = 240.57 MB, solutions = 6)
  52431 49954      490.0000    22      678.0000      422.5000   499664   37.68%          x11_24 N  52431  52430     90
  52452 49973      526.4000    23      678.0000      422.5000   499879   37.68%          x18_25 N  52452  52451    106
  52482 49999      623.0000    10      678.0000      422.5000   500017   37.68%          x20_15 D  52482  52481    129
  52522 50033      475.6000    45      678.0000      422.5000   501628   37.68%          x29_26 D  52522  52521     62
  52576 50087      510.2500    15      678.0000      422.5000   502548   37.68%           x20_7 D  52576  52575    116
  52607 50118      537.1111    34      678.0000      422.5000   502780   37.68%           x9_30 N  52607  52606    147
  52652 50163      595.0000    20      678.0000      422.5000   503002   37.68%           x9_21 N  52652  52651    192
  52699 50205      434.6875    64      678.0000      422.6000   503476   37.67%          x26_24 U  52699   1907     27
  52794 50300      499.0000    12      678.0000      422.6000   504577   37.67%          x15_22 D  52794  52793    122
  52830 50336      505.5000    14      678.0000      422.6000   504751   37.67%          x16_31 D  52830  52829    158
Elapsed time = 1174.54 sec. (1859564.74 ticks, tree = 242.78 MB, solutions = 6)
  52880 50380      477.6667    32      678.0000      422.6667   505626   37.66%          x32_27 D  52880  52879     39
  52915 50409      447.9167    46      678.0000      422.6667   507032   37.66%          x22_28 U  52915  52913     31
  52944 50438      497.0000    29      678.0000      422.6667   508643   37.66%          x29_31 U  52944  52942     56
  52982 50476      479.7333    33      678.0000      422.6667   509346   37.66%          x24_19 N  52982  52980     85
  53005 50499      503.0000    14      678.0000      422.6667   509814   37.66%           x5_17 N  53005  53004    102
  53040 50534      515.6000    15      678.0000      422.6667   510024   37.66%          x13_15 D  53040  53039    131
  53080 50570      477.0000    31      678.0000      422.7451   510543   37.65%          x46_45 N  53080  53079     41
  53195 50685      519.2857    25      678.0000      422.7451   511384   37.65%          x15_32 D  53195  53194    156
  53253 50737    infeasible            678.0000      422.7451   511589   37.65%            x8_6 U  53253  53251    212
  53334 50818      461.6667    13      678.0000      422.7500   512450   37.65%          x11_10 N  53334  53333     96
Elapsed time = 1202.55 sec. (1899254.09 ticks, tree = 245.41 MB, solutions = 6)
  53461 50935      448.6111    40      678.0000      422.8138   513204   37.64%           x9_11 D  53461  53460     47
  53564 51038      482.0476    27      678.0000      422.8138   513897   37.64%            x7_9 U  53564  53563    150
  53652 51122      481.0000    10      678.0000      422.8333   514527   37.64%          x17_27 D  53652  53651    149
  53735 51199      446.0000    14      678.0000      422.8333   515111   37.64%           x19_8 D  53735  53732     27
  53770 51234      475.3333    41      678.0000      422.8333   516162   37.64%          x26_10 D  53770  53769     52
  53793 51257      492.0000    14      678.0000      422.8333   516311   37.64%           x7_13 D  53793  53792     71
  53814 51278      502.3333    13      678.0000      422.8333   516428   37.64%          x15_22 D  53814  53813     89
  53835 51299      531.0000    16      678.0000      422.8333   516561   37.64%          x16_32 N  53835  53834    106
  53937 51395      482.1333    34      678.0000      422.8333   517351   37.64%           x8_22 D  53937  53936     94
  54040 51493      462.2857    53      678.0000      422.9841   518176   37.61%          x28_32 D  54040  54039     36
Elapsed time = 1230.48 sec. (1938534.99 ticks, tree = 249.13 MB, solutions = 6)
  54175 51628      491.4000    15      678.0000      422.9841   519084   37.61%          x11_10 U  54175  54174    171
  54250 51695      493.0769    59      678.0000      423.0000   520087   37.61%          x27_19 D  54250  54249     68
  54338 51783      540.0000    12      678.0000      423.0000   520663   37.61%          x24_16 D  54338  54337    156
  54376 51821      566.0000    13      678.0000      423.0000   520803   37.61%          x11_24 D  54376  54375    194
  54418 51859      486.5000    24      678.0000      423.0000   521451   37.61%          x33_18 D  54418  54417     37
  54442 51883      511.0000    10      678.0000      423.0000   521620   37.61%          x18_28 U  54442  54440     55
  54458 51899      521.3333    15      678.0000      423.0000   521665   37.61%           x9_24 U  54458  54455     67
  54495 51932      458.2308    41      678.0000      423.0000   522135   37.61%          x29_31 D  54495  54494     44
  54526 51963      464.0169    42      678.0000      423.0000   522273   37.61%          x23_31 D  54526  54525     75
  54637 52074      545.4000    26      678.0000      423.0000   522736   37.61%          x17_20 D  54637  54636    186
Elapsed time = 1259.66 sec. (1977722.47 ticks, tree = 252.34 MB, solutions = 6)
  54675 52104      439.5000    32      678.0000      423.0000   523239   37.61%          x27_24 D  54675  54674     36
  54752 52173      431.5000    25      678.0000      423.0000   524666   37.61%          x34_35 U  54752  54751     19
  54875 52290      456.6667    28      678.0000      423.0000   526075   37.61%           x19_8 U  54875  54874    100
  54993 52406      518.2000    22      678.0000      423.0000   526548   37.61%           x24_6 U  54993  54991    217
  55094 52497      456.7143    40      678.0000      423.0000   527305   37.61%            x6_9 D  55094  55093    112
  55129 52532      492.0000    22      678.0000      423.0000   527623   37.61%          x24_31 N  55129  55128    147
  55162 52565      512.9231    25      678.0000      423.0000   527724   37.61%          x11_32 D  55162  55161    180
  55220 52615      440.1121    61      678.0000      423.0000   528573   37.61%          x29_28 D  55220  55219     40
  55330 52725      487.2500    22      678.0000      423.0000   529465   37.61%          x24_31 D  55330  55329    150
  55382 52771      472.0000    21      678.0000      423.0000   530199   37.61%          x33_23 N  55382  55380     46
Elapsed time = 1288.61 sec. (2017099.75 ticks, tree = 256.25 MB, solutions = 6)
  55450 52833      525.0000    13      678.0000      423.0000   530513   37.61%          x11_18 N  55450  55449    111
  55512 52889      441.5556    35      678.0000      423.0000   531094   37.61%          x28_26 D  55512  55511     40
  55658 53035      542.0000     8      678.0000      423.0000   531681   37.61%           x16_6 N  55658  55657    186
  55701 53070      460.5000    30      678.0000      423.0000   532972   37.61%          x20_11 N  55701  55699     65
  55740 53109      517.5000    15      678.0000      423.0000   533390   37.61%          x17_24 D  55740  55739     96
  55769 53136      527.3333    13      678.0000      423.0000   533506   37.61%          x16_20 D  55769  55768    121
  55806 53163      472.5000    47      678.0000      423.0000   534274   37.61%          x35_43 N  55806  55805     19
  55888 53240      471.5278    36      678.0000      423.0000   535352   37.61%           x6_12 D  55888  55887    189
  55983 53329      469.2222    36      678.0000      423.0000   536139   37.61%          x15_32 N  55983  55982    139
  56083 53425      460.5000     8      678.0000      423.1000   536914   37.60%           x20_7 D  56083  56082     55
Elapsed time = 1315.23 sec. (2056420.37 ticks, tree = 259.95 MB, solutions = 6)
  56104 53446      493.3333    13      678.0000      423.1000   537092   37.60%           x5_30 U  56104  56102     69
  56124 53466      524.0000    10      678.0000      423.1000   537283   37.60%           x8_26 U  56124  56121     82
  56161 53503      575.0000    16      678.0000      423.1000   537435   37.60%           x18_7 N  56161  56159    112
  56228 53564      463.0000    26      678.0000      423.1765   538486   37.58%          x20_21 D  56228  56227     66
  56292 53624      440.0000    35      678.0000      423.2000   538872   37.58%          x28_32 D  56292  56291     22
  56350 53682      469.6667    15      678.0000      423.2000   539281   37.58%          x23_20 D  56350  56349     80
  56397 53727      523.0000    14      678.0000      423.2000   539414   37.58%          x30_11 U  56397  56395    126
  56430 53751      433.5000    22      678.0000      423.4444   540144   37.55%          x34_35 U  56430  56429     17
  56463 53784      465.0000    20      678.0000      423.4444   540862   37.55%           x25_8 D  56463  56461     42
  56500 53821      495.9000    29      678.0000      423.4444   541401   37.55%           x18_8 N  56500  56498     69
Elapsed time = 1342.23 sec. (2096583.53 ticks, tree = 262.22 MB, solutions = 6)
  56527 53848      519.1111    23      678.0000      423.4444   541739   37.55%          x11_13 N  56527  56525     89
  56569 53884      431.1111    63      678.0000      423.4466   542169   37.54%          x39_49 U  56569    682     19
  56670 53985      510.6250    27      678.0000      423.4466   542940   37.54%          x25_17 D  56670  56669    120
  56754 54069      563.7000    23      678.0000      423.4466   543280   37.54%           x15_6 N  56754  56753    204
  56848 54153      449.5000    44      678.0000      423.5000   544242   37.54%          x27_26 U  56848  56847     20
  56930 54235      507.0000    12      678.0000      423.5000   544924   37.54%          x32_31 D  56930  56929    102
  56950 54251      448.4545    42      678.0000      423.5000   545417   37.54%          x26_33 D  56950  56949     25
  56969 54270      475.0000    10      678.0000      423.5000   545804   37.54%          x13_18 U  56969  56968     38
  56984 54283      494.0000    12      678.0000      423.5000   545976   37.54%           x5_17 D  56984  56983     47
  57018 54307    infeasible            678.0000      423.5000   546451   37.54%          x44_37 D  57018  57017     15
Elapsed time = 1369.12 sec. (2136121.69 ticks, tree = 265.02 MB, solutions = 6)
  57104 54391      476.0323    30      678.0000      423.5000   547092   37.54%          x16_31 D  57104  57103     95
  57197 54480    infeasible            678.0000      423.5000   547428   37.54%          x10_14 D  57197  57196    187
  57210 54488      456.7500    52      678.0000      423.6667   549496   37.51%          x27_35 U  57210    507     17
  57245 54523      476.0000    10      678.0000      423.6667   549746   37.51%          x22_21 N  57245  57244     52
  57293 54571      487.0500    29      678.0000      423.6667   549981   37.51%          x22_10 D  57293  57292    100
  57312 54590      517.2000    29      678.0000      423.6667   550022   37.51%          x16_22 D  57312  57311    119
  57358 54636      560.5000    14      678.0000      423.6667   550097   37.51%            x9_6 D  57358  57357    165
  57380 54652      442.3333    36      678.0000      423.6667   550652   37.51%          x28_22 D  57380  57379     28
  57497 54765      433.8333    47      678.0000      423.6667   551467   37.51%          x35_25 U  57497   6435     10
  57644 54912      454.8333    36      678.0000      423.6667   552489   37.51%           x18_7 D  57644  57643    157
Elapsed time = 1397.12 sec. (2177882.34 ticks, tree = 268.52 MB, solutions = 6)
  57676 54940    infeasible            678.0000      423.6667   552664   37.51%          x23_10 D  57676  57675    188
  57800 55062      497.7143    33      678.0000      423.8333   553492   37.49%          x10_20 D  57800  57799    138
  57885 55131      441.5000    24      678.0000      423.9000   554725   37.48%          x34_35 U  57885  57884     18
  57985 55231      469.0000    27      678.0000      423.9000   555452   37.48%           x32_7 D  57985  57984    118
  58057 55299      491.0000    35      678.0000      423.9167   556604   37.48%           x8_26 D  58057  58056     50
  58098 55340      569.0000    12      678.0000      423.9167   557296   37.48%          x10_24 D  58098  58097     91
  58126 55368      596.0000     8      678.0000      423.9167   557426   37.48%            x5_6 U  58126  58125    119
  58160 55402      643.5000    18      678.0000      423.9167   557548   37.48%           x8_19 D  58160  58159    153
* 58171 55402      integral     0      673.0000      423.9167   557599   37.01%
  58229 55458      481.6772    64      673.0000      423.9467   558297   37.01%          x26_34 D  58229  58228     65
  58296 55525      518.4167    23      673.0000      423.9467   559010   37.01%           x20_7 D  58296  58295    132
Elapsed time = 1424.37 sec. (2218131.74 ticks, tree = 272.12 MB, solutions = 7)
  58359 55582      487.2000    25      673.0000      424.0000   559607   37.00%           x5_33 D  58359  58357    149
  58382 55605      522.7143    21      673.0000      424.0000   559778   37.00%          x23_28 U  58382  58380    166
  58401 55622    infeasible            673.0000      424.0000   559926   37.00%           x26_6 D  58401  58400    180
  58486 55703      466.0000    22      673.0000      424.0000   561167   37.00%           x6_12 D  58486  58485    114
  58573 55788      524.0000    12      673.0000      424.0000   561766   37.00%          x13_20 U  58573  58571    200
  58647 55856      467.7500    31      673.0000      424.0000   562875   37.00%           x6_21 D  58647  58646    101
  58685 55894      503.6111    23      673.0000      424.0000   563156   37.00%          x24_31 N  58685  58684    139
  58745 55948      434.5000    38      673.0000      424.0000   563659   37.00%          x15_22 U  58745   3543     33
  58831 56034      477.5000    27      673.0000      424.0000   564529   37.00%          x24_30 D  58831  58830    119
  58942 56137      471.6667    37      673.0000      424.0000   565516   37.00%          x31_19 D  58942  58940     47
Elapsed time = 1450.11 sec. (2257445.35 ticks, tree = 275.71 MB, solutions = 7)
  59032 56225      522.1935    33      673.0000      424.0000   566076   37.00%           x24_7 D  59032  59031    136
  59136 56324      486.0000    34      673.0000      424.0000   567101   37.00%          x24_26 D  59136  59135     52
  59172 56352      500.6667    37      673.0000      424.0000   567977   37.00%          x15_35 D  59172  59171     47
  59340 56520      513.7333    46      673.0000      424.0000   568817   37.00%           x15_6 D  59340  59339    215
  59440 56614      459.4815    55      673.0000      424.0000   569695   37.00%          x20_28 D  59440  59439    100
  59501 56669      440.0000    48      673.0000      424.0000   570461   37.00%          x34_35 U  59501  59500     11
  59623 56791      482.1111    20      673.0000      424.0000   571209   37.00%          x16_13 D  59623  59622    133
  59765 56929      438.0000    26      673.0000      424.0000   572091   37.00%          x24_29 D  59765  59764     88
  59883 57047      505.0000    21      673.0000      424.0000   573344   37.00%           x6_22 D  59883  59882    206
  59951 57109      458.6667    20      673.0000      424.0000   573940   37.00%            x7_9 N  59951  59950     65
Elapsed time = 1477.32 sec. (2297103.80 ticks, tree = 281.43 MB, solutions = 7)
  60037 57195      486.2353    32      673.0000      424.0000   574237   37.00%          x24_25 D  60037  60036    151
  60089 57243      460.0000    22      673.0000      424.0000   574976   37.00%          x25_13 D  60089  60088     50
  60157 57311      497.0000    15      673.0000      424.0000   575490   37.00%          x32_28 D  60157  60156    118
  60186 57340      523.0000    20      673.0000      424.0000   575592   37.00%           x9_32 D  60186  60185    147
  60240 57391      457.0000    26      673.0000      424.0000   576571   37.00%          x28_26 U  60240  60238     32
  60273 57424      462.0000    10      673.0000      424.0000   576991   37.00%           x6_10 U  60273  60271     59
  60301 57448    infeasible            673.0000      424.0000   577279   37.00%          x20_14 D  60301  60300     83
  60417 57562      464.0000    10      673.0000      424.0000   578197   37.00%            x7_9 U  60417  60416    137
  60518 57658      521.5000    14      673.0000      424.0000   578838   37.00%           x23_7 D  60518  60517    149
  60563 57703      571.5000    18      673.0000      424.0000   579002   37.00%           x9_17 D  60563  60562    194
Elapsed time = 1504.23 sec. (2336854.28 ticks, tree = 284.95 MB, solutions = 7)
  60654 57790      481.4000    27      673.0000      424.0000   579723   37.00%           x25_6 D  60654  60653     94
  60782 57914      524.5000    14      673.0000      424.0874   580294   36.99%           x6_24 N  60782  60781    215
  60917 58040      489.5000    27      673.0000      424.1111   581206   36.98%          x11_32 D  60917  60916    137
  60990 58109      495.6667    46      673.0000      424.1250   582088   36.98%          x40_44 N  60990  60989     61
  61100 58210      466.5000    28      673.0000      424.1250   583491   36.98%          x30_27 U  61100   3008    131
  61213 58318      465.8846    43      673.0000      424.1250   584489   36.98%          x28_34 N  61213  61212    123
  61308 58409      456.0000    32      673.0000      424.1667   585341   36.97%          x33_23 U  61308  61307     28
  61388 58489      484.0000    18      673.0000      424.1667   585965   36.97%          x15_32 N  61388  61387    108
  61469 58566      448.5000    42      673.0000      424.2222   586828   36.97%          x34_35 D  61469  61467     19
  61512 58609      469.1818    40      673.0000      424.2222   587695   36.97%          x33_23 N  61512  61511     55
Elapsed time = 1530.68 sec. (2376718.17 ticks, tree = 290.38 MB, solutions = 7)
  61537 58634      485.0000     8      673.0000      424.2222   588247   36.97%          x10_16 U  61537  61535     73
  61547 58644      496.5000    10      673.0000      424.2222   588369   36.97%          x11_24 U  61547  61544     78
  61566 58663      528.5000    10      673.0000      424.2222   588577   36.97%          x27_30 U  61566  61564     93
  61580 58677      514.5000    14      673.0000      424.2222   588818   36.97%           x9_14 N  61580  61577    102
  61606 58703      519.6000    19      673.0000      424.2222   589020   36.97%            x6_8 D  61606  61604    123
  61653 58747      447.7143    46      673.0000      424.2500   589597   36.96%          x11_35 D  61653  61652     38
  61756 58850      474.5000    19      673.0000      424.2500   590150   36.96%          x17_22 D  61756  61755    141
  61803 58897      490.3333    15      673.0000      424.2500   590283   36.96%          x16_33 D  61803  61802    188
  61870 58957      521.7500    20      673.0000      424.2500   591101   36.96%          x16_10 D  61870  61869     73
  61978 59065      545.7500    19      673.0000      424.2500   591558   36.96%          x20_21 D  61978  61977    181
Elapsed time = 1557.38 sec. (2416070.88 ticks, tree = 293.12 MB, solutions = 7)
  62053 59136      449.6667    20      673.0000      424.3333   592497   36.95%          x13_18 N  62053  62052     77
  62161 59244      475.0000     8      673.0000      424.3333   592874   36.95%          x11_33 U  62161  62160    185
  62181 59260      465.4286    41      673.0000      424.3571   593534   36.95%          x27_26 U  62181  62180     46
  62293 59372      504.0000    16      673.0000      424.3571   594295   36.95%          x11_10 U  62293  62292    158
  62340 59413      468.0000    24      673.0000      424.3913   594849   36.94%          x25_20 D  62340  62339     30
  62362 59435      477.0000    15      673.0000      424.3913   594951   36.94%          x16_28 N  62362  62361     46
  62380 59453      489.0000    17      673.0000      424.3913   595175   36.94%           x23_8 N  62380  62378     59
  62412 59485      536.0000    22      673.0000      424.3913   595412   36.94%          x26_18 U  62412  62410     87
  62449 59513      511.8750    44      673.0000      424.3958   596385   36.94%          x31_19 U  62449  62448     36
  62495 59559      565.0000    16      673.0000      424.3958   597175   36.94%           x9_16 D  62495  62494     82
Elapsed time = 1585.07 sec. (2455662.56 ticks, tree = 296.10 MB, solutions = 7)
  62559 59623      604.0000     8      673.0000      424.3958   597440   36.94%          x30_32 U  62559  62558    146
  62600 59664      646.6957    31      673.0000      424.3958   597638   36.94%           x8_13 D  62600  62599    187
  62640 59696      443.2000    24      673.0000      424.4483   598199   36.93%          x20_28 D  62640  62639     36
  62726 59782      465.0000    12      673.0000      424.4483   599002   36.93%           x8_16 D  62726  62725    122
  62809 59861    infeasible            673.0000      424.4483   599255   36.93%          x23_16 D  62809  62808    204
  62873 59921      471.0000    10      673.0000      424.5000   600516   36.92%          x32_21 D  62873  62872    101
  62952 60000      498.6667    15      673.0000      424.5000   600819   36.92%          x25_12 D  62952  62951    180
  63015 60057      459.5000    22      673.0000      424.5000   601610   36.92%          x13_18 U  63015  63014     51
  63113 60151      435.6250    45      673.0000      424.5000   602423   36.92%          x17_33 U  63113    683     20
  63178 60216      455.0000    37      673.0000      424.5000   603148   36.92%          x30_28 D  63178  63177     85
Elapsed time = 1612.16 sec. (2494865.18 ticks, tree = 300.11 MB, solutions = 7)
  63280 60318      488.3333    26      673.0000      424.5000   603526   36.92%            x9_6 D  63280  63279    187
  63379 60409      463.5000    32      673.0000      424.5000   604643   36.92%          x47_45 N  63379  63378     18
  63425 60451      450.1000    45      673.0000      424.5000   605792   36.92%          x30_35 U  63425  63422     34
  63452 60478      467.8000    46      673.0000      424.5000   606388   36.92%           x9_11 N  63452  63450     54
  63472 60498      513.0000    12      673.0000      424.5000   606781   36.92%          x28_32 D  63472  63471     68
  63490 60516      536.0000    11      673.0000      424.5000   606870   36.92%          x17_32 U  63490  63488     81
  63518 60536      428.7500    49      673.0000      424.5556   607073   36.92%          x45_39 D  63518   4120      4
  63580 60592      469.6667    52      673.0000      424.5556   608407   36.92%          x30_29 D  63580  63579     61
  63730 60738    infeasible            673.0000      424.5556   608933   36.92%          x23_20 U  63730  63728    210
  63802 60810      471.0000    19      673.0000      424.6228   609689   36.91%          x19_24 N  63802  63801    113
Elapsed time = 1640.19 sec. (2534942.81 ticks, tree = 303.75 MB, solutions = 7)
  63919 60923      469.0411    57      673.0000      424.6250   610512   36.91%          x24_26 D  63919  63918     59
  64001 61005      477.5000    10      673.0000      424.6250   610877   36.91%           x9_12 D  64001  64000    141
  64065 61065      461.2500    33      673.0000      424.6667   612182   36.90%          x33_23 D  64065  64063     41
  64084 61084      479.5000    42      673.0000      424.6667   612848   36.90%           x7_13 D  64084  64083     54
  64108 61108      489.0000    14      673.0000      424.6667   612990   36.90%           x8_22 D  64108  64107     74
  64133 61125      462.5000    16      673.0000      424.6667   613308   36.90%          x35_25 N  64133  64132     55
  64275 61267      487.4000    16      673.0000      424.6667   614280   36.90%          x13_18 N  64275  64274    197
  64335 61326      534.8077    36      673.0000      424.6667   614663   36.90%          x14_31 N  64335  64334    257
  64400 61387      473.5000    46      673.0000      424.7000   615223   36.89%          x31_28 D  64400  64399     99
  64465 61448      437.2105    41      673.0000      424.7222   615796   36.89%          x30_27 D  64465  64464     45
Elapsed time = 1666.31 sec. (2574367.95 ticks, tree = 307.68 MB, solutions = 7)
  64505 61488      453.0000    36      673.0000      424.7222   615989   36.89%           x6_15 D  64505  64504     85
  64620 61599    infeasible            673.0000      424.7222   616385   36.89%          x22_15 D  64620  64619    199
  64644 61621      457.3333    23      673.0000      424.7273   617527   36.89%            x7_9 N  64644  64641     64
  64668 61645      465.0000    10      673.0000      424.7273   617789   36.89%          x15_13 D  64668  64667     82
  64682 61659      502.0000    15      673.0000      424.7273   618249   36.89%          x30_32 U  64682  64681     91
  64713 61690      506.0000    12      673.0000      424.7273   618478   36.89%          x32_21 N  64713  64712    117
  64733 61710      564.0000     8      673.0000      424.7273   618595   36.89%          x30_10 D  64733  64732    133
  64755 61724      463.5000    24      673.0000      424.7273   618783   36.89%          x25_28 D  64755  64754    133
  64823 61788    infeasible            673.0000      424.7273   619253   36.89%           x16_6 U  64823  64822    201
  64906 61871      602.5000    14      673.0000      424.7282   619974   36.89%          x22_17 D  64906  64905    215
Elapsed time = 1692.38 sec. (2614892.58 ticks, tree = 310.30 MB, solutions = 7)
  64929 61886      456.7500    40      673.0000      424.7500   620877   36.89%           x25_6 D  64929  64927     24
  64957 61914      469.2273    47      673.0000      424.7500   622055   36.89%           x9_16 U  64957  64955     46
  64978 61935      472.8696    43      673.0000      424.7500   623337   36.89%           x9_11 N  64978  64977     62
  65013 61968    infeasible            673.0000      424.7500   623746   36.89%            x7_9 D  65013  65011     87
  65056 62007      461.9091    33      673.0000      424.7719   624724   36.88%          x13_18 U  65056  65055     67
  65132 62083      489.0000    14      673.0000      424.7719   625159   36.88%          x24_32 D  65132  65131    143
  65185 62132      448.0259    78      673.0000      424.7778   625823   36.88%          x26_28 D  65185  65184     38
  65297 62244      477.0000    12      673.0000      424.7778   626734   36.88%          x24_12 D  65297  65296    150
  65387 62328      449.0000    16      673.0000      424.7879   627524   36.88%          x25_32 D  65387  65386     49
  65469 62406      464.2857    46      673.0000      424.8000   628415   36.88%          x24_19 D  65469  65468     94
Elapsed time = 1720.38 sec. (2654959.77 ticks, tree = 313.65 MB, solutions = 7)
  65591 62522      435.0000    50      673.0000      424.8000   629197   36.88%          x48_50 U  65591   2728     19
  65600 62531      477.6667    36      673.0000      424.8000   630158   36.88%          x27_30 U  65600  65598     25
  65631 62562      481.5000    10      673.0000      424.8000   630836   36.88%           x19_8 N  65631  65629     49
  65660 62591      495.0000    20      673.0000      424.8000   631069   36.88%          x14_24 D  65660  65659     74
  65675 62604      520.7143    27      673.0000      424.8000   631123   36.88%          x17_20 N  65675  65673     86
  65693 62620      545.2500    18      673.0000      424.8000   631235   36.88%          x22_31 D  65693  65691    100
  65705 62626      446.5000    26      673.0000      424.8333   631506   36.87%          x44_45 U  65705     67     13
  65825 62746      472.3333    28      673.0000      424.8333   632411   36.87%          x14_31 D  65825  65824    133
  65934 62849      446.0909    44      673.0000      424.8333   633372   36.87%          x20_28 D  65934  65933     68
  66011 62926      484.2500    17      673.0000      424.8333   633801   36.87%          x11_20 D  66011  66010    145
Elapsed time = 1748.12 sec. (2695963.99 ticks, tree = 316.91 MB, solutions = 7)
  66058 62961      438.1538    53      673.0000      424.8571   634380   36.87%          x29_28 D  66058  66057     27
  66110 63013      463.3750    35      673.0000      424.8571   635147   36.87%          x13_11 U  66110  66108     68
  66146 63049      470.0000    16      673.0000      424.8571   635416   36.87%          x19_13 N  66146  66144     97
  66167 63064      458.5000    47      673.0000      424.8571   635953   36.87%          x20_25 N  66167  66166     31
  66243 63134      481.3333    47      673.0000      424.8810   636833   36.87%          x29_31 D  66243  66242     51
  66303 63194      494.8077    45      673.0000      424.8810   637200   36.87%          x23_18 D  66303  66302    111
  66380 63267      458.0000    20      673.0000      424.9048   637683   36.86%          x18_35 N  66380  66379     47
  66402 63289      459.3968    43      673.0000      424.9048   637872   36.86%          x30_24 D  66402  66401     69
  66460 63347      497.7692    49      673.0000      424.9048   638324   36.86%          x22_23 N  66460  66459    127
  66506 63393      553.0833    27      673.0000      424.9048   638658   36.86%          x21_28 D  66506  66505    173
Elapsed time = 1775.56 sec. (2736081.59 ticks, tree = 319.87 MB, solutions = 7)
  66530 63413      466.8333    39      673.0000      424.9048   639373   36.86%          x24_27 N  66530  66528     61
  66596 63479      478.3333    23      673.0000      424.9048   639941   36.86%           x25_7 N  66596  66594    118
  66624 63507      487.5833    31      673.0000      424.9048   640307   36.86%          x16_18 U  66624  66622    141
  66641 63523      507.5000    12      673.0000      424.9048   640444   36.86%          x24_18 U  66641  66639    153
  66681 63559      459.0196    56      673.0000      424.9394   641050   36.86%          x26_31 D  66681  66680     62
  66824 63702      508.1667    22      673.0000      424.9394   641709   36.86%          x20_11 D  66824  66823    205
  66924 63798      466.2500    24      673.0000      424.9444   642955   36.86%          x22_20 N  66924  66923    146
  66975 63849      525.0000     8      673.0000      424.9444   643147   36.86%           x11_6 D  66975  66974    197
  67025 63895      453.0000    24      673.0000      424.9556   643954   36.86%          x20_27 D  67025  67024     63
  67153 64023      507.7500    19      673.0000      424.9556   644389   36.86%            x8_6 N  67153  67152    191
Elapsed time = 1801.53 sec. (2775556.88 ticks, tree = 323.88 MB, solutions = 7)
  67200 64065      476.0000    20      673.0000      425.0000   645021   36.85%          x10_19 D  67200  67199     80
  67240 64101      448.1667    39      673.0000      425.0000   646730   36.85%          x28_33 N  67240  67237     37
  67267 64128      488.5000    26      673.0000      425.0000   647595   36.85%          x20_11 U  67267  67265     56
  67294 64155      496.5000    10      673.0000      425.0000   647846   36.85%            x7_9 D  67294  67292     76
  67305 64166      504.0000    12      673.0000      425.0000   647930   36.85%           x5_33 U  67305  67304     83
  67322 64183      541.8571    25      673.0000      425.0000   648026   36.85%          x30_21 U  67322  67320     97
  67402 64259      445.5000    18      673.0000      425.0000   648618   36.85%          x31_19 U  67402  67401     92
  67500 64353      438.3333    24      673.0000      425.0000   649133   36.85%          x34_35 U  67500  67499     31
  67612 64465      468.3333    14      673.0000      425.0000   649885   36.85%          x32_24 D  67612  67611    143
  67729 64576      441.5161    64      673.0000      425.0000   650972   36.85%          x26_34 D  67729  67728     89
Elapsed time = 1830.39 sec. (2817164.45 ticks, tree = 327.42 MB, solutions = 7)
  67835 64682      478.0000    20      673.0000      425.0000   651500   36.85%          x20_11 D  67835  67834    195
  67929 64771      454.2500    22      673.0000      425.0000   652360   36.85%           x6_20 D  67929  67928    115
  68017 64853      453.0000    39      673.0000      425.0000   653070   36.85%          x48_46 D  68017  68015     20
  68048 64884      494.0000    10      673.0000      425.0000   653968   36.85%           x5_17 U  68048  68046     43
  68059 64895      508.0000    14      673.0000      425.0000   654162   36.85%          x22_30 D  68059  68058     51
  68073 64909      531.0000     8      673.0000      425.0000   654335   36.85%          x24_29 D  68073  68072     60
  68108 64938      436.2000    65      673.0000      425.0000   655015   36.85%          x35_25 U  68108  28140     20
  68213 65043      483.5000    23      673.0000      425.0000   655899   36.85%          x22_30 D  68213  68212    125
  68310 65140      502.1429    28      673.0000      425.0000   656147   36.85%          x17_22 D  68310  68309    222
  68340 65166      473.2647    54      673.0000      425.0000   656987   36.85%          x24_11 D  68340  68339     47
Elapsed time = 1857.99 sec. (2857456.68 ticks, tree = 331.20 MB, solutions = 7)
  68476 65302      504.9655    31      673.0000      425.0000   657762   36.85%           x32_7 D  68476  68475    183
  68556 65378      447.3843    64      673.0000      425.0000   658367   36.85%          x27_26 U  68556  68555     68
  68677 65497    infeasible            673.0000      425.0000   659116   36.85%          x23_20 D  68677  68676    189
  68729 65541      453.0000    12      673.0000      425.0000   659858   36.85%           x9_30 N  68729  68728     73
  68800 65612      462.6667    17      673.0000      425.0000   660128   36.85%           x5_15 D  68800  68799    144
  68889 65691      454.5000    34      673.0000      425.0000   660750   36.85%          x18_35 D  68889  68888     76
  69012 65809      451.5294    49      673.0000      425.0000   661813   36.85%          x28_32 D  69012  69011     45
  69048 65845      494.1667    26      673.0000      425.0000   662993   36.85%          x20_25 D  69048  69047     81
  69089 65886      518.0000    20      673.0000      425.0000   663356   36.85%          x33_14 N  69089  69088    122
  69169 65964      578.0000     8      673.0000      425.0000   663729   36.85%          x29_25 U  69169  69168    201
Elapsed time = 1886.56 sec. (2899516.59 ticks, tree = 339.16 MB, solutions = 7)
  69223 66014      499.0177    53      673.0000      425.0000   664695   36.85%           x6_11 D  69223  69222    118
  69320 66108      469.5000    29      673.0000      425.0000   665276   36.85%           x9_30 D  69320  69319     90
  69354 66142      494.7500    22      673.0000      425.0000   665612   36.85%          x20_31 D  69354  69353    118
  69432 66214    infeasible            673.0000      425.0000   666095   36.85%          x18_23 U  69432  69430    185
  69535 66309    infeasible            673.0000      425.0000   666914   36.85%           x30_8 U  69535  69533    165
  69614 66386      484.5641    39      673.0000      425.0000   667710   36.85%          x17_35 D  69614  69613    141
  69754 66522      478.4706    45      673.0000      425.0000   668767   36.85%          x30_11 D  69754  69753    175
  69819 66581      471.1250    35      673.0000      425.0000   669322   36.85%           x12_9 D  69819  69818     86
  69920 66682      510.4000    18      673.0000      425.0000   669812   36.85%            x9_8 D  69920  69919    187
  69951 66706      439.0000    36      673.0000      425.0000   670098   36.85%          x48_39 U  69951   2732     23
Elapsed time = 1910.51 sec. (2938980.03 ticks, tree = 343.99 MB, solutions = 7)
  69985 66732      494.5000    40      673.0000      425.0000   671654   36.85%          x46_45 N  69985  69984     26
  70032 66775      508.6667    22      673.0000      425.0000   672297   36.85%          x19_20 U  70032  70030     99
  70129 66864      516.0000    10      673.0000      425.0000   673035   36.85%          x20_24 U  70129  70127    150
  70199 66930      484.0000    20      673.0000      425.0000   673889   36.85%          x14_20 D  70199  70198     99
  70315 67042      472.5000    26      673.0000      425.0000   674574   36.85%          x32_35 D  70315  70314     87
  70390 67117      535.0000     8      673.0000      425.0000   675022   36.85%          x14_20 D  70390  70389    162
  70411 67136      566.4286    18      673.0000      425.0000   675080   36.85%           x17_7 D  70411  70410    182
  70437 67154      468.5909    44      673.0000      425.0000   676216   36.85%          x26_32 U  70437   2972     95
  70492 67209      489.1250    29      673.0000      425.0000   677016   36.85%          x16_13 U  70492  70490    141
  70519 67236      526.2500    22      673.0000      425.0000   677547   36.85%          x31_19 D  70519  70517    160
Elapsed time = 1935.15 sec. (2978285.88 ticks, tree = 347.46 MB, solutions = 7)
  70538 67255      546.0000    18      673.0000      425.0000   677693   36.85%           x12_8 D  70538  70537    175
  70550 67264      452.3333    44      673.0000      425.0000   678070   36.85%          x15_22 N  70550  70549     32
  70605 67315      479.0000     8      673.0000      425.0000   678741   36.85%           x8_33 D  70605  70604    152
  70628 67338      558.2500    26      673.0000      425.0000   678921   36.85%          x17_19 N  70628  70627    175
  70673 67373      441.0000    34      673.0000      425.0000   679766   36.85%          x48_39 U  70673   2107     20
  70738 67422      445.5000    40      673.0000      425.0000   681045   36.85%          x25_27 N  70738  70737     54
  70852 67536      471.3333    13      673.0000      425.0000   681556   36.85%           x5_24 U  70852  70851    168
  70926 67605      491.2083    34      673.0000      425.0175   682593   36.85%          x15_22 D  70926  70925     77
  71031 67705      455.0741    49      673.0000      425.0556   683857   36.84%          x11_35 N  71031   3558     48
  71111 67785      487.0000    18      673.0000      425.0556   684432   36.84%          x17_24 D  71111  71110    128
Elapsed time = 1961.90 sec. (3018184.35 ticks, tree = 351.08 MB, solutions = 7)
  71185 67857      519.0000     8      673.0000      425.0556   684632   36.84%           x8_20 U  71185  71183    201
  71200 67868      446.4722    53      673.0000      425.0667   685408   36.84%          x30_35 D  71200  71199     42
  71225 67893      504.2500    25      673.0000      425.0667   686167   36.84%          x24_11 N  71225  71223     61
  71243 67911      518.2000    23      673.0000      425.0667   686269   36.84%          x16_18 U  71243  71241     75
  71268 67936      542.0000    10      673.0000      425.0667   686336   36.84%          x24_12 D  71268  71267     96
  71289 67957      566.9091    22      673.0000      425.0667   686425   36.84%          x10_32 N  71289  71288    113
  71312 67974      456.0000    10      673.0000      425.0667   686742   36.84%          x25_28 D  71312  71311     74
  71400 68062      476.5000    14      673.0000      425.0667   687099   36.84%           x9_20 D  71400  71399    162
  71474 68132      465.5000    40      673.0000      425.0667   687728   36.84%          x26_30 N  71474  71473     88
  71560 68214      458.2500    41      673.0000      425.0667   688446   36.84%          x19_35 D  71560  71559     84
Elapsed time = 1988.73 sec. (3057416.40 ticks, tree = 353.91 MB, solutions = 7)
  71600 68254      497.5000    23      673.0000      425.0667   688855   36.84%          x33_23 U  71600  71599    124
  71679 68329      495.3333    29      673.0000      425.0909   689561   36.84%           x26_8 N  71679  71678    109
  71732 68382      538.9000    23      673.0000      425.0909   689761   36.84%           x15_7 D  71732  71731    162
  71758 68404      468.7500    39      673.0000      425.1067   690409   36.83%          x29_32 D  71758  71756     28
  71790 68436      477.0000    33      673.0000      425.1067   690935   36.83%          x30_16 D  71790  71788     52
  71812 68458      492.6667    16      673.0000      425.1067   691074   36.83%          x20_25 U  71812  71810     67
  71821 68467      509.3333    19      673.0000      425.1067   691146   36.83%           x17_9 U  71821  71819     72
  71829 68475      544.0000     8      673.0000      425.1067   691189   36.83%           x6_15 N  71829  71828     78
  71841 68483    infeasible            673.0000      425.1067   691251   36.83%          x16_19 U  71841  71839     85
  71919 68561      455.2273    44      673.0000      425.1250   692174   36.83%            x7_9 U  71919  71918    110
Elapsed time = 2016.57 sec. (3098730.42 ticks, tree = 356.22 MB, solutions = 7)
  72030 68668      470.5000    37      673.0000      425.1250   692845   36.83%          x32_35 D  72030  72029    128
  72095 68729      465.3333    37      673.0000      425.1304   693718   36.83%          x30_20 N  72095   2996    119
  72183 68817      509.3333    17      673.0000      425.1304   694248   36.83%           x24_8 D  72183  72182    207
  72230 68858      476.0000    38      673.0000      425.1333   695193   36.83%          x26_18 D  72230  72229     57
  72361 68987      536.0000    10      673.0000      425.1333   695770   36.83%           x6_15 U  72361  72359    187
  72409 69031      470.3333    25      673.0000      425.1333   696625   36.83%           x20_7 U  72409  72407     93
  72464 69086      489.9355    36      673.0000      425.1333   697063   36.83%            x6_7 D  72464  72463    143
  72520 69138      456.1000    48      673.0000      425.1333   697600   36.83%          x26_35 D  72520  72519     69
  72604 69222      554.6667    26      673.0000      425.1333   698294   36.83%           x9_15 N  72604  72603    153
  72649 69263      455.0000    24      673.0000      425.1333   698915   36.83%          x20_35 D  72649  72648     70
Elapsed time = 2041.90 sec. (3138166.37 ticks, tree = 360.90 MB, solutions = 7)
  72735 69349      501.0000    34      673.0000      425.1333   699475   36.83%           x6_20 D  72735  72734    156
  72800 69410      476.5000    16      673.0000      425.1429   700229   36.83%          x30_34 D  72800  72799     93
  72912 69516      462.0000    37      673.0000      425.1667   701045   36.83%          x25_24 D  72912  72911     74
  72970 69570      483.6667    23      673.0000      425.1818   702115   36.82%          x31_19 N  72970  72968     91
  72989 69589      496.9583    31      673.0000      425.1818   702338   36.82%           x9_31 D  72989  72987    104
  73020 69620      532.1429    22      673.0000      425.1818   702540   36.82%           x9_12 D  73020  73019    132
  73031 69623      487.0000    21      673.0000      425.2424   703453   36.81%          x29_31 N  73031   3584     74
  73116 69708      502.0556    37      673.0000      425.2424   703958   36.81%           x6_24 D  73116  73115    159
  73231 69819      492.0714    30      673.0000      425.2500   704848   36.81%           x26_6 D  73231  73230    125
  73312 69896      440.6471    55      673.0000      425.2500   705305   36.81%          x26_22 D  73312  73311     47
Elapsed time = 2067.64 sec. (3179388.78 ticks, tree = 365.14 MB, solutions = 7)
  73400 69984      465.3333    25      673.0000      425.2500   705768   36.81%          x13_18 U  73400  73399    135
  73460 70038      437.5333    55      673.0000      425.3000   706182   36.81%          x29_28 D  73460  73459     33
  73600 70178      462.7273    28      673.0000      425.3000   706774   36.81%           x10_6 D  73600  73599    173
  73659 70233      456.0000    20      673.0000      425.3333   707262   36.80%          x26_12 N  73659  73658     53
  73688 70262      486.8966    40      673.0000      425.3333   707717   36.80%           x9_22 N  73688  73687     74
  73703 70277      515.0000    10      673.0000      425.3333   707812   36.80%          x22_12 U  73703  73701     86
  73710 70284      548.8571    15      673.0000      425.3333   707859   36.80%           x13_6 N  73710  73708     91
  73724 70292    infeasible            673.0000      425.3333   708009   36.80%           x6_30 U  73724   1845    164
  73826 70394      461.7368    41      673.0000      425.3500   708826   36.80%          x15_24 D  73826  73825    137
  73924 70486      451.0000    34      673.0000      425.3774   709608   36.79%          x33_23 U  73924  73923     43
Elapsed time = 2093.60 sec. (3219430.75 ticks, tree = 369.11 MB, solutions = 7)
  73942 70504      463.1429    27      673.0000      425.3774   709800   36.79%          x22_18 D  73942  73941     61
  74001 70563      479.5333    32      673.0000      425.3774   710020   36.79%           x12_7 D  74001  74000    120
  74098 70654    infeasible            673.0000      425.3774   710247   36.79%          x23_16 D  74098  74097    215
  74190 70744      461.3273    34      673.0000      425.3889   711145   36.79%          x15_31 N  74190  74189    110
  74272 70822      463.7727    37      673.0000      425.3889   711865   36.79%           x20_7 N  74272  74271     95
  74296 70846      497.0000    10      673.0000      425.3889   712233   36.79%          x31_19 D  74296  74294    114
  74334 70884      501.5000    21      673.0000      425.3889   712443   36.79%          x25_21 N  74334  74332    147
  74360 70906      475.2000    48      673.0000      425.4000   713058   36.79%          x26_32 N  74360   3601     91
  74485 71027      442.0294    60      673.0000      425.4000   713948   36.79%          x25_32 D  74485  74484     36
  74566 71108      458.0000    24      673.0000      425.4000   714446   36.79%          x24_21 D  74566  74565    117
Elapsed time = 2119.38 sec. (3259438.52 ticks, tree = 373.31 MB, solutions = 7)
  74603 71145      494.0000    20      673.0000      425.4000   714624   36.79%          x11_10 D  74603  74602    154
  74655 71195    infeasible            673.0000      425.4000   714742   36.79%          x12_10 D  74655  74654    206
  74718 71256      463.8889    26      673.0000      425.4167   715699   36.79%          x23_31 D  74718  74717     99
  74809 71343      461.5000    28      673.0000      425.4561   716309   36.78%          x26_12 U  74809   3564     54
  74938 71466      436.5000    26      673.0000      425.4762   717094   36.78%          x47_45 D  74938   1911     31
  74962 71490      462.3750    37      673.0000      425.4762   717962   36.78%           x9_22 D  74962  74960     49
  74987 71515      477.6667    21      673.0000      425.4762   718220   36.78%           x7_13 D  74987  74986     66
  75000 71528      506.5000    20      673.0000      425.4762   718443   36.78%          x29_26 U  75000  74998     73
  75036 71560      551.8750    41      673.0000      425.4762   718696   36.78%          x46_49 N  75036  75034     99
  75126 71646      463.0000    18      673.0000      425.4762   719661   36.78%           x9_30 D  75126  75125    124
Elapsed time = 2144.87 sec. (3298768.91 ticks, tree = 376.97 MB, solutions = 7)
  75190 71707    infeasible            673.0000      425.4762   719866   36.78%          x30_12 U  75190  75189    188
  75203 71720      455.4706    46      673.0000      425.4881   720797   36.78%          x27_32 D  75203  75202     54
  75271 71785      489.5000    29      673.0000      425.5000   721767   36.78%          x13_18 U  75271  75270     77
  75406 71920      545.0000    12      673.0000      425.5000   722431   36.78%          x19_20 N  75406  75405    212
  75463 71973      464.0000    18      673.0000      425.5000   723011   36.78%          x24_16 D  75463  75462     78
  75551 72061      487.3333    24      673.0000      425.5000   723293   36.78%           x16_8 D  75551  75550    166
  75578 72085      440.6667    22      673.0000      425.5000   724385   36.78%          x29_34 U  75578  75576     33
  75603 72110      454.3333    22      673.0000      425.5000   724928   36.78%          x25_13 N  75603  75600     49
  75626 72133      476.0714    28      673.0000      425.5000   725511   36.78%          x18_22 N  75626  75625     65
  75639 72144    infeasible            673.0000      425.5000   725733   36.78%          x24_27 N  75639  75637     73
Elapsed time = 2171.96 sec. (3338487.10 ticks, tree = 380.35 MB, solutions = 7)
  75680 72181      478.6667    28      673.0000      425.5000   727312   36.78%          x18_35 D  75680  75679     54
  75800 72301      492.0000    32      673.0000      425.5000   728093   36.78%            x6_8 D  75800  75799    174
  75858 72355      448.0000    18      673.0000      425.5000   728679   36.78%           x8_29 D  75858  75857     46
  75940 72437      477.6000    31      673.0000      425.5000   729128   36.78%          x14_20 D  75940  75939    128
  76014 72505    infeasible            673.0000      425.5000   729297   36.78%          x10_14 U  76014  76012    200
  76090 72577      443.6957    52      673.0000      425.5000   730327   36.78%          x31_19 U  76090  76089     79
  76169 72656      462.7692    27      673.0000      425.5000   730682   36.78%           x8_31 D  76169  76168    158
  76239 72722      474.0000    41      673.0000      425.5000   731205   36.78%          x28_22 U  76239  76237     14
  76263 72746      482.0000    11      673.0000      425.5000   731464   36.78%          x17_27 U  76263  76260     32
  76290 72773      499.0000    10      673.0000      425.5000   731784   36.78%          x13_24 U  76290  76288     53
Elapsed time = 2199.67 sec. (3378456.19 ticks, tree = 384.64 MB, solutions = 7)
  76306 72789      494.0000    23      673.0000      425.5000   731883   36.78%          x28_31 D  76306  76304     64
  76320 72803      511.0000    19      673.0000      425.5000   732019   36.78%          x32_31 N  76320  76318     75
  76340 72823      542.0000     8      673.0000      425.5000   732127   36.78%           x6_12 D  76340  76338     91
  76348 72827      429.5000    14      673.0000      425.5000   732277   36.78%          x34_35 U  76348  76347     27
  76484 72963      448.7536    44      673.0000      425.5000   732778   36.78%           x21_8 D  76484  76483    163
  76571 73044      447.6538    57      673.0000      425.5000   733343   36.78%          x29_31 D  76571  76570     63
  76690 73163      479.5556    22      673.0000      425.5000   733937   36.78%          x24_32 D  76690  76689    182
  76773 73241      445.0000    19      673.0000      425.5135   734529   36.77%          x25_18 D  76773  76772     74
  76876 73340    infeasible            673.0000      425.5135   734789   36.77%          x10_21 D  76876  76875    176
  76934 73396      489.8000    36      673.0000      425.5417   735767   36.77%          x26_15 D  76934  76933     91
Elapsed time = 2225.17 sec. (3417697.50 ticks, tree = 388.92 MB, solutions = 7)
  76956 73410      436.0000    38      673.0000      425.5556   736330   36.77%          x24_11 U  76956   3731     32
  76990 73444      466.2500    19      673.0000      425.5556   737491   36.77%           x9_15 D  76990  76989     56
  77015 73469      487.7500    18      673.0000      425.5556   737841   36.77%          x13_30 U  77015  77013     75
  77040 73494      499.0000     8      673.0000      425.5556   738025   36.77%          x22_26 U  77040  77038     97
  77078 73532      526.0000     8      673.0000      425.5556   738154   36.77%          x10_32 U  77078  77076    129
  77097 73549    infeasible            673.0000      425.5556   738229   36.77%           x15_8 D  77097  77095    145
  77180 73628      455.2500    25      673.0000      425.5556   738964   36.77%          x16_31 N  77180  77179    122
  77262 73706      436.5000    42      673.0000      425.5833   739456   36.76%           x5_33 D  77262   3734     35
  77374 73818      473.5000    22      673.0000      425.5833   740370   36.76%          x32_21 D  77374  77373    147
  77453 73892      562.0000    12      673.0000      425.5833   740834   36.76%          x30_10 D  77453  77452    224
Elapsed time = 2251.59 sec. (3457989.54 ticks, tree = 392.35 MB, solutions = 7)
  77466 73899      465.7500    30      673.0000      425.5833   741572   36.76%          x10_19 U  77466   3606     96
  77537 73970      525.8333    24      673.0000      425.5833   742042   36.76%           x6_24 D  77537  77536    167
  77600 74029      496.0909    27      673.0000      425.5882   742862   36.76%           x20_7 D  77600  77599    139
  77624 74053      589.3333    11      673.0000      425.5882   743124   36.76%          x18_15 N  77624  77623    163
  77655 74081      489.0000    26      673.0000      425.6087   744077   36.76%          x28_31 N  77655  77653     51
  77693 74119      508.7500    19      673.0000      425.6087   744481   36.76%          x17_24 U  77693  77691     81
  77703 74129      516.0000    19      673.0000      425.6087   744542   36.76%           x6_11 N  77703  77702     90
  77719 74145      523.0000    16      673.0000      425.6087   744646   36.76%          x22_17 N  77719  77717    102
  77766 74188      500.4000    18      673.0000      425.6364   745399   36.76%           x26_7 D  77766  77765    129
  77807 74229      519.6667    18      673.0000      425.6364   745524   36.76%          x17_20 N  77807  77806    170
Elapsed time = 2280.62 sec. (3502085.37 ticks, tree = 394.70 MB, solutions = 7)
  77840 74258      461.0000    20      673.0000      425.6364   745933   36.76%          x23_35 D  77840  77839    117
  77900 74314      460.5000    31      673.0000      425.6364   746670   36.76%           x8_35 D  77900  77899    112
  77973 74387      532.0000    11      673.0000      425.6364   747132   36.76%           x10_8 D  77973  77972    185
  78043 74453      509.9643    40      673.0000      425.6667   747975   36.75%          x10_27 D  78043  78042    179
  78084 74490      489.0000    22      673.0000      425.6667   748626   36.75%          x17_27 N  78084  78082    104
  78125 74531      516.0000     8      673.0000      425.6667   748893   36.75%           x6_30 U  78125  78123    138
  78177 74577      501.0000    14      673.0000      425.6667   749216   36.75%           x19_8 U  78177  78176     60
  78230 74630      519.0000    23      673.0000      425.6667   749531   36.75%          x23_32 D  78230  78229    113
  78280 74676      455.2500    46      673.0000      425.6852   750121   36.75%          x29_34 D  78280  78279     49
  78400 74796      485.2500    17      673.0000      425.6852   750806   36.75%           x12_6 D  78400  78399    169
Elapsed time = 2305.14 sec. (3542240.78 ticks, tree = 398.67 MB, solutions = 7)
  78442 74830      462.3333    46      673.0000      425.7255   752029   36.74%          x32_29 D  78442  78441     27
  78512 74896    infeasible            673.0000      425.7255   752630   36.74%          x30_18 N  78512  78511     96
  78532 74914      458.0000    27      673.0000      425.7424   753539   36.74%            x7_9 U  78532  78531     61
  78556 74938      490.3333    12      673.0000      425.7424   754263   36.74%          x26_21 U  78556  78554     80
  78576 74958      513.4000    17      673.0000      425.7424   754866   36.74%          x26_19 D  78576  78575     95
  78591 74973      519.0000    21      673.0000      425.7424   755022   36.74%          x30_19 D  78591  78590    106
  78615 74993    infeasible            673.0000      425.7424   755252   36.74%           x22_7 U  78615  78613    127
  78625 75001      550.7500    15      673.0000      425.7424   755345   36.74%           x24_7 U  78625  78623    134
  78648 75020      452.6667    39      673.0000      425.7500   755936   36.74%          x20_11 D  78648  78647    102
  78728 75100      506.0667    25      673.0000      425.7500   756503   36.74%           x15_8 D  78728  78727    182
Elapsed time = 2331.99 sec. (3582368.22 ticks, tree = 400.81 MB, solutions = 7)
  78801 75163      471.6667    44      673.0000      425.7619   757540   36.74%          x27_26 U  78801  78800     75
  78850 75208      476.3333    40      673.0000      425.7692   758769   36.74%          x28_34 D  78850  78849     89
  78879 75237      495.1250    19      673.0000      425.7692   759033   36.74%           x12_9 U  78879  78877    112
  78897 75253      528.6000    17      673.0000      425.7692   759113   36.74%          x19_30 U  78897  78895    128
  78915 75271      546.0000    16      673.0000      425.7692   759197   36.74%          x17_31 D  78915  78914    143
  78950 75300      491.7500    23      673.0000      425.7879   759695   36.73%          x20_27 D  78950  78949    148
  79000 75346      478.2000    34      673.0000      425.8000   760157   36.73%          x10_27 D  79000  78999    112
  79078 75419      454.0000    30      673.0000      425.8000   760883   36.73%          x29_30 U  79078   3750     51
  79119 75460      476.1875    42      673.0000      425.8000   761281   36.73%          x26_20 N  79119  79118     92
  79203 75544      508.0000    15      673.0000      425.8000   761587   36.73%          x13_23 D  79203  79202    176
Elapsed time = 2359.60 sec. (3622687.11 ticks, tree = 403.96 MB, solutions = 7)
  79260 75601      578.4286    25      673.0000      425.8000   761780   36.73%          x15_13 D  79260  79259    233
  79300 75633      446.8889    51      673.0000      425.8333   762290   36.73%          x28_23 D  79300  79299     63
  79419 75752      478.2500    19      673.0000      425.8333   762899   36.73%           x15_8 D  79419  79418    182
  79448 75775      472.0000    10      673.0000      425.8750   763250   36.72%          x21_22 U  79448  79447     40
  79490 75817      482.6667    19      673.0000      425.8750   763453   36.72%          x20_31 D  79490  79489     75
  79531 75856      519.0000    13      673.0000      425.8750   763649   36.72%          x18_30 D  79531  79530    112
  79543 75866      549.0000    10      673.0000      425.8750   763688   36.72%           x32_9 U  79543  79541    121
  79600 75915      531.0714    56      673.0000      425.8824   764162   36.72%          x26_20 D  79600  79599     79
  79721 76036      557.8889    25      673.0000      425.8824   764535   36.72%           x23_8 D  79721  79720    200
  79950 76253      475.2500    31      673.0000      425.8913   767234   36.72%          x26_15 D  79950  79949     88
Elapsed time = 2394.62 sec. (3676536.16 ticks, tree = 409.00 MB, solutions = 7)
  80081 76380      488.0000    23      673.0000      425.9020   769177   36.72%          x31_19 D  80081  80078     34
  80143 76438      458.1538    45      673.0000      425.9020   770475   36.72%           x25_6 D  80143  80142     78
  80491 76777      458.2479    65      673.0000      425.9333   772979   36.71%          x13_18 U  80491  80490     94
  80794 77076      541.0000    10      673.0000      425.9444   775126   36.71%          x14_10 D  80794  80793    203
  80924 77190    infeasible            673.0000      425.9444   776603   36.71%          x20_31 U  80924  80922    157
  81297 77551      444.6667    20      673.0000      426.0000   779703   36.70%           x8_32 D  81297  81296    109
  81577 77818      456.0000    52      673.0000      426.0000   781690   36.70%          x44_41 U  81577  81575     11
  81641 77880      551.0000    19      673.0000      426.0000   783288   36.70%          x33_23 N  81641  81640     58
  81900 78124      559.0000    26      673.0000      426.0000   785817   36.70%          x12_26 D  81900  81899     94
  82114 78327      462.0000    14      673.0000      426.0000   788405   36.70%           x6_13 N  82114  82113    104
Elapsed time = 2504.84 sec. (3830590.57 ticks, tree = 423.82 MB, solutions = 7)
  82417 78614    infeasible            673.0000      426.0000   790683   36.70%            x6_8 U  82417  82415    237
  82498 78695      478.8333    15      673.0000      426.0000   791570   36.70%          x22_30 D  82498  82497     85
  82666 78852      467.0000    14      673.0000      426.0000   792712   36.70%           x25_6 D  82666  82665    126
  82850 79028      614.5000     8      673.0000      426.0000   793988   36.70%           x12_6 U  82850  82848    189
  82996 79166      544.8000    24      673.0000      426.0000   796334   36.70%          x41_36 N  82996  82994    158
  83200 79352      474.0000    22      673.0000      426.0000   798205   36.70%           x20_7 D  83200  83199    123
  83430 79563      480.6667    34      673.0000      426.0000   800849   36.70%          x29_25 N  83430  83429     44
  83600 79719      457.5556    27      673.0000      426.0000   802853   36.70%           x8_20 D  83600  83599    148
  83750 79865      524.5000     8      673.0000      426.0000   805260   36.70%          x19_22 D  83750  83749    174
  84056 80158      465.0000    10      673.0000      426.0000   808342   36.70%          x19_11 D  84056  84055    135
Elapsed time = 2607.46 sec. (3985703.94 ticks, tree = 437.22 MB, solutions = 7)
  84275 80370      536.8000    27      673.0000      426.0000   810890   36.70%          x32_11 U  84275  84272    131
  84428 80511    infeasible            673.0000      426.0000   812833   36.70%          x32_21 N  84428  84427    139
  84621 80688      437.0000    55      673.0000      426.0000   814843   36.70%          x34_35 U  84621  84620     25
  84993 81048      440.1429    22      673.0000      426.0000   817709   36.70%          x30_34 D  84993  84992     47
  85280 81327      443.1098    58      673.0000      426.0000   820695   36.70%          x28_33 D  85280  85279     32
  85364 81407    infeasible            673.0000      426.0000   822815   36.70%          x26_34 N  85364  85362     95
  85468 81503      477.1000    44      673.0000      426.0000   823852   36.70%          x32_35 N  85468  85467    124
  85797 81822      502.2500    19      673.0000      426.0000   826505   36.70%           x9_32 D  85797  85796    200
  85960 81973      466.1818    35      673.0000      426.0000   828688   36.70%          x29_31 D  85960  85959     84
  86210 82212      455.3571    65      673.0000      426.0625   830498   36.69%          x20_35 D  86210  86209     99
Elapsed time = 2711.07 sec. (4139948.82 ticks, tree = 452.43 MB, solutions = 7)
  86506 82498      426.4348    48      673.0000      426.0833   832540   36.69%          x29_28 D  86506  86504     32
  86582 82572      521.6667    23      673.0000      426.0833   834502   36.69%           x6_14 N  86582  86580     87
  86784 82760      438.5556    70      673.0000      426.0833   836210   36.69%          x44_40 D  86784  86783     19
  87050 83016      481.0000    25      673.0000      426.1250   838776   36.68%          x26_13 D  87050  87049     42
  87305 83258    infeasible            673.0000      426.1250   840269   36.68%          x23_27 U  87305   3043    166
  87558 83507      579.1429    21      673.0000      426.1429   841882   36.68%          x13_14 D  87558  87557    237
  87641 83578      513.0000    10      673.0000      426.1667   843084   36.68%          x31_34 U  87641  87639     72
  87943 83867      461.8333    33      673.0000      426.2000   846225   36.67%          x26_28 D  87943  87942     95
  88200 84110      475.8571    42      673.0000      426.2000   847579   36.67%           x6_35 D  88200  88199    133
  88596 84480      479.0000    12      673.0000      426.2821   850173   36.66%          x16_22 D  88596  88595     70
Elapsed time = 2819.01 sec. (4293814.67 ticks, tree = 712.01 MB, solutions = 7)
  88857 84735      523.0000     8      673.0000      426.3333   852067   36.65%          x18_11 D  88857  88856    175
  88977 84847      445.0000    18      673.0000      426.3333   854338   36.65%          x24_29 U  88977  88975     49
  89076 84936      449.0267    63      673.0000      426.3333   855265   36.65%          x29_31 D  89076  89075     45
  89406 85254      451.0000    22      673.0000      426.4167   856733   36.64%           x9_11 U  89406   3781     82
  89609 85453      443.1154    30      673.0000      426.4167   858027   36.64%           x8_31 D  89609  89608    137
  89780 85616      449.0799    53      673.0000      426.4545   859921   36.63%          x26_17 D  89780  89779     92
  90077 85897      437.5000    38      673.0000      426.5000   862313   36.63%          x32_34 D  90077  90076     30
  90250 86064      512.1389    33      673.0000      426.5000   863889   36.63%          x26_18 D  90250  90249     68
  90349 86159      442.4255    49      673.0000      426.5000   864756   36.63%          x26_33 D  90349  90348     42
  90691 86489      460.0833    48      673.0000      426.5000   866945   36.63%          x47_45 U  90691  90690     28
Elapsed time = 2925.77 sec. (4447761.84 ticks, tree = 733.49 MB, solutions = 7)
  90930 86722      454.4000    28      673.0000      426.5000   868955   36.63%          x25_32 N  90930  90929     54
  91136 86921      468.4167    27      673.0000      426.5000   870417   36.63%           x24_7 D  91136  91135    197
  91390 87159      478.1739    34      673.0000      426.5238   872524   36.62%           x8_29 D  91390  91389    114
  91549 87314      493.3333    35      673.0000      426.5263   874222   36.62%          x22_31 N  91549  91547     80
  91732 87485      464.8750    60      673.0000      426.5278   875801   36.62%           x8_35 D  91732  91731    105
  91995 87731      563.0000    16      673.0000      426.5333   878404   36.62%           x16_8 D  91995  91994    191
  92068 87798      525.3750    27      673.0000      426.5455   880256   36.62%          x19_23 N  92068  92066     68
  92214 87936      474.0909    42      673.0000      426.5500   881426   36.62%           x6_10 D  92214  92213    148
  92467 88173      442.7273    37      673.0000      426.5714   883059   36.62%          x26_34 D  92467  92466     63
  92656 88354      459.0000    12      673.0000      426.5897   885472   36.61%          x31_19 N  92656  92654     56
Elapsed time = 3029.50 sec. (4601967.89 ticks, tree = 747.78 MB, solutions = 7)
  92744 88440    infeasible            673.0000      426.5897   886434   36.61%          x30_16 U  92744  92741    128
  93005 88689      476.0000    12      673.0000      426.6154   889074   36.61%          x32_21 D  93005  93004    108
  93156 88833      466.0000    18      673.0000      426.6389   891067   36.61%          x25_11 N  93156  93154     55
  93276 88947      541.0000    14      673.0000      426.6437   892064   36.61%           x15_8 D  93276  93275    171
  93490 89153      451.6575    43      673.0000      426.6563   893681   36.60%           x9_31 N  93490  93489     78
  93688 89337      459.9474    39      673.0000      426.6667   895947   36.60%          x11_10 D  93688  93686     57
  93811 89456      500.0000    30      673.0000      426.6667   898387   36.60%          x18_30 D  93811  93810    150
  93999 89634      451.1930    53      673.0000      426.6667   900632   36.60%          x27_30 D  93999  93998     52
  94196 89823      471.0000    15      673.0000      426.6667   902775   36.60%          x26_19 N  94196  94194     63
  94247 89874      484.5000    18      673.0000      426.6667   903602   36.60%           x6_19 N  94247  94246    101
Elapsed time = 3136.06 sec. (4756227.77 ticks, tree = 759.57 MB, solutions = 7)
  94367 89986      512.1429    22      673.0000      426.6667   904402   36.60%          x23_14 N  94367  94366    140
  94601 90212      494.1667    33      673.0000      426.6667   906728   36.60%          x22_31 N  94601  94600    155
  94766 90363      479.2000    41      673.0000      426.6667   908952   36.60%          x31_19 U  94766  94765    105
  94981 90569      465.0000    19      673.0000      426.6944   911193   36.60%          x14_25 D  94981  94980     61
  95223 90803      440.5000    14      673.0000      426.7000   912679   36.60%          x14_11 N  95223  86516     42
  95388 90962      450.5000    39      673.0000      426.7000   913786   36.60%          x33_23 N  95388  95386     45
* 95400+90885                          652.0000      426.7000            34.56%
  95453 90940      508.0000     8      652.0000      426.7000   914777   34.56%            x8_7 D  95453  95451     94
  95593 91074      493.0000    20      652.0000      426.7000   915833   34.56%          x18_21 D  95593  95592    131
  95743 91220      469.5000    17      652.0000      426.7027   916997   34.55%          x16_31 D  95743  95742    131
  95932 91405      495.0000     8      652.0000      426.7273   918545   34.55%          x15_13 D  95932  95931    181
Elapsed time = 3241.28 sec. (4910755.51 ticks, tree = 771.92 MB, solutions = 8)
  96098 91561      445.1667    26      652.0000      426.7273   920216   34.55%          x33_25 U  96098  96096     40
  96214 91671      513.1250    31      652.0000      426.7500   921648   34.55%          x20_21 N  96214  96213    166
  96491 91934      541.6667    20      652.0000      426.7619   924442   34.55%           x9_20 D  96491  96490    123
  96744 92177      459.0000    14      652.0000      426.8000   926673   34.54%          x11_10 N  96744  96741     58
  96822 92255      543.0000    10      652.0000      426.8000   927871   34.54%          x18_22 N  96822  96820    120
  96956 92383      501.7500    17      652.0000      426.8095   929381   34.54%          x30_31 D  96956  96955    136
  97133 92553      465.5385    30      652.0000      426.8095   930723   34.54%            x7_9 U  97133  97132     75
  97349 92764      501.6000    22      652.0000      426.8333   931889   34.53%           x30_6 D  97349  97348    166
  97414 92821      500.1667    21      652.0000      426.8400   933303   34.53%           x9_14 U  97414  97412     73
  97600 92998      497.0000    16      652.0000      426.8750   934818   34.53%           x30_7 D  97600  97599    150
Elapsed time = 3346.00 sec. (5064901.29 ticks, tree = 784.68 MB, solutions = 8)
  97764 93151      440.5000    35      652.0000      426.9167   935947   34.52%          x10_28 U  97764   3551     41
  97853 93232      476.0000    10      652.0000      426.9167   937841   34.52%           x5_12 D  97853  97852     68
  97958 93333      472.1429    60      652.0000      426.9231   938735   34.52%           x25_6 N  97958  97957     72
  98050 93421      439.6875    46      652.0000      426.9301   939385   34.52%          x26_12 D  98050  98049     40
  98200 93565      469.5000    28      652.0000      426.9545   940589   34.52%           x5_33 U  98200  98199     40
  98364 93725      524.0000    28      652.0000      426.9744   942147   34.51%            x7_9 U  98364  98363     78
  98490 93847      544.5000     8      652.0000      427.0000   943093   34.51%           x32_7 U  98490  98488    172
  98746 94092      490.0000    12      652.0000      427.0000   945195   34.51%           x6_15 D  98746  98745    125
  98953 94287    infeasible            652.0000      427.0000   947737   34.51%           x5_33 N  98953  98952     36
  99080 94403      439.0000    34      652.0000      427.0000   949035   34.51%          x28_33 N  99080  99079     29
Elapsed time = 3453.45 sec. (5220717.01 ticks, tree = 859.43 MB, solutions = 8)
  99427 94736      437.6667    31      652.0000      427.0000   951268   34.51%          x11_35 D  99427  99426     30
  99642 94939      445.8750    32      652.0000      427.0000   953620   34.51%          x29_34 D  99642  99641     25
  99714 95005      474.0000    16      652.0000      427.0000   955365   34.51%           x19_8 N  99714  99713     82
  99800 95083      467.2840    55      652.0000      427.0000   956523   34.51%          x28_31 D  99800  99799     57
 100030 95309      487.1364    37      652.0000      427.0000   958110   34.51%          x22_15 U 100030 100029    100
 100247 95518    infeasible            652.0000      427.0000   959518   34.51%           x12_8 D 100247 100246    214
 100460 95723      466.5000    15      652.0000      427.0000   961815   34.51%            x6_8 D 100460 100459    174
 100690 95940      515.7500    16      652.0000      427.0000   963865   34.51%          x30_12 D 100690 100689    210
 100770 96008      443.8333    41      652.0000      427.0000   966780   34.51%          x26_30 D 100770 100769     52
 101033 96265      455.0000    28      652.0000      427.0000   968393   34.51%          x25_30 D 101033 101032     67
Elapsed time = 3557.97 sec. (5375526.34 ticks, tree = 874.82 MB, solutions = 8)
 101268 96496      450.3750    31      652.0000      427.0000   969895   34.51%           x23_8 N 101268 101267    118
 101434 96648      487.0000    20      652.0000      427.0000   971455   34.51%          x28_42 D 101434 101432    142
 101619 96823      455.0000    24      652.0000      427.0000   974299   34.51%          x19_20 D 101619 101618     75
 101852 97045      458.6364    48      652.0000      427.0000   976426   34.51%          x26_14 D 101852 101851     91
 102014 97203      489.5000    14      652.0000      427.0000   978381   34.51%           x20_7 N 102014 102012     75
 102062 97251      555.1667    17      652.0000      427.0000   978906   34.51%           x6_12 D 102062 102061    108
 102278 97457      511.0000    12      652.0000      427.0000   981577   34.51%          x35_25 D 102278 102277     92
 102413 97592      637.6667    19      652.0000      427.0000   982393   34.51%          x43_40 U 102413 102412    227
 102720 97887      465.2500    27      652.0000      427.0000   984505   34.51%          x14_31 D 102720 102719    122
 102832 97995      519.0000    38      652.0000      427.0000   986854   34.51%          x31_19 N 102832 102830     82
Elapsed time = 3659.14 sec. (5529542.81 ticks, tree = 889.25 MB, solutions = 8)
 102895 98058      608.0000    12      652.0000      427.0000   987340   34.51%          x10_18 U 102895 102893    129
 103068 98215      444.6667    34      652.0000      427.0000   989037   34.51%          x25_20 U 103068   1205     23
 103302 98440      473.1250    27      652.0000      427.0000   991968   34.51%          x27_11 U 103302 103300     63
 103357 98495      534.7500    12      652.0000      427.0000   993237   34.51%           x18_8 U 103357 103355    101
*103600+98591                          640.0000      427.0000            33.28%
 103600 98593      475.0000    24      640.0000      427.0000   995747   33.28%          x20_35 D 103600 103599     85
 103797 98778      474.7500    44      640.0000      427.0000   997926   33.28%          x31_43 U 103797   3018    141
 103939 98916      471.0000    19      640.0000      427.0000   999664   33.28%          x17_13 D 103939 103938     85
 104122 99085      439.0741    50      640.0000      427.0000  1000936   33.28%          x24_35 D 104122 104121     27
 104345 99300      473.7333    43      640.0000      427.0000  1002986   33.28%          x17_35 U 104345 104343    159
 104488 99439      524.6667    26      640.0000      427.0000  1004836   33.28%           x8_21 D 104488 104487    120
Elapsed time = 3765.00 sec. (5687166.37 ticks, tree = 901.90 MB, solutions = 9)
 104580 99531      636.0000    15      640.0000      427.0000  1005129   33.28%           x22_8 N 104580 104579    212
 104770 99712      461.2857    27      640.0000      427.0000  1007233   33.28%           x9_31 N 104770 104769     81
 104898 99834      463.6000    25      640.0000      427.0000  1008112   33.28%           x9_25 N 104898 104897     65
 105055 99985      487.0000    20      640.0000      427.0392  1009748   33.28%          x33_30 D 105055 105053     70
 105200 100121      474.0000    26      640.0000      427.0909  1012125   33.27%           x6_28 D 105200 105199     81
 105370 100283      459.6696    33      640.0000      427.0909  1012994   33.27%          x24_30 D 105370 105369    150
 105500 100405      481.5952    47      640.0000      427.0952  1014262   33.27%          x26_32 N 105500 105499    122
 105722 100617      457.3125    35      640.0000      427.1111  1016306   33.26%           x9_31 D 105722 105721     85
 105881 100761      478.3333    31      640.0000      427.1111  1017529   33.26%          x20_30 N 105881 105880    144
 106090 100962      475.3333    22      640.0000      427.1333  1019103   33.26%          x32_11 D 106090 106089    164
Elapsed time = 3867.74 sec. (5840754.19 ticks, tree = 914.93 MB, solutions = 9)
 106350 101209      455.5000    51      640.0000      427.1429  1021432   33.26%          x34_35 D 106350 106349     28
 106419 101278      483.4000    16      640.0000      427.1429  1022005   33.26%          x18_11 U 106419 106417     78
 106498 101355        cutoff            640.0000      427.1429  1022683   33.26%           x16_7 U 106498 106495    140
 106824 101667      469.0000     8      640.0000      427.1429  1024636   33.26%          x10_24 D 106824 106823    188
 107014 101845      522.0000    12      640.0000      427.1667  1026248   33.26%          x26_21 U 107014 107012     74
 107167 101992      462.6667    20      640.0000      427.1667  1027244   33.26%           x9_32 D 107167 107166     92
 107438 102245      445.2500    33      640.0000      427.1818  1029227   33.25%          x31_19 U 107438 107437     36
 107620 102421    infeasible            640.0000      427.1944  1031256   33.25%           x6_29 U 107620 107618    139
 107765 102559      459.3333    21      640.0000      427.2000  1032982   33.25%          x25_28 D 107765 107764    114
 107966 102754      547.0000     8      640.0000      427.2083  1034830   33.25%           x8_20 D 107966 107965    129
Elapsed time = 3971.08 sec. (5996456.49 ticks, tree = 930.38 MB, solutions = 9)
 108113 102891    infeasible            640.0000      427.2222  1036715   33.25%          x24_12 U 108113 108111     53
 108260 103030      447.7097    34      640.0000      427.2258  1038045   33.25%           x30_7 D 108260 108259    116
 108400 103163      477.6471    41      640.0000      427.2500  1040186   33.24%          x12_11 D 108400 108399     99
 108490 103253      610.0000    22      640.0000      427.2500  1040989   33.24%            x5_6 U 108490 108489    189
 108574 103328      443.8333    40      640.0000      427.2500  1042765   33.24%          x29_31 D 108574 108573     46
 108748 103498      453.5000    32      640.0000      427.2500  1043788   33.24%           x9_14 D 108748 108747     40
 109019 103765      463.5000    18      640.0000      427.2500  1045590   33.24%           x5_15 D 109019 109018    118
 109261 103996    infeasible            640.0000      427.2632  1047018   33.24%          x32_21 U 109261 109259    160
 109321 104044      488.0000     8      640.0000      427.3000  1048812   33.23%          x17_19 U 109321 109318     73
 109402 104123    infeasible            640.0000      427.3000  1049494   33.23%           x10_8 N 109402 109401    137
Elapsed time = 4078.67 sec. (6151561.83 ticks, tree = 942.34 MB, solutions = 9)
 109484 104194      438.1667    39      640.0000      427.3000  1050513   33.23%          x28_33 D 109484 109483     32
 109661 104367      491.0444    36      640.0000      427.3333  1052223   33.23%           x6_21 D 109661 109660     72
 109776 104476      466.5000    16      640.0000      427.3333  1053437   33.23%          x17_27 N 109776 109774     71
 109937 104632      460.7500    20      640.0000      427.3333  1054776   33.23%          x16_25 D 109937 109936    108
 110120 104812      505.0000    16      640.0000      427.3333  1055920   33.23%            x8_6 D 110120 110119    114
 110272 104956      453.7500    23      640.0000      427.3333  1058480   33.23%          x27_26 N 110272 110271     54
 110400 105076      440.7500    40      640.0000      427.3333  1060489   33.23%          x23_11 D 110400 110399     53
 110737 105406      481.0000    10      640.0000      427.3684  1062802   33.22%          x15_13 D 110737 110736     66
 110950 105611      464.5000    46      640.0000      427.3778  1064146   33.22%          x29_32 D 110950 110949     21
 111019 105680      531.5000    18      640.0000      427.3778  1065306   33.22%          x30_25 U 111019 111017     70
Elapsed time = 4186.45 sec. (6306961.98 ticks, tree = 956.08 MB, solutions = 9)
 111142 105793      506.3333    24      640.0000      427.3889  1067049   33.22%          x30_42 D 111142 111141    151
 111310 105947      452.7000    43      640.0000      427.3889  1068037   33.22%          x17_19 D 111310 111309    100
 111474 106107      514.0000    14      640.0000      427.3889  1069568   33.22%           x8_30 U 111474 111471    143
 111707 106326      488.0000    24      640.0000      427.4000  1071166   33.22%          x19_11 N 111707 111706    132
 111924 106535      476.8000    43      640.0000      427.4000  1073146   33.22%          x28_24 D 111924 111923     21
 112097 106702      438.6667    32      640.0000      427.4000  1074558   33.22%          x24_35 D 112097 112096     29
 112220 106821      519.4286    20      640.0000      427.4000  1075744   33.22%           x16_7 U 112220 112218    130
 112378 106971      566.0625    27      640.0000      427.4000  1077005   33.22%          x18_21 D 112378 112377    169
 112568 107151    infeasible            640.0000      427.4000  1077998   33.22%           x12_6 D 112568 112567    187
 112621 107198      467.3333    27      640.0000      427.4167  1079515   33.22%          x33_25 D 112621 112618     62
Elapsed time = 4291.82 sec. (6462277.90 ticks, tree = 1041.86 MB, solutions = 9)
 112736 107311      537.5000     8      640.0000      427.4167  1080236   33.22%           x24_6 U 112736 112734    164
 112976 107538      457.5000    23      640.0000      427.4286  1082277   33.21%            x7_9 U 112976 112975    131
 113193 107745      443.5000    22      640.0000      427.4286  1084123   33.21%          x26_33 U 113193  81406     46
 113324 107866      454.3043    50      640.0000      427.4667  1085514   33.21%          x31_19 U 113324 113323     46
 113404 107946      512.0000     8      640.0000      427.4667  1086505   33.21%          x20_13 U 113404 113402    110
 113523 108059      477.2000    25      640.0000      427.4706  1087541   33.21%          x24_31 N 113523 113522    104
 113710 108238    infeasible            640.0000      427.4762  1088828   33.21%          x30_17 D 113710 113709    177
 113950 108472      467.0833    26      640.0000      427.5000  1091057   33.20%          x17_20 D 113950 113949    155
 113997 108513      523.7500    19      640.0000      427.5000  1092553   33.20%           x25_8 U 113997 113995     39
 114217 108720      449.3333    15      640.0000      427.5000  1094021   33.20%          x25_28 D 114217 114216     96
Elapsed time = 4402.23 sec. (6618413.16 ticks, tree = 1055.54 MB, solutions = 9)
 114400 108893      438.0303    40      640.0000      427.5000  1096179   33.20%            x7_9 U 114400 114399     55
 114588 109077      507.4167    25      640.0000      427.5000  1097799   33.20%          x19_24 U 114588 114586    150
 114724 109209      494.8000    47      640.0000      427.5000  1098994   33.20%          x32_28 N 114724 114723    139
 114852 109329      464.3333    24      640.0000      427.5000  1100580   33.20%           x6_20 D 114852 114851     83
 115054 109527      492.6667    19      640.0000      427.5000  1102240   33.20%            x9_8 D 115054 115053    121
 115167 109632      478.1667    44      640.0000      427.5000  1105925   33.20%          x33_20 U 115167 115165     60
 115286 109749      548.0000    26      640.0000      427.5000  1107660   33.20%          x21_22 N 115286 115285    168
 115509 109962      476.2935    41      640.0000      427.5556  1109406   33.19%          x22_24 D 115509 115508     92
 115708 110157      499.3333    24      640.0000      427.5625  1110884   33.19%           x15_8 D 115708 115707    167
 115860 110304      537.5000    16      640.0000      427.5686  1112105   33.19%          x23_14 D 115860 115859    193
Elapsed time = 4511.52 sec. (6773866.16 ticks, tree = 1069.91 MB, solutions = 9)
 115945 110377      442.3333    31      640.0000      427.5833  1113427   33.19%          x34_35 U 115945 115944     26
 116176 110604      475.5000    10      640.0000      427.5833  1115046   33.19%           x5_19 D 116176 116175    172
 116400 110816      444.0387    74      640.0000      427.6000  1116821   33.19%          x21_20 D 116400 116399     84
 116570 110983      493.0000    19      640.0000      427.6000  1118652   33.19%           x9_30 U 116570 116568     55
 116679 111078      449.2500    36      640.0000      427.6042  1120190   33.19%          x27_11 U 116679  81395     35
 116911 111304      487.1579    28      640.0000      427.6061  1121901   33.19%          x30_21 D 116911 116910    158
 117077 111464      496.6667    16      640.0000      427.6061  1123066   33.19%            x9_6 N 117077 117076    135
 117180 111563      497.5000    20      640.0000      427.6061  1125251   33.19%          x13_18 N 117180 117178     97
 117276 111655      459.7500    18      640.0000      427.6061  1126274   33.19%           x6_18 D 117276 117275    100
 117447 111816      448.5000    18      640.0000      427.6078  1127990   33.19%          x17_33 D 117447 117446     74
Elapsed time = 4619.42 sec. (6927743.54 ticks, tree = 1083.73 MB, solutions = 9)
 117615 111980      516.2857    16      640.0000      427.6190  1129177   33.18%           x10_8 D 117615 117614    175
 117692 112049      484.1538    28      640.0000      427.6275  1130722   33.18%            x7_9 U 117692 117691     91
 117775 112132      577.0000    16      640.0000      427.6275  1131442   33.18%           x18_8 U 117775 117773    160
 117957 112304      484.5000    16      640.0000      427.6667  1132908   33.18%          x11_16 D 117957 117956    110
 118040 112372      490.2500    24      640.0000      427.6667  1134262   33.18%          x17_19 D 118040 118039     84
 118181 112509      472.0000     8      640.0000      427.6667  1135564   33.18%           x8_16 U 118181 118179     49
 118279 112601      453.3000    60      640.0000      427.6667  1136288   33.18%          x34_35 U 118279 118278     21
 118489 112807      448.0769    52      640.0000      427.6667  1137763   33.18%          x29_32 D 118489 118488     32
 118684 112992      461.4722    34      640.0000      427.6667  1139537   33.18%          x21_28 U 118684 118682     48
 118749 113053    infeasible            640.0000      427.6667  1139996   33.18%           x6_12 U 118749 118747    101
Elapsed time = 4726.65 sec. (7085228.99 ticks, tree = 1095.23 MB, solutions = 9)
 118927 113221      463.5000    31      640.0000      427.6875  1141455   33.17%          x13_18 U 118927 118926     75
 119132 113418      474.5000    14      640.0000      427.7059  1142983   33.17%          x23_24 D 119132 119131    125
 119213 113495      501.0000    19      640.0000      427.7083  1144585   33.17%          x21_14 D 119213 119212    128
 119334 113612      473.0000    20      640.0000      427.7143  1146010   33.17%          x13_18 D 119334 119332     93
 119395 113673      553.0000     8      640.0000      427.7143  1146356   33.17%          x22_17 U 119395 119392    140
 119541 113809    infeasible            640.0000      427.7143  1147344   33.17%           x9_15 D 119541 119540    177
 119718 113980      504.5000    26      640.0000      427.7273  1148943   33.17%          x30_20 N 119718 119717    164
 119850 114102      454.6190    42      640.0000      427.7436  1150536   33.17%          x31_34 D 119850 119848     65
 119934 114178      441.0000    33      640.0000      427.7500  1151281   33.16%          x29_25 D 119934 119933     36
 120130 114359      462.5000    34      640.0000      427.7500  1153265   33.16%          x32_33 D 120130 120129     67
Elapsed time = 4832.76 sec. (7239074.30 ticks, tree = 1107.45 MB, solutions = 9)
 120360 114583      521.0000     8      640.0000      427.7500  1154779   33.16%          x15_32 D 120360 120359    153
 120505 114718      473.0000     8      640.0000      427.7500  1156362   33.16%          x22_31 D 120505 120504    130
 120814 115017      453.8400    30      640.0000      427.7619  1158068   33.16%          x19_11 D 120814 120813    138
 120928 115127      486.0000    16      640.0000      427.7619  1159108   33.16%          x19_13 U 120928 120926     85
 120967 115165      578.5000    10      640.0000      427.7619  1159315   33.16%          x23_11 D 120967 120966    116
 121126 115316      499.0000    16      640.0000      427.7667  1160572   33.16%          x23_12 D 121126 121125    169
 121223 115409      529.0278    37      640.0000      427.7667  1161430   33.16%           x5_12 N 121223 121222    128
 121344 115526      502.0000    18      640.0000      427.7714  1162375   33.16%           x18_7 D 121344 121343    112
 121393 115571      509.3333    12      640.0000      427.7778  1163530   33.16%          x15_23 D 121393 121392     69
 121480 115652      453.0000    77      640.0000      427.7872  1164241   33.16%          x28_33 D 121480 121479     26
Elapsed time = 4940.14 sec. (7393179.24 ticks, tree = 1119.68 MB, solutions = 9)
 121620 115786      498.3333    24      640.0000      427.7895  1166584   33.16%          x30_21 D 121620 121619     96
 121823 115985      444.6905    53      640.0000      427.8000  1167729   33.16%          x30_32 N 121823 121822    113
 122060 116218      500.5000    10      640.0000      427.8095  1169059   33.15%          x20_16 D 122060 122059    201
 122167 116317    infeasible            640.0000      427.8095  1170287   33.15%          x24_27 D 122167 122165    149
 122291 116433      463.1205    58      640.0000      427.8095  1171250   33.15%          x22_19 D 122291 122290     65
 122465 116601      483.6667    17      640.0000      427.8095  1172753   33.15%           x9_14 D 122465 122464    131
 122644 116769      478.0000     8      640.0000      427.8095  1174110   33.15%           x23_8 D 122644 122643     67
 122759 116877      454.0000    18      640.0000      427.8095  1175078   33.15%          x31_19 U 122759 122758     80
 122924 117038      511.0000    11      640.0000      427.8333  1176042   33.15%          x22_14 D 122924 122923    116
 123133 117239      444.0000    24      640.0000      427.8333  1177791   33.15%          x13_25 U 123133   8897     37
Elapsed time = 5046.17 sec. (7547627.43 ticks, tree = 1134.83 MB, solutions = 9)
 123260 117363      509.0000    22      640.0000      427.8415  1178960   33.15%          x30_27 U 123260 123258     71
 123352 117453      537.5000    12      640.0000      427.8415  1179654   33.15%          x17_10 D 123352 123350    151
 123402 117487      474.5714    32      640.0000      427.8519  1180877   33.15%          x24_27 D 123402 123401     66
 123492 117577      604.3333    14      640.0000      427.8519  1181437   33.15%          x20_21 U 123492 123491    156
 123614 117695      481.6250    30      640.0000      427.8571  1182512   33.15%           x24_7 D 123614 123613    123
 123769 117840      438.5000    30      640.0000      427.8571  1183833   33.15%          x13_11 N 123769  86509     36
 123822 117893      489.6667    22      640.0000      427.8571  1184845   33.15%           x9_16 U 123822 123820     76
 123950 118017      488.0000     8      640.0000      427.8667  1186293   33.15%          x18_21 D 123950 123949     90
 124074 118136      567.0000    14      640.0000      427.8667  1186939   33.15%          x20_11 N 124074 124073    197
 124207 118261      445.5000    20      640.0000      427.8750  1188252   33.14%          x29_25 U 124207 124206     40
Elapsed time = 5157.13 sec. (7704641.18 ticks, tree = 1144.67 MB, solutions = 9)
 124318 118368      439.7500    48      640.0000      427.8788  1189908   33.14%          x25_11 D 124318 124317     55
 124375 118425      542.5000    10      640.0000      427.8788  1191413   33.14%          x29_28 N 124375 124374     99
 124418 118468      616.0000    13      640.0000      427.8788  1191677   33.14%           x22_8 D 124418 124417    132
 124670 118710      481.0000    12      640.0000      427.8889  1193244   33.14%           x6_24 D 124670 124669    117
 124870 118906      512.5000    27      640.0000      427.9000  1194710   33.14%          x11_13 N 124870 124869    172
 125015 119041      461.5000    27      640.0000      427.9048  1195889   33.14%          x20_31 D 125015 125013     82
 125070 119094    infeasible            640.0000      427.9048  1196574   33.14%           x5_24 D 125070 125068    128
 125200 119216      491.2000    25      640.0000      427.9091  1198048   33.14%          x15_31 D 125200 125199     91
 125340 119350      460.5000    34      640.0000      427.9167  1199584   33.14%           x5_19 D 125340 125339    101
 125511 119515      473.6667    52      640.0000      427.9167  1201023   33.14%          x20_25 N 125511 125510    136
Elapsed time = 5266.20 sec. (7860402.00 ticks, tree = 1156.83 MB, solutions = 9)
 125602 119601      480.0000    12      640.0000      427.9167  1202674   33.14%          x32_34 U 125602 125600     42
 125649 119646      524.4000    14      640.0000      427.9167  1203062   33.14%          x24_30 N 125649 125647     76
 125735 119726      493.2222    34      640.0000      427.9286  1204172   33.14%           x5_25 D 125735 125734    102
 125818 119805      453.3333    42      640.0000      427.9333  1205217   33.14%          x28_26 D 125818 125817     44
 126086 120067      467.1667    20      640.0000      427.9352  1207062   33.14%           x9_12 D 126086 126085    128
 126225 120202      496.8077    31      640.0000      427.9394  1208195   33.13%           x6_21 D 126225 126224    158
 126340 120308      537.2000    28      640.0000      427.9412  1209276   33.13%           x24_8 D 126340 126339    187
 126501 120465      503.6667    13      640.0000      427.9444  1210844   33.13%          x23_24 N 126501 126500    189
 126700 120651      500.6667    26      640.0000      427.9474  1213433   33.13%          x32_28 D 126700 126699    135
 126775 120720      500.2000    20      640.0000      427.9524  1214302   33.13%          x11_24 U 126775 126773    103
Elapsed time = 5371.09 sec. (8014820.42 ticks, tree = 1168.67 MB, solutions = 9)
 126848 120793      577.5000     8      640.0000      427.9524  1214756   33.13%          x12_17 U 126848 126846    167
 126940 120880      554.5000    12      640.0000      427.9583  1215657   33.13%           x6_24 D 126940 126939    147
 127046 120978      476.0000    37      640.0000      427.9716  1217266   33.13%          x29_31 D 127046 127045     59
 127287 121209      490.3333    19      640.0000      428.0000  1218979   33.13%          x23_20 D 127287 127286     60
 127392 121310      486.0000    14      640.0000      428.0000  1220202   33.12%           x8_33 D 127392 127391    122
 127595 121507      514.6667    22      640.0000      428.0000  1221505   33.12%           x12_7 N 127595 127594    184
 127792 121698      493.3333    13      640.0000      428.0000  1222770   33.12%           x6_13 D 127792 127791    207
 127970 121869    infeasible            640.0000      428.0000  1224059   33.12%           x10_8 D 127970 127969    203
 128099 121994      508.5000     8      640.0000      428.0000  1225197   33.12%           x32_7 D 128099 128098    174
 128328 122211      449.0000    10      640.0000      428.0000  1227358   33.12%          x15_24 D 128328 128327     94
Elapsed time = 5476.13 sec. (8168848.87 ticks, tree = 1183.44 MB, solutions = 9)
 128485 122362      462.0000    24      640.0000      428.0000  1228818   33.12%          x33_25 N 128485 128484     90
 128640 122513      474.2500    15      640.0000      428.0000  1230077   33.12%          x10_15 D 128640 128639     82
 128684 122557      545.0000    10      640.0000      428.0000  1230315   33.12%          x18_24 D 128684 128683    116
 128788 122653      448.0000    38      640.0000      428.0000  1231183   33.12%          x22_18 D 128788 128787    107
 129010 122869      472.3714    42      640.0000      428.0000  1232731   33.12%          x12_20 D 129010 129009    135
 129161 123017      474.0000     8      640.0000      428.0000  1233477   33.12%          x23_16 D 129161 129160    113
 129253 123104      439.8571    55      640.0000      428.0000  1233858   33.12%          x13_20 D 129253 129252     56
 129425 123273      476.3333    15      640.0000      428.0000  1235457   33.12%           x14_6 U 129425 129423     61
 129598 123440      493.3333    20      640.0000      428.0000  1236714   33.12%          x24_30 U 129598 129596    174
 129749 123581      473.6000    56      640.0000      428.0000  1238300   33.12%          x34_35 U 129749 129748     35
Elapsed time = 5582.44 sec. (8325414.20 ticks, tree = 1197.10 MB, solutions = 9)
 130016 123843      456.2000    24      640.0000      428.0000  1239771   33.12%          x30_22 D 130016 130015    112
 130135 123952      475.0000    14      640.0000      428.0000  1240636   33.12%          x13_32 D 130135 130134     83
 130203 124016    infeasible            640.0000      428.0000  1240937   33.12%           x18_8 U 130203 130201    137
 130364 124163      549.0000    26      640.0000      428.0000  1243058   33.12%          x19_14 N 130364 130363    161
 130566 124354      564.5000    26      640.0000      428.0000  1245029   33.12%           x9_17 N 130566 130565    203
 130724 124500      546.0000     8      640.0000      428.0000  1246431   33.12%           x6_24 D 130724 130723    180
 130915 124687      508.0000    12      640.0000      428.0000  1247863   33.12%          x20_30 N 130915 130914    209
 130970 124739      561.0000    17      640.0000      428.0000  1249001   33.12%          x24_29 U 130970 130967    140
 131043 124806      486.2500    21      640.0000      428.0000  1249979   33.12%          x13_23 U 131043 131042     89
 131188 124944      516.0000    12      640.0000      428.0000  1250813   33.12%           x23_8 N 131188 131187    176
Elapsed time = 5687.22 sec. (8481380.07 ticks, tree = 1210.81 MB, solutions = 9)
 131316 125062    infeasible            640.0000      428.0000  1252636   33.12%           x5_12 N 131316 131315    141
 131518 125255      502.0000     8      640.0000      428.0000  1254328   33.12%          x33_31 U 131518 131516     86
 131602 125335      495.0667    31      640.0000      428.0000  1255587   33.12%          x20_21 D 131602 131601    142
 131772 125495      497.8077    34      640.0000      428.0000  1257327   33.12%           x23_7 D 131772 131771    153
 131910 125626      486.2222    39      640.0000      428.0000  1259018   33.12%          x19_35 D 131910 131909    113
 132009 125721      499.0000    12      640.0000      428.0000  1260418   33.12%          x32_28 D 132009 132008    143
 132231 125933      588.3333    20      640.0000      428.0000  1262488   33.12%           x9_24 D 132231 132230    180
 132400 126092      514.3333    25      640.0000      428.0000  1264442   33.12%           x6_15 U 132400 132398    140
 132566 126242      444.0000    59      640.0000      428.0000  1266160   33.12%           x26_9 D 132566 132565     61
 132715 126385      536.0000     8      640.0000      428.0000  1267145   33.12%          x24_13 U 132715 132713    207
Elapsed time = 5790.91 sec. (8635927.76 ticks, tree = 1225.44 MB, solutions = 9)
 132837 126503      503.5000    20      640.0000      428.0000  1268230   33.12%          x30_24 D 132837 132836    144
 132964 126624      487.7500    30      640.0000      428.0000  1269141   33.12%          x30_28 D 132964 132963    128
 133050 126705      488.2366    38      640.0000      428.0000  1269982   33.12%          x30_27 D 133050 133049    124
 133230 126879      452.3750    43      640.0000      428.0000  1271157   33.12%           x6_35 D 133230 133229    143
 133311 126956      476.3333    27      640.0000      428.0000  1271738   33.12%          x16_19 U 133311   3626    116
 133480 127118      482.1429    27      640.0000      428.0000  1273639   33.12%          x17_19 D 133480 133479    157
 133597 127229      597.0000    19      640.0000      428.0000  1274956   33.12%           x8_14 N 133597 133595    218
 133701 127325      466.7500    39      640.0000      428.0000  1276619   33.12%          x16_19 U 133701   2992    115
 133890 127508      552.0000    12      640.0000      428.0000  1278487   33.12%           x15_8 U 133890 133888    203
 134008 127619      505.7143    27      640.0000      428.0000  1280675   33.12%           x5_17 U 134008 134006    115
Elapsed time = 5896.47 sec. (8791533.85 ticks, tree = 1238.06 MB, solutions = 9)
 134071 127675    infeasible            640.0000      428.0000  1281401   33.12%          x31_26 U 134071 134069    167
 134330 127929      456.6364    44      640.0000      428.0000  1283295   33.12%          x30_27 D 134330 134329     84
 134468 128063      437.6197    93      640.0000      428.0000  1284490   33.12%          x26_30 D 134468 134467     72
 134656 128243      437.5000    30      640.0000      428.0000  1286930   33.12%          x35_25 U 134656  14878     33
 134772 128359      487.3571    30      640.0000      428.0000  1288697   33.12%          x13_15 D 134772 134771    135
 134938 128520      498.5000    22      640.0000      428.0000  1289840   33.12%           x5_31 D 134938 134937    164
 135137 128711    infeasible            640.0000      428.0000  1291588   33.12%           x6_14 D 135137 135136    213
 135330 128896      463.0000    16      640.0000      428.0455  1293342   33.12%          x31_19 U 135330 135329     93
 135417 128979    infeasible            640.0000      428.0455  1293567   33.12%          x23_10 U 135417 135415    179
 135464 129026      502.0000    14      640.0000      428.0536  1294292   33.12%           x5_33 D 135464 135462     79
Elapsed time = 6006.64 sec. (8946936.33 ticks, tree = 1252.48 MB, solutions = 9)
 135519 129081      556.5000    14      640.0000      428.0536  1294633   33.12%          x26_14 D 135519 135518    122
 135647 129203      509.2500    26      640.0000      428.0571  1295973   33.12%          x32_19 N 135647 135646    152
 135843 129393      542.0000    15      640.0000      428.0625  1297263   33.12%          x15_13 N 135843 135842    170
 136012 129558      487.0000    22      640.0000      428.0748  1298650   33.11%           x11_9 D 136012 136011    191
 136150 129688      450.2500    37      640.0000      428.0833  1299918   33.11%          x29_30 U 136150   8742     42
 136237 129773      494.0000    24      640.0000      428.0833  1301254   33.11%          x24_20 D 136237 136235    117
 136438 129970      486.0000     8      640.0000      428.0833  1302739   33.11%          x24_30 N 136438 136437    214
 136618 130142      459.0833    47      640.0000      428.0909  1304258   33.11%          x31_19 U 136618 136617     44
 136789 130304      466.0000    32      640.0000      428.0952  1306576   33.11%          x30_32 U 136789  81424     64
 136847 130362      473.8333    21      640.0000      428.0952  1307459   33.11%            x7_9 U 136847 136846    115
Elapsed time = 6112.49 sec. (9102027.64 ticks, tree = 1266.32 MB, solutions = 9)
 136990 130501      525.2222    38      640.0000      428.1000  1309385   33.11%          x16_20 D 136990 136989    127
 137059 130566        cutoff            640.0000      428.1000  1309704   33.11%          x31_19 D 137059 137057    195
 137174 130677    infeasible            640.0000      428.1111  1310301   33.11%          x19_20 U 137174 137172    175
 137307 130804      442.0625    45      640.0000      428.1190  1311757   33.11%          x26_16 D 137307 137306     43
 137469 130962      461.0476    40      640.0000      428.1200  1313193   33.11%          x22_19 N 137469 137468     66
 137547 131029    infeasible            640.0000      428.1250  1314995   33.11%          x10_19 D 137547 137546     84
 137607 131087      504.2500    15      640.0000      428.1250  1316737   33.11%          x24_16 D 137607 137606    125
 137812 131288      451.2500    25      640.0000      428.1250  1317884   33.11%           x12_8 D 137812 137811    179
 138048 131517      478.0000    23      640.0000      428.1389  1320073   33.10%          x26_10 U 138048 138046     40
 138128 131593      491.5000    14      640.0000      428.1389  1321558   33.10%           x8_16 D 138128 138127    117
Elapsed time = 6227.01 sec. (9257691.47 ticks, tree = 1498.25 MB, solutions = 9)
 138230 131689      491.1739    31      640.0000      428.1389  1322453   33.10%          x24_30 D 138230 138229    125
 138347 131802      536.0000    12      640.0000      428.1418  1323668   33.10%          x12_11 D 138347 138346    134
 138417 131868      487.0000    14      640.0000      428.1429  1324198   33.10%          x24_21 D 138417 138416     97
 138519 131966      479.2857    52      640.0000      428.1667  1326270   33.10%          x29_31 U 138519   8758     58
 138575 132022      511.0000     8      640.0000      428.1667  1326820   33.10%          x11_10 U 138575 138574    105
 138714 132153      460.7187    60      640.0000      428.1852  1328312   33.10%          x30_19 D 138714 138713     65
 138901 132336      482.0000    15      640.0000      428.2143  1329557   33.09%          x14_20 D 138901 138900    123
 139087 132516      461.0444    37      640.0000      428.2143  1330788   33.09%          x14_31 D 139087 139086    128
 139173 132596      500.0000    32      640.0000      428.2143  1331833   33.09%          x24_16 D 139173 139172     54
 139284 132703      491.0000    23      640.0000      428.2143  1332707   33.09%          x30_17 N 139284 139283    136
Elapsed time = 6342.53 sec. (9414104.43 ticks, tree = 1599.63 MB, solutions = 9)
 139488 132897    infeasible            640.0000      428.2222  1334336   33.09%           x8_31 U 139488 139486    210
 139614 133017      492.0000    10      640.0000      428.2500  1335973   33.09%          x19_13 D 139614 139613     59
 139871 133268      455.3750    36      640.0000      428.2500  1337322   33.09%          x33_23 U 139871 139870    161
 139972 133361      565.2000    43      640.0000      428.2500  1339948   33.09%          x24_11 D 139972 139971     81
 140074 133453      499.0000    17      640.0000      428.2667  1342009   33.08%          x32_24 D 140074 140073     87
 140169 133545      493.0000     8      640.0000      428.2667  1342966   33.08%          x15_22 U 140169 140167     81
 140233 133599      478.0000    19      640.0000      428.2667  1343808   33.08%          x30_32 N 140233 140232     64
 140400 133760      481.4643    31      640.0000      428.2667  1345057   33.08%          x23_11 D 140400 140399    116
 140558 133911      458.5000    18      640.0000      428.2778  1346483   33.08%          x23_11 U 140558  13570     61
 140704 134051      504.0000    16      640.0000      428.2830  1347715   33.08%           x7_13 U 140704 140702     91
Elapsed time = 6452.34 sec. (9569365.01 ticks, tree = 1613.95 MB, solutions = 9)
 140767 134108      493.3333    13      640.0000      428.3000  1348441   33.08%          x23_32 D 140767 140766     74
 140945 134276      490.0000    34      640.0000      428.3000  1349400   33.08%          x15_24 N 140945 140944     93
 141121 134447      500.5000    19      640.0000      428.3333  1351652   33.07%          x25_20 N 141121 141120    113
 141200 134526      603.5000    25      640.0000      428.3333  1352203   33.07%          x33_30 D 141200 141199    192
 141267 134590      502.7500    24      640.0000      428.3333  1352799   33.07%           x8_22 N 141267 141265     95
 141342 134657      488.8000    32      640.0000      428.3333  1353789   33.07%            x9_8 D 141342 141341    106
 141600 134907      455.0000    30      640.0000      428.3333  1355003   33.07%           x6_24 D 141600 141599    122
 141769 135066      458.3077    36      640.0000      428.3333  1356371   33.07%          x26_34 D 141769 141768     52
 141827 135124      486.1176    28      640.0000      428.3333  1358014   33.07%           x9_30 U 141827 141824    100
 141876 135173      525.5000    10      640.0000      428.3333  1358305   33.07%           x6_21 D 141876 141874    140
Elapsed time = 6561.20 sec. (9727676.18 ticks, tree = 1625.94 MB, solutions = 9)
 141977 135262    infeasible            640.0000      428.3333  1359138   33.07%           x16_6 U 141977 141975    174
 142140 135419      439.5238    53      640.0000      428.3333  1360231   33.07%          x10_35 D 142140 142139     38
 142376 135641      468.0000    28      640.0000      428.3646  1362761   33.07%          x28_23 U 142376  75572     30
 142458 135723      501.0000     8      640.0000      428.3646  1363866   33.07%           x5_14 U 142458 142456     96
 142503 135768      564.0000     8      640.0000      428.3646  1364310   33.07%          x13_17 D 142503 142502    133
 142534 135794    infeasible            640.0000      428.3646  1364418   33.07%           x15_7 D 142534 142532    158
 142654 135910      490.0000    27      640.0000      428.3646  1366368   33.07%           x20_7 N 142654 142653     95
 142764 136016      490.0278    37      640.0000      428.3750  1368115   33.07%          x23_24 D 142764 142763    104
 142875 136123      452.5000    40      640.0000      428.3929  1369091   33.06%           x8_11 D 142875 142874     37
 143060 136304      463.5000    30      640.0000      428.4000  1371431   33.06%           x9_14 U 143060 143058     50
Elapsed time = 6666.23 sec. (9882181.91 ticks, tree = 1638.07 MB, solutions = 9)
 143134 136378      535.0000    15      640.0000      428.4000  1372068   33.06%          x33_17 D 143134 143133    116
 143230 136470      503.7000    29      640.0000      428.4000  1373483   33.06%          x24_31 D 143230 143229    130
 143436 136672      490.2500    34      640.0000      428.4000  1374703   33.06%          x20_25 D 143436 143435    189
 143553 136785      511.5000    34      640.0000      428.4000  1376304   33.06%            x7_9 N 143553 143552     84
 143633 136865      612.6667    19      640.0000      428.4000  1376651   33.06%          x23_31 N 143633 143632    164
 143718 136945      461.5000    49      640.0000      428.4000  1377768   33.06%          x20_35 N 143718 143717     71
 143873 137096      475.0000    20      640.0000      428.4000  1379283   33.06%          x24_29 N 143873 143871     34
 143944 137167      529.3333    13      640.0000      428.4000  1379629   33.06%          x19_15 D 143944 143943     95
 144046 137265      520.0000    12      640.0000      428.4000  1380767   33.06%           x6_31 D 144046 144045    131
 144117 137327      544.0526    41      640.0000      428.4062  1382625   33.06%           x26_8 U 144117 144116     91
Elapsed time = 6780.69 sec. (10038087.89 ticks, tree = 1649.12 MB, solutions = 9)
 144263 137465      476.0000    28      640.0000      428.4643  1384541   33.05%          x15_22 D 144263 144261     90
 144348 137546    infeasible            640.0000      428.4643  1385130   33.05%          x17_32 U 144348 144346    162
 144488 137682      480.0096    48      640.0000      428.5000  1386694   33.05%           x9_12 N 144488 144487    117
 144640 137830      489.1304    37      640.0000      428.5000  1387469   33.05%          x11_10 U 144640 144639    142
 144808 137988    infeasible            640.0000      428.5000  1388292   33.05%          x10_21 U 144808 144806    185
 144872 138052      493.5000     8      640.0000      428.5000  1389965   33.05%          x11_21 U 144872 144870     97
 145140 138310      455.4762    47      640.0000      428.5000  1391821   33.05%          x33_35 D 145140 145139    139
 145301 138459      462.0000    46      640.0000      428.5000  1393751   33.05%          x26_24 U 145301 145299     31
 145370 138528      549.0000    10      640.0000      428.5000  1395167   33.05%          x27_31 U 145370 145367     83
 145401 138559      574.6667    13      640.0000      428.5000  1395392   33.05%          x17_10 N 145401 145399    106
Elapsed time = 6891.65 sec. (10193648.33 ticks, tree = 1662.54 MB, solutions = 9)
 145584 138734    infeasible            640.0000      428.5000  1396688   33.05%           x9_12 N 145584 145583    180
 145691 138839      529.8000    29      640.0000      428.5000  1397596   33.05%           x9_18 D 145691 145690    132
 145750 138897      639.0000    10      640.0000      428.5000  1397837   33.05%            x6_7 U 145750 145749    191
 145857 139002      497.3333    15      640.0000      428.5000  1398703   33.05%          x14_10 D 145857 145856    140
 146042 139181      486.0000    18      640.0000      428.5000  1400087   33.05%           x25_7 U 146042 146041    161
 146105 139234      445.6667    56      640.0000      428.5000  1401340   33.05%          x39_42 U 146105    697     34
 146312 139437      447.3830    39      640.0000      428.5000  1402720   33.05%           x9_20 D 146312 146311     86
 146576 139695      478.4615    30      640.0000      428.5000  1404065   33.05%            x6_9 D 146576 146575    167
 146731 139846      482.1183    63      640.0000      428.5000  1405499   33.05%          x23_15 D 146731 146730    118
 146803 139914      455.1429    27      640.0000      428.5000  1406546   33.05%          x19_28 D 146803 146802     41
Elapsed time = 7004.68 sec. (10349352.84 ticks, tree = 1677.40 MB, solutions = 9)
 146848 139957      477.0000    22      640.0000      428.5000  1407410   33.05%          x20_13 N 146848 146846     75
 146882 139987      466.8333    57      640.0000      428.5000  1408134   33.05%          x26_11 D 146882 146881     14
 147032 140133      497.0000    27      640.0000      428.5270  1409885   33.04%          x18_24 D 147032 147031    113
 147107 140206      540.0833    35      640.0000      428.5270  1410100   33.04%          x32_30 N 147107 147106    187
 147250 140344      482.8000    30      640.0000      428.5556  1410978   33.04%           x6_16 D 147250 147249    163
 147450 140534      485.0000    26      640.0000      428.5806  1412888   33.03%          x28_31 N 147450  81412     52
 147507 140591      517.0000    10      640.0000      428.5806  1413424   33.03%          x13_18 D 147507 147505     98
 147551 140633      587.0000    16      640.0000      428.5806  1413830   33.03%          x14_18 N 147551 147549    131
 147600 140677      500.8571    33      640.0000      428.5909  1415034   33.03%            x7_9 U 147600 147599     82
 147726 140799      462.2857    21      640.0000      428.6000  1416344   33.03%           x5_16 D 147726 147725    116
Elapsed time = 7116.66 sec. (10506256.61 ticks, tree = 1687.18 MB, solutions = 9)
 147920 140989      469.8824    40      640.0000      428.6000  1417645   33.03%          x30_24 D 147920 147919    135
 148042 141099      444.0000    38      640.0000      428.6000  1419684   33.03%          x26_18 D 148042 148041     56
 148135 141192      518.6000    19      640.0000      428.6000  1420739   33.03%          x10_13 U 148135 148132    134
 148218 141270      486.0000    14      640.0000      428.6000  1422264   33.03%           x5_15 D 148218 148217     63
 148366 141418      601.0000     8      640.0000      428.6000  1423681   33.03%           x9_10 U 148366 148365    211
 148430 141478      468.0000    18      640.0000      428.6000  1425027   33.03%          x24_21 D 148430 148429    106
 148550 141594      495.1905    43      640.0000      428.6154  1426257   33.03%          x20_13 D 148550 148549     79
 148687 141725      469.0526    36      640.0000      428.6349  1427197   33.03%          x30_21 D 148687 148686     75
 148800 141831      465.0000    43      640.0000      428.6667  1428213   33.02%          x14_20 U 148800 148798     50
 148853 141872      460.4000    33      640.0000      428.6667  1429394   33.02%          x19_28 U 148853   8924     60
Elapsed time = 7230.01 sec. (10662000.72 ticks, tree = 1699.14 MB, solutions = 9)
 148930 141943      478.2857    23      640.0000      428.6667  1431551   33.02%           x19_8 U 148930 148929    114
 149010 142019      484.1000    32      640.0000      428.6667  1432507   33.02%          x14_22 D 149010 149009    132
 149092 142097      516.5000    17      640.0000      428.6667  1433362   33.02%           x15_6 D 149092 149091    124
 149200 142193      477.3000    30      640.0000      428.6667  1435468   33.02%          x22_18 N 149200 149199     74
 149284 142275      512.0000     8      640.0000      428.6667  1436113   33.02%          x14_21 U 149284 149281    147
 149385 142368      464.8462    28      640.0000      428.6667  1437004   33.02%            x9_8 D 149385 149384    121
 149567 142546      503.5000    16      640.0000      428.6952  1438196   33.02%          x24_27 U 149567 149566    149
 149705 142677      513.5000    20      640.0000      428.6952  1439147   33.02%           x8_25 N 149705 149704    137
 149796 142760      497.5000    10      640.0000      428.6970  1439954   33.02%          x16_13 D 149796 149795    125
 149853 142813      464.6923    48      640.0000      428.7000  1441127   33.02%           x25_7 N 149853 149852     42
Elapsed time = 7339.27 sec. (10819598.15 ticks, tree = 1709.73 MB, solutions = 9)
 149918 142873      484.8000    35      640.0000      428.7018  1442946   33.02%          x23_31 N 149918 149917     82
 150040 142993      539.1667    20      640.0000      428.7018  1443450   33.02%          x22_33 N 150040 150039    203
 150128 143075    infeasible            640.0000      428.7037  1444230   33.02%           x12_7 N 150128 150127    154
 150258 143196    infeasible            640.0000      428.7059  1445299   33.01%          x10_32 D 150258 150257    201
 150418 143350      473.0000    16      640.0000      428.7143  1447073   33.01%          x26_31 U 150418 150416     59
 150505 143431      478.0000    11      640.0000      428.7143  1449130   33.01%          x24_27 U 150505 150504     98
 150693 143615      478.2000    16      640.0000      428.7143  1450455   33.01%           x8_31 D 150693 150692    141
 150800 143719      484.5000    30      640.0000      428.7143  1451358   33.01%          x20_31 D 150800 150799    115
 150965 143880      473.0833    26      640.0000      428.7160  1452444   33.01%          x10_31 D 150965 150964    173
 151048 143959      471.0000    17      640.0000      428.7188  1454138   33.01%          x22_28 U 151048 151046    104
Elapsed time = 7451.39 sec. (10976717.84 ticks, tree = 1722.67 MB, solutions = 9)
 151094 144003    infeasible            640.0000      428.7188  1454527   33.01%           x9_14 N 151094 151093    140
 151218 144125      479.0000     8      640.0000      428.7500  1455691   33.01%           x9_12 D 151218 151217    154
 151339 144242      472.2500    22      640.0000      428.7500  1456555   33.01%          x22_18 D 151339 151338    106
 151490 144389      471.4000    55      640.0000      428.7500  1457789   33.01%          x12_19 D 151490 151489     76
 151636 144527      486.5556    35      640.0000      428.7500  1459426   33.01%           x9_19 N 151636 151634     73
 151712 144603      493.4000    20      640.0000      428.7500  1460554   33.01%          x17_24 U 151712 151710    138
 151782 144669      475.5714    27      640.0000      428.7500  1461206   33.01%          x22_18 D 151782 151781     98
 151948 144830      520.0000     8      640.0000      428.7500  1462275   33.01%          x14_24 D 151948 151947    146
 152079 144953      453.2500    42      640.0000      428.7500  1463611   33.01%          x17_12 U 152079    693     30
 152174 145048      528.0000    22      640.0000      428.7500  1464959   33.01%           x8_21 N 152174 152173    125
Elapsed time = 7558.36 sec. (11131346.10 ticks, tree = 1735.05 MB, solutions = 9)
 152222 145094    infeasible            640.0000      428.7500  1465126   33.01%          x11_18 D 152222 152221    173
 152267 145135      487.3333    19      640.0000      428.7558  1468021   33.01%           x25_6 D 152267 152266     49
 152292 145160      525.3333    19      640.0000      428.7558  1468435   33.01%          x20_31 N 152292 152291     65
 152326 145190      587.5000    16      640.0000      428.7558  1468812   33.01%           x8_17 N 152326 152325     92
 152360 145216      487.2174    51      640.0000      428.7778  1469587   33.00%          x30_27 N 152360  81690     66
 152611 145461      506.5000    10      640.0000      428.7778  1471204   33.00%          x19_25 D 152611 152610    174
 152674 145520      532.0000    34      640.0000      428.8000  1473175   33.00%           x26_8 D 152674 152673     71
 152775 145609    infeasible            640.0000      428.8000  1474506   33.00%           x10_6 N 152775 152774    143
 152828 145660      480.5000     8      640.0000      428.8000  1475055   33.00%           x9_16 U 152828 152826     79
 152889 145717      472.0000    24      640.0000      428.8000  1475633   33.00%          x32_24 N 152889 152888     63
Elapsed time = 7670.16 sec. (11289086.62 ticks, tree = 1742.71 MB, solutions = 9)
 153012 145834      451.2500    46      640.0000      428.8000  1476447   33.00%          x30_32 D 153012 153011     44
 153204 146022      488.1594    42      640.0000      428.8095  1477766   33.00%          x18_21 D 153204 153203    101
 153385 146193      461.5000    16      640.0000      428.8095  1479716   33.00%          x25_28 U 153385 153383     83
 153488 146296      542.6667    31      640.0000      428.8095  1480568   33.00%           x6_15 U 153488 153486    172
 153600 146402      493.9231    19      640.0000      428.8190  1481187   33.00%            x9_8 D 153600 153599    168
 153762 146552      466.6667    27      640.0000      428.8400  1482758   32.99%          x11_18 D 153762 153761    108
 153871 146651      495.0000    12      640.0000      428.8841  1483936   32.99%          x13_20 D 153871 153870    111
 153976 146756      607.6667    18      640.0000      428.8841  1484621   32.99%            x6_7 U 153976 153975    216
 154095 146861      476.7692    47      640.0000      428.9000  1485845   32.98%          x11_19 D 154095 154093     73
 154172 146936      539.0000     8      640.0000      428.9000  1486614   32.98%           x18_6 N 154172 154171    140
Elapsed time = 7773.95 sec. (11445366.65 ticks, tree = 1756.79 MB, solutions = 9)
 154284 147044      494.0667    25      640.0000      428.9048  1487603   32.98%           x9_32 D 154284 154283    152
 154460 147208      472.0000    22      640.0000      428.9167  1489297   32.98%          x26_19 N 154460  86360     59
 154596 147338      485.6000    36      640.0000      428.9167  1490827   32.98%           x20_7 D 154596 154595     84
 154711 147446      448.0000    31      640.0000      428.9375  1491336   32.98%          x25_32 U 154711   8936     70
 154777 147512      500.2500    15      640.0000      428.9375  1492651   32.98%          x12_24 N 154777 154776    128
 154850 147581      455.5000    34      640.0000      428.9412  1493477   32.98%          x30_23 D 154850 154849     99
 155034 147761      541.0000     8      640.0000      428.9412  1495001   32.98%          x19_20 D 155034 155033    189
 155154 147873      564.0000     8      640.0000      428.9643  1496096   32.97%           x8_30 N 155154 155152    165
 155280 147995      488.0000    13      640.0000      428.9804  1497583   32.97%          x24_25 N 155280 155279    166
 155340 148049      511.0000     8      640.0000      429.0000  1499013   32.97%          x10_15 N 155340 155339     97
Elapsed time = 7881.71 sec. (11600425.05 ticks, tree = 1769.70 MB, solutions = 9)
 155400 148107    infeasible            640.0000      429.0000  1499211   32.97%           x25_8 D 155400 155399    149
 155559 148260      449.0000    18      640.0000      429.0000  1501157   32.97%          x31_19 U 155559 155558     26
 155770 148467      473.6667    24      640.0000      429.0000  1502470   32.97%           x6_31 D 155770 155769    114
 155963 148654      470.7500    24      640.0000      429.0000  1503423   32.97%           x16_8 D 155963 155962    152
 156032 148719      478.2500    27      640.0000      429.0000  1504246   32.97%          x13_18 U 156032 156031     54
 156087 148766      459.0000    39      640.0000      429.0000  1504953   32.97%          x31_19 U 156087 156086     48
 156249 148921    infeasible            640.0000      429.0000  1505714   32.97%          x23_27 U 156249 156247    208
 156369 149041      512.8000    23      640.0000      429.0000  1507384   32.97%           x9_14 D 156369 156368    145
 156477 149145        cutoff            640.0000      429.0000  1507966   32.97%          x13_17 U 156477 156475    252
 156634 149298      442.7500    27      640.0000      429.0000  1509456   32.97%           x20_7 D 156634 156633     26
Elapsed time = 7993.56 sec. (11753996.95 ticks, tree = 1784.23 MB, solutions = 9)
 156802 149463      459.0000    12      640.0000      429.0000  1511248   32.97%           x5_19 U 156802 156800     30
 156860 149521      470.0000    10      640.0000      429.0000  1512664   32.97%          x15_13 D 156860 156858     81
 156924 149585      545.5000    15      640.0000      429.0000  1512875   32.97%           x9_14 U 156924 156922    136
 157011 149666      471.5000    16      640.0000      429.0000  1513757   32.97%          x14_20 D 157011 157010     94
 157189 149840      467.9118    44      640.0000      429.0000  1514844   32.97%          x19_13 N 157189 157188    115
 157330 149975      449.6410    56      640.0000      429.0000  1516033   32.97%           x26_9 D 157330 157329     63
 157488 150129      476.0000    18      640.0000      429.0000  1517222   32.97%          x31_19 U 157488 157487     92
 157589 150226      472.0000    18      640.0000      429.0000  1518075   32.97%          x17_24 U 157589 157587     24
 157620 150257      508.0000    23      640.0000      429.0000  1518449   32.97%           x9_18 D 157620 157619     45
 157642 150279      538.0000    10      640.0000      429.0000  1518709   32.97%          x13_30 U 157642 157640     58
Elapsed time = 8108.09 sec. (11910490.39 ticks, tree = 1795.71 MB, solutions = 9)
 157673 150310      582.0000    10      640.0000      429.0000  1518860   32.97%          x32_18 D 157673 157671     81
 157785 150414      480.9740    43      640.0000      429.0000  1520430   32.97%           x32_7 N 157785 157784     97
 158017 150640      466.5000    37      640.0000      429.0000  1521976   32.97%          x14_31 D 158017 158016    150
 158234 150853      523.0000    12      640.0000      429.0000  1523502   32.97%           x6_16 N 158234 158233    200
 158285 150894      539.0556    31      640.0000      429.0000  1524936   32.97%          x23_20 D 158285 158284     66
 158311 150920      565.0000    21      640.0000      429.0000  1525280   32.97%          x17_33 N 158311 158310     82
 158341 150948    infeasible            640.0000      429.0000  1525558   32.97%           x8_30 N 158341 158340    106
 158540 151141      454.5000    36      640.0000      429.0000  1527303   32.97%          x34_47 D 158540 158539     28
 158748 151344      454.0000    23      640.0000      429.0000  1528483   32.97%          x10_27 N 158748 158747     64
 158905 151499      507.6667    14      640.0000      429.0000  1529243   32.97%          x32_21 N 158905 158904    220
Elapsed time = 8217.75 sec. (12065769.17 ticks, tree = 1810.09 MB, solutions = 9)
 159058 151644      524.0000    19      640.0000      429.0000  1530444   32.97%           x30_8 N 159058 159057    166
 159113 151691      509.2381    42      640.0000      429.0000  1531558   32.97%          x14_13 D 159113 159112    151
 159173 151747      480.3333    51      640.0000      429.0000  1532381   32.97%          x26_16 N 159173 159172     62
 159287 151857      497.0000     8      640.0000      429.0000  1533381   32.97%          x20_27 D 159287 159286    104
 159409 151975      464.6667    15      640.0000      429.0000  1534060   32.97%          x24_19 D 159409 159408     76
 159569 152131      491.0000    27      640.0000      429.0000  1535186   32.97%          x15_22 N 159569 159568     91
 159706 152265      508.0000    16      640.0000      429.0000  1536209   32.97%          x14_19 D 159706 159704    166
 159796 152351      547.8000    16      640.0000      429.0000  1537116   32.97%           x18_8 D 159796 159795    210
 159912 152460      474.0000    22      640.0000      429.0000  1538602   32.97%          x17_12 D 159912 159911     76
 160076 152618      520.2727    22      640.0000      429.0000  1539624   32.97%           x22_6 D 160076 160075    201
Elapsed time = 8324.69 sec. (12220217.71 ticks, tree = 1823.43 MB, solutions = 9)
 160152 152683      491.5000    18      640.0000      429.0000  1541257   32.97%          x15_10 D 160152 160151    109
 160320 152847      522.2727    28      640.0000      429.0000  1542448   32.97%           x6_21 D 160320 160319    107
 160426 152949      446.0000    34      640.0000      429.0000  1542897   32.97%          x26_30 D 160426 160425     30
 160642 153159      463.0000    10      640.0000      429.0000  1544281   32.97%          x14_32 D 160642 160641    101
 160794 153308      483.3750    32      640.0000      429.0000  1545633   32.97%          x23_32 D 160794 160793     72
 160836 153350      516.3750    18      640.0000      429.0000  1545946   32.97%          x11_31 D 160836 160834    104
 160880 153388      440.2143    70      640.0000      429.0333  1546326   32.96%          x41_49 N 160880 160879     19
 161093 153596      453.7500    30      640.0000      429.0714  1547879   32.96%          x13_11 N 161093   8589     47
 161232 153727    infeasible            640.0000      429.0714  1548492   32.96%          x10_14 U 161232 161230    183
 161371 153864      518.6429    21      640.0000      429.0714  1549490   32.96%           x6_31 D 161371 161370    178
Elapsed time = 8437.39 sec. (12375779.20 ticks, tree = 1838.30 MB, solutions = 9)
 161529 154014      454.6250    32      640.0000      429.0714  1550797   32.96%          x26_15 U 161529  81664     40
 161580 154065      493.1111    16      640.0000      429.0714  1551799   32.96%          x17_10 U 161580 161578     76
 161601 154086      541.0000    10      640.0000      429.0714  1552032   32.96%          x12_31 U 161601 161599     91
 161740 154221      491.2083    35      640.0000      429.0714  1553046   32.96%          x20_24 D 161740 161739    176
 161898 154371    infeasible            640.0000      429.0714  1553999   32.96%           x12_8 U 161898 161896    169
 162034 154507      512.5000    14      640.0000      429.0735  1554989   32.96%          x20_24 N 162034 162033    176
 162196 154660      463.1250    24      640.0000      429.1000  1557166   32.95%          x22_29 U 162196 162194     24
 162252 154715      516.0000    10      640.0000      429.1000  1558362   32.95%          x24_27 U 162252 162251     64
 162395 154854      482.1250    28      640.0000      429.1000  1559740   32.95%          x10_31 D 162395 162394    156
 162480 154935      482.3022    39      640.0000      429.1111  1560696   32.95%          x10_30 D 162480 162479    118
Elapsed time = 8547.05 sec. (12530376.79 ticks, tree = 1851.16 MB, solutions = 9)
 162690 155135      459.0769    22      640.0000      429.1111  1562128   32.95%           x9_25 D 162690 162689    102
 162797 155236      495.2308    25      640.0000      429.1111  1563528   32.95%          x10_20 D 162797 162795     87
 162853 155284      489.0000    19      640.0000      429.1250  1564608   32.95%          x26_17 D 162853 162852     85
 162960 155381      484.7500    31      640.0000      429.1250  1565591   32.95%           x8_29 D 162960 162959    130
 163000 155415      476.6667    41      640.0000      429.1250  1566226   32.95%          x19_35 D 163000 162999    125
 163130 155539      492.8485    29      640.0000      429.1250  1567502   32.95%          x10_20 D 163130 163129    125
 163297 155694      491.3333    20      640.0000      429.1667  1569272   32.94%          x24_29 U 163297 163296     67
 163370 155767      581.3333    25      640.0000      429.1667  1569875   32.94%           x13_6 N 163370 163369    140
 163470 155860      490.9000    26      640.0000      429.1667  1570662   32.94%          x15_31 D 163470 163469    130
 163600 155986      485.1429    19      640.0000      429.1667  1571774   32.94%          x22_14 D 163600 163599    168
Elapsed time = 8653.24 sec. (12689335.07 ticks, tree = 1863.94 MB, solutions = 9)
 163745 156127      494.3333    17      640.0000      429.1689  1573115   32.94%           x12_6 D 163745 163744    161
 163909 156281      486.1429    38      640.0000      429.2083  1575156   32.94%          x26_18 N 163909   7772     78
 163950 156316      465.2500    31      640.0000      429.2222  1576974   32.93%          x10_19 U 163950   9924     60
 164086 156448      479.0000    28      640.0000      429.2222  1578631   32.93%          x31_19 D 164086   7780     86
 164213 156573      541.0000    10      640.0000      429.2222  1579302   32.93%           x15_7 U 164213 164211    212
 164374 156719      489.0909    22      640.0000      429.2500  1580633   32.93%          x22_12 D 164374 164373     80
 164500 156839      460.1250    50      640.0000      429.2500  1581354   32.93%          x30_29 D 164500 164499     46
 164606 156941      450.2000    36      640.0000      429.2500  1582318   32.93%          x29_30 U 164606   8431     34
 164800 157129      461.3333    35      640.0000      429.2538  1583479   32.93%          x26_23 D 164800 164799     88
 164917 157242      454.8000    34      640.0000      429.2683  1585109   32.93%          x30_22 N 164917 164915     62
Elapsed time = 8767.69 sec. (12853247.97 ticks, tree = 1879.23 MB, solutions = 9)
 165019 157340      460.3529    40      640.0000      429.2759  1586481   32.93%          x30_24 D 165019 165018     78
 165126 157443      467.2381    50      640.0000      429.2857  1587360   32.92%          x26_34 D 165126 165125     63
 165250 157563      459.0000     8      640.0000      429.2941  1588365   32.92%           x25_8 D 165250 165249     40
 165400 157713      560.3333    17      640.0000      429.2941  1589494   32.92%           x9_15 D 165400 165399    190
 165447 157756      482.3333    21      640.0000      429.3000  1590919   32.92%          x30_21 N 165447 165446     94
 165560 157863      505.5349    28      640.0000      429.3000  1592052   32.92%           x22_6 D 165560 165559    118
 165643 157940      468.4000    34      640.0000      429.3000  1592829   32.92%           x6_30 D 165643 165642     95
 165800 158093      471.0000    28      640.0000      429.3077  1593912   32.92%          x12_24 D 165800 165799    106
 165991 158280      486.3333    12      640.0000      429.3077  1595264   32.92%          x22_30 D 165991 165990    172
 166145 158431      485.0000    20      640.0000      429.3077  1596705   32.92%          x20_12 D 166145 166144    170
Elapsed time = 8877.83 sec. (13007215.99 ticks, tree = 1895.43 MB, solutions = 9)
 166245 158526      494.6429    24      640.0000      429.3333  1597892   32.92%           x22_7 D 166245 166244    153
 166333 158610      474.6667    15      640.0000      429.3333  1599135   32.92%          x16_18 D 166333 166332    124
 166540 158814      480.2500    22      640.0000      429.3333  1600229   32.92%           x12_8 D 166540 166539    155
 166719 158983      445.5556    48      640.0000      429.3333  1601515   32.92%          x29_32 U 166719   7719     33
 166962 159218      457.5000    14      640.0000      429.3333  1602728   32.92%           x25_8 D 166962 166961    124
 167122 159372      522.0000    18      640.0000      429.3333  1604101   32.92%           x6_14 N 167122 167121    178
 167251 159495      508.6667    14      640.0000      429.3333  1604984   32.92%          x17_13 N 167251 167250    164
 167293 159529      538.6667    11      640.0000      429.3333  1606083   32.92%           x18_8 D 167293 167292     96
 167422 159648    infeasible            640.0000      429.3333  1606715   32.92%           x12_6 U 167422 167420    158
 167532 159758      524.2500    16      640.0000      429.3333  1608663   32.92%           x9_14 D 167532 167531    134
Elapsed time = 8984.77 sec. (13162198.67 ticks, tree = 1911.72 MB, solutions = 9)
 167604 159830      619.0000    14      640.0000      429.3333  1609250   32.92%          x13_30 D 167604 167603    206
 167778 159994      445.8333    46      640.0000      429.3333  1610479   32.92%          x29_32 U 167778   9897     33
 167960 160172      455.0000     8      640.0000      429.3333  1611621   32.92%          x26_33 N 167960 167958     24
 167995 160207      504.2500    14      640.0000      429.3333  1611992   32.92%          x16_22 D 167995 167994     47
 168060 160266      448.8000    46      640.0000      429.3500  1612589   32.91%          x30_35 D 168060 168059     45
 168253 160453      463.9583    49      640.0000      429.3636  1614301   32.91%          x11_19 D 168253 168252     66
 168404 160598      469.8333    39      640.0000      429.4000  1615101   32.91%          x23_25 D 168404 168403     65
 168503 160690      507.0000    19      640.0000      429.4000  1616093   32.91%           x18_7 N 168503 168502    143
 168575 160756      488.9375    40      640.0000      429.4118  1617473   32.90%          x18_20 U 168575 168573     47
 168657 160838      511.7500    23      640.0000      429.4118  1618151   32.90%           x6_31 D 168657 168656    117
Elapsed time = 9093.26 sec. (13316959.52 ticks, tree = 1924.90 MB, solutions = 9)
 168783 160956      448.0000    47      640.0000      429.4167  1619589   32.90%          x26_24 D 168783 168782     21
 169011 161180      448.4030    37      640.0000      429.4211  1621011   32.90%          x22_20 D 169011 169010    108
 169200 161365      496.3333    23      640.0000      429.4211  1622154   32.90%          x31_32 D 169200 169199    142
 169307 161466      538.0000    12      640.0000      429.4211  1623194   32.90%          x17_10 D 169307 169306     67
 169414 161565      448.5000    14      640.0000      429.4231  1624186   32.90%          x14_32 D 169414 169413     29
 169580 161727      493.5000    18      640.0000      429.4286  1625781   32.90%          x14_25 D 169580 169579     68
 169628 161769      447.2500    33      640.0000      429.4333  1626162   32.90%          x34_35 D 169628 169626     12
 169685 161826      499.2000    51      640.0000      429.4333  1627985   32.90%          x29_25 U 169685 169683     57
 169735 161876      533.4737    28      640.0000      429.4333  1628528   32.90%          x22_27 N 169735 169734     96
 169806 161943      474.0667    42      640.0000      429.4545  1629392   32.90%          x16_18 N 169806 169805    104
Elapsed time = 9207.17 sec. (13472698.13 ticks, tree = 1938.58 MB, solutions = 9)
 169917 162054      579.7500    17      640.0000      429.4545  1630099   32.90%          x25_17 D 169917 169916    215
 170011 162140      498.0000    12      640.0000      429.4643  1631086   32.90%           x5_14 D 170011 170010    109
 170149 162272      496.4286    18      640.0000      429.4667  1632190   32.90%           x24_6 N 170149 170148    136
 170288 162399      449.0556    48      640.0000      429.5000  1633774   32.89%          x25_32 U 170288  19114     38
 170427 162532      513.8333    33      640.0000      429.5000  1635107   32.89%          x44_40 U 170427 170425     23
 170534 162632    infeasible            640.0000      429.5000  1636429   32.89%           x16_6 N 170534 170532    145
 170594 162692      490.1556    52      640.0000      429.5000  1638120   32.89%          x30_27 N 170594 170593     60
 170626 162724      543.6667    17      640.0000      429.5000  1638370   32.89%          x18_20 D 170626 170625     87
 170716 162806    infeasible            640.0000      429.5000  1639191   32.89%           x16_6 U 170716 170714    155
 170889 162975      478.0000     8      640.0000      429.5000  1640569   32.89%           x23_8 D 170889 170888    145
Elapsed time = 9319.24 sec. (13628805.24 ticks, tree = 1951.46 MB, solutions = 9)
 171089 163171      464.6667    17      640.0000      429.5000  1641962   32.89%          x16_20 D 171089 171088    154
 171176 163254      486.5000    49      640.0000      429.5000  1643342   32.89%          x26_10 N 171176 171174     35
 171351 163421      479.0508    52      640.0000      429.5000  1644816   32.89%          x29_31 U 171351   8603     61
 171555 163615    infeasible            640.0000      429.5000  1646762   32.89%          x32_33 N 171555 171554     40
 171605 163663      465.0000    28      640.0000      429.5000  1648828   32.89%          x23_25 U 171605 171603     67
 171641 163699      505.5000     8      640.0000      429.5000  1649587   32.89%          x27_28 D 171641 171639     91
 171689 163745      545.2500    28      640.0000      429.5000  1649915   32.89%          x30_32 D 171689 171686    130
 171780 163826      466.1231    70      640.0000      429.5000  1651088   32.89%          x29_31 D 171780 171779     39
 171919 163965      517.1667    14      640.0000      429.5000  1651632   32.89%          x24_30 D 171919 171918    178
 172074 164115      483.1250    23      640.0000      429.5094  1652609   32.89%          x20_24 D 172074 172073    162
Elapsed time = 9431.67 sec. (13784177.54 ticks, tree = 1965.70 MB, solutions = 9)
 172164 164200      455.4211    58      640.0000      429.5227  1653420   32.89%           x26_6 D 172164 172163     66
 172328 164360      462.0000    12      640.0000      429.5253  1654929   32.89%           x25_8 N 172328 172326     40
 172373 164405      529.2000    24      640.0000      429.5253  1655378   32.89%          x16_31 U 172373 172370     76
 172430 164454      488.3333    19      640.0000      429.5385  1656245   32.88%           x20_7 D 172430 172429     91
 172584 164600    infeasible            640.0000      429.5500  1658055   32.88%           x8_14 D 172584 172583    169
 172733 164743      489.2903    38      640.0000      429.5556  1659613   32.88%          x26_14 U 172733 172731     66
 172780 164790      499.0000    10      640.0000      429.5556  1660128   32.88%          x24_14 N 172780 172779    104
 172912 164914      485.7500    24      640.0000      429.5588  1661705   32.88%          x30_20 D 172912 172911    125
 173081 165077      539.0000    10      640.0000      429.5588  1662957   32.88%          x22_12 D 173081 173080    170
 173223 165215      488.5000    23      640.0000      429.5588  1664025   32.88%           x10_8 D 173223 173222    193
Elapsed time = 9544.27 sec. (13939416.45 ticks, tree = 1979.55 MB, solutions = 9)
 173284 165272      507.3750    23      640.0000      429.5588  1665329   32.88%           x8_19 N 173284 173283    100
 173324 165312      596.5000     8      640.0000      429.5588  1665789   32.88%          x14_19 U 173324 173322    132
 173370 165348      517.1667    25      640.0000      429.5714  1666466   32.88%          x13_19 D 173370 173369     82
 173550 165518      457.0000    18      640.0000      429.5833  1668593   32.88%            x7_9 D 173550  19121     45
 173660 165624    infeasible            640.0000      429.5833  1669101   32.88%           x6_14 U 173660 173658    154
 173731 165695      538.5000    14      640.0000      429.6000  1670866   32.87%          x20_21 U 173731 173730    127
 173782 165742      498.0000    18      640.0000      429.6122  1671794   32.87%          x26_30 N 173782 173780     53
 173802 165762      565.0000     8      640.0000      429.6122  1672284   32.87%          x30_33 D 173802 173801     66
 173918 165872      500.4286    27      640.0000      429.6222  1673508   32.87%           x19_8 U 173918 173917    168
 174000 165950      496.5000    19      640.0000      429.6358  1674274   32.87%           x6_16 D 174000 173999    127
Elapsed time = 9660.69 sec. (14099162.37 ticks, tree = 1988.86 MB, solutions = 9)
 174132 166079      487.1429    22      640.0000      429.6667  1676071   32.86%          x20_22 D 174132 174131    151
 174247 166188      482.0000    14      640.0000      429.6667  1677085   32.86%           x9_12 D 174247 174246    113
 174365 166298      528.0000    16      640.0000      429.6667  1677903   32.86%           x24_8 U 174365 174363    168
 174478 166401      472.1860    42      640.0000      429.6667  1679438   32.86%          x26_17 D 174478 174477     72
 174643 166562      484.5000    12      640.0000      429.6667  1680576   32.86%          x19_11 N 174643 174642    159
 174685 166600      481.3333    21      640.0000      429.6735  1681622   32.86%           x5_16 D 174685 174684     65
Starting limited solution polishing.
 174739 166648      466.0000    24      640.0000      429.6842  1682420   32.86%           x6_28 U 174739   9926     62
 174800 166701      489.0000    12      640.0000      429.6875  1683628   32.86%          x15_22 N 174800 174799     61
 174906 166807      531.3333    23      640.0000      429.6875  1684058   32.86%          x24_23 D 174906 174905    167
 175077 166974      499.4000    22      640.0000      429.6923  1685089   32.86%          x12_24 D 175077 175076    188
Elapsed time = 9775.31 sec. (14261004.03 ticks, tree = 2001.79 MB, solutions = 9)
 175195 167084      460.0000    33      640.0000      429.7143  1686351   32.86%          x14_28 U 175195   8464     67
 175280 167165      473.0000    12      640.0000      429.7143  1687335   32.86%          x23_25 D 175280 175279    108
 175370 167249      471.1563    44      640.0000      429.7222  1688309   32.86%          x26_31 D 175370 175369     45
 175562 167437      455.7500    25      640.0000      429.7500  1689603   32.85%          x11_20 D 175562 175561    121
 175626 167499      594.0000    10      640.0000      429.7500  1689973   32.85%          x23_24 U 175626 175625    184
 175787 167656      466.0000    23      640.0000      429.7500  1690824   32.85%            x8_7 N 175787 175786    178
 175857 167722      500.0000     8      640.0000      429.7500  1692484   32.85%          x25_11 U 175857 175855     42
 175883 167748      558.2500    13      640.0000      429.7500  1692715   32.85%           x8_20 N 175883 175882     63
 175913 167778      589.6667    15      640.0000      429.7500  1692935   32.85%          x21_13 U 175913 175911     87
 176000 167859      538.4167    25      640.0000      429.7619  1693675   32.85%            x9_6 N 176000 175999    123
Elapsed time = 9883.48 sec. (14417651.32 ticks, tree = 2013.07 MB, solutions = 9)
 176148 168003      516.3333    15      640.0000      429.7857  1694720   32.85%          x25_21 D 176148 176147    166
 176300 168152      501.0000    28      640.0000      429.8000  1696004   32.84%           x9_20 D 176300 176299    139
 176417 168261      465.2632    49      640.0000      429.8333  1697789   32.84%          x35_25 N 176417 176416     31
 176450 168294      482.0000    16      640.0000      429.8333  1698184   32.84%          x24_16 N 176450 176448     55
 176485 168329      515.0000    27      640.0000      429.8333  1698617   32.84%           x6_27 N 176485 176483     82
 176512 168354      544.0000    12      640.0000      429.8333  1698773   32.84%          x15_23 N 176512 176510    102
 176600 168434      501.6667    52      640.0000      429.8333  1700494   32.84%          x26_14 D 176600 176599     91
 176700 168525      496.9286    38      640.0000      429.8333  1702238   32.84%          x13_32 D 176700 176699    126
 176829 168646      487.3333    20      640.0000      429.8333  1703540   32.84%          x11_10 D 176829 176828    111
 176932 168746      458.4000    25      640.0000      429.8411  1704615   32.84%          x10_27 N 176932 176929     36
Elapsed time = 9994.82 sec. (14573087.87 ticks, tree = 2024.44 MB, solutions = 9)
 176955 168769      496.4091    66      640.0000      429.8411  1705166   32.84%          x20_13 D 176955 176954     51
 177016 168826      463.0000    37      640.0000      429.8421  1706144   32.84%          x26_30 U 177016  19111     35
 177200 169003      473.2958    38      640.0000      429.8421  1707497   32.84%          x18_11 D 177200 177199    111
 177360 169159      487.7971    42      640.0000      429.8602  1708640   32.83%           x5_12 D 177360 177359    105
 177473 169272      528.3750    22      640.0000      429.8602  1709132   32.83%          x20_30 D 177473 177472    218
 177532 169320      504.1429    32      640.0000      429.8621  1710449   32.83%          x14_19 N 177532 177530     80
 177580 169366      509.1667    17      640.0000      429.8621  1711007   32.83%          x30_16 N 177580 177579    119
 177627 169409      492.4375    34      640.0000      429.8667  1711918   32.83%           x5_13 D 177627 177626     64
 177730 169506      505.3333    31      640.0000      429.8889  1712760   32.83%          x17_27 D 177730 177729     78
 177837 169607      520.0000    12      640.0000      429.9000  1714072   32.83%          x32_29 U 177837 177835     84
Elapsed time = 10108.25 sec. (14732219.62 ticks, tree = 2035.54 MB, solutions = 9)
 177880 169644      480.9000    46      640.0000      429.9167  1715116   32.83%          x30_34 D 177880 177879     72
 178000 169760      488.3333    24      640.0000      429.9444  1716310   32.82%          x16_32 D 178000 177999    126
 178150 169901      497.2500    29      640.0000      430.0000  1718004   32.81%          x30_21 D 178150 178149    120
 178239 169984      456.5195    36      640.0000      430.0000  1718923   32.81%            x7_9 U 178239 178238     27
 178299 170044      542.0000     8      640.0000      430.0000  1719350   32.81%          x20_21 U 178299 178297     79
 178427 170162    infeasible            640.0000      430.0000  1720223   32.81%          x32_12 N 178427 178426    157
 178609 170340      534.0000    14      640.0000      430.0000  1721358   32.81%           x6_12 U 178609 178607    196
 178788 170513    infeasible            640.0000      430.0000  1722376   32.81%           x15_8 N 178788 178787    202
 178829 170550      487.7500    28      640.0000      430.0000  1723635   32.81%          x32_18 D 178829 178827     56
 178883 170604      551.5000    31      640.0000      430.0000  1724972   32.81%          x30_31 N 178883 178881     95
Elapsed time = 10219.99 sec. (14889611.34 ticks, tree = 2048.33 MB, solutions = 9)
Nodefile size = 0.55 MB (0.08 MB after compression)
 178952 170662      518.0000     8      640.0000      430.0000  1726279   32.81%          x27_31 N 178952 178950     81
 179091 170795    infeasible            640.0000      430.0000  1727918   32.81%          x25_20 D 179091 179090    105
 179209 170906      452.2308    50      640.0000      430.0000  1729100   32.81%          x31_19 N 179209 179208    115
 179300 170992      476.2222    19      640.0000      430.0000  1730489   32.81%          x16_18 U 179300 179298     68
 179342 171034      544.5000    12      640.0000      430.0000  1730779   32.81%          x18_21 U 179342 179340    102
 179373 171061      591.5000     8      640.0000      430.0000  1730919   32.81%           x6_20 D 179373 179371    127
 179477 171159      511.0909    37      640.0000      430.0000  1732242   32.81%           x8_29 N 179477 179476    135
 179536 171218      631.6667    16      640.0000      430.0000  1732676   32.81%           x18_8 D 179536 179535    194
 179664 171338      532.5000     8      640.0000      430.0000  1733499   32.81%          x16_20 U 179664 179662    159
 179828 171494      486.2500    37      640.0000      430.0000  1735436   32.81%          x27_32 D 179828 179827     35
Elapsed time = 10334.95 sec. (15051461.51 ticks, tree = 2059.88 MB, solutions = 9)
Nodefile size = 12.26 MB (5.48 MB after compression)
 179887 171543      456.6667    15      640.0000      430.0000  1736419   32.81%            x7_9 D 179887 179885     33
 179937 171593      467.9610    52      640.0000      430.0000  1737569   32.81%          x26_20 N 179937 179936     73
 180000 171654      507.3750    24      640.0000      430.0000  1738117   32.81%           x16_7 D 180000 179999    128
 180200 171849      478.2857    37      640.0000      430.0000  1739235   32.81%           x6_16 D 180200 180199    177
 180360 172005      474.6000    16      640.0000      430.0000  1740444   32.81%          x32_24 D 180360 180359    172
 180456 172097      523.0000    22      640.0000      430.0000  1741430   32.81%           x25_8 D 180456 180455    144
 180518 172153      511.2857    44      640.0000      430.0000  1743104   32.81%          x25_26 N 180518 180516     66
 180587 172218      600.0526    22      640.0000      430.0000  1743896   32.81%          x24_29 N 180587 180584    118
 180628 172254      449.5000    35      640.0000      430.0000  1744210   32.81%          x22_32 D 180628 180627     16
 180800 172422      443.3148    53      640.0000      430.0000  1745714   32.81%          x14_11 D 180800 180799    103
Elapsed time = 10449.17 sec. (15209448.93 ticks, tree = 2071.94 MB, solutions = 9)
Nodefile size = 24.41 MB (13.25 MB after compression)
 180926 172548      545.0000    19      640.0000      430.0000  1746452   32.81%          x23_17 N 180926 180925    229
 181100 172714      476.1829    58      640.0000      430.0000  1748391   32.81%           x9_21 D 181100 181099    169
 181300 172908      477.1875    30      640.0000      430.0000  1749570   32.81%           x6_24 D 181300 181299    175
 181400 172998      505.7083    42      640.0000      430.0000  1751336   32.81%           x22_7 D 181400 181399    132
 181500 173092      508.4286    36      640.0000      430.0000  1752245   32.81%          x23_22 D 181500 181499    109
 181590 173179      509.3556    37      640.0000      430.0000  1753445   32.81%            x8_7 D 181590 181589    120
 181675 173258      501.5000     8      640.0000      430.0000  1754628   32.81%          x22_21 U 181675 181673     87
 181700 173283      522.8182    32      640.0000      430.0000  1754816   32.81%          x20_29 U 181700 181698    105
 181747 173326      461.0000    34      640.0000      430.0000  1755341   32.81%          x33_23 U 181747 181746     24
 181956 173533      521.0000    10      640.0000      430.0000  1756930   32.81%           x6_13 D 181956 181955    232
Elapsed time = 10558.50 sec. (15365526.67 ticks, tree = 2086.44 MB, solutions = 9)
Nodefile size = 39.29 MB (25.36 MB after compression)
 182084 173657      555.0000     8      640.0000      430.0000  1758144   32.81%           x30_8 D 182084 182083    178
 182250 173819      470.0000    10      640.0000      430.0000  1758794   32.81%           x6_14 D 182250 182249    175
 182333 173892      449.5000    18      640.0000      430.0000  1760899   32.81%          x25_11 N 182333  86514     40
 182391 173950      499.0000     8      640.0000      430.0000  1761862   32.81%          x24_16 U 182391 182388     86
 182436 173995      542.5000     8      640.0000      430.0000  1761996   32.81%           x13_7 U 182436 182434    126
 182520 174073      499.1667    20      640.0000      430.0000  1762792   32.81%          x22_18 D 182520 182519    115
 182626 174171    infeasible            640.0000      430.0000  1763621   32.81%           x9_18 U 182626 182624    117
 182753 174295    infeasible            640.0000      430.0000  1764445   32.81%           x9_12 U 182753 182752    185
 182810 174352      518.0000     8      640.0000      430.0000  1765838   32.81%           x6_32 U 182810 182808    127
 182903 174443      510.0000    12      640.0000      430.0000  1766519   32.81%          x30_10 U 182903 182900    210
Elapsed time = 10676.40 sec. (15527638.94 ticks, tree = 2098.38 MB, solutions = 9)
Nodefile size = 50.45 MB (32.85 MB after compression)
 183016 174544      466.7143    42      640.0000      430.0000  1768182   32.81%           x5_19 U 183016  81434     74
 183200 174724      451.0000    15      640.0000      430.0000  1769495   32.81%          x14_32 D 183200 183199     92
 183357 174875      469.0000    16      640.0000      430.0000  1770489   32.81%           x9_15 D 183357 183356     92
 183456 174970      471.0000    40      640.0000      430.0000  1771243   32.81%          x25_32 U 183456 183454     46
 183497 175011      489.0000    10      640.0000      430.0000  1771393   32.81%           x5_35 U 183497 183495     79
 183522 175036      512.5000    20      640.0000      430.0000  1771516   32.81%          x30_12 N 183522 183520     97
 183554 175064      466.1212    46      640.0000      430.0000  1772169   32.81%          x26_32 D 183554 183553     65
 183665 175169      482.3333    48      640.0000      430.0000  1773043   32.81%          x26_17 U 183665  81685     61
 183826 175322      516.0000    18      640.0000      430.0000  1774258   32.81%            x6_8 U 183826 183824    129
 183897 175387    infeasible            640.0000      430.0000  1774591   32.81%           x9_12 U 183897 183895    198
Elapsed time = 10784.64 sec. (15688253.42 ticks, tree = 2110.84 MB, solutions = 9)
Nodefile size = 63.01 MB (41.80 MB after compression)
 183953 175443      553.2500    28      640.0000      430.0000  1775444   32.81%          x10_27 D 183953 183952    135

Cover cuts applied:  1
Zero-half cuts applied:  2
User cuts applied:  105257

Root node processing (before b&c):
  Real time             =    0.19 sec. (149.46 ticks)
Sequential b&c:
  Real time             = 10799.86 sec. (15709701.33 ticks)
                          ------------
Total (root+branch&cut) = 10800.05 sec. (15709850.79 ticks)

