Version identifier: 22.1.0.0 | 2022-03-09 | 1a383f8ce
CPXPARAM_Preprocessing_Reduce                    1
CPXPARAM_Threads                                 1
CPXPARAM_Preprocessing_Reformulations            0
CPXPARAM_TimeLimit                               10800
CPXPARAM_MIP_Tolerances_AbsMIPGap                0.999
CPXPARAM_MIP_Limits_TreeMemory                   20000
Legacy callback                                  BbLUID
         Disabling repeat represolve because of lazy constraint/incumbent callback.
Tried aggregator 1 time.
MIP Presolve eliminated 14346 rows and 0 columns.
MIP Presolve modified 1241 coefficients.
Reduced MIP has 1543 rows, 6217 columns, and 27240 nonzeros.
Reduced MIP has 6217 binaries, 0 generals, 0 SOSs, and 0 indicators.
Presolve time = 0.01 sec. (28.81 ticks)
Probing time = 0.00 sec. (3.43 ticks)
Clique table members: 1543.
MIP emphasis: balance optimality and feasibility.
MIP search method: traditional branch-and-cut.
Parallel mode: none, using 1 thread.
Root relaxation solution time = 0.01 sec. (28.55 ticks)

        Nodes                                         Cuts/
   Node  Left     Objective  IInf  Best Integer    Best Bound    ItCnt     Gap         Variable B NodeID Parent  Depth

      0     0     1515.5000    84                   1496.0000     1499         
      0     0     1516.0000    35                    Cuts: 49     1554         
      0     0     1516.0000    96                    Cuts: 45     1705         
      0     0     1516.3333   159                     User: 7     1731         
      0     0     1516.5000   100                    Cuts: 19     1780         
      0     0     1516.5000    36                    Cuts: 15     1831         
      0     0     1516.5000    66                    Cuts: 30     1882         
      0     0     1516.5000    28                    User: 31     1930         
      0     0     1516.5000   101                    User: 46     2028         
      0     0     1516.5000    34                    User: 10     2035         
      0     0     1516.5000    34                    User: 46     2099         
      0     0     1516.5000    86                    User: 18     2166         
      0     0     1516.5000    45                    User: 25     2201         
      0     0     1516.5000    73                    User: 13     2227         
      0     0     1516.5000    61                    User: 13     2257         
      0     0     1516.5000    96                    User: 35     2417         
      0     0     1516.5000    74                    User: 10     2493         
      0     0     1516.5000    74                    User: 19     2604         
      0     0     1516.7000   143                    User: 14     2631         
      0     0     1516.7000    77                    User: 10     2646         
      0     0     1516.7000    96                     User: 3     2673         
      0     0     1516.7000    56                    User: 12     2681         
      0     0     1516.7000    84                     User: 8     2687         
      0     0     1516.7000    94                    User: 12     2729         
      0     0     1518.7000    74                     User: 9     2740         
      0     0     1518.7000    84                     User: 3     2765         
      0     0     1518.7000   105                     User: 5     2777         
      0     0     1518.7000    93                    User: 12     2794         
      0     0     1518.7000   107                    User: 11     2849         
      0     0     1518.7000    96                    User: 10     2886         
      0     0     1518.7000    79                     User: 7     2952         
      0     0     1518.7000    75                     User: 2     2952         
      0     0     1518.7000    73                     User: 3     2953         
      0     0     1518.7000    92                     User: 8     2982         
      0     0     1518.7000    83                    User: 18     3006         
      0     0     1518.7000    93                     User: 5     3052         
      0     0     1518.7000    90                     User: 2     3055         
      0     0     1518.7000    99                    User: 14     3073         
      0     0     1518.7000    72                    User: 10     3083         
      0     0     1518.7000    94                    User: 12     3111         
      0     0     1518.7000   104                    User: 16     3150         
      0     0     1518.7000    88                     User: 2     3150         
      0     0     1518.7000    99                    User: 14     3171         
      0     0     1518.7000   110                    User: 19     3221         
      0     0     1518.7000   115                     User: 6     3243         
      0     0     1518.7000    76                    User: 16     3251         
      0     0     1518.7000   104                     User: 4     3272         
      0     0     1518.7000    91                    User: 16     3309         
      0     0     1518.7000   103                     User: 6     3319         
      0     0     1518.7000    90                    User: 16     3375         
      0     0     1518.7000   106                    User: 11     3436         
      0     0     1518.7000    77                     User: 4     3450         
      0     0     1518.7000    96                     User: 3     3479         
      0     0     1518.7000    98                     User: 3     3490         
      0     0     1518.7000   103                     User: 2     3503         
      0     0     1518.7000    91                    User: 10     3517         
      0     0     1518.7000    88                     User: 7     3540         
      0     0     1518.7000    91                    User: 10     3560         
      0     0     1518.7000   100                    User: 11     3617         
      0     0     1518.7000   122                    User: 16     3670         
      0     0     1518.7000    86                    User: 15     3728         
      0     0     1518.7000   126                    User: 19     3784         
      0     0     1518.7000    67                     User: 9     3784         
      0     0     1518.7000    97                     User: 7     3790         
      0     0     1518.7000    71                     User: 2     3794         
      0     0     1518.7000    89                    User: 26     3840         
      0     0     1518.7000   100                     User: 9     3901         
      0     0     1518.7000   131                    User: 51     4099         
      0     0     1518.7000   127                     User: 8     4123         
      0     0     1518.7000    80                     User: 4     4146         
      0     0     1518.7000   142                    User: 42     4422         
      0     0     1518.7000   117                    User: 19     4453         
      0     0     1518.7000   108                     User: 6     4503         
      0     0     1518.7000    94                     User: 3     4505         
      0     0     1518.7000    85                     User: 3     4505         
      0     0     1518.7000    87                     User: 2     4510         
      0     0     1518.7000    97                    User: 13     4546         
      0     0     1518.7000    76                    User: 22     4577         
      0     0     1518.7000   120                     User: 8     4616         
      0     0     1518.7000   110                    User: 17     4666         
      0     0     1518.7000    93                     User: 9     4702         
      0     0     1518.7000    73                     User: 8     4702         
      0     0     1518.7000   101                    User: 15     4773         
      0     0     1518.7000    92                    User: 15     4775         
      0     0     1518.7000    90                    User: 39     4837         
      0     0     1518.7000    73                     User: 8     4837         
      0     0     1518.7000   109                    User: 28     4917         
      0     0     1518.7000   111                     User: 2     4918         
      0     0     1518.7000    78                    User: 13     4926         
      0     0     1518.7000   109                    User: 12     4989         
      0     0     1518.7000    86                     User: 2     4992         
      0     0     1518.7000   110                    User: 20     5045         
      0     0     1518.7000    87                     User: 2     5056         
      0     0     1518.7000    87                    User: 45     5113         
      0     0     1518.7000   135                    User: 29     5151         
      0     0     1518.7000   121                    User: 21     5256         
      0     0     1518.7000   114                    User: 16     5309         
      0     0     1518.7000   105                    User: 15     5313         
      0     0     1518.7000   124                     User: 8     5410         
      0     0     1518.7000   112                     User: 3     5415         
      0     0     1518.7000   166                    User: 25     5528         
      0     0     1518.7000   110                     User: 2     5532         
      0     0     1518.7000   115                     User: 8     5575         
      0     0     1518.7000   115                     User: 8     5606         
      0     0     1518.7000   152                     User: 7     5705         
      0     0     1518.7000   113                     User: 2     5705         
      0     0     1518.7000   157                    User: 17     5785         
      0     0     1518.7000    84                    User: 19     5785         
      0     0     1518.7000   104                    User: 14     5819         
      0     0     1518.7000   105                     User: 5     5836         
      0     0     1518.7000   142                     User: 9     5891         
      0     0     1518.7000   106                    User: 22     5891         
      0     0     1518.7000   106                    User: 21     5918         
      0     0     1518.7000    87                    User: 16     5918         
      0     0     1518.7000   176                     User: 8     6032         
      0     0     1518.7000    78                    User: 12     6043         
      0     0     1518.7000   100                    User: 26     6136         
      0     0     1518.7000   142                    User: 25     6179         
      0     0     1518.7000   140                    User: 21     6186         
      0     0     1518.7000   106                    User: 17     6250         
      0     0     1518.7000    87                    User: 10     6251         
      0     0     1518.7000   101                    User: 14     6275         
      0     0     1518.7000   110                    User: 12     6293         
      0     0     1518.7000    87                    User: 19     6293         
      0     0     1518.7000   147                    User: 11     6401         
      0     0     1518.7000   133                    User: 28     6477         
      0     0     1518.7000   109                     User: 9     6489         
      0     0     1518.7000   123                    User: 20     6530         
      0     0     1518.7000    92                     User: 9     6550         
      0     0     1518.7000   124                    User: 19     6627         
      0     0     1518.7000    91                     User: 2     6627         
      0     0     1518.7000    95                     User: 2     6640         
      0     0     1518.7000    88                    User: 17     6696         
      0     0     1518.7000   179                    User: 20     6820         
      0     0     1518.7000    96                     User: 3     6822         
      0     0     1518.7000    96                     User: 7     6836         
      0     0     1518.7000   152                     User: 9     6889         
      0     0     1518.7000   120                     User: 7     6899         
      0     0     1518.7000   137                     User: 5     6915         
      0     0     1518.7000   134                     User: 3     6946         
      0     0     1518.7000   110                    User: 14     7041         
      0     0     1518.7500   120                    User: 14     7093         
      0     0     1518.7500   129                    User: 23     7135         
      0     0     1518.7500   101                    User: 13     7160         
      0     0     1518.7500    81                    User: 10     7160         
      0     0     1518.7500   152                    User: 13     7257         
      0     0     1518.7500    90                    User: 10     7268         
      0     0     1518.7500   109                    User: 12     7311         
      0     0     1518.7500   121                     User: 7     7328         
      0     0     1518.7500   127                     User: 4     7394         
      0     0     1518.7500   129                     User: 4     7408         
      0     0     1518.7500   139                    User: 11     7482         
      0     0     1518.7500   105                     User: 8     7486         
      0     0     1518.7500   137                    User: 31     7589         
      0     0     1518.7500   103                     User: 7     7648         
      0     0     1518.7500   100                    User: 15     7658         
      0     0     1518.7500    98                     User: 9     7659         
      0     0     1518.7500   170                    User: 25     7781         
      0     0     1518.7500   143                     User: 2     7784         
      0     0     1518.7500   113                     User: 8     7784         
      0     0     1518.7500   118                    User: 10     7814         
      0     0     1518.7500   128                    User: 12     7841         
      0     0     1518.7500   120                     User: 4     7880         
      0     0     1518.7500   101                     User: 5     7895         
      0     0     1518.7500   133                    User: 11     7951         
      0     0     1518.7500   126                     User: 9     8001         
      0     0     1518.7500   134                     User: 8     8080         
      0     0     1518.7500   106                    User: 18     8118         
      0     0     1518.7500   105                     User: 5     8120         
      0     0     1518.7500   109                     User: 4     8144         
      0     0     1518.7500   138                    User: 15     8177         
      0     0     1518.7500   112                    User: 15     8177         
      0     0     1518.7500   112                     User: 9     8192         
      0     0     1518.7500   138                     User: 4     8279         
      0     0     1518.7500   117                     User: 9     8279         
      0     0     1518.7500   116                    User: 10     8325         
      0     0     1518.7500   115                    User: 17     8345         
      0     0     1518.7500    84                    User: 10     8374         
      0     0     1518.7500    84                    User: 43     8385         
      0     0     1518.7500    84                     User: 5     8387         
      0     0     1518.7500   107                    User: 10     8410         
      0     0     1518.7500   167                    User: 13     8430         
      0     0     1518.7500   135                     User: 6     8439         
      0     0     1518.7500   132                    User: 16     8490         
      0     0     1518.7500   122                    User: 16     8563         
      0     0     1518.7500   143                     User: 9     8623         
      0     0     1518.7500    98                     User: 7     8623         
      0     0     1518.7500   115                    User: 13     8651         
      0     0     1518.7500   109                     User: 7     8661         
      0     0     1518.7500   132                    User: 20     8724         
      0     0     1518.7500   100                     User: 8     8725         
      0     0     1518.7500   101                     User: 9     8778         
      0     0     1518.7500   109                    User: 23     8816         
      0     0     1518.7500   143                    User: 27     8896         
      0     0     1518.7500   121                     User: 8     8993         
      0     0     1518.7500   135                    User: 12     9001         
      0     0     1518.7500   129                    User: 10     9061         
      0     0     1518.7500   133                    User: 13     9105         
      0     0     1518.7500   131                     User: 8     9146         
      0     0     1518.7500   101                    User: 12     9146         
      0     0     1518.7500   113                     User: 5     9153         
      0     0     1518.7500   131                    User: 10     9235         
      0     0     1518.7500   109                     User: 6     9235         
      0     0     1518.7500   118                    User: 17     9257         
      0     0     1518.7500   135                    User: 16     9377         
      0     0     1522.7500   128                     User: 8     9503         
      0     0     1522.7500   138                     User: 5     9531         
      0     0     1522.7500   142                     User: 6     9622         
      0     0     1522.7500   105                    User: 26     9678         
      0     0     1522.7500   113                    User: 11     9768         
      0     0     1522.7500   154                    User: 26     9832         
      0     0     1522.7500   120                    User: 15     9866         
      0     0     1522.7500   112                     User: 8     9884         
      0     0     1522.7500   102                     User: 9     9885         
      0     0     1522.7500   124                     User: 6     9918         
      0     0     1522.7500   133                    User: 12     9942         
      0     0     1522.7500   113                     User: 3     9994         
      0     0     1522.7500   161                    User: 25    10052         
      0     0     1522.7500   135                    User: 27    10110         
      0     0     1522.7500   109                    User: 10    10139         
      0     0     1522.7500   128                    User: 14    10147         
      0     0     1522.7500   119                    User: 25    10155         
      0     0     1522.7500   126                     User: 4    10253         
      0     0     1522.7500   105                     User: 8    10265         
      0     0     1522.7500   143                     User: 8    10344         
      0     0     1522.7500   147                     User: 6    10391         
      0     0     1522.7500    93                    User: 17    10391         
      0     0     1522.7500   115                    User: 24    10443         
      0     0     1522.7500    88                     User: 9    10466         
      0     0     1522.7500   148                    User: 10    10619         
      0     0     1522.7500   100                     User: 2    10619         
      0     0     1522.7500   106                     User: 4    10632         
      0     0     1522.7500   126                    User: 12    10695         
      0     0     1522.7500   131                     User: 7    10768         
      0     0     1522.7500    97                     User: 9    10778         
      0     0     1522.7500   101                    User: 12    10793         
      0     0     1522.7500   119                     User: 7    10822         
      0     0     1522.7500   143                    User: 11    10862         
      0     0     1522.7500   135                     User: 5    10876         
      0     0     1522.7500   132                    User: 17    10961         
      0     0     1522.7500   157                    User: 33    10988         
      0     0     1522.7500   101                    User: 14    11031         
      0     0     1522.7500   145                    User: 22    11083         
      0     0     1522.7500   140                    User: 14    11084         
      0     0     1522.7500   119                    User: 19    11085         
      0     0     1522.7500   162                     User: 9    11144         
      0     0     1522.7500   110                    User: 17    11144         
      0     0     1522.7500   145                     User: 5    11161         
      0     0     1522.7500   165                     User: 2    11203         
      0     0     1522.7500    97                    User: 15    11203         
      0     0     1522.7500   100                     User: 3    11227         
      0     0     1522.7500   106                     User: 2    11241         
      0     0     1522.7500   107                    User: 13    11294         
      0     0     1522.7500   144                    User: 17    11321         
      0     0     1522.7500   120                     User: 3    11333         
      0     0     1522.7500   137                     User: 7    11380         
      0     0     1522.7500   152                    User: 17    11413         
      0     0     1522.7500   141                     User: 4    11415         
      0     0     1522.7500   137                     User: 4    11426         
      0     0     1522.7500   145                    User: 21    11440         
      0     0     1522.7500   120                     User: 7    11440         
      0     0     1522.7500   128                    User: 13    11443         
      0     0     1522.7500   135                    User: 13    11450         
      0     0     1522.7500   104                     User: 7    11463         
      0     0     1522.7500   130                    User: 19    11490         
      0     0     1522.7500   119                     User: 7    11504         
      0     0     1522.7500   118                    User: 11    11514         
      0     0     1522.7500    95                    User: 16    11528         
      0     0     1522.7500   138                     User: 9    11559         
      0     0     1522.7500   101                     User: 8    11559         
      0     0     1522.7500   121                     User: 6    11587         
      0     0     1522.7500   112                    User: 21    11603         
      0     0     1522.7500   116                     User: 5    11623         
      0     0     1522.7500   146                    User: 11    11651         
      0     0     1522.7500   137                     User: 3    11661         
      0     0     1522.7500   124                     User: 4    11673         
      0     0     1522.7500   131                     User: 5    11698         
      0     0     1522.7500   135                    User: 28    11742         
      0     0     1522.7500   131                     User: 8    11775         
      0     0     1522.7500   102                     User: 7    11780         
      0     0     1522.7500   128                     User: 3    11787         
      0     0     1522.7500   125                     User: 9    11794         
      0     0     1522.7500   161                    User: 17    11851         
      0     0     1522.7500   140                    User: 19    11877         
      0     0     1522.7500   147                     User: 3    11923         
      0     0     1522.7500   113                    User: 25    11923         
      0     0     1522.7500   164                    User: 19    12006         
      0     0     1522.7500   122                     User: 3    12006         
      0     0     1522.7500   135                    User: 12    12043         
      0     0     1522.7500   129                     User: 5    12047         
      0     0     1522.7500   147                    User: 15    12148         
      0     0     1522.7500   183                     User: 5    12208         
      0     0     1522.7500   148                    User: 11    12220         
      0     0     1522.7500   148                    User: 12    12245         
      0     0     1522.7500   165                     User: 3    12261         
      0     0     1522.7500   132                     User: 6    12272         
      0     0     1522.7500   140                     User: 9    12314         
      0     0     1522.7500   160                    User: 21    12354         
      0     0     1522.7500   133                     User: 5    12354         
      0     0     1522.7500   143                     User: 4    12372         
      0     0     1522.7500   128                    User: 18    12388         
      0     0     1522.7500   140                     User: 6    12458         
      0     0     1522.7500   114                    User: 11    12458         
      0     0     1522.7500   129                     User: 5    12507         
      0     0     1522.7500   113                     User: 7    12518         
      0     0     1522.7500   131                     User: 5    12558         
      0     0     1522.7500   131                     User: 6    12622         
      0     0     1522.7500   122                    User: 16    12646         
      0     0     1522.7500   157                     User: 3    12703         
      0     0     1522.7500   111                    User: 15    12723         
      0     0     1522.7500   118                    User: 11    12728         
      0     0     1522.7500   120                    User: 16    12737         
      0     0     1522.7500    90                     User: 3    12737         
      0     0     1522.7500    92                     User: 6    12740         
      0     0     1522.7500   114                     User: 4    12760         
      0     0     1522.7500   133                    User: 12    12781         
      0     0     1522.7500   131                     User: 3    12818         
      0     0     1522.7500   108                    User: 18    12830         
      0     0     1522.7500   102                     User: 3    12838         
      0     0     1522.7500   137                    User: 20    12862         
      0     0     1522.7500   119                    User: 14    12863         
      0     0     1522.7500   129                    User: 15    12884         
      0     0     1522.7500   171                     User: 6    12910         
      0     0     1522.7500   157                     User: 7    12954         
      0     0     1522.7500   138                     User: 6    12958         
      0     0     1522.7500   139                     User: 3    12977         
      0     0     1522.7500   121                    User: 20    12984         
      0     0     1522.7500   155                    User: 10    13007         
      0     0     1522.7500   134                    User: 15    13044         
      0     0     1522.7500   104                    User: 12    13046         
      0     0     1522.7500   142                    User: 18    13145         
      0     0     1522.7500   122                    User: 12    13200         
      0     0     1522.7500   114                     User: 8    13208         
      0     0     1522.7500   107                     User: 9    13230         
      0     0     1522.7500   129                     User: 7    13236         
      0     0     1522.7500   155                     User: 8    13273         
      0     0     1522.7500   125                     User: 3    13273         
      0     0     1522.7500   147                     User: 8    13332         
      0     0     1522.7500   124                     User: 4    13385         
      0     0     1522.7500   159                    User: 20    13437         
      0     0     1522.7500   111                     User: 2    13437         
      0     0     1522.7500   122                     User: 9    13503         
      0     0     1522.7500   143                     User: 6    13506         
      0     0     1522.7500   144                     User: 4    13528         
      0     0     1522.7500   127                    User: 21    13539         
      0     0     1522.7500   140                    User: 16    13624         
      0     0     1522.7500   130                    User: 20    13651         
      0     0     1522.7500   118                     User: 5    13701         
      0     0     1522.7500   135                     User: 6    13711         
      0     0     1522.7500   106                     User: 7    13713         
      0     0     1522.7500   127                     User: 5    13801         
      0     0     1522.7500   109                     User: 6    13812         
      0     0     1522.7500   119                     User: 7    13848         
      0     0     1522.7500   151                     User: 6    13855         
      0     0     1522.7500   126                     User: 1    13905         
      0     0     1522.7500   138                     User: 8    13943         
      0     0     1522.7500   102                    User: 23    13976         
      0     0     1522.7500   102                    User: 37    14070         
      0     0     1522.7500    83                     User: 5    14075         
      0     0     1522.7500   133                     User: 4    14124         
      0     0     1522.7500   112                     User: 2    14125         
      0     0     1522.7500    98                     User: 7    14126         
      0     0     1522.7500   102                    User: 14    14164         
      0     0     1522.7500   115                     User: 3    14166         
      0     0     1522.7500   120                    User: 20    14196         
      0     0     1522.7500   126                     User: 9    14222         
      0     0     1522.7500   109                     User: 5    14222         
      0     0     1522.7500   138                    User: 18    14296         
      0     0     1522.7500    93                    User: 19    14302         
      0     0     1522.7500   105                    User: 15    14310         
      0     0     1522.7500    97                     User: 4    14311         
      0     0     1522.7500   101                     User: 6    14320         
      0     0     1522.7500    99                    User: 16    14320         
      0     0     1522.7500   107                    User: 21    14324         
      0     0     1522.7500   139                     User: 7    14400         
      0     0     1522.7500   137                     User: 4    14405         
      0     0     1522.7500   117                    User: 12    14407         
      0     0     1522.7500   115                    User: 21    14429         
      0     0     1522.7500   113                     User: 3    14448         
      0     0     1522.7500   157                     User: 3    14467         
      0     0     1522.7500   144                    User: 10    14496         
      0     0     1522.7500   124                    User: 23    14502         
      0     0     1522.7500   123                     User: 9    14563         
      0     0     1522.7500   145                    User: 14    14584         
      0     0     1522.7500   124                    User: 10    14652         
      0     0     1522.7500   115                     User: 6    14673         
      0     0     1522.7500   135                    User: 18    14708         
      0     0     1522.7500   151                     User: 4    14766         
      0     0     1522.7500   136                     User: 9    14792         
      0     0     1522.7500   136                     User: 8    14794         
      0     0     1522.7500   158                    User: 29    14820         
      0     0     1522.7500   125                     User: 7    14829         
      0     0     1522.7500   168                    User: 22    14871         
      0     0     1522.7500   147                     User: 9    14900         
      0     0     1522.7500   128                     User: 8    14900         
      0     0     1522.7500   135                    User: 12    14933         
      0     0     1522.7500   163                     User: 7    14977         
      0     0     1522.7500   122                     User: 1    14977         
      0     0     1522.7500   133                     User: 3    14992         
      0     0     1522.7500   130                    User: 18    15020         
      0     0     1522.7500   163                    User: 21    15088         
      0     0     1522.7500   116                     User: 5    15088         
      0     0     1522.7500   116                     User: 2    15092         
      0     0     1522.7500   109                    User: 21    15111         
      0     0     1522.7500    97                    User: 10    15127         
      0     0     1522.7500   139                    User: 15    15173         
      0     0     1522.7500   132                     User: 5    15222         
      0     0     1522.7500   148                    User: 12    15243         
      0     0     1522.7500   112                     User: 2    15243         
      0     0     1522.7500   153                    User: 33    15287         
      0     0     1522.7500    95                     User: 7    15288         
      0     0     1522.7500   139                    User: 16    15319         
      0     0     1522.7500   109                     User: 2    15319         
      0     0     1522.7500   124                    User: 18    15326         
      0     0     1522.7500   148                    User: 15    15382         
      0     0     1522.7500   148                    User: 13    15479         
      0     0     1522.7500   116                     User: 8    15489         
      0     0     1522.7500   133                     User: 5    15498         
      0     0     1522.7500   120                    User: 26    15553         
      0     0     1522.7500   140                    User: 10    15566         
      0     0     1522.7500   106                     User: 6    15582         
      0     0     1522.7500   118                    User: 26    15611         
      0     0     1522.7500   110                     User: 5    15624         
      0     0     1522.7500    98                    User: 19    15625         
      0     0     1522.7500   153                    User: 28    15686         
      0     0     1522.7500   138                     User: 1    15686         
      0     0     1522.7500   156                    User: 13    15767         
      0     0     1522.7500   157                    User: 12    15828         
      0     0     1522.7500   130                    User: 10    15828         
      0     0     1522.7500   144                    User: 12    15855         
      0     0     1522.7500   131                     User: 2    15871         
      0     0     1522.7500   151                    User: 15    15879         
      0     0     1522.7500   136                    User: 14    15893         
      0     0     1522.7500   149                     User: 7    15922         
      0     0     1522.7500   145                    User: 25    15972         
      0     0     1522.7500   129                     User: 4    15975         
      0     0     1522.7500   148                    User: 29    15992         
      0     0     1522.7500   138                    User: 14    15992         
      0     0     1522.7500   144                     User: 3    15995         
      0     0     1522.7500   133                     User: 5    15995         
      0     0     1522.7500   122                     User: 2    16010         
      0     0     1522.7500   126                    User: 30    16034         
      0     0     1522.7500   115                     User: 4    16055         
      0     0     1522.7500   138                     User: 9    16087         
      0     0     1522.7500   161                     User: 5    16177         
      0     0     1522.7500   150                    User: 28    16177         
      0     0     1522.7500   159                    User: 18    16191         
      0     0     1522.7500   151                    User: 25    16218         
      0     0     1522.7500   144                     User: 9    16236         
      0     0     1522.7500   127                    User: 18    16287         
      0     0     1522.7500   160                    User: 20    16368         
      0     0     1522.7500   112                    User: 13    16436         
      0     0     1522.7500   169                     User: 6    16485         
      0     0     1522.7500   130                     User: 7    16498         
      0     0     1522.7500   118                    User: 10    16528         
      0     0     1522.7500   123                    User: 14    16593         
      0     0     1522.7500    98                     User: 6    16593         
      0     0     1522.7500   128                    User: 20    16645         
      0     0     1522.7500   129                    User: 30    16695         
      0     0     1522.7500   112                     User: 7    16708         
      0     0     1522.7500   138                    User: 37    16781         
      0     0     1522.7500   131                     User: 7    16788         
      0     0     1522.7500   138                    User: 17    16838         
      0     0     1522.7500   163                     User: 8    16933         
      0     0     1522.7500   110                     User: 5    16933         
      0     0     1522.7500   158                    User: 14    17035         
      0     0     1522.7500   140                     User: 4    17038         
      0     0     1522.7500   121                    User: 22    17039         
      0     0     1522.7500   135                    User: 20    17075         
      0     0     1522.7500   141                    User: 17    17139         
      0     0     1522.7500   108                     User: 6    17143         
      0     0     1522.7500   103                    User: 11    17145         
      0     0     1522.7500   154                    User: 30    17198         
      0     0     1522.7500   112                     User: 6    17198         
      0     0     1522.7500   164                    User: 22    17273         
      0     0     1522.7500   140                     User: 4    17294         
      0     0     1522.7500   114                     User: 3    17295         
      0     0     1522.7500   130                    User: 10    17302         
      0     0     1522.7500   128                     User: 1    17302         
      0     0     1522.7500   159                     User: 7    17349         
      0     0     1522.7500   128                    User: 21    17368         
      0     0     1522.7500   180                     User: 6    17425         
      0     0     1522.7500   178                    User: 13    17485         
      0     0     1522.7500   169                    User: 11    17505         
      0     0     1522.7500   146                     User: 4    17539         
      0     0     1522.7500   168                     User: 9    17612         
      0     0     1522.7500   150                     User: 5    17620         
      0     0     1522.7500   132                    User: 16    17674         
      0     0     1522.7500   181                    User: 24    17772         
      0     0     1522.7500   133                     User: 5    17772         
      0     0     1522.7500   153                     User: 6    17818         
      0     0     1522.7500   145                     User: 7    17818         
      0     0     1522.7500   150                    User: 10    17846         
      0     0     1522.7500   132                     User: 8    17876         
      0     0     1522.7500   138                    User: 10    17936         
      0     0     1522.7500   129                    User: 17    17945         
      0     0     1522.7500   148                    User: 10    18011         
      0     0     1522.7500   115                    User: 17    18015         
      0     0     1522.7500   119                    User: 17    18171         
      0     0     1522.7500   161                     User: 6    18202         
      0     0     1522.7500   121                    User: 10    18202         
      0     0     1522.7500   148                    User: 31    18238         
      0     0     1522.7500   118                     User: 4    18261         
      0     0     1522.7500   125                     User: 7    18299         
      0     0     1522.7500   166                     User: 4    18379         
      0     0     1522.7500   145                     User: 5    18401         
      0     0     1522.7500   162                     User: 6    18503         
      0     0     1522.7500   133                     User: 7    18503         
      0     0     1522.7500   142                    User: 17    18524         
      0     0     1522.7500   142                     User: 4    18565         
      0     0     1522.7500   160                    User: 20    18632         
      0     0     1522.7500   133                     User: 3    18665         
      0     0     1522.7500   119                    User: 18    18670         
      0     0     1522.7500   139                     User: 6    18745         
      0     0     1522.7500   125                     User: 5    18765         
      0     0     1522.7500   180                    User: 21    18852         
      0     0     1522.7500   130                     User: 5    18856         
      0     0     1522.7500   142                     User: 4    18894         
      0     0     1522.7500   126                     User: 3    18899         
      0     0     1522.7500   163                    User: 17    18931         
      0     0     1522.7500   115                    User: 22    18931         
      0     0     1522.7500   164                     User: 5    18977         
      0     0     1522.7500   129                     User: 3    18977         
      0     0     1522.7500   147                     User: 2    18998         
      0     0     1522.7500   146                     User: 4    19065         
      0     0     1522.7500    95                    User: 12    19066         
      0     0     1522.7500   120                    User: 19    19123         
      0     0     1522.7500   111                    User: 14    19153         
      0     0     1522.7500   153                     User: 5    19216         
      0     0     1522.7500   159                    User: 11    19269         
      0     0     1522.7500   117                     User: 4    19276         
      0     0     1522.7500   127                    User: 13    19294         
      0     0     1522.7500   147                     User: 6    19362         
      0     0     1522.7500   157                     User: 6    19376         
      0     0     1522.7500   143                     User: 1    19392         
      0     0     1522.7500   160                    User: 21    19443         
      0     0     1522.7500   142                     User: 8    19470         
      0     0     1522.7500   162                     User: 3    19528         
      0     0     1522.7500   158                    User: 12    19608         
      0     0     1522.7500   133                    User: 21    19624         
      0     0     1522.7500   170                    User: 20    19681         
      0     0     1522.7500   177                    User: 12    19735         
      0     0     1522.7500   163                    User: 19    19790         
      0     0     1522.7500   140                    User: 14    19790         
      0     0     1522.7500   140                     User: 2    19792         
      0     0     1522.7500   166                    User: 10    19879         
      0     0     1522.7500   148                    User: 19    19931         
      0     0     1522.7500   147                     User: 4    19931         
      0     0     1522.7500   149                    User: 29    19961         
      0     0     1522.7500   134                    User: 28    19985         
      0     0     1522.7500   170                    User: 11    20055         
      0     0     1522.7500   137                     User: 2    20055         
      0     0     1522.7500   145                     User: 6    20068         
      0     0     1522.7500   159                    User: 25    20096         
      0     0     1522.7500   130                     User: 7    20096         
      0     0     1522.7500   164                    User: 20    20158         
      0     0     1522.7500   158                    User: 13    20196         
      0     0     1522.7500   104                     User: 3    20196         
      0     0     1522.7500   157                    User: 14    20252         
      0     0     1522.7500   105                     User: 2    20252         
      0     0     1522.7500   105                     User: 4    20253         
      0     0     1522.7500   164                     User: 8    20319         
      0     0     1522.7500   149                     User: 3    20338         
      0     0     1522.7500   178                     User: 4    20374         
      0     0     1522.7500   156                     User: 6    20374         
      0     0     1522.7500   165                     User: 8    20382         
      0     0     1522.7500   152                     User: 3    20386         
      0     0     1522.7500   105                    User: 10    20386         
      0     0     1522.7500   122                     User: 7    20400         
      0     0     1522.7500   120                     User: 8    20403         
      0     0     1522.7500   161                     User: 2    20469         
      0     0     1522.7500   130                     User: 1    20498         
      0     0     1522.7500   147                    User: 13    20521         
      0     0     1522.7500   148                     User: 5    20576         
      0     0     1522.7500   113                    User: 20    20606         
      0     0     1522.7500   148                    User: 38    20684         
      0     0     1522.7500   168                     User: 5    20748         
      0     0     1522.7500   111                     User: 2    20748         
      0     0     1522.7500   111                     User: 3    20753         
      0     0     1522.7500   136                    User: 12    20780         
      0     0     1522.7500   135                    User: 23    20911         
      0     0     1522.7500   106                     User: 7    20911         
      0     0     1522.7500   106                    User: 14    20912         
      0     0     1522.7500   165                     User: 5    20960         
      0     0     1522.7500   163                     User: 6    21015         
      0     0     1522.7500   145                     User: 7    21041         
      0     0     1522.7500   135                     User: 5    21064         
      0     0     1522.7500   122                    User: 15    21084         
      0     0     1522.7500   105                     User: 5    21084         
      0     0     1522.7500   105                     User: 2    21088         
      0     0     1522.7500   103                     User: 3    21124         
      0     0     1522.7500   132                    User: 19    21157         
      0     0     1522.7500   134                     User: 8    21175         
      0     0     1522.7500   157                    User: 10    21234         
      0     0     1522.7500   111                     User: 1    21234         
      0     0     1522.7500   148                    User: 10    21289         
      0     0     1522.7500   147                     User: 9    21395         
      0     0     1522.7500   134                     User: 7    21462         
      0     0     1522.7500   141                    User: 11    21479         
      0     0     1522.7500   180                    User: 10    21591         
      0     0     1522.7500   195                     User: 3    21660         
      0     0     1522.7500   131                     User: 8    21675         
      0     0     1522.7500   164                    User: 24    21728         
      0     0     1522.7500   131                     User: 1    21728         
      0     0     1522.7500   187                    User: 19    21776         
      0     0     1522.7500   146                     User: 8    21776         
      0     0     1522.7500   164                    User: 21    21809         
      0     0     1522.7500   152                     User: 4    21811         
      0     0     1522.7500   157                     User: 8    21894         
      0     0     1522.7500   136                     User: 3    21897         
      0     0     1522.7500   188                     User: 6    21951         
      0     0     1522.7500   109                     User: 7    21951         
      0     0     1522.7500   123                    User: 15    21999         
      0     0     1522.7500   161                    User: 14    22017         
      0     0     1522.7500   107                    User: 16    22017         
      0     0     1522.7500   155                     User: 6    22080         
      0     0     1522.7500   137                    User: 17    22080         
      0     0     1522.7500   155                    User: 10    22095         
      0     0     1522.7500   135                     User: 1    22095         
      0     0     1522.7500   151                     User: 3    22110         
      0     0     1522.7500   122                    User: 24    22110         
      0     0     1522.7500   124                    User: 10    22113         
      0     0     1522.7500   128                     User: 7    22150         
      0     0     1522.7500   142                     User: 7    22206         
      0     0     1522.7500   114                     User: 3    22209         
      0     0     1522.7500   128                     User: 5    22287         
      0     0     1522.7500   183                    User: 22    22400         
      0     0     1522.7500   133                    User: 10    22400         
      0     0     1522.7500   179                     User: 8    22435         
      0     0     1522.7500   123                     User: 5    22449         
      0     0     1522.7500   144                     User: 3    22459         
      0     0     1522.7500   197                     User: 8    22556         
      0     0     1522.7500   127                     User: 2    22556         
      0     0     1522.7500   141                    User: 12    22590         
      0     0     1522.7500   117                     User: 5    22609         
      0     0     1522.7500   133                     User: 9    22615         
      0     0     1522.7500   164                    User: 16    22684         
      0     0     1522.7500   149                    User: 25    22685         
      0     0     1522.7500   104                    User: 20    22697         
      0     0     1522.7500   131                     User: 9    22719         
      0     0     1522.7500   115                     User: 3    22719         
      0     0     1522.7500   140                    User: 10    22762         
      0     0     1522.7500    97                    User: 13    22783         
      0     0     1522.7500   119                     User: 5    22799         
      0     0     1522.7500   108                    User: 27    22837         
      0     0     1522.7500   137                     User: 3    22864         
      0     0     1522.7500   101                    User: 13    22864         
      0     0     1522.7500   141                    User: 15    22955         
      0     0     1522.7500   116                     User: 4    22955         
      0     0     1522.7500   121                    User: 17    22973         
      0     0     1522.7500   140                     User: 3    23003         
      0     0     1522.7500   162                     User: 5    23020         
      0     0     1522.7500    96                     User: 5    23021         
      0     0     1522.7500   118                    User: 15    23083         
      0     0     1522.7500   167                     User: 7    23126         
      0     0     1522.7500   168                    User: 11    23214         
      0     0     1522.7500   124                     User: 3    23214         
      0     0     1522.7500   134                    User: 11    23229         
      0     0     1522.7500   180                     User: 6    23326         
      0     0     1522.7500   125                     User: 2    23326         
      0     0     1522.7500   181                    User: 17    23438         
      0     0     1522.7500   194                     User: 4    23491         
      0     0     1522.7500   139                    User: 15    23525         
      0     0     1522.7500   123                     User: 2    23525         
      0     0     1522.7500   179                     User: 5    23598         
      0     0     1522.7500   121                     User: 6    23641         
      0     0     1522.7500   117                     User: 6    23641         
      0     0     1522.7500    96                     User: 7    23682         
      0     0     1522.7500   131                     User: 6    23745         
      0     0     1522.7500   156                    User: 16    23754         
      0     0     1522.7500   178                     User: 8    23768         
      0     0     1522.7500   160                     User: 6    23774         
      0     0     1522.7500   145                    User: 24    23774         
      0     0     1522.7500   178                     User: 5    23856         
      0     0     1522.7500   134                     User: 9    23856         
      0     0     1522.7500   160                     User: 7    23955         
      0     0     1522.7500   119                    User: 11    23955         
      0     0     1522.7500   170                     User: 5    24035         
      0     0     1522.7500   176                     User: 7    24117         
      0     0     1522.7500   143                    User: 15    24167         
      0     0     1522.7500   147                     User: 3    24231         
      0     0     1522.7500   134                    User: 22    24251         
      0     0     1522.7500   165                    User: 18    24265         
      0     0     1522.7500   153                     User: 2    24271         
      0     0     1522.7500   104                    User: 31    24271         
      0     0     1522.7500   122                     User: 6    24328         
      0     0     1522.7500   121                     User: 4    24329         
      0     0     1522.7500   173                    User: 17    24417         
      0     0     1522.7500   168                    User: 10    24493         
      0     0     1522.7500   128                    User: 18    24527         
      0     0     1522.7500   188                    User: 25    24643         
      0     0     1522.7500   138                    User: 38    24674         
      0     0     1522.7500   159                    User: 29    24718         
      0     0     1522.7500   148                     User: 4    24773         
      0     0     1522.7500   131                    User: 21    24778         
      0     0     1522.7500   131                     User: 9    24783         
      0     0     1522.7500   131                     User: 3    24784         
      0     0     1522.7500   139                     User: 4    24785         
      0     0     1522.7500   143                     User: 2    24786         
      0     0     1522.7500   135                     User: 3    24798         
      0     0     1522.7500   152                     User: 6    24807         
      0     0     1522.7500   160                     User: 1    24830         
      0     0     1522.7500   154                    User: 18    24841         
      0     0     1522.7500   117                     User: 6    24932         
      0     0     1522.7500   155                    User: 22    24960         
      0     0     1522.7500   125                     User: 2    24960         
      0     0     1522.7500   124                    User: 18    24967         
      0     0     1522.7500   132                    User: 19    25050         
      0     0     1522.7500   188                    User: 12    25164         
      0     0     1522.7500   138                    User: 11    25236         
      0     0     1522.7500   135                     User: 4    25237         
      0     0     1522.7500   115                    User: 30    25304         
      0     0     1522.7500   129                     User: 5    25329         
      0     0     1522.7500   113                    User: 11    25384         
      0     0     1522.7500   175                     User: 9    25499         
      0     0     1522.7500   122                    User: 11    25499         
      0     0     1522.7500   127                     User: 5    25514         
      0     0     1522.7500   135                    User: 10    25560         
      0     0     1522.7500   149                     User: 4    25594         
      0     0     1522.7500   114                    User: 13    25595         
      0     0     1522.7500   162                    User: 19    25694         
      0     0     1522.7500   141                     User: 4    25694         
      0     0     1522.7500   158                     User: 7    25814         
      0     0     1522.7500   116                     User: 1    25823         
      0     0     1522.7500   163                     User: 1    25871         
      0     0     1522.7500   187                     User: 5    25921         
      0     0     1522.7500   125                     User: 3    25928         
      0     0     1522.7500   152                     User: 6    25948         
      0     0     1522.7500   201                     User: 1    26054         
      0     0     1522.7500   123                     User: 4    26079         
      0     0     1522.7500   150                    User: 20    26137         
      0     0     1522.7500   128                     User: 9    26137         
      0     0     1522.7500   128                    User: 26    26188         
      0     0     1522.7500   143                    User: 26    26235         
      0     0     1522.7500   135                     User: 7    26267         
      0     0     1522.7500   162                    User: 20    26365         
      0     0     1522.7500   157                    User: 10    26365         
      0     0     1522.7500   161                     User: 5    26380         
      0     0     1522.7500   170                     User: 4    26421         
      0     0     1522.7500   141                     User: 2    26516         
      0     0     1522.7500   104                     User: 4    26518         
      0     0     1522.7500   126                     User: 6    26535         
      0     0     1522.7500   138                     User: 2    26539         
      0     0     1522.7500   115                     User: 5    26539         
      0     0     1522.7500   174                     User: 9    26628         
      0     0     1522.7500   128                    User: 12    26629         
      0     0     1522.7500   180                    User: 17    26720         
      0     0     1522.7500   118                     User: 9    26720         
      0     0     1522.7500   154                     User: 5    26814         
      0     0     1522.7500   194                     User: 1    26890         
      0     0     1522.7500   146                    User: 39    26925         
      0     0     1522.7500   181                     User: 6    27039         
      0     0     1522.7500   152                    User: 16    27139         
      0     0     1522.7500   142                     User: 4    27179         
      0     0     1522.7500   136                     User: 7    27225         
      0     0     1522.7500   170                     User: 8    27302         
      0     0     1522.7500   178                    User: 21    27357         
      0     0     1522.7500   142                     User: 4    27357         
      0     0     1522.7500   157                     User: 3    27366         
      0     0     1522.7500   173                     User: 2    27512         
      0     0     1522.7500   182                    User: 24    27581         
      0     0     1522.7500   145                    User: 10    27603         
      0     0     1522.7500   135                    User: 15    27624         
      0     0     1522.7500   160                    User: 14    27656         
      0     0     1522.7500   140                     User: 6    27656         
      0     0     1522.7500   168                     User: 7    27737         
      0     0     1522.7500   107                    User: 17    27739         
      0     0     1522.7500   109                    User: 16    27822         
      0     0     1522.7500   156                    User: 14    27847         
      0     0     1522.7500   110                     User: 3    27850         
      0     0     1522.7500   122                    User: 20    27896         
      0     0     1522.7500   178                    User: 31    28004         
      0     0     1522.7500   143                    User: 20    28005         
      0     0     1522.7500   121                     User: 3    28024         
      0     0     1522.7500   103                     User: 7    28024         
      0     0     1522.7500   161                    User: 19    28120         
      0     0     1522.7500   129                     User: 8    28120         
      0     0     1522.7500   138                     User: 8    28132         
      0     0     1522.7500   184                     User: 4    28212         
      0     0     1522.7500   141                     User: 4    28215         
      0     0     1522.7500   141                    User: 10    28261         
      0     0     1522.7500    98                     User: 8    28261         
      0     0     1522.7500   114                     User: 3    28285         
      0     0     1522.7500   175                     User: 7    28364         
      0     0     1522.7500   132                     User: 3    28368         
      0     0     1522.7500   172                     User: 4    28434         
      0     0     1522.7500   119                    User: 28    28497         
      0     0     1522.7500   121                     User: 7    28498         
      0     0     1522.7500   149                     User: 1    28556         
      0     0     1522.7500   109                     User: 4    28556         
      0     0     1522.7500   109                    User: 16    28577         
      0     0     1522.7500   123                     User: 6    28581         
      0     0     1522.7500   158                     User: 3    28626         
      0     0     1522.7500   121                     User: 5    28731         
      0     0     1522.7500   139                     User: 4    28754         
      0     0     1522.7500   122                     User: 8    28779         
      0     0     1522.7500   110                    User: 29    28834         
      0     0     1522.7500   147                    User: 12    28903         
      0     0     1522.7500   101                     User: 2    28903         
      0     0     1522.7500   142                    User: 24    28996         
      0     0     1522.7500    97                    User: 16    28996         
      0     0     1522.7500   167                    User: 38    29114         
      0     0     1522.7500   100                     User: 5    29114         
      0     0     1522.7500   137                    User: 20    29213         
      0     0     1522.7500   135                    User: 11    29235         
      0     0     1522.7500   139                     User: 1    29246         
      0     0     1522.7500   139                     User: 7    29259         
      0     0     1522.7500   154                    User: 10    29300         
      0     0     1522.7500   131                     User: 5    29300         
      0     0     1522.7500   175                    User: 34    29350         
      0     0     1522.7500   148                     User: 7    29434         
      0     0     1522.7500   120                     User: 8    29483         
      0     0     1522.7500   121                    User: 18    29535         
      0     0     1522.7500   152                    User: 16    29574         
      0     0     1522.7500   119                     User: 4    29578         
      0     0     1522.7500   159                     User: 6    29615         
      0     0     1522.7500   112                     User: 2    29646         
      0     0     1522.7500   129                    User: 13    29698         
      0     0     1522.7500   192                    User: 10    29798         
      0     0     1522.7500   110                     User: 3    29798         
      0     0     1522.7500   160                    User: 10    29832         
      0     0     1522.7500   122                    User: 13    29845         
      0     0     1522.7500   165                     User: 7    29918         
      0     0     1522.7500   121                     User: 8    29918         
      0     0     1522.7500   171                    User: 16    29971         
      0     0     1522.7500   145                    User: 17    29971         
      0     0     1522.7500   149                    User: 18    29972         
      0     0     1522.7500   132                    User: 12    30006         
      0     0     1522.7500   139                     User: 6    30070         
      0     0     1522.7500   139                    User: 16    30096         
      0     0     1522.7500   132                     User: 9    30117         
      0     0     1522.7500   110                    User: 10    30152         
      0     0     1522.7500   129                    User: 18    30178         
      0     0     1522.7500   167                     User: 3    30246         
      0     0     1522.7500   174                    User: 11    30311         
      0     0     1522.7500   138                     User: 8    30313         
      0     0     1522.7500   171                     User: 7    30342         
      0     0     1522.7500   133                     User: 6    30354         
      0     0     1522.7500   136                     User: 9    30368         
      0     0     1522.7500   112                    User: 12    30456         
      0     0     1522.7500   175                    User: 18    30609         
      0     0     1522.7500   141                     User: 2    30629         
      0     0     1522.7500   141                    User: 26    30695         
      0     0     1522.7500   148                    User: 17    30711         
      0     0     1522.7500   135                     User: 7    30711         
      0     0     1522.7500   154                     User: 6    30730         
      0     0     1522.7500   134                     User: 3    30737         
      0     0     1522.7500   164                    User: 24    30830         
      0     0     1522.7500   163                     User: 5    30849         
      0     0     1522.7500   116                    User: 13    30849         
      0     0     1522.7500   172                    User: 19    30971         
      0     0     1522.7500   167                     User: 7    30973         
      0     0     1522.7500   169                     User: 5    31031         
      0     0     1522.7500   122                     User: 8    31031         
      0     0     1522.7500   141                    User: 13    31082         
      0     0     1522.7500   111                    User: 10    31093         
      0     0     1522.7500   144                    User: 20    31128         
      0     0     1522.7500   152                     User: 3    31149         
      0     0     1522.7500   141                     User: 8    31149         
      0     0     1522.7500   129                    User: 22    31155         
      0     0     1522.7500   142                    User: 16    31208         
      0     0     1522.7500   119                    User: 10    31286         
      0     0     1522.7500   105                    User: 12    31348         
      0     0     1522.7500   135                     User: 6    31367         
      0     0     1522.7500   175                     User: 8    31418         
      0     0     1522.7500   179                     User: 3    31440         
      0     0     1522.7500   129                     User: 5    31455         
      0     0     1522.7500    95                    User: 22    31455         
      0     0     1522.7500   142                     User: 5    31521         
      0     0     1522.7500   135                     User: 7    31528         
      0     0     1522.7500   133                    User: 32    31561         
      0     0     1522.7500   126                     User: 9    31649         
      0     0     1522.7500   115                     User: 8    31652         
      0     0     1522.7500   153                     User: 7    31734         
      0     0     1522.7500   104                    User: 16    31734         
      0     0     1522.7500   131                    User: 15    31829         
      0     0     1522.7500   127                    User: 17    31872         
      0     0     1522.7500   111                     User: 4    31933         
      0     0     1522.7500   140                    User: 19    31948         
      0     0     1522.7500   168                     User: 4    32013         
      0     0     1522.7500   154                    User: 27    32060         
      0     0     1522.7500   102                     User: 5    32064         
      0     0     1522.7500   158                    User: 17    32130         
      0     0     1522.7500   123                     User: 5    32130         
      0     0     1522.7500   129                    User: 20    32136         
      0     0     1522.7500   119                     User: 5    32136         
      0     0     1522.7500   136                     User: 9    32154         
      0     0     1522.7500   119                     User: 3    32168         
      0     0     1522.7500   134                     User: 2    32190         
      0     0     1522.7500   157                    User: 14    32205         
      0     0     1522.7500   135                     User: 2    32206         
      0     0     1522.7500   135                    User: 17    32235         
      0     0     1522.7500   144                     User: 8    32270         
      0     0     1522.7500   140                    User: 15    32282         
      0     0     1522.7500   169                     User: 9    32362         
      0     0     1522.7500   151                    User: 25    32362         
      0     0     1522.7500   145                     User: 8    32441         
      0     0     1522.7500   150                     User: 6    32458         
      0     0     1522.7500   127                     User: 6    32475         
      0     0     1522.7500   163                     User: 7    32508         
      0     0     1522.7500   165                     User: 7    32542         
      0     0     1522.7500   118                     User: 9    32548         
      0     0     1522.7500   155                     User: 4    32585         
      0     0     1522.7500   125                     User: 1    32625         
      0     0     1522.7500   133                    User: 15    32633         
      0     0     1522.7500   148                     User: 8    32700         
      0     0     1522.7500   145                     User: 2    32750         
      0     0     1522.7500   156                     User: 7    32752         
      0     0     1522.7500   127                     User: 7    32763         
      0     0     1522.7500   156                    User: 24    32864         
      0     0     1522.7500   114                     User: 6    32864         
      0     0     1522.7500   143                     User: 6    32892         
      0     0     1522.7500    90                    User: 19    32892         
      0     0     1522.7500   139                    User: 22    32947         
      0     0     1522.7500   105                     User: 7    32947         
      0     0     1522.7500   134                    User: 17    33049         
      0     0     1522.7500   194                     User: 6    33138         
      0     0     1522.7500   161                    User: 16    33200         
      0     0     1522.7500   147                    User: 14    33262         
      0     0     1522.7500   127                     User: 6    33266         
      0     0     1522.7500   113                    User: 17    33271         
      0     0     1522.7500   132                    User: 17    33354         
      0     0     1522.7500   136                     User: 4    33374         
      0     0     1522.7500   104                    User: 13    33379         
      0     0     1522.7500   159                    User: 11    33441         
      0     0     1522.7500   128                     User: 3    33441         
      0     0     1522.7500   125                    User: 16    33454         
      0     0     1522.7500   162                    User: 12    33533         
      0     0     1522.7500   164                     User: 4    33554         
      0     0     1522.7500   143                    User: 14    33605         
      0     0     1522.7500   144                     User: 7    33616         
      0     0     1522.7500   121                     User: 4    33647         
      0     0     1522.7500   127                    User: 25    33694         
      0     0     1522.7500   113                    User: 10    33711         
      0     0     1522.7500   129                    User: 16    33745         
      0     0     1522.7500   134                    User: 18    33757         
      0     0     1522.7500   107                     User: 5    33757         
      0     0     1522.7500   106                    User: 29    33764         
      0     0     1522.7500   162                     User: 8    33876         
      0     0     1522.7500   117                    User: 14    33876         
      0     0     1522.7500   125                     User: 3    33892         
      0     0     1522.7500   112                     User: 3    33895         
      0     0     1522.7500   171                     User: 5    33976         
      0     0     1522.7500   119                     User: 3    33976         
      0     0     1522.7500   167                    User: 15    34062         
      0     0     1522.7500   131                     User: 2    34062         
      0     0     1522.7500   122                    User: 11    34071         
      0     0     1522.7500   167                     User: 5    34111         
      0     0     1522.7500   107                    User: 16    34111         
      0     0     1522.7500   124                     User: 7    34126         
      0     0     1522.7500   152                     User: 6    34180         
      0     0     1522.7500   109                    User: 24    34180         
      0     0     1522.7500   109                     User: 6    34192         
      0     0     1522.7500   124                     User: 5    34228         
      0     0     1522.7500   116                     User: 4    34236         
      0     0     1522.7500   129                    User: 18    34279         
      0     0     1522.7500   147                    User: 21    34348         
      0     0     1522.7500   110                    User: 11    34370         
      0     0     1522.7500   123                     User: 5    34380         
      0     0     1522.7500   151                    User: 23    34414         
      0     0     1522.7500   122                     User: 8    34438         
      0     0     1522.7500   135                     User: 3    34477         
      0     0     1522.7500   127                     User: 9    34479         
      0     0     1522.7500   164                    User: 11    34516         
      0     0     1522.7500   165                     User: 2    34519         
      0     0     1522.7500   132                     User: 7    34519         
      0     0     1522.7500   162                     User: 7    34586         
      0     0     1522.7500   135                     User: 3    34614         
      0     0     1522.7500   111                     User: 4    34646         
      0     0     1522.7500   154                     User: 9    34726         
      0     0     1522.7500   127                     User: 6    34726         
      0     0     1522.7500   123                     User: 7    34743         
      0     0     1522.7500   157                     User: 4    34817         
      0     0     1522.7500   152                     User: 9    34918         
      0     0     1522.7500   141                     User: 5    34929         
      0     0     1522.7500   122                     User: 1    34938         
      0     0     1522.7500   135                     User: 7    35025         
      0     0     1522.7500   126                    User: 18    35025         
      0     0     1522.7500   142                     User: 9    35063         
      0     0     1522.7500    84                     User: 4    35125         
      0     0     1522.7500   167                     User: 9    35145         
      0     0     1522.7500   115                     User: 7    35156         
      0     0     1522.7500   119                     User: 2    35159         
      0     0     1522.7500   128                     User: 7    35174         
      0     0     1522.7500   145                     User: 3    35199         
      0     0     1522.7500   134                     User: 5    35199         
      0     0     1522.7500   138                    User: 15    35211         
      0     0     1522.7500   123                     User: 2    35211         
      0     0     1522.7500   113                     User: 8    35213         
      0     0     1522.7500   144                     User: 6    35252         
      0     0     1522.7500   120                     User: 8    35252         
      0     0     1522.7500   168                    User: 18    35331         
      0     0     1522.7500   118                     User: 8    35331         
      0     0     1522.7500   167                     User: 4    35380         
      0     0     1522.7500   154                     User: 3    35411         
      0     0     1522.7500   124                    User: 11    35416         
      0     0     1522.7500   130                     User: 3    35428         
      0     0     1522.7500   131                     User: 1    35446         
      0     0     1522.7500   140                    User: 18    35452         
      0     0     1522.7500   154                     User: 9    35467         
*     0+    0                         2656.0000     1522.7500            42.67%
      0     2     1522.7500   164     2656.0000     1523.2500    35467   42.65%                        0             0
Elapsed time = 319.42 sec. (1012900.12 ticks, tree = 0.01 MB, solutions = 1)
      1     3     1523.2500   185     2656.0000     1523.2500    35493   42.65%          x37_26 U      1      0      1
      2     4     1523.2500   182     2656.0000     1523.2500    35603   42.65%          x37_26 N      2      0      1
      3     5     1523.2500   172     2656.0000     1523.2500    35623   42.65%          x51_39 N      3      2      2
      4     6     1523.7500   171     2656.0000     1523.2500    35769   42.65%           x23_3 N      4      3      3
      5     7     1524.2500   190     2656.0000     1523.2500    35849   42.65%           x23_3 N      5      3      3
      8    10     1524.7500   173     2656.0000     1523.2500    36040   42.65%          x38_39 N      8      7      5
      9    11     1524.5000   176     2656.0000     1523.2500    36161   42.65%          x38_39 N      9      7      5
     10    12     1525.7500   187     2656.0000     1523.2500    36335   42.65%          x39_37 N     10      8      6
     11    13     1525.2500   167     2656.0000     1523.2500    36369   42.65%          x39_37 N     11      8      6
     12    14     1526.5000   228     2656.0000     1523.2500    96245   42.65%          x33_39 N     12     11      7
Elapsed time = 415.95 sec. (1176235.18 ticks, tree = 0.04 MB, solutions = 1)
     13    15     1526.0833   211     2656.0000     1523.2500    96374   42.65%          x33_39 U     13     11      7
     20    22     1526.6923   191     2656.0000     1523.2500    96563   42.65%         x110_96 D     20     19     14
     22    24     1528.4423   183     2656.0000     1523.2500    96630   42.65%          x30_26 U     22     20     15
     34    36     1527.3636   174     2656.0000     1523.2500    96996   42.65%          x74_73 N     34     32     25
     47    49     1526.8750   165     2656.0000     1523.2500    97076   42.65%         x74_105 D     47     46     38
     50    52     1528.9583   197     2656.0000     1523.2500    97358   42.65%         x74_106 N     50     48     40
     55    57     1530.2500   170     2656.0000     1523.2500    97694   42.65%          x30_35 N     55     53     43
     61    63     1529.6667   160     2656.0000     1523.2500    97926   42.65%          x23_30 U     61     59     48
     68    70     1530.3333   168     2656.0000     1523.2500    98168   42.65%          x22_25 D     68     67     55
     80    82     1531.5000   183     2656.0000     1523.2500    98206   42.65%           x6_25 D     80     79     67
Elapsed time = 422.67 sec. (1189430.36 ticks, tree = 4.91 MB, solutions = 1)
     95    97     1533.5000   158     2656.0000     1523.2500    98489   42.65%          x46_53 N     95     93     81
    101   103     1546.3750   174     2656.0000     1523.2500    98757   42.65%          x54_40 N    101     99     86
    111   113     1533.2000   179     2656.0000     1523.2500    98900   42.65%          x11_36 D    111    110     95
    120   122     1542.0000   155     2656.0000     1523.2500    99103   42.65%          x36_35 N    120    118    103
    129   131     1542.0000   117     2656.0000     1523.2500    99387   42.65%          x50_55 N    129    127    110
    137   139     1542.3333   194     2656.0000     1523.2500    99659   42.65%          x75_77 N    137    135    116
    150   152     1542.4000   125     2656.0000     1523.2500    99989   42.65%          x52_63 D    150    148    126
    160   162     1542.6000   115     2656.0000     1523.2500   100171   42.65%          x62_65 D    160    159    135
    169   171     1543.8750   124     2656.0000     1523.2500   100404   42.65%          x85_75 D    169    167    142
    175   177     1546.5000    92     2656.0000     1523.2500   100695   42.65%          x77_74 D    175    173    147
Elapsed time = 430.32 sec. (1200929.64 ticks, tree = 14.63 MB, solutions = 1)
    182   184     1547.5000    92     2656.0000     1523.2500   101036   42.65%          x77_76 N    182    180    152
    184   186     1552.3750   124     2656.0000     1523.2500   101389   42.65%          x78_73 N    184    182    153
    188   190     1549.0227   134     2656.0000     1523.2500   101613   42.65%          x82_77 N    188    187    156
    200   202     1552.7143   140     2656.0000     1523.2500   101748   42.65%          x75_82 N    200    199    168
    212   214     1574.0000    93     2656.0000     1523.2500   102243   42.65%          x91_82 N    212    211    180
    214   216     1593.5000   124     2656.0000     1523.2500   102449   42.65%         x103_92 N    214    213    181
    215   217     1633.0000   125     2656.0000     1523.2500   103204   42.65%         x103_92 N    215    213    181
    217   219     1631.8333   115     2656.0000     1523.2500   103900   42.65%         x107_88 N    217    214    182
    219   217    infeasible           2656.0000     1523.2500   104262   42.65%          x84_78 N    219    216    183
    220   218     1523.9253   193     2656.0000     1523.2500   104441   42.65%          x51_39 N    220      1      2
Elapsed time = 439.25 sec. (1215784.81 ticks, tree = 18.24 MB, solutions = 1)
    221   219     1525.0920   206     2656.0000     1523.2500   104746   42.65%          x34_30 N    221    220      3
    225   223     1529.0086   213     2656.0000     1523.2500   105373   42.65%          x32_24 N    225    223      5
    229   227     1528.5920   201     2656.0000     1523.2500   105818   42.65%           x23_3 N    229    227      8
    235   233     1529.7586   182     2656.0000     1523.2500   106000   42.65%            x0_7 N    235    234     13
    243   241     1530.8750   189     2656.0000     1523.2500   106264   42.65%          x33_39 N    243    242     19
    252   250     1531.5000   166     2656.0000     1523.2500   106628   42.65%          x33_45 U    252    250     25
    260   258     1532.0000   168     2656.0000     1523.2500   106881   42.65%         x110_96 D    260    259     32
    265   263     1534.9375   193     2656.0000     1523.2500   107092   42.65%          x45_36 N    265    264     36
    268   266     1535.7333   214     2656.0000     1523.2500   107445   42.65%          x45_38 N    268    267     38
    274   272     1536.2769   213     2656.0000     1523.2500   107874   42.65%          x36_35 N    274    272     42
Elapsed time = 447.19 sec. (1228975.19 ticks, tree = 22.46 MB, solutions = 1)
    278   276     1545.2545   263     2656.0000     1523.2500   126936   42.65%          x30_31 N    278    277     46
    284   282     1543.7333   196     2656.0000     1523.2500   127154   42.65%          x24_21 N    284    282     50
    290   288     1538.0556   213     2656.0000     1523.2500   127386   42.65%          x53_50 N    290    288     54
    293   291     1538.7500   197     2656.0000     1523.2500   127794   42.65%          x46_47 N    293    291     56
    296   294     1539.2656   238     2656.0000     1523.2500   127987   42.65%          x31_33 N    296    295     58
    302   300     1540.1232   235     2656.0000     1523.2500   128466   42.65%          x43_31 D    302    301     63
    307   305     1569.0000   203     2656.0000     1523.2500   129044   42.65%          x43_34 N    307    305     67
    320   318     1544.8267   206     2656.0000     1523.2500   129193   42.65%          x41_40 D    320    319     80
    332   330     1571.1125   193     2656.0000     1523.2500   129485   42.65%          x18_34 N    332    330     91
    346   344     1548.7636   208     2656.0000     1523.2500   129614   42.65%          x18_25 D    346    345    105
Elapsed time = 491.79 sec. (1295103.10 ticks, tree = 29.53 MB, solutions = 1)
    360   358     1553.0000   178     2656.0000     1523.2500   129721   42.65%          x30_19 N    360    359    118
    371   367     1591.5000   165     2656.0000     1523.2500   130016   42.65%          x27_40 N    371    369    127
    374   366     1525.5643   173     2656.0000     1523.2500   130621   42.65%          x51_39 N    374      2      2
    381   373     1527.4031   174     2656.0000     1523.2500   130987   42.65%          x34_30 N    381    380      9
    385   377     1530.7253   226     2656.0000     1523.2500   131309   42.65%          x32_44 N    385    384     13
    397   389     1532.3333   190     2656.0000     1523.2500   131718   42.65%          x37_38 N    397    396     25
    402   394     1526.5169   287     2656.0000     1523.7500   149598   42.63%          x51_39 N    402      1      2
    410   402     1527.0689   238     2656.0000     1523.7500   149720   42.63%          x18_19 D    410    409     10
    414   406     1531.9429   243     2656.0000     1523.7500   149961   42.63%            x7_4 N    414    413     14
    425   417     1533.0909   169     2656.0000     1523.7500   150393   42.63%          x73_70 D    425    424     25
Elapsed time = 535.02 sec. (1360062.94 ticks, tree = 35.44 MB, solutions = 1)
    434   426     1535.0000   206     2656.0000     1523.7500   150563   42.63%          x23_31 N    434    433     34
    450   442     1536.8500   207     2656.0000     1523.7500   150671   42.63%          x13_24 U    450    449     50
    461   453     1552.2955   215     2656.0000     1523.7500   150857   42.63%          x38_29 D    461    460     61
    476   468     1567.7500   202     2656.0000     1523.7500   151216   42.63%          x26_52 U    476    475     76
    481   473     1572.4375   221     2656.0000     1523.7500   151290   42.63%          x36_29 D    481    480     81
    496   488     1582.7500   178     2656.0000     1523.7500   151634   42.63%          x41_38 N    496    495     96
    503   493    infeasible           2656.0000     1523.7500   151970   42.63%          x41_40 D    503    502    103
    506   494    infeasible           2656.0000     1523.7500   152296   42.63%          x40_34 N    506    505    105
    508   494     1523.9280   214     2656.0000     1523.7500   152885   42.63%          x34_30 N    508      6      5
    522   508     1525.9363   205     2656.0000     1523.7500   153310   42.63%          x33_39 U    522    521     19
Elapsed time = 544.16 sec. (1371937.17 ticks, tree = 47.31 MB, solutions = 1)
    545   531     1528.7500   203     2656.0000     1523.7500   153798   42.63%          x38_36 N    545    544     42
    571   557     1531.7024   184     2656.0000     1523.7500   154047   42.63%          x35_33 D    571    570     68
    586   572     1533.2685   179     2656.0000     1523.7500   154209   42.63%           x14_3 N    586    585     83
    604   590     1541.4167   188     2656.0000     1523.7500   154564   42.63%          x26_38 N    604    603    101
    618   604     1547.0357   169     2656.0000     1523.7500   155009   42.63%          x41_35 D    618    617    115
    632   618     1549.5000   178     2656.0000     1523.7500   155249   42.63%          x70_73 D    632    631    129
    640   626     1573.6250   202     2656.0000     1523.7500   155413   42.63%          x41_36 N    640    639    137
    649   630    infeasible           2656.0000     1523.7500   155706   42.63%          x41_38 U    649    647    145
    656   637     1525.9912   222     2656.0000     1524.2500   156200   42.61%            x0_7 N    656    654     10
    674   655     1528.4280   207     2656.0000     1524.2500   156880   42.61%           x14_3 U    674    673     23
Elapsed time = 552.75 sec. (1382344.15 ticks, tree = 66.77 MB, solutions = 1)
    684   665     1528.7500   210     2656.0000     1524.2500   157137   42.61%          x71_83 U    684    682     30
    691   672     1529.4472   212     2656.0000     1524.2500   157463   42.61%          x76_71 D    691    689     35
    700   681     1530.4000   208     2656.0000     1524.2500   157957   42.61%          x79_74 D    700    698     41
    713   694     1539.6207   211     2656.0000     1524.2500   158380   42.61%          x37_27 N    713    711     51
    726   707     1534.0000   188     2656.0000     1524.2500   158843   42.61%          x35_32 U    726    725     62
    738   719     1536.2500   192     2656.0000     1524.2500   159345   42.61%          x33_38 N    738    736     72
    747   728     1548.8333   169     2656.0000     1524.2500   159759   42.61%          x40_39 N    747    745     80
    753   734     1554.3333   165     2656.0000     1524.2500   160503   42.61%          x37_35 N    753    751     85
    760   741     1540.6111   205     2656.0000     1524.2500   160611   42.61%          x36_39 D    760    759     92
    800   781     1545.9091   196     2656.0000     1524.2500   161030   42.61%          x42_36 D    800    799    130
Elapsed time = 563.31 sec. (1396678.46 ticks, tree = 83.95 MB, solutions = 1)
    850   831     1556.0909   196     2656.0000     1524.2500   161585   42.61%          x49_40 N    850    849    180
    880   855     1530.6429   209     2656.0000     1524.2500   162994   42.61%          x31_47 N    880    879     15
    930   905     1540.2667   173     2656.0000     1524.2500   164231   42.61%          x71_83 D    930    929     65
   1008   983     1551.6000   121     2656.0000     1524.2500   164980   42.61%          x11_34 N   1008   1007    143
   1088  1063     1560.9333   133     2656.0000     1524.2500   165583   42.61%            x7_4 U   1088   1087    223
   1137  1108     1529.6369   200     2656.0000     1524.2614   166530   42.61%          x53_50 N   1137   1136     19
   1270  1238     1529.9206   216     2656.0000     1524.2614   168892   42.61%           x3_29 N   1270   1269     12
   1298  1266     1534.2138   224     2656.0000     1524.2614   169581   42.61%          x33_39 N   1298   1297     40
   1387  1355     1550.3333   214     2656.0000     1524.2614   171189   42.61%          x26_39 N   1387   1386    129
   1467  1433     1607.9167   199     2656.0000     1524.2614   172681   42.61%          x27_40 N   1467   1466    208
Elapsed time = 597.90 sec. (1435912.49 ticks, tree = 176.75 MB, solutions = 1)
   1493  1456     1531.7000   202     2656.0000     1524.2619   173759   42.61%          x37_30 N   1493   1492     21
   1527  1490     1541.8750   208     2656.0000     1524.2619   175489   42.61%          x51_52 N   1527   1526     55
*  1600+ 1561                         2654.0000     1524.2619            42.57%
   1641  1604     1548.3500   175     2654.0000     1524.2619   176070   42.57%          x20_17 N   1641   1640    169
   1677  1636     1527.8000   223     2654.0000     1524.2619   177232   42.57%            x0_2 D   1677   1676     15
   1724  1683     1536.2500   191     2654.0000     1524.2619   178930   42.57%          x76_70 U   1724   1722     54
   1764  1723     1561.5000   174     2654.0000     1524.2619   179946   42.57%           x25_7 N   1764   1761     88
   1830  1789     1561.7000   196     2654.0000     1524.2619   181291   42.57%          x26_30 D   1830   1829    148
   1846  1803    infeasible           2654.0000     1524.2619   182001   42.57%          x26_24 N   1846   1844    160
   1896  1849     1524.9439   239     2654.0000     1524.3619   182916   42.56%          x37_34 D   1896   1895      8
   2004  1957     1554.6591   184     2654.0000     1524.3619   185238   42.56%          x42_45 D   2004   2003    116
Elapsed time = 631.90 sec. (1475167.69 ticks, tree = 255.67 MB, solutions = 2)
   2105  2048     1529.2949   237     2654.0000     1524.4586   186446   42.56%          x33_45 N   2105   2104     15
   2152  2095     1599.0625   214     2654.0000     1524.4586   188525   42.56%          x40_30 N   2152   2151     62
   2210  2153     1643.2778   140     2654.0000     1524.4586   190101   42.56%          x86_79 N   2210   2209    120
   2262  2205     1650.2500   120     2654.0000     1524.4586   191010   42.56%          x79_83 D   2262   2261    172
   2310  2253     1658.4222   141     2654.0000     1524.4586   191500   42.56%          x73_91 D   2310   2309    220
   2370  2308     1539.5417   210     2654.0000     1524.4586   193242   42.56%          x40_43 D   2370   2369     43
   2463  2401     1574.0000   168     2654.0000     1524.4586   194809   42.56%          x27_30 N   2463   2462    136
   2523  2457     1537.8167   255     2654.0000     1524.5000   196306   42.56%          x31_43 N   2523   2522     53
   2594  2524     1533.5750   197     2654.0000     1524.5000   198526   42.56%          x39_37 N   2594   2591     10
   2642  2572     1542.9670   222     2654.0000     1524.5000   200791   42.56%          x45_46 D   2642   2641     47
Elapsed time = 666.16 sec. (1514513.67 ticks, tree = 354.12 MB, solutions = 2)
   2666  2596     1582.1718   233     2654.0000     1524.5000   203010   42.56%          x46_37 N   2666   2664     66
   2696  2622    infeasible           2654.0000     1524.5000   205331   42.56%          x43_38 N   2696   2695     92
   2721  2643    infeasible           2654.0000     1524.5000   207014   42.56%          x28_30 N   2721   2719    109
*  2800+ 2720                         2606.0000     1524.5119            41.50%
   2829  2751     1541.2794   201     2606.0000     1524.5119   209009   41.50%          x79_74 D   2829   2828    113
   2972  2890     1529.9846   237     2606.0000     1524.5947   211116   41.50%          x20_26 N   2972   2971     21
   3057  2975     1544.4286   122     2606.0000     1524.5947   212742   41.50%          x85_84 N   3057   3056    106
   3066  2984     1547.0625   211     2606.0000     1524.5947   226443   41.50%          x89_82 N   3066   3065    115
   3088  3000     1527.8620   272     2606.0000     1524.7156   248394   41.49%          x33_34 N   3088    511      9
   3106  3018     1544.0389   241     2606.0000     1524.7156   250377   41.49%          x31_44 N   3106   3105     27
   3130  3042     1574.9134   215     2606.0000     1524.7156   251758   41.49%          x31_32 N   3130   3129     51
Elapsed time = 751.49 sec. (1640110.06 ticks, tree = 430.96 MB, solutions = 3)
   3155  3067     1617.3889   161     2606.0000     1524.7156   252984   41.49%          x36_37 N   3155   3154     76
   3184  3096     1637.1333   251     2606.0000     1524.7156   271389   41.49%          x75_76 N   3184   3183    105
   3200  3112     1649.6000   182     2606.0000     1524.7156   272259   41.49%          x77_90 D   3200   3199    121
   3223  3135     1659.5000   161     2606.0000     1524.7156   272689   41.49%          x49_50 N   3223   3222    144
   3243  3155     1684.0000   155     2606.0000     1524.7156   273378   41.49%          x72_73 N   3243   3242    164
   3257  3169     1714.0000   144     2606.0000     1524.7156   273837   41.49%          x35_53 N   3257   3256    178
   3268  3180     1759.0000   120     2606.0000     1524.7156   274408   41.49%          x50_43 N   3268   3267    189
   3290  3202     1779.3333   118     2606.0000     1524.7156   274658   41.49%          x32_27 D   3290   3289    211
   3320  3232     1785.0000    67     2606.0000     1524.7156   275100   41.49%          x84_86 N   3320   3319    241
   3338  3250     1785.0000    65     2606.0000     1524.7156   275452   41.49%          x91_96 N   3338   3337    259
Elapsed time = 816.21 sec. (1735766.35 ticks, tree = 468.60 MB, solutions = 3)
   3360  3272     1785.0000    81     2606.0000     1524.7156   275986   41.49%        x110_103 N   3360   3359    281
   3381  3293     1785.0000    77     2606.0000     1524.7156   276463   41.49%        x119_139 N   3381   3380    302
   3400  3312     1785.0000    66     2606.0000     1524.7156   277096   41.49%        x113_106 N   3400   3399    321
   3411  3323     1786.0000    60     2606.0000     1524.7156   277548   41.49%        x130_132 D   3411   3410    332
   3421  3333     1786.0199   111     2606.0000     1524.7156   278314   41.49%         x83_108 N   3421   3420    342
   3434  3346     1788.0000    68     2606.0000     1524.7156   278709   41.49%        x137_148 N   3434   3433    355
   3457  3369     1788.0000    57     2606.0000     1524.7156   279187   41.49%        x137_127 N   3457   3456    378
   3471  3383     1791.0000    81     2606.0000     1524.7156   279744   41.49%        x132_125 D   3471   3470    392
   3482  3394     1793.5000   114     2606.0000     1524.7156   280208   41.49%        x116_108 N   3482   3481    403
   3517  3429     1794.0000    54     2606.0000     1524.7156   280660   41.49%        x104_100 N   3517   3516    438
Elapsed time = 839.14 sec. (1776750.63 ticks, tree = 503.13 MB, solutions = 3)
   3541  3453     1795.5000    73     2606.0000     1524.7156   281050   41.49%        x134_124 N   3541   3540    462
   3554  3466     1799.0000    83     2606.0000     1524.7156   281489   41.49%        x108_119 D   3554   3553    475
   3562  3474     1811.0385   128     2606.0000     1524.7156   282242   41.49%         x107_88 N   3562   3561    483
   3575  3487     1816.0000    77     2606.0000     1524.7156   282602   41.49%        x126_144 N   3575   3574    496
   3583  3495     1816.1154    86     2606.0000     1524.7156   282879   41.49%        x107_104 N   3583   3582    504
   3593  3505     1830.0000    73     2606.0000     1524.7156   283497   41.49%        x126_116 N   3593   3592    514
   3598  3510     1833.2222    82     2606.0000     1524.7156   283816   41.49%        x128_144 D   3598   3597    519
   3638  3550     1543.9105   197     2606.0000     1524.7500   285344   41.49%          x32_44 U   3638   3637     44
   3708  3620     1561.0000   146     2606.0000     1524.7500   286641   41.49%          x81_77 D   3708   3707    114
   3751  3663     1584.4444   160     2606.0000     1524.7500   287548   41.49%          x77_76 N   3751   3750    157
Elapsed time = 865.53 sec. (1818642.57 ticks, tree = 551.34 MB, solutions = 3)
   3785  3691     1528.4422   218     2606.0000     1524.7500   288635   41.49%          x20_25 N   3785   1664      7
   3810  3716     1545.2353   153     2606.0000     1524.7500   290413   41.49%          x38_37 N   3810   3808     26
   3842  3748     1544.9685   182     2606.0000     1524.7500   291707   41.49%           x3_29 N   3842   3840     54
   3870  3776     1550.1250   140     2606.0000     1524.7500   293186   41.49%          x84_75 N   3870   3869     80
   3901  3807     1558.4000   136     2606.0000     1524.7500   294461   41.49%          x69_80 N   3901   3898    105
   3939  3845     1565.3333   145     2606.0000     1524.7500   295362   41.49%          x94_83 D   3939   3938    140
   3967  3864     1531.9454   209     2606.0000     1524.8739   296521   41.49%          x38_30 D   3967   3966     14
   4000  3897     1539.9681   218     2606.0000     1524.8739   297152   41.49%          x37_40 D   4000   3999     47
   4046  3939    infeasible           2606.0000     1524.8739   323457   41.49%          x33_47 N   4046   4044     92
   4109  4002     1542.1605   228     2606.0000     1524.8750   325528   41.49%          x55_40 D   4109   4108     73
Elapsed time = 951.36 sec. (1934021.20 ticks, tree = 623.68 MB, solutions = 3)
   4147  4040     1568.7429   210     2606.0000     1524.8750   327372   41.49%          x36_43 N   4147   4146    111
   4160  4049     1533.0105   238     2606.0000     1524.8864   329491   41.49%          x33_34 D   4160   4159     14
   4257  4146     1549.9095   193     2606.0000     1524.8864   331083   41.49%          x30_43 D   4257   4256    111
   4292  4181     1610.3333   151     2606.0000     1524.8864   332121   41.49%          x78_82 N   4292   4291    146
   4370  4259     1645.5000   115     2606.0000     1524.8864   333285   41.49%          x79_91 D   4370   4369    224
   4390  4267     1527.7991   238     2606.0000     1524.9010   334090   41.48%          x33_45 U   4390    513     11
   4400  4277     1529.5769   230     2606.0000     1524.9010   334409   41.48%          x45_36 D   4400   4399     21
   4461  4338     1544.1583   205     2606.0000     1524.9010   336019   41.48%          x83_78 N   4461   4460     82
   4495  4372     1569.7738   212     2606.0000     1524.9010   336864   41.48%          x87_82 D   4495   4494    116
   4514  4387     1531.2940   252     2606.0000     1524.9280   338666   41.48%          x39_37 N   4514   4512     14
Elapsed time = 982.33 sec. (1977261.56 ticks, tree = 707.94 MB, solutions = 3)
   4544  4417     1535.5000   186     2606.0000     1524.9280   340368   41.48%          x30_35 D   4544   4543     38
   4566  4439     1545.7083   219     2606.0000     1524.9280   364873   41.48%          x33_49 N   4566   4564     53
   4604  4477     1557.5000   179     2606.0000     1524.9280   366069   41.48%           x25_7 N   4604   4601     84
   4640  4513     1551.7222   226     2606.0000     1524.9280   367463   41.48%          x74_82 D   4640   4638    115
   4680  4553     1564.4167   195     2606.0000     1524.9280   368750   41.48%          x33_56 N   4680   4679    150
   4743  4616     1571.2946   208     2606.0000     1524.9280   369837   41.48%          x70_73 N   4743   4741    207
   4801  4668     1525.5769   213     2606.0000     1525.0192   371128   41.48%          x30_35 U   4801    514     12
   4840  4707     1533.5833   175     2606.0000     1525.0192   372716   41.48%          x40_38 D   4840   4839     51
   4888  4751     1529.6024   232     2606.0000     1525.0421   373808   41.48%          x30_31 N   4888    874     10
   4959  4822     1545.1667   158     2606.0000     1525.0421   375484   41.48%          x84_75 D   4959   4958     81
Elapsed time = 1077.45 sec. (2099460.68 ticks, tree = 804.71 MB, solutions = 3)
   5000  4863     1554.7857   216     2606.0000     1525.0421   376822   41.48%          x79_78 D   5000   4999    122
   5015  4874     1528.1458   205     2606.0000     1525.0865   378522   41.48%          x37_25 U   5015   5014     11
   5060  4919     1542.0000   181     2606.0000     1525.0865   380421   41.48%          x73_77 D   5060   5059     56
   5120  4979     1563.0000   146     2606.0000     1525.0865   382182   41.48%          x20_31 N   5120   5119    116
   5200  5059     1590.7500   170     2606.0000     1525.0865   383208   41.48%          x30_27 N   5200   5199    196
   5250  5105     1529.9923   210     2606.0000     1525.2000   384336   41.47%          x38_34 D   5250   5249     17
   5294  5149     1540.7500   233     2606.0000     1525.2000   408354   41.47%          x72_73 N   5294   5293     61
   5340  5195     1614.2500   154     2606.0000     1525.2000   409682   41.47%          x86_78 D   5340   5339    107
   5371  5223     1539.3636   171     2606.0000     1525.2614   410994   41.47%          x40_30 N   5371   5370     28
   5402  5254     1572.2105   211     2606.0000     1525.2614   411800   41.47%          x33_39 N   5402   5400     56
Elapsed time = 1174.67 sec. (2221056.85 ticks, tree = 902.66 MB, solutions = 3)
   5420  5266     1539.2105   216     2606.0000     1525.2614   413406   41.47%          x46_40 N   5420   5419     18
   5442  5286     1554.0350   219     2606.0000     1525.2614   414874   41.47%          x31_40 D   5442   5441     39
   5476  5318     1604.0000   200     2606.0000     1525.2614   416367   41.47%          x36_29 N   5476   5475     72
   5507  5341     1534.0000   181     2606.0000     1525.2619   417768   41.47%          x42_33 N   5507   5506     24
   5600  5434     1569.7143   152     2606.0000     1525.2619   419147   41.47%          x41_34 N   5600   5599    117
   5632  5466     1617.0833   160     2606.0000     1525.2619   419781   41.47%          x72_78 D   5632   5631    149
   5665  5496    infeasible           2606.0000     1525.2619   420357   41.47%          x21_25 N   5665   5664    182
   5726  5555     1551.2581   178     2606.0000     1525.3125   422176   41.47%          x27_37 N   5726   5725     69
   5782  5611     1570.3333   136     2606.0000     1525.3125   423736   41.47%          x76_79 N   5782   5781    125
   5826  5649     1538.0082   252     2606.0000     1525.3447   425236   41.47%          x43_41 U   5826   5825     30
Elapsed time = 1208.39 sec. (2263217.57 ticks, tree = 995.36 MB, solutions = 3)
   5860  5679     1532.0000   184     2606.0000     1525.4614   427234   41.46%          x73_83 D   5860   5859     18
   5885  5704     1549.7500   182     2606.0000     1525.4614   429085   41.46%          x83_79 U   5885   5883     39
   5913  5731     1587.3333   142     2606.0000     1525.4614   430515   41.46%          x79_78 N   5913   5911     63
   5941  5755     1531.1600   223     2606.0000     1525.4614   456012   41.46%          x84_75 N   5941   5940     39
   5942  5756     1535.5000   245     2606.0000     1525.4614   492058   41.46%          x80_75 N   5942   5941     40
   5965  5779     1541.0000   160     2606.0000     1525.4614   493811   41.46%          x86_82 N   5965   5964     63
   6000  5814     1553.6667   137     2606.0000     1525.4614   494619   41.46%          x97_83 D   6000   5999     98
   6017  5827     1534.5769   280     2606.0000     1525.4627   522835   41.46%          x75_77 N   6017   6016     23
   6045  5855     1557.3333   216     2606.0000     1525.4627   524182   41.46%          x44_35 N   6045   6044     51
   6090  5900     1567.8333   180     2606.0000     1525.4627   525521   41.46%          x37_39 D   6090   6089     96
Elapsed time = 1493.93 sec. (2611933.45 ticks, tree = 1055.38 MB, solutions = 3)
   6120  5930     1615.8333   187     2606.0000     1525.4627   526584   41.46%          x32_33 N   6120   6119    126
   6154  5964     1659.9167   164     2606.0000     1525.4627   527536   41.46%          x72_73 N   6154   6153    160
   6190  6000     1676.0000   142     2606.0000     1525.4627   528308   41.46%          x20_23 D   6190   6189    196
   6209  6019     1696.6455   178     2606.0000     1525.4627   528775   41.46%          x34_24 N   6209   6208    215
   6235  6045     1723.0000   159     2606.0000     1525.4627   529142   41.46%          x31_24 D   6235   6234    241
   6262  6072     1785.5000   164     2606.0000     1525.4627   529503   41.46%          x41_28 N   6262   6261    268
   6271  6079     1818.5000   128     2606.0000     1525.4627   529771   41.46%         x80_108 N   6271   6270    276
   6297  6105     1847.0000    83     2606.0000     1525.4627   530180   41.46%          x17_18 N   6297   6296    302
   6323  6131     1850.0000    68     2606.0000     1525.4627   530543   41.46%        x120_121 U   6323   6322    328
   6360  6168     1850.0000    66     2606.0000     1525.4627   531069   41.46%         x87_102 N   6360   6359    365
Elapsed time = 1525.04 sec. (2651989.55 ticks, tree = 1121.25 MB, solutions = 3)
   6392  6200     1850.0000    40     2606.0000     1525.4627   531521   41.46%        x130_140 N   6392   6391    397
   6427  6235     1850.0000    64     2606.0000     1525.4627   532226   41.46%        x130_132 N   6427   6426    432
   6457  6265     1852.0000    82     2606.0000     1525.4627   532820   41.46%        x125_115 N   6457   6456    462
   6480  6288     1852.0000    62     2606.0000     1525.4627   533336   41.46%         x94_127 D   6480   6479    485
   6512  6320     1852.0263    83     2606.0000     1525.4627   533812   41.46%        x104_103 N   6512   6511    517
   6528  6336     1855.0000    60     2606.0000     1525.4627   534473   41.46%          x83_85 N   6528   6527    533
   6540  6348     1859.0000    55     2606.0000     1525.4627   534941   41.46%        x123_132 N   6540   6539    545
   6551  6359     1863.0000    71     2606.0000     1525.4627   535447   41.46%        x127_125 D   6551   6550    556
   6572  6380     1863.4110   161     2606.0000     1525.4627   535918   41.46%        x126_107 N   6572   6571    577
   6592  6400     1869.4194    85     2606.0000     1525.4627   536319   41.46%        x128_115 D   6592   6591    597
Elapsed time = 1549.91 sec. (2692080.93 ticks, tree = 1180.40 MB, solutions = 3)
   6603  6411     1878.0000    47     2606.0000     1525.4627   536663   41.46%         x109_99 N   6603   6602    608
   6620  6428     1881.5000    69     2606.0000     1525.4627   537108   41.46%         x112_93 N   6620   6619    625
   6640  6448     1887.5000    55     2606.0000     1525.4627   537535   41.46%        x112_116 N   6640   6639    645
   6660  6468     1887.5000    70     2606.0000     1525.4627   538094   41.46%         x94_133 N   6660   6659    665
   6668  6476     1896.5000    62     2606.0000     1525.4627   538487   41.46%        x137_124 N   6668   6667    673
   6680  6488     1898.7500    89     2606.0000     1525.4627   538737   41.46%          x77_87 D   6680   6679    685
   6693  6501     1902.1429    87     2606.0000     1525.4627   539035   41.46%          x81_82 U   6693   6692    698
   6704  6512     1926.0476    82     2606.0000     1525.4627   539759   41.46%        x147_143 N   6704   6703    709
   6728  6536     1931.0000    45     2606.0000     1525.4627   540252   41.46%        x144_150 D   6728   6727    733
   6740  6548     1931.7500    61     2606.0000     1525.4627   540557   41.46%         x90_111 D   6740   6739    745
Elapsed time = 1573.37 sec. (2733335.72 ticks, tree = 1219.22 MB, solutions = 3)
   6758  6566     1939.2727    67     2606.0000     1525.4627   540815   41.46%        x112_111 N   6758   6757    763
   6766  6574     1948.2700   110     2606.0000     1525.4627   541046   41.46%        x112_110 N   6766   6765    771
   6780  6588     1974.0000    60     2606.0000     1525.4627   541312   41.46%        x115_124 D   6780   6779    785
   6790  6598     1984.7619    80     2606.0000     1525.4627   541540   41.46%        x122_104 D   6790   6789    795
   6800  6608     2010.5000    55     2606.0000     1525.4627   541754   41.46%        x111_131 D   6800   6799    805
   6814  6622     2011.9091    78     2606.0000     1525.4627   541952   41.46%        x128_110 N   6814   6813    819
   6828  6636     2022.2439    68     2606.0000     1525.4627   542237   41.46%         x115_94 N   6828   6827    833
   6842  6650     2038.0000    17     2606.0000     1525.4627   542330   41.46%        x115_103 U   6842   6841    847
   6854  6662     2042.6667    50     2606.0000     1525.4627   542507   41.46%         x90_110 N   6854   6853    859
   6867  6675     2052.3333    62     2606.0000     1525.4627   542662   41.46%        x102_110 D   6867   6866    872
Elapsed time = 1595.99 sec. (2776010.10 ticks, tree = 1253.45 MB, solutions = 3)
   6876  6684     2083.0000    48     2606.0000     1525.4627   542816   41.46%        x130_110 N   6876   6875    881
   6890  6698     2095.6667    59     2606.0000     1525.4627   542974   41.46%        x104_130 U   6890   6889    895
   6895  6703     2112.2222    73     2606.0000     1525.4627   543236   41.46%        x138_144 N   6895   6894    900
   6907  6715     2182.5000    70     2606.0000     1525.4627   543506   41.46%          x91_92 N   6907   6906    912
   6932  6740     2185.0000    21     2606.0000     1525.4627   543672   41.46%        x133_116 D   6932   6931    937
   6950  6758     2194.0000    20     2606.0000     1525.4627   543760   41.46%        x139_135 N   6950   6949    955
   6968  6776     2203.0000     8     2606.0000     1525.4627   543884   41.46%        x150_151 N   6968   6967    973
   6980  6785     2222.0000    15     2606.0000     1525.4627   543946   41.46%        x147_139 D   6980   6979    984
   7011  6811     1535.3571   218     2606.0000     1525.5156   545337   41.46%          x37_27 D   7011   7010     36
   7059  6859     1549.2857   206     2606.0000     1525.5156   546873   41.46%          x77_76 U   7059   7058     84
Elapsed time = 1619.14 sec. (2815951.12 ticks, tree = 1304.80 MB, solutions = 3)
   7102  6900     1657.0000   166     2606.0000     1525.5156   548047   41.46%          x95_83 N   7102   7101    127
   7151  6947     1537.6000   207     2606.0000     1525.5643   549598   41.46%          x96_83 N   7151   7150     55
   7200  6996     1555.1667   213     2606.0000     1525.5643   550692   41.46%          x94_83 D   7200   7199    104
   7220  7012     1533.9605   209     2606.0000     1525.5769   552049   41.46%          x44_31 N   7220   7218     10
   7249  7041     1555.3125   187     2606.0000     1525.5769   553324   41.46%          x34_40 N   7249   7247     32
   7281  7073     1555.0000   144     2606.0000     1525.5769   554168   41.46%          x85_84 U   7281   7280     60
   7318  7106     1528.7857   223     2606.0000     1525.5769   555354   41.46%          x34_52 D   7318   7317     24
   7370  7158     1535.8704   213     2606.0000     1525.5769   556977   41.46%          x80_77 D   7370   7369     76
   7433  7221     1562.7480   219     2606.0000     1525.5769   558334   41.46%         x107_88 U   7433   7432    139
   7455  7239     1532.5593   241     2606.0000     1525.6282   560256   41.46%          x39_33 N   7455   7454     25
Elapsed time = 1649.89 sec. (2855700.79 ticks, tree = 1412.04 MB, solutions = 3)
   7507  7291     1542.6250   175     2606.0000     1525.6282   562075   41.46%          x86_82 D   7507   7506     77
   7530  7314     1551.0000   147     2606.0000     1525.6282   563524   41.46%          x80_76 N   7530   7529    100
   7552  7335     1597.8000   231     2606.0000     1525.6282   593828   41.46%          x84_79 N   7552   7551    122
   7555  7336    infeasible           2606.0000     1525.6282   632730   41.46%          x77_72 N   7555   7554    125
   7556  7337     1598.5000   220     2606.0000     1525.6282   658542   41.46%          x77_72 N   7556   7554    125
   7558  7335    infeasible           2606.0000     1525.6282   683001   41.46%          x79_74 N   7558   7556    126
   7587  7364     1546.4333   230     2606.0000     1525.7000   684701   41.45%          x39_40 N   7587   7586     35
   7603  7380     1553.8148   198     2606.0000     1525.7000   685334   41.45%          x43_41 N   7603   7602     51
   7644  7421     1566.0179   226     2606.0000     1525.7000   686519   41.45%          x18_34 N   7644   7643     92
   7679  7452    infeasible           2606.0000     1525.7000   687818   41.45%          x31_36 N   7679   7677    126
Elapsed time = 2109.52 sec. (3354046.91 ticks, tree = 1473.24 MB, solutions = 3)
   7720  7493     1539.1714   169     2606.0000     1525.7188   689300   41.45%          x85_77 N   7720   7719     58
   7764  7533    infeasible           2606.0000     1525.7188   728161   41.45%          x91_82 U   7764   7762    101
   7783  7552     1543.0000   155     2606.0000     1525.7188   729785   41.45%          x79_77 N   7783   7781     20
   7800  7569     1558.2639   216     2606.0000     1525.7188   730581   41.45%          x36_38 N   7800   7798     34
   7827  7596     1552.3500   195     2606.0000     1525.7188   731087   41.45%          x35_22 N   7827   7826     57
   7850  7619     1560.8626   222     2606.0000     1525.7188   731842   41.45%          x53_40 N   7850   7847     75
   7886  7655     1605.0357   220     2606.0000     1525.7188   732642   41.45%          x40_34 N   7886   7884    106
   7907  7676     1558.3401   225     2606.0000     1525.7188   733249   41.45%          x41_34 D   7907   7906    124
   7954  7722     1593.0000   140     2606.0000     1525.7188   733828   41.45%          x78_85 N   7954   7953    168
   7972  7740     1602.0000   117     2606.0000     1525.7188   734119   41.45%          x25_27 D   7972   7970    183
Elapsed time = 2284.81 sec. (3545407.43 ticks, tree = 1556.29 MB, solutions = 3)
   8000  7768     1608.9067   181     2606.0000     1525.7188   734476   41.45%          x35_43 D   8000   7999    207
   8039  7807     1622.0000   119     2606.0000     1525.7188   734678   41.45%          x27_13 N   8039   8038    244
   8046  7808    infeasible           2606.0000     1525.7188   735054   41.45%          x21_39 N   8046   8044    248
   8083  7843     1538.5000   201     2606.0000     1525.7500   736779   41.45%          x37_36 N   8083   8082     44
   8089  7849     1541.5000   244     2606.0000     1525.7500   758614   41.45%          x47_37 N   8089   8088     50
   8090  7850     1545.0000   258     2606.0000     1525.7500   779545   41.45%          x80_75 N   8090   8089     51
   8132  7892     1588.5000   238     2606.0000     1525.7500   780927   41.45%          x36_34 N   8132   8131     93
   8158  7918     1607.2222   225     2606.0000     1525.7500   811661   41.45%          x75_76 N   8158   8157    119
   8182  7942     1614.5000   172     2606.0000     1525.7500   813088   41.45%          x74_79 N   8182   8181    143
   8228  7986     1652.6655   207     2606.0000     1525.7500   814052   41.45%          x79_73 N   8228   8227    188
Elapsed time = 2556.93 sec. (3861853.86 ticks, tree = 1628.70 MB, solutions = 3)
   8269  8023     1539.2500   196     2606.0000     1525.7500   815768   41.45%          x38_37 D   8269   8268     43
   8340  8094     1547.7353   216     2606.0000     1525.7500   817134   41.45%          x36_37 D   8340   8339    114
   8401  8155     1554.2917   221     2606.0000     1525.7500   817917   41.45%          x84_77 N   8401   8400    175
   8470  8224     1576.8333   184     2606.0000     1525.7500   818938   41.45%          x87_82 D   8470   8469    244
   8489  8237     1530.3148   235     2606.0000     1525.7586   820877   41.45%          x32_44 N   8489   8488     14
   8512  8260     1539.0000   228     2606.0000     1525.7586   845585   41.45%          x33_39 N   8512   8511     37
   8552  8300     1571.3333   208     2606.0000     1525.7586   846609   41.45%          x26_30 N   8552   8551     77
   8606  8353     1613.5556   161     2606.0000     1525.7586   847660   41.45%          x73_78 D   8606   8605    131
   8653  8395     1527.6851   220     2606.0000     1525.7910   849114   41.45%          x18_27 U   8653    224      6
   8680  8422     1538.1250   225     2606.0000     1525.7910   877373   41.45%          x73_83 D   8680   8679     33
Elapsed time = 2791.32 sec. (4127497.73 ticks, tree = 1759.24 MB, solutions = 3)
   8717  8459     1547.0000   247     2606.0000     1525.7910   878502   41.45%          x41_34 D   8717   8716     70
   8724  8466     1559.0000   191     2606.0000     1525.7910   899540   41.45%          x73_74 N   8724   8723     77
   8754  8496     1565.2586   189     2606.0000     1525.7910   901037   41.45%          x84_74 D   8754   8753    107
   8789  8531     1575.8043   170     2606.0000     1525.7910   902177   41.45%          x81_77 D   8789   8788    142
   8794  8536     1614.5000   153     2606.0000     1525.7910   903119   41.45%          x89_79 D   8794   8793    147
   8797  8535    infeasible           2606.0000     1525.7910   903850   41.45%          x88_79 N   8797   8796    149
   8800  8536     1527.1190   222     2606.0000     1525.8750   904422   41.45%          x76_75 D   8800   8799      8
   8827  8563     1535.9643   305     2606.0000     1525.8750   935943   41.45%          x73_75 N   8827   8825     28
   8849  8585     1548.0000   175     2606.0000     1525.8750   937042   41.45%          x29_28 N   8849   8847     45
   8865  8601     1554.2333   192     2606.0000     1525.8750   938042   41.45%          x85_84 U   8865   8864     56
Elapsed time = 3020.51 sec. (4390168.37 ticks, tree = 1813.28 MB, solutions = 3)
   8893  8629     1559.6250   196     2606.0000     1525.8750   939374   41.45%          x29_40 N   8893   8892     79
   8919  8655     1588.5000   158     2606.0000     1525.8750   940229   41.45%          x36_43 D   8919   8918     99
   8937  8671     1604.6667   146     2606.0000     1525.8750   940896   41.45%          x28_35 D   8937   8936    116
   8966  8694     1535.0696   199     2606.0000     1525.8750   941964   41.45%          x26_34 D   8966   8965     27
   8982  8710     1537.5415   276     2606.0000     1525.8750   969166   41.45%          x83_75 D   8982   8981     43
   9033  8761     1544.3529   221     2606.0000     1525.8750   970523   41.45%          x86_80 N   9033   9032     94
   9066  8794     1552.6429   199     2606.0000     1525.8750   972120   41.45%          x77_76 U   9066   9065    127
   9103  8831     1557.0000   138     2606.0000     1525.8750   972956   41.45%          x73_70 N   9103   9102    164
   9142  8868     1607.0000   125     2606.0000     1525.8750   973572   41.45%          x84_78 N   9142   9140    202
   9166  8892     1607.0000    90     2606.0000     1525.8750   974154   41.45%          x22_37 N   9166   9165    226
Elapsed time = 3149.47 sec. (4539815.14 ticks, tree = 1902.92 MB, solutions = 3)
   9191  8917     1611.0000   103     2606.0000     1525.8750   974414   41.45%           x22_6 N   9191   9190    251
   9221  8947     1612.1371   181     2606.0000     1525.8750   974602   41.45%          x16_27 N   9221   9220    281
   9255  8981     1619.2857   108     2606.0000     1525.8750   975108   41.45%          x12_25 N   9255   9254    315
   9280  9006     1620.5556   114     2606.0000     1525.8750   975769   41.45%          x14_27 D   9280   9279    340
   9298  9024     1621.1212   189     2606.0000     1525.8750   976078   41.45%           x24_9 D   9298   9297    358
   9323  9049     1622.0000    97     2606.0000     1525.8750   976131   41.45%          x15_22 N   9323   9322    383
   9340  9066     1624.1111   109     2606.0000     1525.8750   976184   41.45%           x10_6 D   9340   9339    400
   9352  9078     1671.0000    92     2606.0000     1525.8750   976291   41.45%           x4_23 N   9352   9351    412
   9391  9114     1549.4368   220     2606.0000     1525.9044   977654   41.45%          x29_28 U   9391   9390     46
   9427  9150     1559.9048   146     2606.0000     1525.9044   979160   41.45%          x71_83 U   9427   9426     82
Elapsed time = 3175.95 sec. (4579656.18 ticks, tree = 1983.16 MB, solutions = 3)
   9460  9183     1608.1667   144     2606.0000     1525.9044   980266   41.45%          x70_75 D   9460   9459    115
   9484  9206     1646.0000   131     2606.0000     1525.9044   980843   41.45%           x14_2 N   9484   9483    139
   9495  9213     1651.6667   128     2606.0000     1525.9044   981433   41.45%          x81_85 N   9495   9493    148
   9515  9233     1658.5000   127     2606.0000     1525.9044   982011   41.45%          x58_77 N   9515   9514    168
   9545  9257     1540.0985   220     2606.0000     1525.9253   983127   41.45%          x31_36 N   9545   9544     29
   9564  9276     1552.5000   260     2606.0000     1525.9253  1009941   41.45%          x36_30 N   9564   9563     48
   9573  9285     1563.0000   238     2606.0000     1525.9253  1020996   41.45%          x44_42 U   9573   9572     57
   9590  9302     1611.0000   201     2606.0000     1525.9253  1022453   41.45%          x79_78 D   9590   9589     74
   9634  9346     1629.7500   187     2606.0000     1525.9253  1023825   41.45%          x98_83 N   9634   9633    118
   9690  9397     1537.4444   219     2606.0000     1525.9769  1025361   41.44%          x26_31 N   9690   9689     43
Elapsed time = 3355.59 sec. (4790861.73 ticks, tree = 2061.19 MB, solutions = 3)
Nodefile size = 13.39 MB (12.58 MB after compression)
   9739  9446     1543.8333   203     2606.0000     1525.9769  1026914   41.44%            x0_7 N   9739   9738     92
   9801  9508     1563.6000   155     2606.0000     1525.9769  1027853   41.44%          x22_37 N   9801   9800    154
   9849  9554     1590.0000   127     2606.0000     1525.9769  1028637   41.44%          x69_66 N   9849   9848    201
   9870  9575     1590.7500   118     2606.0000     1525.9769  1029001   41.44%         x81_112 N   9870   9869    222
   9890  9595     1592.0000   117     2606.0000     1525.9769  1029215   41.44%          x62_52 D   9890   9889    242
   9907  9612     1593.0500   106     2606.0000     1525.9769  1029418   41.44%           x0_15 N   9907   9906    259
   9952  9657     1598.6923   120     2606.0000     1525.9769  1029773   41.44%          x22_17 N   9952   9951    304
   9980  9685     1599.6538   110     2606.0000     1525.9769  1029964   41.44%          x23_19 D   9980   9979    332
  10008  9713     1626.0000    90     2606.0000     1525.9769  1030160   41.44%          x21_16 U  10008  10007    360
  10014  9719     1658.5000    92     2606.0000     1525.9769  1030340   41.44%          x62_55 U  10014  10013    366
Elapsed time = 3385.14 sec. (4831840.11 ticks, tree = 2163.23 MB, solutions = 3)
Nodefile size = 115.83 MB (109.54 MB after compression)
  10029  9734     1672.5000    88     2606.0000     1525.9769  1030717   41.44%          x55_60 N  10029  10028    381
  10037  9742     1682.1250   102     2606.0000     1525.9769  1030928   41.44%          x48_63 D  10037  10036    389
  10050  9755     1723.0000   110     2606.0000     1525.9769  1031398   41.44%          x48_38 D  10050  10049    402
  10057  9762     1735.0000    70     2606.0000     1525.9769  1031901   41.44%         x110_99 N  10057  10056    409
  10069  9774     1735.0000    71     2606.0000     1525.9769  1032295   41.44%        x137_127 N  10069  10068    421
  10075  9780     1735.0000    49     2606.0000     1525.9769  1032835   41.44%         x104_89 N  10075  10074    427
  10079  9784     1735.1667    63     2606.0000     1525.9769  1033462   41.44%        x146_137 N  10079  10078    431
  10092  9797     1736.3623    92     2606.0000     1525.9769  1033890   41.44%         x96_111 N  10092  10091    444
  10110  9815     1737.0396   103     2606.0000     1525.9769  1034224   41.44%        x112_141 N  10110  10109    462
  10127  9832     1739.8276    77     2606.0000     1525.9769  1034509   41.44%        x122_113 D  10127  10126    479
Elapsed time = 3409.31 sec. (4873048.84 ticks, tree = 2199.67 MB, solutions = 3)
Nodefile size = 151.70 MB (143.53 MB after compression)
  10145  9850     1740.0357    82     2606.0000     1525.9769  1034606   41.44%        x122_140 D  10145  10144    497
  10161  9866     1740.1071    82     2606.0000     1525.9769  1034637   41.44%          x99_95 D  10161  10160    513
  10180  9885     1741.7000    75     2606.0000     1525.9769  1034809   41.44%        x115_127 D  10180  10179    532
  10193  9898     1753.0000    88     2606.0000     1525.9769  1035040   41.44%        x114_138 N  10193  10192    545
  10207  9912     1754.7500    70     2606.0000     1525.9769  1035225   41.44%         x102_91 D  10207  10206    559
  10220  9925     1756.2500    80     2606.0000     1525.9769  1035398   41.44%          x97_95 N  10220  10219    572
  10235  9940     1757.2500    65     2606.0000     1525.9769  1035446   41.44%          x89_96 D  10235  10234    587
  10244  9945    infeasible           2606.0000     1525.9769  1035762   41.44%         x84_113 N  10244  10242    595
  10267  9968     1540.6667   162     2606.0000     1525.9833  1036965   41.44%          x73_83 N  10267  10265     32
  10288  9989     1546.0000   165     2606.0000     1525.9833  1037841   41.44%          x80_74 D  10288  10286     47
Elapsed time = 3432.38 sec. (4913382.56 ticks, tree = 2250.59 MB, solutions = 3)
Nodefile size = 203.05 MB (192.07 MB after compression)
  10302 10003     1549.1111   170     2606.0000     1525.9833  1038764   41.44%          x81_78 N  10302  10301     59
  10319 10014     1532.4319   223     2606.0000     1526.0077  1039987   41.44%          x39_34 N  10319   6011     18
  10360 10055     1555.6400   212     2606.0000     1526.0077  1041538   41.44%          x33_39 D  10360  10359     59
  10390 10085     1579.6364   187     2606.0000     1526.0077  1042522   41.44%          x75_76 U  10390  10389     89
  10406 10101     1586.1250   155     2606.0000     1526.0077  1042783   41.44%          x85_84 U  10406  10405    105
  10442 10137     1597.2778   142     2606.0000     1526.0077  1043419   41.44%          x71_86 N  10442  10441    141
  10470 10165     1613.3261   190     2606.0000     1526.0077  1044003   41.44%          x29_39 D  10470  10469    169
  10488 10183     1648.4444   163     2606.0000     1526.0077  1044547   41.44%          x37_38 N  10488  10487    187
  10540 10235     1694.0000   146     2606.0000     1526.0077  1045078   41.44%          x19_39 D  10540  10539    239
  10576 10271     1748.3333   124     2606.0000     1526.0077  1045558   41.44%          x62_55 N  10576  10575    275
Elapsed time = 3464.94 sec. (4954168.37 ticks, tree = 2344.38 MB, solutions = 3)
Nodefile size = 297.02 MB (278.44 MB after compression)
  10610 10305     1750.0000    89     2606.0000     1526.0077  1046060   41.44%        x120_109 N  10610  10609    309
  10644 10339     1750.0000    69     2606.0000     1526.0077  1046570   41.44%        x113_133 N  10644  10643    343
  10657 10352     1752.0000    70     2606.0000     1526.0077  1046918   41.44%        x125_115 N  10657  10656    356
  10695 10390     1752.0000    50     2606.0000     1526.0077  1047204   41.44%        x130_126 N  10695  10694    394
  10730 10425     1752.0000    58     2606.0000     1526.0077  1047565   41.44%        x119_126 D  10730  10729    429
  10759 10454     1752.0000    58     2606.0000     1526.0077  1048198   41.44%         x101_94 N  10759  10758    458
  10780 10475     1752.0000    55     2606.0000     1526.0077  1048841   41.44%        x109_102 D  10780  10779    479
  10800 10495     1752.0000    54     2606.0000     1526.0077  1049348   41.44%        x109_129 D  10800  10799    499
  10824 10519     1754.0000    55     2606.0000     1526.0077  1049989   41.44%        x110_140 N  10824  10823    523
  10834 10529     1770.0000   120     2606.0000     1526.0077  1051143   41.44%          x78_79 N  10834  10833    533
Elapsed time = 3493.59 sec. (4995354.65 ticks, tree = 2431.55 MB, solutions = 3)
Nodefile size = 384.18 MB (354.65 MB after compression)
  10852 10547     1770.9286   112     2606.0000     1526.0077  1051484   41.44%          x57_53 N  10852  10851    551
  10866 10561     1775.0000    58     2606.0000     1526.0077  1051986   41.44%        x108_100 N  10866  10865    565
  10880 10575     1777.2500   101     2606.0000     1526.0077  1052322   41.44%         x97_128 D  10880  10879    579
  10890 10585     1784.0000    88     2606.0000     1526.0077  1052916   41.44%        x133_141 D  10890  10889    589
  10915 10610     1787.1111   105     2606.0000     1526.0077  1053324   41.44%          x61_58 N  10915  10914    614
  10929 10624     1791.3636   118     2606.0000     1526.0077  1053532   41.44%          x70_71 N  10929  10928    628
  10950 10645     1800.7500   111     2606.0000     1526.0077  1053732   41.44%          x58_50 D  10950  10949    649
  10966 10661     1833.0000    85     2606.0000     1526.0077  1054041   41.44%         x84_106 N  10966  10965    665
  10983 10678     1833.7333    86     2606.0000     1526.0077  1054668   41.44%        x119_145 N  10983  10982    682
  10994 10689     1844.0000    74     2606.0000     1526.0077  1055213   41.44%        x140_141 N  10994  10993    693
Elapsed time = 3520.61 sec. (5035655.17 ticks, tree = 2486.77 MB, solutions = 3)
Nodefile size = 439.40 MB (404.44 MB after compression)
  11011 10706     1845.8846    82     2606.0000     1526.0077  1055674   41.44%        x116_123 D  11011  11010    710
  11024 10719     1860.8000    84     2606.0000     1526.0077  1056821   41.44%        x124_117 N  11024  11023    723
  11032 10727     1865.3333    78     2606.0000     1526.0077  1057273   41.44%        x124_125 N  11032  11031    731
  11050 10745     1866.2314   103     2606.0000     1526.0077  1057532   41.44%        x114_123 D  11050  11049    749
  11069 10764     1871.2154    87     2606.0000     1526.0077  1057822   41.44%        x126_117 D  11069  11068    768
  11086 10781     1879.3636    87     2606.0000     1526.0077  1058292   41.44%        x134_122 D  11086  11085    785
  11094 10789     1895.5000    91     2606.0000     1526.0077  1058615   41.44%        x122_117 N  11094  11093    793
  11113 10808     1899.4504   122     2606.0000     1526.0077  1058971   41.44%        x123_112 N  11113  11112    812
  11123 10818     1909.7500    62     2606.0000     1526.0077  1059252   41.44%        x127_110 N  11123  11122    822
  11131 10826     1921.0000    60     2606.0000     1526.0077  1059586   41.44%        x133_120 D  11131  11130    830
Elapsed time = 3545.40 sec. (5077321.05 ticks, tree = 2534.82 MB, solutions = 3)
Nodefile size = 487.09 MB (447.43 MB after compression)
  11142 10837     1931.0000    53     2606.0000     1526.0077  1059977   41.44%        x123_103 N  11142  11141    841
  11157 10852     1954.0000    67     2606.0000     1526.0077  1060356   41.44%        x141_138 N  11157  11156    856
  11167 10862     1959.1000    75     2606.0000     1526.0077  1060570   41.44%        x114_100 N  11167  11166    866
  11178 10873     1980.0000    47     2606.0000     1526.0077  1060923   41.44%        x115_116 N  11178  11177    877
  11186 10881     1987.0000    34     2606.0000     1526.0077  1061079   41.44%         x89_103 N  11186  11185    885
  11193 10888     1995.2500    90     2606.0000     1526.0077  1061405   41.44%         x100_88 N  11193  11192    892
  11200 10895     2001.5000    64     2606.0000     1526.0077  1061539   41.44%        x109_130 D  11200  11199    899
  11226 10921     1534.4618   242     2606.0000     1526.0556  1063097   41.44%          x85_84 N  11226  11225     43
  11282 10977     1542.3542   216     2606.0000     1526.0556  1064249   41.44%          x73_77 D  11282  11281     99
  11353 11048     1555.1667   175     2606.0000     1526.0556  1065097   41.44%          x53_50 U  11353  11352    170
Elapsed time = 3573.44 sec. (5119704.38 ticks, tree = 2614.90 MB, solutions = 3)
Nodefile size = 566.98 MB (519.33 MB after compression)
  11387 11076     1529.4180   191     2606.0000     1526.0938  1066015   41.44%          x26_34 U  11387    652      8
  11423 11112     1535.3833   196     2606.0000     1526.0938  1067289   41.44%          x80_74 N  11423  11422     44
  11450 11139     1551.3810   188     2606.0000     1526.0938  1068445   41.44%          x36_43 D  11450  11449     71
  11485 11169     1529.0567   234     2606.0000     1526.1548  1069695   41.44%          x31_33 N  11485    656     11
  11530 11214     1538.2500   187     2606.0000     1526.1548  1071206   41.44%          x29_25 D  11530  11529     56
  11600 11284     1544.3000   205     2606.0000     1526.1548  1072078   41.44%          x51_40 D  11600  11599    126
  11678 11362     1562.2778   198     2606.0000     1526.1548  1072835   41.44%          x51_43 D  11678  11677    204
  11728 11412     1590.6389   197     2606.0000     1526.1548  1073766   41.44%          x81_78 U  11728  11727    254
  11745 11423     1528.3889   200     2606.0000     1526.1845  1074799   41.44%          x37_27 D  11745  11743     23
  11762 11440     1531.5556   182     2606.0000     1526.1845  1076057   41.44%          x85_75 D  11762  11761     35
Elapsed time = 3606.31 sec. (5162266.57 ticks, tree = 2757.39 MB, solutions = 3)
Nodefile size = 709.69 MB (647.78 MB after compression)
  11808 11486     1552.6667   156     2606.0000     1526.1845  1077361   41.44%          x84_74 N  11808  11806     78
  11819 11497     1555.0000   151     2606.0000     1526.1845  1078522   41.44%          x75_78 N  11819  11818     89
  11820 11496    infeasible           2606.0000     1526.1845  1117082   41.44%          x75_78 U  11820  11818     89
  11821 11497     1566.5000   237     2606.0000     1526.1845  1165062   41.44%          x81_85 N  11821  11819     90
  11822 11498     1582.0000   214     2606.0000     1526.1845  1211723   41.44%          x84_85 N  11822  11821     91
  11824 11500     1582.0000   201     2606.0000     1526.1845  1267759   41.44%          x93_98 N  11824  11823     93
  11825 11501     1582.0000   225     2606.0000     1526.1845  1307763   41.44%          x93_98 U  11825  11823     93
  11826 11502     1583.0000   210     2606.0000     1526.1845  1449631   41.44%         x76_104 N  11826  11825     94
  11827 11503     1587.3333   214     2606.0000     1526.1845  1663436   41.44%        x108_124 N  11827  11826     95
  11828 11504     1586.2500   211     2606.0000     1526.1845  1807780   41.44%        x108_124 N  11828  11826     95
Elapsed time = 6994.96 sec. (8802918.34 ticks, tree = 2780.62 MB, solutions = 3)
Nodefile size = 732.64 MB (669.16 MB after compression)
  11829 11505     1592.4000   225     2606.0000     1526.1845  2192672   41.44%          x89_79 N  11829  11828     96
  11830 11506     1612.0000   177     2606.0000     1526.1845  2236289   41.44%          x89_79 N  11830  11828     96
  11837 11506    infeasible           2606.0000     1526.1845  2237171   41.44%          x75_65 N  11837  11835    101
  11840 11509     1530.1858   235     2606.0000     1526.2098  2238334   41.43%          x37_25 D  11840  11839     10
  11859 11528     1537.2500   169     2606.0000     1526.2098  2239636   41.43%          x85_77 D  11859  11858     29
  11900 11569     1544.0000   178     2606.0000     1526.2098  2240990   41.43%          x71_73 D  11900  11899     70
  11939 11606     1613.2500   181     2606.0000     1526.2098  2241975   41.43%          x89_82 N  11939  11938    109
  11956 11620     1539.7000   240     2606.0000     1526.2436  2243486   41.43%          x83_77 D  11956  11955     27
  12000 11664     1544.6667   187     2606.0000     1526.2436  2244305   41.43%          x33_40 D  12000  11999     71
  12048 11712     1566.6429   229     2606.0000     1526.2436  2245407   41.43%          x37_44 D  12048  12047    119
Elapsed time = 8935.47 sec. (10979532.15 ticks, tree = 2857.93 MB, solutions = 3)
Nodefile size = 809.99 MB (740.08 MB after compression)
  12110 11774     1574.2500   184     2606.0000     1526.2436  2246196   41.43%          x75_78 D  12110  12109    181
  12141 11804     1647.1667   166     2606.0000     1526.2436  2247088   41.43%          x76_84 D  12141  12140    212
  12180 11843     1672.8333   133     2606.0000     1526.2436  2247764   41.43%          x71_69 N  12180  12179    251
  12196 11855     1533.9045   242     2606.0000     1526.2500  2248956   41.43%          x47_40 N  12196  12195     15
  12227 11886     1540.2667   233     2606.0000     1526.2500  2250062   41.43%          x86_80 N  12227  12226     46
  12283 11942     1570.1970   189     2606.0000     1526.2500  2251279   41.43%          x84_75 N  12283  12282    102
  12318 11977     1572.3333    97     2606.0000     1526.2500  2252193   41.43%         x110_96 N  12318  12317    137
  12350 12009     1613.2500   162     2606.0000     1526.2500  2253125   41.43%          x61_75 D  12350  12349    169
  12400 12059     1617.0000   100     2606.0000     1526.2500  2253280   41.43%          x15_12 N  12400  12399    219
  12426 12085     1630.0000    91     2606.0000     1526.2500  2253380   41.43%           x4_19 N  12426  12425    245
Elapsed time = 8967.43 sec. (11020243.86 ticks, tree = 2996.66 MB, solutions = 3)
Nodefile size = 949.07 MB (866.12 MB after compression)
  12453 12106     1534.3974   202     2606.0000     1526.2500  2254778   41.43%          x79_78 N  12453  12452     28
  12467 12120     1537.2000   272     2606.0000     1526.2500  2301636   41.43%          x90_83 N  12467  12466     42
  12496 12149     1543.4524   198     2606.0000     1526.2500  2302948   41.43%          x84_78 N  12496  12495     71
  12529 12182     1576.5000   222     2606.0000     1526.2500  2321661   41.43%          x78_86 N  12529  12528    104
  12556 12209     1577.0000   154     2606.0000     1526.2500  2322302   41.43%        x135_134 U  12556  12555    131
  12584 12237     1582.0000   149     2606.0000     1526.2500  2322570   41.43%          x12_26 N  12584  12583    159
  12618 12271     1585.5000   162     2606.0000     1526.2500  2322989   41.43%           x10_8 N  12618  12617    193
  12653 12306     1587.5000   151     2606.0000     1526.2500  2323243   41.43%          x28_19 N  12653  12652    228
  12682 12335     1620.0000   153     2606.0000     1526.2500  2323563   41.43%          x21_30 U  12682  12681    257
  12709 12358     1673.2500   176     2606.0000     1526.2500  2324097   41.43%          x41_45 N  12709  12707    282
Elapsed time = 9278.61 sec. (11359233.49 ticks, tree = 3099.10 MB, solutions = 3)
Nodefile size = 1051.72 MB (958.21 MB after compression)
  12727 12370     1532.1342   219     2606.0000     1526.2614  2325079   41.43%          x44_42 U  12727  12726     14
  12737 12380     1549.8393   231     2606.0000     1526.2614  2326113   41.43%          x36_38 N  12737  12734     19
  12753 12396     1546.9880   205     2606.0000     1526.2614  2327427   41.43%          x83_77 D  12753  12751     30
  12760 12403     1552.5566   262     2606.0000     1526.2614  2350930   41.43%          x79_73 N  12760  12758     35
  12784 12427     1550.1667   183     2606.0000     1526.2614  2351780   41.43%          x83_76 D  12784  12782     55
  12808 12451     1557.3333   172     2606.0000     1526.2614  2352726   41.43%          x77_76 N  12808  12806     73
  12841 12480     1531.0777   240     2606.0000     1526.2619  2353674   41.43%          x75_77 D  12841  12840     29
  12882 12521     1544.8571   232     2606.0000     1526.2619  2354573   41.43%          x81_76 D  12882  12881     70
  12910 12545     1532.6000   192     2606.0000     1526.2692  2355763   41.43%          x79_78 N  12910  12909     26
  12942 12577     1547.2143   161     2606.0000     1526.2692  2357306   41.43%          x82_81 N  12942  12941     58
Elapsed time = 9419.80 sec. (11519512.99 ticks, tree = 3182.43 MB, solutions = 3)
Nodefile size = 1134.80 MB (1033.99 MB after compression)
  12977 12609     1530.9935   200     2606.0000     1526.2711  2358735   41.43%          x76_73 D  12977  12976     43
  13010 12642     1562.5000   189     2606.0000     1526.2711  2381956   41.43%          x74_78 N  13010  13009     76
  13038 12666     1535.9000   216     2606.0000     1526.2942  2383516   41.43%          x26_27 D  13038  13037     40
  13078 12706     1542.1250   149     2606.0000     1526.2942  2384679   41.43%          x72_73 N  13078  13077     80
  13102 12729     1568.4000   223     2606.0000     1526.2942  2422060   41.43%          x74_78 N  13102  13101    104
  13114 12741     1575.5000   125     2606.0000     1526.2942  2423488   41.43%          x67_54 N  13114  13113    116
  13127 12748     1531.9180   211     2606.0000     1526.3000  2424591   41.43%          x38_34 N  13127  13126     16
  13147 12768     1548.1818   195     2606.0000     1526.3000  2425880   41.43%          x40_30 N  13147  13145     30
  13159 12780     1546.7800   210     2606.0000     1526.3000  2426854   41.43%          x31_30 D  13159  13157     38
  13177 12796     1557.2500   156     2606.0000     1526.3000  2427473   41.43%          x31_33 U  13177  13175     51
Elapsed time = 9775.53 sec. (11884230.59 ticks, tree = 3265.62 MB, solutions = 3)
Nodefile size = 1218.49 MB (1111.62 MB after compression)
  13188 12807     1562.6000   164     2606.0000     1526.3000  2428063   41.43%          x79_82 D  13188  13186     58
Starting limited solution polishing.
  13208 12827     1589.5000   126     2606.0000     1526.3000  2429126   41.43%          x82_78 N  13208  13206     75
  13226 12839     1529.0577   222     2606.0000     1526.3077  2430545   41.43%          x75_77 D  13226  13225     14
  13270 12883     1541.9000   215     2606.0000     1526.3077  2431860   41.43%          x33_36 D  13270  13269     58
  13326 12939     1547.1296   225     2606.0000     1526.3077  2432420   41.43%          x33_49 D  13326  13325    114
  13390 13003     1580.1429   193     2606.0000     1526.3077  2433370   41.43%          x40_30 D  13390  13389    178
  13405 13014     1528.9167   222     2606.0000     1526.3714  2433960   41.43%           x6_34 U  13405    526     24
  13435 13044     1538.1667   140     2606.0000     1526.3714  2435190   41.43%          x78_73 D  13435  13434     54
  13480 13087    infeasible           2606.0000     1526.3714  2436162   41.43%          x74_78 D  13480  13479     99
  13531 13138     1569.8895   178     2606.0000     1526.3714  2436641   41.43%          x30_27 D  13531  13530    149
Elapsed time = 9806.54 sec. (11923041.33 ticks, tree = 3396.78 MB, solutions = 3)
Nodefile size = 1348.78 MB (1227.79 MB after compression)
  13600 13207     1577.2927   173     2606.0000     1526.3714  2437257   41.43%          x18_26 D  13600  13599    218
  13665 13272     1587.6667   145     2606.0000     1526.3714  2437765   41.43%          x36_51 N  13665  13664    283
  13698 13305     1598.0000   149     2606.0000     1526.3714  2438183   41.43%          x55_47 D  13698  13697    316
  13728 13335     1617.0000   157     2606.0000     1526.3714  2438433   41.43%          x41_38 D  13728  13727    346
  13755 13358     1538.6593   239     2606.0000     1526.3750  2439592   41.43%          x84_74 N  13755  13754     30
  13795 13398     1550.8000   194     2606.0000     1526.3750  2440565   41.43%          x43_41 U  13795  13794     70
  13814 13417     1556.5000   155     2606.0000     1526.3750  2441185   41.43%            x3_2 N  13814  13813     89
  13840 13443     1558.4545   169     2606.0000     1526.3750  2441842   41.43%          x75_76 D  13840  13839    115
  13863 13462    infeasible           2606.0000     1526.3750  2468655   41.43%          x74_78 U  13863  13861    137
  13885 13484     1536.4000   171     2606.0000     1526.3914  2469923   41.43%          x85_84 U  13885  13884     32
Elapsed time = 9976.12 sec. (12113027.99 ticks, tree = 3530.08 MB, solutions = 3)
Nodefile size = 1482.77 MB (1345.37 MB after compression)
  13911 13510     1542.2619   167     2606.0000     1526.3914  2470808   41.43%          x73_77 N  13911  13910     58
  13933 13528     1539.2286   234     2606.0000     1526.4286  2472005   41.43%          x36_47 N  13933  13932     18
  13959 13554     1547.4706   176     2606.0000     1526.4286  2473153   41.43%          x37_34 N  13959  13957     37
  13976 13571     1565.1667   200     2606.0000     1526.4286  2473992   41.43%          x73_83 D  13976  13975     48
  13990 13585     1594.0000   135     2606.0000     1526.4286  2474558   41.43%          x38_32 N  13990  13988     56
  14000 13595     1588.5000   152     2606.0000     1526.4286  2474869   41.43%          x33_35 U  14000  13998     63
  14021 13616     1591.0000   153     2606.0000     1526.4286  2475581   41.43%          x30_31 U  14021  14020     81
  14037 13632     1603.2857   186     2606.0000     1526.4286  2476016   41.43%          x30_20 N  14037  14035     92
  14056 13649     1633.0667   145     2606.0000     1526.4286  2476815   41.43%          x33_23 N  14056  14055    106
  14074 13665    infeasible           2606.0000     1526.4286  2477153   41.43%          x27_20 N  14074  14072    120
Elapsed time = 10004.96 sec. (12154985.60 ticks, tree = 3600.36 MB, solutions = 3)
Nodefile size = 1553.02 MB (1407.22 MB after compression)
  14082 13669     1531.7286   269     2606.0000     1526.4619  2505256   41.43%          x31_20 N  14082  14081     12
  14094 13681     1534.6667   272     2606.0000     1526.4619  2530803   41.43%          x37_25 D  14094  14093     24
  14126 13711     1544.0348   247     2606.0000     1526.4619  2532045   41.43%          x83_76 D  14126  14125     55
  14174 13757     1580.0000   156     2606.0000     1526.4619  2533409   41.43%          x74_78 N  14174  14172    102
  14192 13771     1532.1562   205     2606.0000     1526.4625  2535067   41.43%          x39_31 D  14192  14191     23
  14229 13808     1538.6667   145     2606.0000     1526.4625  2535800   41.43%          x76_82 D  14229  14228     60
  14243 13818    infeasible           2606.0000     1526.4625  2537064   41.43%          x81_78 U  14243  14241     73
  14288 13863     1537.4444   220     2606.0000     1526.4965  2538444   41.42%          x25_11 D  14288  14287     48
  14332 13907     1545.5833   235     2606.0000     1526.4965  2539346   41.42%          x30_26 D  14332  14331     92
  14384 13955     1533.0000   182     2606.0000     1526.5000  2540702   41.42%          x79_73 D  14384  14383     19
Elapsed time = 10281.22 sec. (12460728.69 ticks, tree = 3714.18 MB, solutions = 3)
Nodefile size = 1666.76 MB (1508.44 MB after compression)
  14412 13983     1545.3333   231     2606.0000     1526.5000  2541651   41.42%          x31_33 N  14412  14411     47
  14449 14020     1569.9208   225     2606.0000     1526.5000  2542829   41.42%          x27_37 N  14449  14448     84
  14485 14056     1576.0667   182     2606.0000     1526.5000  2543779   41.42%          x76_82 D  14485  14484    120
  14507 14074     1532.8000   213     2606.0000     1526.5000  2544971   41.42%         x110_96 U  14507     19     14
  14527 14094     1543.7917   158     2606.0000     1526.5000  2546082   41.42%          x76_73 N  14527  14525     29
  14547 14114     1549.1667   152     2606.0000     1526.5000  2546765   41.42%          x75_74 N  14547  14545     43
  14570 14137     1552.0000    89     2606.0000     1526.5000  2547267   41.42%          x26_20 N  14570  14568     60
  14586 14153     1557.3333   146     2606.0000     1526.5000  2547661   41.42%          x30_26 N  14586  14584     73
  14601 14168     1553.3333    83     2606.0000     1526.5000  2547955   41.42%          x25_26 D  14601  14600     87
  14625 14192     1570.0000    98     2606.0000     1526.5000  2548289   41.42%          x26_30 N  14625  14623    107
Elapsed time = 10313.68 sec. (12503199.44 ticks, tree = 3807.54 MB, solutions = 3)
Nodefile size = 1759.60 MB (1590.95 MB after compression)
  14640 14207     1555.6667    92     2606.0000     1526.5000  2548765   41.42%          x32_44 U  14640  14638    119
  14664 14227    infeasible           2606.0000     1526.5000  2549118   41.42%          x28_26 N  14664  14662    141
  14665 14228     1534.0000   219     2606.0000     1526.5000  2582817   41.42%          x38_34 U  14665     18     13
  14681 14244     1539.1176   284     2606.0000     1526.5000  2622320   41.42%          x75_74 N  14681  14680     29
  14700 14263     1545.0000   117     2606.0000     1526.5000  2623204   41.42%          x76_73 D  14700  14699     48
  14737 14300     1552.5000   161     2606.0000     1526.5000  2624209   41.42%          x77_76 N  14737  14736     85
  14767 14328     1580.0000    85     2606.0000     1526.5000  2624990   41.42%          x81_93 N  14767  14766    114
  14800 14361     1580.5789    97     2606.0000     1526.5000  2625277   41.42%            x6_9 D  14800  14799    147
  14850 14411     1581.0625    99     2606.0000     1526.5000  2625613   41.42%          x23_29 D  14850  14849    197
  14900 14461     1582.2727    91     2606.0000     1526.5000  2625789   41.42%            x6_1 D  14900  14899    247
Elapsed time = 10734.19 sec. (12929049.43 ticks, tree = 3824.49 MB, solutions = 3)
Nodefile size = 1776.51 MB (1605.46 MB after compression)
  14941 14502     1587.4000    86     2606.0000     1526.5000  2625931   41.42%           x5_14 N  14941  14940    288
  14949 14508    infeasible           2606.0000     1526.5000  2626573   41.42%            x9_1 N  14949  14948    296

Zero-half cuts applied:  1
User cuts applied:  49293

Root node processing (before b&c):
  Real time             =  319.42 sec. (1012875.73 ticks)
Sequential b&c:
  Real time             = 10480.72 sec. (11981155.76 ticks)
                          ------------
Total (root+branch&cut) = 10800.14 sec. (12994031.49 ticks)

