Version identifier: 22.1.0.0 | 2022-03-09 | 1a383f8ce
CPXPARAM_Preprocessing_Reduce                    1
CPXPARAM_Threads                                 1
CPXPARAM_Preprocessing_Reformulations            0
CPXPARAM_Emphasis_MIP                            2
CPXPARAM_MIP_Limits_CutPasses                    300
CPXPARAM_TimeLimit                               10800
CPXPARAM_MIP_Limits_TreeMemory                   20000
Legacy callback                                  BbLUID
         Disabling repeat represolve because of lazy constraint/incumbent callback.
1 of 1 MIP starts provided solutions.
MIP start 'm1' defined initial solution with objective 727.4534.
Tried aggregator 1 time.
MIP Presolve eliminated 513 rows and 0 columns.
MIP Presolve modified 204 coefficients.
Reduced MIP has 277 rows, 1084 columns, and 3115 nonzeros.
Reduced MIP has 1084 binaries, 0 generals, 0 SOSs, and 0 indicators.
Presolve time = 0.00 sec. (1.62 ticks)
Probing time = 0.00 sec. (2.42 ticks)
Clique table members: 277.
MIP emphasis: optimality.
MIP search method: traditional branch-and-cut.
Parallel mode: none, using 1 thread.
Root relaxation solution time = 0.00 sec. (0.79 ticks)

        Nodes                                         Cuts/
   Node  Left     Objective  IInf  Best Integer    Best Bound    ItCnt     Gap         Variable B NodeID Parent  Depth

*     0+    0                          727.4534        0.0000           100.00%
      0     0      614.9015    32      727.4534      577.2856       59   20.64%
      0     0      639.8494    53      727.4534      Cuts: 26       88   12.04%
      0     0      639.9874     8      727.4534       Cuts: 7       90   12.02%
      0     0      653.6449    30      727.4534      Cuts: 15      110   10.15%
      0     0      655.1521    83      727.4534       Cuts: 6      134    9.94%
      0     0      658.3918    32      727.4534       Cuts: 3      143    9.49%
      0     0      662.7500    83      727.4534       Cuts: 4      165    8.89%
      0     0      664.3595    72      727.4534       Cuts: 4      183    8.67%
      0     0      665.7124    50      727.4534   ZeroHalf: 3      191    8.49%
      0     0      666.1473    81      727.4534       Cuts: 4      199    8.43%
      0     0      666.2598    85      727.4534       Cuts: 6      207    8.41%
      0     0      666.8616    24      727.4534       User: 8      215    8.33%
      0     0      667.1044    85      727.4534       Cuts: 5      229    8.30%
      0     0      667.3693    76      727.4534       Cuts: 3      238    8.26%
      0     0      668.2095    97      727.4534       Cuts: 5      260    8.14%
      0     0      668.2351    98      727.4534       User: 1      266    8.14%
      0     0      668.3079    96      727.4534       Cuts: 2      270    8.13%
      0     0      669.3310    72      727.4534       User: 1      292    7.99%
      0     0      670.2957    93      727.4534   ZeroHalf: 1      307    7.86%
      0     0      670.4449    97      727.4534   ZeroHalf: 1      317    7.84%
      0     0      670.4599   100      727.4534       Cuts: 8      320    7.83%
      0     0      670.7812    74      727.4534   ZeroHalf: 3      332    7.79%
      0     0      670.9045   106      727.4534   ZeroHalf: 3      338    7.77%
      0     0      670.9431    99      727.4534   ZeroHalf: 1      342    7.77%
      0     2      671.8116   104      727.4534      672.7618      342    7.52%                        0             0
Elapsed time = 0.10 sec. (166.80 ticks, tree = 0.01 MB, solutions = 1)
      2     4      682.9122   103      727.4534      680.8148      607    6.41%          x27_12 N      2      1      2
      6     8      699.8700   106      727.4534      680.8148     1222    6.41%          x30_16 N      6      3      4
     18    18      723.6381    89      727.4534      680.8148     2172    6.41%           x2_28 N     18     16     13
     45    37      712.9158    76      727.4534      680.8804     3186    6.40%           x4_19 N     45     44     17
     67    51      698.4592   107      727.4534      691.9824     4531    4.88%          x30_16 N     67     64      3
     94    78      704.6786    96      727.4534      698.3908     5901    4.00%          x30_16 D     94     68      6
    119   100      702.3355   102      727.4534      699.5664     7635    3.83%          x23_29 D    119     97      5
    145   125      704.5577   116      727.4534      700.6939    10063    3.68%          x30_16 D    145     65      4
    173   151      711.4549    92      727.4534      702.3606    11979    3.45%           x3_28 U    173    119      6
    282   248      706.2622    55      727.4534      705.3791    20521    3.03%          x21_29 D    282    241     16
Elapsed time = 1.56 sec. (3340.48 ticks, tree = 0.45 MB, solutions = 1)
    400   354      714.9251   111      727.4534      707.3914    28536    2.76%          x22_21 N    400    251      7
    555   501      709.6304    95      727.4534      708.6655    37480    2.58%          x25_35 U    555    489     17
    710   639      711.3955    90      727.4534      709.5149    46287    2.47%           x5_33 D    710    709     22
    835   758      711.3346    90      727.4534      710.2022    53145    2.37%          x19_25 D    835    645     16
    973   875      717.7624    37      727.4534      710.8059    60182    2.29%          x26_15 U    973    727     28
   1117  1007      716.8771    72      727.4534      711.2148    67082    2.23%          x28_34 U   1117    700     18
   1279  1157        cutoff            727.4534      711.7389    75048    2.16%          x12_18 U   1279    710     23
   1419  1280      721.0906    77      727.4534      712.1047    82335    2.11%          x29_34 U   1419    420     25
   1550  1397      718.9332   103      727.4534      712.4253    89834    2.07%          x23_29 N   1550    269      6
   1669  1498      720.4439    71      727.4534      712.7862    96581    2.02%          x28_34 N   1669   1150     18
Elapsed time = 7.07 sec. (12964.90 ticks, tree = 4.01 MB, solutions = 1)
   1814  1614      720.1057    27      727.4534      713.0659   104377    1.98%           x6_14 U   1814   1458     34
   1972  1742      715.0500   100      727.4534      713.3359   111905    1.94%          x28_34 D   1972    916     15
   2114  1864      715.0336    28      727.4534      713.5753   119278    1.91%          x11_34 D   2114   1661     29
   2296  2027        cutoff            727.4534      713.8165   127120    1.87%          x23_31 U   2296   1843     17
   2463  2152      715.6953    49      727.4534      714.0266   134922    1.85%          x11_34 D   2463   2086     34
   2597  2270      715.0997    23      727.4534      714.1531   141191    1.83%           x1_21 D   2597   1298     35
   2750  2402      722.1577    13      727.4534      714.3224   148310    1.81%           x7_33 U   2750   2362     37
   2904  2520      716.5524    23      727.4534      714.5013   155793    1.78%           x6_14 D   2904   2717     32
   3076  2666      716.3777    21      727.4534      714.6700   163061    1.76%          x21_31 U   3076   3075     22
   3254  2802        cutoff            727.4534      714.8071   170205    1.74%          x34_16 U   3254    971     13
Elapsed time = 12.32 sec. (22533.00 ticks, tree = 5.03 MB, solutions = 1)
   3393  2915      717.6310    24      727.4534      714.9295   177607    1.72%           x8_10 U   3393   2261     18
   3556  3055      716.1916    21      727.4534      715.0404   184483    1.71%          x21_31 U   3556   3263     36
   3691  3176      717.3490    29      727.4534      715.1482   190758    1.69%          x12_11 D   3691   1823     32
   3848  3309      716.3358    94      727.4534      715.2634   197587    1.68%           x2_34 D   3848   3432     20
   4002  3430      716.0944    11      727.4534      715.3630   203906    1.66%          x12_11 U   4002   1971     23
   4177  3571      722.0250    79      727.4534      715.4626   210685    1.65%          x28_34 U   4177   3398     18
   4313  3664      715.6445    48      727.4534      715.5661   216733    1.63%          x11_36 D   4313   2987     31
   4448  3775      716.8602    44      727.4534      715.6419   223351    1.62%          x13_14 D   4448   3025     26
   4620  3911      717.9730    38      727.4534      715.7169   229326    1.61%          x31_20 U   4620   3950     44
   4760  4030      715.9246    17      727.4534      715.7992   235511    1.60%           x26_7 D   4760   3141     38
Elapsed time = 17.32 sec. (32106.78 ticks, tree = 6.03 MB, solutions = 1)
   4900  4146      716.5757    41      727.4534      715.8662   241285    1.59%          x31_29 D   4900    760     35
   5035  4258      718.4497    16      727.4534      715.9374   247143    1.58%           x6_14 D   5035   3268     23
   5167  4361      718.3945    42      727.4534      715.9925   253337    1.58%          x33_26 D   5167   5166     41
   5294  4449      725.1380   115      727.4534      716.0492   259321    1.57%          x28_36 N   5294   4399     17
   5414  4542        cutoff            727.4534      716.1133   264934    1.56%          x23_31 U   5414   5412     15
   5550  4657      716.2713    24      727.4534      716.1726   270733    1.55%           x7_33 D   5550   3959     23
   5680  4768      722.9707    39      727.4534      716.2257   276532    1.54%          x13_33 U   5680   5678     23
   5808  4869      724.1206    92      727.4534      716.2826   282369    1.54%          x28_34 U   5808   5120     14
   5958  4992      716.4419    13      727.4534      716.3331   288040    1.53%          x33_26 U   5958   4888     39
   6087  5103      718.3693    35      727.4534      716.3842   293885    1.52%          x31_20 U   6087   6085     32
Elapsed time = 22.11 sec. (41732.53 ticks, tree = 7.72 MB, solutions = 1)
   6213  5212      718.5178    42      727.4534      716.4395   299686    1.51%          x13_10 U   6213   6003     17
   6333  5309      725.7552    38      727.4534      716.4916   305471    1.51%           x7_33 U   6333   5745     38
   6462  5421      717.8469   100      727.4534      716.5350   311102    1.50%          x28_34 D   6462   5334     13
   6594  5521      718.9487    10      727.4534      716.5881   317021    1.49%           x12_8 D   6594   4429     30
   6720  5631      722.2980    10      727.4534      716.6320   322524    1.49%           x26_7 U   6720   6718     28
   6843  5731      717.4619    31      727.4534      716.6824   328041    1.48%          x11_29 U   6843   6842     34
   6981  5856      725.0834    51      727.4534      716.7348   333479    1.47%          x26_20 U   6981   6979     34
   7099  5954      717.9557    11      727.4534      716.7814   338421    1.47%          x21_31 D   7099   3134     27
   7217  6046      719.5849    10      727.4534      716.8235   343542    1.46%           x8_10 D   7217   6329     43
   7359  6160      721.2521    20      727.4534      716.8661   349067    1.46%          x21_20 U   7359   4588     32
Elapsed time = 26.71 sec. (51317.79 ticks, tree = 9.30 MB, solutions = 1)
   7489  6272      716.9808    18      727.4534      716.9083   354639    1.45%           x5_33 D   7489   6359     40
   7608  6363      727.4498    63      727.4534      716.9563   360201    1.44%           x2_34 U   7608   5249     24
   7746  6480      722.9734    79      727.4534      716.9970   365324    1.44%           x5_33 U   7746   7744     21
   7872  6573      721.3724    18      727.4534      717.0225   370225    1.43%           x26_7 U   7872   6882     30
   8010  6683      718.5254    38      727.4534      717.0702   375447    1.43%          x21_31 D   8010   2938     21
   8144  6787      718.0316    10      727.4534      717.1065   380386    1.42%          x12_11 U   8144   2809     18
   8270  6899      721.4795    14      727.4534      717.1377   385827    1.42%          x13_14 U   8270   4948     34
   8393  6996      719.6449    29      727.4534      717.1771   391031    1.41%          x12_11 U   8393   6760     26
   8498  7078      723.2448    66      727.4534      717.1973   395353    1.41%            x6_8 U   8498   5533     30
   8616  7168      726.4655    43      727.4534      717.2249   400548    1.41%          x13_33 U   8616   8614     23
Elapsed time = 31.14 sec. (60914.94 ticks, tree = 10.04 MB, solutions = 1)
   8730  7267      720.0261    33      727.4534      717.2567   405867    1.40%          x17_34 U   8730   7466     24
   8846  7370        cutoff            727.4534      717.2873   410704    1.40%           x2_34 U   8846   1777     18
   8961  7461      718.8012    58      727.4534      717.3219   416019    1.39%           x10_8 D   8961   1309     15
   9070  7555      718.0890    49      727.4534      717.3552   421054    1.39%           x12_8 D   9070   4630     42
   9188  7652      723.6394    18      727.4534      717.3868   426226    1.38%          x13_14 U   9188   3194     36
   9303  7751      718.7239    39      727.4534      717.4146   431184    1.38%          x13_10 U   9303   7189     26
   9415  7851      719.6207    46      727.4534      717.4450   436249    1.38%          x13_10 D   9415   6818     32
   9543  7954      718.1783    14      727.4534      717.4738   441390    1.37%           x13_5 D   9543   6581     24
   9663  8055      726.0052    36      727.4534      717.5001   446451    1.37%          x32_10 N   9663   8960     40
   9788  8162      718.2727    26      727.4534      717.5303   451364    1.36%          x13_14 D   9788   4866     35
Elapsed time = 35.54 sec. (70512.42 ticks, tree = 11.20 MB, solutions = 1)
   9889  8234      718.5177    79      727.4534      717.5616   456473    1.36%          x18_25 D   9889   7878     26
  10009  8335      719.5013    34      727.4534      717.5853   461283    1.36%            x6_8 N  10009   5732     28
  10123  8431      721.2721    22      727.4534      717.6170   466330    1.35%          x13_10 U  10123   6862     27
  10234  8519        cutoff            727.4534      717.6461   471626    1.35%           x8_33 U  10234   9909     28
  10349  8619      723.8451    26      727.4534      717.6780   476428    1.34%           x26_6 U  10349  10347     35
  10460  8709      721.3426    41      727.4534      717.7050   481352    1.34%            x8_6 U  10460   3733     25
  10577  8803      719.9481    83      727.4534      717.7415   486108    1.34%           x5_33 D  10577   3630     26
  10702  8912      726.6119    23      727.4534      717.7710   490741    1.33%           x7_33 U  10702   5545     39
  10820  9008        cutoff            727.4534      717.8006   495423    1.33%           x5_26 U  10820  10818     42
  10939  9099      719.1176    20      727.4534      717.8255   500567    1.32%          x26_20 D  10939   4419     26
Elapsed time = 39.92 sec. (80100.54 ticks, tree = 12.62 MB, solutions = 1)
  11047  9183      718.9931    20      727.4534      717.8529   505244    1.32%          x21_31 D  11047   9490     34
  11155  9281      724.2796    10      727.4534      717.8781   509995    1.32%            x6_8 U  11155   8044     22
  11261  9366      722.3873    12      727.4534      717.9050   514601    1.31%           x7_31 U  11261   8576     29
  11388  9467        cutoff            727.4534      717.9357   519333    1.31%          x26_20 U  11388  11386     33
  11492  9553      724.0084    40      727.4534      717.9563   523790    1.31%           x11_8 U  11492  11490     32
  11592  9635      725.5770    33      727.4534      717.9797   528220    1.30%          x26_20 U  11592   8570     32
  11710  9735      718.0713    43      727.4534      717.9996   532586    1.30%          x20_29 D  11710  11709     39
  11820  9828      719.6926    12      727.4534      718.0253   537166    1.30%           x33_5 U  11820  11244     18
  11931  9912      718.2940    31      727.4534      718.0466   542180    1.29%          x33_10 D  11931  11287     33
  12381 10280      718.3651    69      727.4534      718.1317   559400    1.28%          x13_10 D  12381  10178     50
Elapsed time = 45.47 sec. (92528.90 ticks, tree = 14.03 MB, solutions = 1)
  12806 10607      718.8549    37      727.4534      718.2195   577888    1.27%          x12_11 U  12806   5772     48
  13233 10959      718.2999    40      727.4534      718.3000   595665    1.26%            x7_8 D  13233  12697     34
  13657 11297        cutoff            727.4534      718.3791   612069    1.25%            x5_8 U  13657   9081     40
  14069 11634      720.1946    29      727.4534      718.4513   629137    1.24%          x31_20 D  14069   2836     40
  14490 11949      718.5452    18      727.4534      718.5138   646042    1.23%          x33_10 D  14490  11759     48
  14898 12263      720.1403    27      727.4534      718.5832   663828    1.22%          x33_26 U  14898  13136     45
  15308 12558      718.7044    30      727.4534      718.6478   680985    1.21%          x13_14 N  15308  14176     48
  15726 12871      719.1538    91      727.4534      718.7161   698126    1.20%           x25_8 D  15726   6930     16
  16144 13212        cutoff            727.4534      718.7756   714695    1.19%          x20_34 U  16144   7010     25
  16550 13507      725.4675    12      727.4534      718.8333   732301    1.18%            x5_8 D  16550   7133     45
Elapsed time = 62.22 sec. (130725.00 ticks, tree = 17.52 MB, solutions = 1)
  16934 13783      726.5752    26      727.4534      718.8888   748771    1.18%          x21_20 U  16934  12654     38
  17333 14085      719.6972    25      727.4534      718.9523   764926    1.17%            x5_8 U  17333  14054     45
  17750 14386      719.4955    35      727.4534      719.0094   780887    1.16%          x13_10 D  17750  16477     32
  18151 14665      719.2065    39      727.4534      719.0687   796767    1.15%          x13_33 D  18151  11583     52
  18539 14945      720.2184    27      727.4534      719.1165   812616    1.15%          x26_15 D  18539   9093     40
  18910 15212      719.5957    49      727.4534      719.1649   828465    1.14%          x13_10 N  18910  17020     49
  19278 15482      719.6929    10      727.4534      719.2092   843786    1.13%            x5_8 D  19278  10563     59
  19679 15747      726.8333    42      727.4534      719.2607   859540    1.13%           x6_10 U  19679  16979     32
  20042 15997      722.9893    31      727.4534      719.3020   875760    1.12%           x8_10 N  20042  12985     32
  20417 16260      725.0252    56      727.4534      719.3477   890476    1.11%          x21_26 N  20417  17923     54
Elapsed time = 78.31 sec. (168934.99 ticks, tree = 20.80 MB, solutions = 1)
  20790 16520      727.0953    40      727.4534      719.3931   905966    1.11%          x21_11 D  20790  20788     32
  21146 16758        cutoff            727.4534      719.4349   921029    1.10%            x7_8 U  21146  13891     39
  21513 17010      720.5276    19      727.4534      719.4773   936714    1.10%           x6_10 D  21513  21512     30
  21888 17282      727.2578    25      727.4534      719.5179   952028    1.09%           x26_7 U  21888  18660     46
  22238 17528      726.8782    39      727.4534      719.5588   967332    1.09%          x21_11 N  22238  20115     49
  22591 17748      719.6031    44      727.4534      719.5984   981248    1.08%          x13_10 D  22591  11804     42
  22957 17980      726.4825    18      727.4534      719.6395   995801    1.07%           x6_13 U  22957  17666     43
  23322 18241      719.7931    14      727.4534      719.6810  1010150    1.07%           x6_10 D  23322  23321     34
  23686 18505      723.9958    27      727.4534      719.7216  1024896    1.06%          x21_26 U  23686  17777     23
  24045 18727      725.0247    48      727.4534      719.7543  1039353    1.06%           x11_8 U  24045  24043     23
Elapsed time = 93.97 sec. (207132.30 ticks, tree = 24.64 MB, solutions = 1)
  24411 18968      719.9717    28      727.4534      719.7960  1053799    1.05%          x14_33 N  24411  19759     56
  24768 19232      722.3389    28      727.4534      719.8310  1068274    1.05%            x6_8 U  24768  24766     43
  25121 19460      720.8905    48      727.4534      719.8704  1082910    1.04%            x5_8 U  25121  21221     52
  25504 19712      723.6409    22      727.4534      719.9035  1096331    1.04%          x13_10 D  25504  14404     35
  25860 19970      723.7790    52      727.4534      719.9414  1110458    1.03%           x6_13 D  25860  25859     49
  26222 20224      720.5748    36      727.4534      719.9747  1124879    1.03%          x21_26 D  26222  26221     28
  26577 20454      720.8926    31      727.4534      720.0103  1138874    1.02%           x26_7 D  26577  26576     38
  26912 20678      722.2309    10      727.4534      720.0489  1152650    1.02%           x6_10 D  26912  14875     50
  27249 20885      721.7920    29      727.4534      720.0812  1166644    1.01%           x8_10 N  27249  21539     39
  27604 21121      723.0652    35      727.4534      720.1120  1180781    1.01%            x6_5 N  27604  25230     54
Elapsed time = 109.37 sec. (245338.18 ticks, tree = 27.08 MB, solutions = 1)
  27964 21333        cutoff            727.4534      720.1428  1194517    1.00%           x11_8 U  27964  22627     38
  28309 21561      723.4827    33      727.4534      720.1719  1208486    1.00%          x33_15 D  28309  28308     50
  28680 21790      721.3775    10      727.4534      720.1990  1222076    1.00%           x26_7 N  28680  16407     44
  29017 21997        cutoff            727.4534      720.2273  1235192    0.99%           x21_7 U  29017  27433     27
  29353 22204      726.3529    10      727.4534      720.2567  1248631    0.99%           x15_7 U  29353  20288     29
  29682 22432      720.3369    33      727.4534      720.2836  1261952    0.99%          x13_33 D  29682  18188     23
  30002 22630      723.4655    23      727.4534      720.3115  1274952    0.98%           x7_33 D  30002  12882     33
  30344 22850      721.0202    66      727.4534      720.3346  1288731    0.98%           x2_19 D  30344  29315     39
  30673 23061      724.2337    79      727.4534      720.3590  1302125    0.98%           x11_8 U  30673  30671     49
  31001 23273      722.3213    45      727.4534      720.3871  1315011    0.97%           x6_10 U  31001  27361     45
Elapsed time = 124.47 sec. (283538.81 ticks, tree = 29.71 MB, solutions = 1)
  31326 23482      724.7219    16      727.4534      720.4134  1328817    0.97%            x2_1 U  31326  14391     33
  31652 23655      724.4237    34      727.4534      720.4411  1341336    0.96%           x6_13 U  31652  25805     47
  31992 23856      720.5683    19      727.4534      720.4685  1354202    0.96%           x11_8 D  31992  28945     42
  32320 24065      721.1572    42      727.4534      720.4961  1366778    0.96%            x5_8 D  32320  30114     29
  32664 24307      723.2862    38      727.4534      720.5230  1379956    0.95%            x6_5 U  32664  24309     43
  32990 24504      724.7722    42      727.4534      720.5498  1392056    0.95%           x13_5 U  32990  32989     37
  33318 24695      725.2454    32      727.4534      720.5758  1404973    0.95%           x11_8 N  33318  26317     32
  33635 24859      725.8075    44      727.4534      720.6018  1418003    0.94%            x6_8 U  33635  15301     38
  33976 25068      722.7498    22      727.4534      720.6251  1430072    0.94%          x13_14 U  33976  31070     45
  34297 25282      721.8562    32      727.4534      720.6498  1442353    0.94%          x26_15 D  34297  13122     42
Elapsed time = 139.40 sec. (321764.13 ticks, tree = 32.30 MB, solutions = 1)
  34627 25460        cutoff            727.4534      720.6747  1454991    0.93%          x33_10 U  34627  32316     37
  34938 25654      726.4138    30      727.4534      720.6969  1467997    0.93%          x21_11 U  34938  31387     39
  35259 25841      722.9053    19      727.4534      720.7209  1480927    0.93%           x6_14 D  35259  24054     35
  35567 26012      724.2045   109      727.4534      720.7440  1493213    0.92%          x18_25 U  35567    667     20
  35875 26203      725.6918    53      727.4534      720.7663  1505433    0.92%           x21_7 N  35875  22686     26
  36190 26397      724.2454    15      727.4534      720.7881  1516846    0.92%          x26_15 N  36190  34591     41
  36504 26596      724.6745    38      727.4534      720.8137  1529551    0.91%           x21_7 U  36504  34130     22
  36818 26768      721.1905   102      727.4534      720.8375  1541902    0.91%           x3_34 N  36818  29275     13
  37129 26942      720.9045    18      727.4534      720.8563  1554545    0.91%           x8_33 N  37129  33060     29
  37430 27121      721.3335    31      727.4534      720.8777  1567016    0.90%            x7_8 D  37430  25352     41
Elapsed time = 154.32 sec. (360011.63 ticks, tree = 35.06 MB, solutions = 1)
  37743 27275      723.1077    50      727.4534      720.8983  1579024    0.90%          x21_11 D  37743  37742     57
  38044 27450      721.0357   109      727.4534      720.9191  1591215    0.90%          x31_34 D  38044  23067     11
  38335 27621      724.5940    10      727.4534      720.9408  1603842    0.90%            x2_4 D  38335  20911     43
  38629 27799      721.2157    33      727.4534      720.9629  1616224    0.89%          x21_11 N  38629  38628     30
  38930 27959        cutoff            727.4534      720.9811  1627960    0.89%          x17_34 U  38930  15244     22
  39235 28145      721.7737    44      727.4534      721.0044  1639944    0.89%          x14_33 D  39235  34568     49
  39534 28320        cutoff            727.4534      721.0218  1651998    0.88%           x21_7 U  39534  34402     37
  39825 28499      721.0422    33      727.4534      721.0423  1664050    0.88%           x8_33 N  39825  36360     26
  40134 28657      721.1109    20      727.4534      721.0623  1675373    0.88%            x6_8 D  40134  30727     49
  40437 28831      721.8171    31      727.4534      721.0804  1687730    0.88%          x11_33 D  40437  10154     41
Elapsed time = 169.55 sec. (398214.08 ticks, tree = 37.16 MB, solutions = 1)
  40741 28998      724.7764    17      727.4534      721.0987  1700113    0.87%           x6_10 U  40741  40739     31
  41040 29162      721.3705    17      727.4534      721.1190  1711897    0.87%           x7_10 D  41040  34118     47
  41343 29307      722.3639    70      727.4534      721.1416  1724313    0.87%          x20_34 D  41343  41342     34
  41641 29490      726.6265    50      727.4534      721.1619  1735815    0.86%           x26_5 N  41641   2382     34
  41945 29671      725.6530    14      727.4534      721.1831  1747598    0.86%           x6_13 N  41945  32133     42
  42262 29877      726.7162    39      727.4534      721.2023  1758333    0.86%          x33_26 N  42262  35513     37
  42562 30058      724.9233    16      727.4534      721.2206  1769792    0.86%            x6_5 U  42562  41391     49
  42856 30238      725.2037    80      727.4534      721.2386  1781221    0.85%           x33_5 U  42856  42854     28
  43135 30362        cutoff            727.4534      721.2562  1792857    0.85%          x21_11 U  43135  39127     30
  43440 30543        cutoff            727.4534      721.2734  1804447    0.85%          x13_33 U  43440  37494     35
Elapsed time = 184.36 sec. (436523.18 ticks, tree = 38.99 MB, solutions = 1)
  43723 30706      723.3085    18      727.4534      721.2906  1815349    0.85%           x13_5 N  43723  38557     47
  44020 30863      723.4109    10      727.4534      721.3086  1826336    0.84%            x6_8 N  44020  17821     34
  44318 31008        cutoff            727.4534      721.3254  1837641    0.84%           x21_7 U  44318  42303     30
  44620 31178      721.5218    45      727.4534      721.3412  1848625    0.84%           x3_34 D  44620  16567     35
  44902 31334      721.4843    25      727.4534      721.3612  1859769    0.84%           x6_13 D  44902  37909     36
  45196 31487      726.7322    53      727.4534      721.3764  1870777    0.84%            x6_5 U  45196  45194     34
  45486 31644        cutoff            727.4534      721.3958  1881620    0.83%          x26_20 U  45486  40965     17
  45786 31805      725.1546    32      727.4534      721.4137  1893172    0.83%           x6_10 N  45786  35923     27
  46067 31933      722.4479    16      727.4534      721.4300  1904130    0.83%           x6_13 N  46067  43634     42
  46356 32094      724.6677    26      727.4534      721.4439  1915702    0.83%            x6_8 U  46356  39000     48
Elapsed time = 198.93 sec. (474749.25 ticks, tree = 40.93 MB, solutions = 1)
  46655 32255      722.5261    40      727.4534      721.4610  1926722    0.82%           x5_33 D  46655  27190     21
  46952 32382      721.9593    16      727.4534      721.4783  1937834    0.82%          x13_10 N  46952  10404     50
  47252 32547      726.7959   100      727.4534      721.4956  1948509    0.82%          x19_24 U  47252  33228     17
  47552 32720      722.0428    30      727.4534      721.5120  1959515    0.82%          x13_10 U  47552  11783     27
  47839 32878      723.0238    10      727.4534      721.5285  1970361    0.81%          x33_26 N  47839  45749     33
  48134 33053      724.5809    66      727.4534      721.5472  1981581    0.81%           x26_5 U  48134  34920     23
  48411 33214        cutoff            727.4534      721.5621  1992221    0.81%           x6_10 U  48411  37303     32
  48720 33368      723.1466    10      727.4534      721.5794  2003085    0.81%          x21_31 D  48720  25989     27
  49017 33491      724.5351    19      727.4534      721.5984  2014364    0.80%            x6_5 U  49017  46489     32
  49297 33618        cutoff            727.4534      721.6138  2025133    0.80%          x21_20 U  49297  37421     49
Elapsed time = 213.46 sec. (512999.00 ticks, tree = 44.44 MB, solutions = 1)
  49577 33731      722.1186    22      727.4534      721.6326  2035862    0.80%            x6_5 N  49577  35039     30
  49853 33871      723.0848    56      727.4534      721.6478  2046892    0.80%          x17_29 U  49853  49851     41
  50150 34055      722.7780    21      727.4534      721.6649  2057867    0.80%          x26_20 N  50150  11170     37
  50430 34223      721.7314    67      727.4534      721.6798  2068576    0.79%            x6_8 D  50430  30903     42
  50723 34396      722.0405    27      727.4534      721.6941  2079599    0.79%          x26_15 D  50723  48078     41
  51003 34535      725.2465    14      727.4534      721.7096  2089803    0.79%           x6_10 U  51003  42094     41
  51291 34677      722.2401    15      727.4534      721.7263  2100938    0.79%          x21_33 D  51291  46954     35
  51574 34835      721.9461    30      727.4534      721.7410  2111530    0.79%            x6_8 D  51574  44576     42
  51866 34989        cutoff            727.4534      721.7534  2121335    0.78%           x11_8 U  51866  32576     48
  52138 35112      722.8935    16      727.4534      721.7691  2131722    0.78%           x8_13 U  52138  23944     50
Elapsed time = 227.72 sec. (551194.16 ticks, tree = 46.34 MB, solutions = 1)
  52416 35282      727.0481    33      727.4534      721.7823  2142014    0.78%          x28_34 U  52416  20718     37
  52719 35424      726.9652    31      727.4534      721.7981  2152079    0.78%          x33_26 N  52719   6145     41
  52994 35538      721.8792    25      727.4534      721.8144  2162534    0.78%          x12_13 D  52994  16242     39
  53280 35663      721.8280    22      727.4534      721.8280  2172970    0.77%            x5_8 D  53280  52008     47
  53561 35805        cutoff            727.4534      721.8431  2183544    0.77%          x26_15 U  53561  40564     40
  53841 35943      722.0134    34      727.4534      721.8580  2193362    0.77%          x26_20 D  53841  16204     41
  54112 36092      726.6496     8      727.4534      721.8721  2203251    0.77%          x12_11 U  54112  27616     41
  54408 36235        cutoff            727.4534      721.8867  2212981    0.77%           x21_7 U  54408  54405     35
  54680 36367      727.3963    29      727.4534      721.9015  2223306    0.76%           x6_10 U  54680  43808     32
  54965 36494      723.9370    18      727.4534      721.9155  2233560    0.76%            x6_5 N  54965  49945     34
Elapsed time = 241.81 sec. (589404.51 ticks, tree = 47.80 MB, solutions = 1)
  55252 36635      726.6845    27      727.4534      721.9289  2243877    0.76%           x13_5 U  55252  42835     34
  55553 36761      726.0057    47      727.4534      721.9438  2254351    0.76%          x20_34 D  55553  46348     32
  55835 36908      722.2459    20      727.4534      721.9592  2265062    0.76%           x6_33 N  55835  49158     47
  56111 37049        cutoff            727.4534      721.9720  2275586    0.75%           x7_33 U  56111  56109     34
  56406 37183      723.6180    18      727.4534      721.9856  2286249    0.75%          x33_10 D  56406  56404     35
  56697 37329        cutoff            727.4534      721.9994  2296628    0.75%           x7_30 U  56697  45680     66
  56990 37467      723.9312    44      727.4534      722.0134  2307218    0.75%          x21_11 U  56990  35362     33
  57296 37625      722.4339    84      727.4534      722.0251  2317682    0.75%           x3_28 D  57296  42943     15
  57578 37747        cutoff            727.4534      722.0386  2328326    0.74%            x7_8 U  57578  48154     27
  57876 37877      727.1462    25      727.4534      722.0545  2339485    0.74%           x13_5 N  57876  40765     47
Elapsed time = 256.09 sec. (627609.84 ticks, tree = 49.90 MB, solutions = 1)
  58177 38055      722.2087    19      727.4534      722.0684  2350039    0.74%            x6_5 D  58177  41465     41
  58476 38179      724.5391    12      727.4534      722.0804  2360338    0.74%           x13_5 D  58476  56375     48
  58775 38331        cutoff            727.4534      722.0958  2371223    0.74%          x14_33 U  58775  58773     50
  59065 38478        cutoff            727.4534      722.1096  2381882    0.73%          x33_10 U  59065  23569     34
  59362 38593      722.8369    42      727.4534      722.1265  2392450    0.73%          x21_31 D  59362  40479     28
  59671 38747        cutoff            727.4534      722.1400  2402728    0.73%           x26_7 U  59671  43831     60
  59967 38885      726.1616    10      727.4534      722.1539  2413508    0.73%          x33_15 U  59967  56553     51
  60249 39021        cutoff            727.4534      722.1676  2423574    0.73%           x21_7 U  60249  13088     34
  60554 39204        cutoff            727.4534      722.1824  2434218    0.72%            x7_8 U  60554  60552     47
  60870 39336      722.2580    25      727.4534      722.1978  2444101    0.72%          x21_33 D  60870  55454     51
Elapsed time = 270.63 sec. (665827.20 ticks, tree = 52.09 MB, solutions = 1)
  61166 39473      727.3846    33      727.4534      722.2112  2454193    0.72%           x6_33 N  61166  40487     56
  61474 39626      725.7163    20      727.4534      722.2244  2464429    0.72%            x6_5 U  61474  33065     30
  61777 39786        cutoff            727.4534      722.2377  2474763    0.72%          x26_15 U  61777  54883     33
  62080 39945      723.2520    79      727.4534      722.2512  2485150    0.72%           x3_34 D  62080  10455     18
  62373 40058        cutoff            727.4534      722.2647  2495274    0.71%           x8_33 U  62373  54627     37
  62675 40188        cutoff            727.4534      722.2783  2505401    0.71%           x21_7 U  62675  44688     33
  62963 40328      723.6551    18      727.4534      722.2915  2515609    0.71%           x6_13 D  62963  31919     44
  63243 40436      723.5794    25      727.4534      722.3040  2525406    0.71%           x21_7 N  63243  45602     25
  63552 40588      722.5406    28      727.4534      722.3169  2535928    0.71%           x21_7 D  63552  61273     43
  63847 40724        cutoff            727.4534      722.3292  2546065    0.70%           x21_7 U  63847  57690     25
Elapsed time = 284.86 sec. (704021.51 ticks, tree = 53.94 MB, solutions = 1)
  64142 40850      723.1210    36      727.4534      722.3423  2555612    0.70%            x5_8 N  64142  62041     39
  64437 40990      722.8971    44      727.4534      722.3532  2565538    0.70%           x33_5 N  64437  47597     23
  64741 41110        cutoff            727.4534      722.3669  2575364    0.70%           x6_33 U  64741  64313     46
  65030 41228      722.3796    25      727.4534      722.3797  2585361    0.70%            x5_8 D  65030  62401     41
  65324 41360      726.0317    25      727.4534      722.3920  2595239    0.70%            x6_5 U  65324  39936     33
  65621 41494      722.9791    28      727.4534      722.4048  2605266    0.69%           x13_5 D  65621  60327     38
  65910 41626      725.0247    33      727.4534      722.4169  2615704    0.69%          x13_10 U  65910   6888     24
  66192 41730      726.9891    39      727.4534      722.4298  2626305    0.69%           x6_10 U  66192  52855     39
  66479 41839      723.6940    43      727.4534      722.4415  2636179    0.69%          x33_26 U  66479  64009     31
  66759 41917      723.4451    42      727.4534      722.4539  2646187    0.69%          x21_31 N  66759  48939     35
Elapsed time = 298.98 sec. (742271.43 ticks, tree = 55.68 MB, solutions = 1)
  67039 42033        cutoff            727.4534      722.4648  2656351    0.69%          x28_36 U  67039  14429     41
  67327 42151        cutoff            727.4534      722.4767  2665931    0.68%          x25_35 U  67327  59630     14
  67610 42270      723.0332    29      727.4534      722.4882  2675315    0.68%           x7_10 D  67610  53475     45
  67909 42397      723.1155    14      727.4534      722.4998  2685232    0.68%          x21_10 N  67909  61519     42
  68193 42511        cutoff            727.4534      722.5136  2694981    0.68%           x6_13 U  68193  16115     51
  68485 42637      722.5403    33      727.4534      722.5272  2704832    0.68%          x17_36 N  68485  15672     37
  68784 42733        cutoff            727.4534      722.5386  2714756    0.68%          x33_10 U  68784  57073     42
  69060 42828      726.6207    33      727.4534      722.5505  2724115    0.67%           x8_10 N  69060  67497     36
  69332 42939      725.2288    23      727.4534      722.5613  2733734    0.67%            x3_2 D  69332  58315     26
  69626 43050      725.6933    24      727.4534      722.5742  2742730    0.67%           x8_10 D  69626  69624     52
Elapsed time = 312.93 sec. (780537.03 ticks, tree = 57.20 MB, solutions = 1)
  69924 43155      722.8496    20      727.4534      722.5869  2752308    0.67%          x26_20 D  69924  47461     39
  70191 43251      726.6158    26      727.4534      722.5980  2762080    0.67%            x6_5 N  70191  57868     40
  70470 43354      722.7843    28      727.4534      722.6092  2772187    0.67%           x13_5 N  70470  65105     47
  70764 43461      726.3577    16      727.4534      722.6204  2781817    0.66%           x26_7 U  70764   8199     37
  71047 43571      722.7401    33      727.4534      722.6316  2792036    0.66%          x26_15 D  71047  59284     39
  71333 43675        cutoff            727.4534      722.6433  2801232    0.66%          x21_15 D  71333  48275     48
  71615 43800      726.2409     8      727.4534      722.6558  2810963    0.66%           x6_10 U  71615  19480     30
  71902 43927        cutoff            727.4534      722.6676  2820640    0.66%          x21_11 U  71902  63215     40
  72198 44039        cutoff            727.4534      722.6789  2830609    0.66%           x3_34 U  72198  12383     17
  72485 44128        cutoff            727.4534      722.6908  2839679    0.65%          x13_33 U  72485  64267     36
Elapsed time = 326.75 sec. (818741.56 ticks, tree = 58.71 MB, solutions = 1)
  72770 44254      722.9107    18      727.4534      722.7001  2849146    0.65%           x6_33 N  72770  64984     45
  73040 44380      724.4000    18      727.4534      722.7118  2858728    0.65%           x13_5 U  73040  67337     56
  73322 44480        cutoff            727.4534      722.7245  2868643    0.65%          x21_20 U  73322  73320     30
  73600 44571      723.1608    28      727.4534      722.7362  2878341    0.65%            x8_6 N  73600  59597     59
  73876 44660      723.2901    28      727.4534      722.7482  2887647    0.65%           x13_5 N  73876  66640     48
  74159 44772        cutoff            727.4534      722.7593  2896723    0.65%          x14_33 U  74159  42861     47
  74442 44890      722.9472    71      727.4534      722.7698  2906472    0.64%          x13_10 D  74442  74441     38
  74711 44992      723.5121    29      727.4534      722.7792  2915981    0.64%            x5_8 U  74711  55219     33
  75002 45104        cutoff            727.4534      722.7906  2925345    0.64%          x33_31 U  75002  57335     42
  75285 45224      723.6943    14      727.4534      722.7997  2934873    0.64%          x33_26 D  75285  75283     32
Elapsed time = 340.63 sec. (856995.61 ticks, tree = 59.85 MB, solutions = 1)
  75566 45304      724.3145    20      727.4534      722.8108  2943844    0.64%          x21_15 U  75566  75564     35
  75850 45417        cutoff            727.4534      722.8215  2953206    0.64%           x6_33 U  75850  75848     39
  76127 45506        cutoff            727.4534      722.8337  2962451    0.64%          x26_15 U  76127  69180     29
  76400 45600        cutoff            727.4534      722.8435  2970915    0.63%          x19_24 U  76400  27849     19
  76669 45708        cutoff            727.4534      722.8533  2979621    0.63%          x26_15 U  76669  71724     28
  76942 45814      723.6843    74      727.4534      722.8641  2988372    0.63%           x6_10 N  76942  29379     48
  77207 45900      723.2773    21      727.4534      722.8758  2997237    0.63%          x33_31 D  77207  48398     32
  77492 45986      722.9304    31      727.4534      722.8858  3006701    0.63%          x33_13 D  77492  71206     38
  77758 46100      724.9367    14      727.4534      722.8966  3016211    0.63%           x26_7 N  77758  67841     54
  78030 46182      726.2100    14      727.4534      722.9068  3025035    0.63%           x8_10 U  78030  60848     28
Elapsed time = 354.07 sec. (895211.14 ticks, tree = 60.86 MB, solutions = 1)
  78300 46271      723.5921    42      727.4534      722.9168  3034147    0.62%           x21_7 N  78300  73361     37
  78578 46366        cutoff            727.4534      722.9281  3043054    0.62%            x5_8 U  78578  41041     27
  78846 46467        cutoff            727.4534      722.9385  3051373    0.62%          x21_11 U  78846  78844     30
  79111 46554        cutoff            727.4534      722.9476  3060298    0.62%          x21_11 U  79111  66813     26
  79402 46681      722.9581    40      727.4534      722.9583  3069067    0.62%          x13_33 D  79402  57637     25
  79665 46788      725.4196    20      727.4534      722.9685  3078112    0.62%           x13_5 N  79665  42390     34
  79931 46855        cutoff            727.4534      722.9782  3087176    0.62%           x6_13 U  79931  54186     48
  80208 46948      723.0469    23      727.4534      722.9878  3096445    0.61%          x26_20 D  80208  74727     49
  80480 47056      725.7547    20      727.4534      722.9982  3104941    0.61%            x6_5 N  80480  63077     44
  80750 47161        cutoff            727.4534      723.0078  3113933    0.61%          x33_26 U  80750  80748     47
Elapsed time = 367.66 sec. (933484.26 ticks, tree = 62.06 MB, solutions = 1)
  81024 47256      726.6358    27      727.4534      723.0177  3122685    0.61%          x31_20 U  81024  65390     51
  81293 47361      723.0278    33      727.4534      723.0279  3131612    0.61%           x7_10 D  81293  72335     43
  81576 47461        cutoff            727.4534      723.0382  3140120    0.61%          x21_10 U  81576  32827     46
  81840 47548      723.3575    19      727.4534      723.0477  3149230    0.61%           x6_13 D  81840  73430     45
  82114 47633      723.1186    23      727.4534      723.0580  3158365    0.60%           x6_10 N  82114  76591     32
  82370 47710        cutoff            727.4534      723.0686  3166877    0.60%          x33_13 U  82370  82368     67
  82643 47800      723.9960    37      727.4534      723.0793  3175227    0.60%          x13_10 D  82643  39735     50
  82904 47890      723.6617    25      727.4534      723.0895  3184429    0.60%           x5_33 D  82904  74091     45
  83170 47984      723.1895    50      727.4534      723.0992  3193094    0.60%          x13_33 D  83170  45186     24
  83427 48062        cutoff            727.4534      723.1086  3201557    0.60%           x21_7 U  83427  60704     34
Elapsed time = 381.15 sec. (971715.98 ticks, tree = 63.50 MB, solutions = 1)
  83698 48161        cutoff            727.4534      723.1178  3210029    0.60%          x33_31 U  83698  29697     30
  83957 48226      723.9436    44      727.4534      723.1268  3218167    0.59%           x6_33 N  83957  73257     53
  84214 48323      725.8377    44      727.4534      723.1366  3226899    0.59%          x13_10 N  84214  65907     42
  84481 48420      724.0991    43      727.4534      723.1473  3235275    0.59%           x7_10 N  84481  69069     31
  84731 48503        cutoff            727.4534      723.1572  3243385    0.59%          x21_26 U  84731  84729     50
  84999 48599      724.7429    33      727.4534      723.1673  3251159    0.59%           x6_10 N  84999  74600     42
  85260 48695      723.2572    36      727.4534      723.1766  3259101    0.59%          x33_10 D  85260  85259     52
  85526 48784      726.6370    40      727.4534      723.1864  3266640    0.59%           x21_7 N  85526  75943     27
  85783 48848      724.0599    52      727.4534      723.1953  3274507    0.59%            x5_8 N  85783  75744     42
  86047 48917        cutoff            727.4534      723.2052  3282249    0.58%           x6_33 U  86047  80661     43
Elapsed time = 394.12 sec. (1010002.53 ticks, tree = 64.70 MB, solutions = 1)
  86290 49007      723.2264    48      727.4534      723.2146  3290335    0.58%          x23_28 N  86290  69092     47
  86543 49095      723.4170    34      727.4534      723.2225  3298224    0.58%           x6_33 N  86543  86542     41
  86796 49187      724.5289    20      727.4534      723.2305  3306376    0.58%          x13_33 N  86796  24240     26
  87061 49297      725.4416    36      727.4534      723.2399  3314217    0.58%          x13_10 U  87061  43180     33
  87323 49373        cutoff            727.4534      723.2495  3321979    0.58%            x6_5 U  87323  72387     43
  87563 49448      723.7809    38      727.4534      723.2583  3330105    0.58%          x21_20 D  87563  84779     26
  87820 49531      723.4034    19      727.4534      723.2673  3337828    0.58%          x21_11 N  87820  75415     41
  88070 49612      723.4521    32      727.4534      723.2757  3345624    0.57%          x21_11 N  88070  80310     59
  88322 49699        cutoff            727.4534      723.2854  3353731    0.57%           x15_5 U  88322  73152     38
  88577 49791      723.8304    22      727.4534      723.2945  3362044    0.57%           x26_7 N  88577  74372     40
Elapsed time = 407.00 sec. (1048266.50 ticks, tree = 65.69 MB, solutions = 1)
  88817 49878      723.3026    43      727.4534      723.3027  3369841    0.57%            x5_8 D  88817  62855     30
  89093 49964      726.2007    33      727.4534      723.3109  3377698    0.57%           x8_13 U  89093  89091     42
  89358 50032        cutoff            727.4534      723.3204  3385317    0.57%           x5_33 U  89358  14966     17
  89613 50129        cutoff            727.4534      723.3284  3393459    0.57%          x15_36 U  89613  71820     43
  89861 50187      725.6764    32      727.4534      723.3376  3400959    0.57%           x8_10 N  89861  83426     38
  90113 50263        cutoff            727.4534      723.3457  3408511    0.56%          x21_31 D  90113  90111     59
  90374 50350        cutoff            727.4534      723.3534  3416799    0.56%          x33_13 U  90374  82593     57
  90631 50426        cutoff            727.4534      723.3620  3425237    0.56%           x7_10 U  90631  87638     49
  90890 50519        cutoff            727.4534      723.3699  3433069    0.56%          x26_20 U  90890  84408     60
  91127 50605      726.4341    38      727.4534      723.3787  3441268    0.56%            x6_8 U  91127  91125     42
Elapsed time = 419.90 sec. (1086494.45 ticks, tree = 66.71 MB, solutions = 1)
  91383 50669      726.2916    47      727.4534      723.3877  3449207    0.56%           x8_10 D  91383  84706     35
  91648 50770      724.0424    14      727.4534      723.3963  3456419    0.56%           x13_5 U  91648  86426     35
  91907 50858      724.3332    38      727.4534      723.4057  3464040    0.56%            x5_6 N  91907  88507     59
  92151 50949      724.5770    42      727.4534      723.4133  3471902    0.56%           x26_7 N  92151  44020     35
  92412 51033      725.9505    24      727.4534      723.4221  3480097    0.55%          x13_33 D  92412  11114     30
  92674 51096      725.1009    26      727.4534      723.4302  3487827    0.55%          x21_15 U  92674  83234     36
  92934 51165      725.2765    23      727.4534      723.4388  3495751    0.55%          x33_15 D  92934   9658     46
  93194 51261      724.2645    44      727.4534      723.4486  3503686    0.55%          x26_20 D  93194  80024     27
  93445 51333      723.9955    69      727.4534      723.4566  3511639    0.55%           x13_5 N  93445  89885     43
  93699 51417      725.1474    67      727.4534      723.4650  3519489    0.55%           x13_5 N  93699  89885     43
Elapsed time = 432.66 sec. (1124756.65 ticks, tree = 67.60 MB, solutions = 1)
  93950 51482        cutoff            727.4534      723.4734  3527078    0.55%           x26_7 U  93950  35189     51
  94188 51566      724.6770    79      727.4534      723.4811  3534979    0.55%          x33_26 N  94188  73526     38
  94430 51639      723.9417    26      727.4534      723.4896  3542119    0.54%          x33_10 N  94430  46151     42
  94670 51702      726.2239    25      727.4534      723.4981  3550022    0.54%          x26_10 N  94670  94668     55
  94925 51788      726.4938    30      727.4534      723.5071  3557435    0.54%           x13_5 N  94925  94923     35
  95151 51836        cutoff            727.4534      723.5148  3565040    0.54%           x6_33 U  95151  64271     45
  95411 51921      724.4992    35      727.4534      723.5239  3572385    0.54%            x2_3 D  95411  93897     39
  95648 51993      726.7071    30      727.4534      723.5307  3580098    0.54%           x13_5 N  95648  64100     49
  95890 52048      724.2263    35      727.4534      723.5377  3587502    0.54%          x26_15 D  95890  72705     33
  96144 52129      723.9715    26      727.4534      723.5464  3594555    0.54%           x26_7 N  96144  82419     45
Elapsed time = 445.12 sec. (1163058.74 ticks, tree = 68.66 MB, solutions = 1)
  96384 52188      723.9423    27      727.4534      723.5548  3602687    0.54%           x26_7 N  96384  85013     36
  96645 52266      723.7763    28      727.4534      723.5618  3609456    0.53%            x6_5 D  96645  65175     51
  96887 52320      724.0813    27      727.4534      723.5699  3616009    0.53%           x11_8 D  96887  48686     55
  97142 52396      723.6685    29      727.4534      723.5776  3623459    0.53%           x7_10 N  97142  87521     31
  97399 52467      726.0171    28      727.4534      723.5861  3630699    0.53%          x33_10 D  97399  91694     35
  97654 52508      726.6660    20      727.4534      723.5941  3637949    0.53%          x21_15 U  97654  78245     33
  97900 52567        cutoff            727.4534      723.6016  3645514    0.53%           x13_5 U  97900  39882     47
  98154 52649      726.6434    27      727.4534      723.6094  3653069    0.53%           x6_10 N  98154  48502     30
  98400 52726      723.6451    50      727.4534      723.6175  3660772    0.53%          x28_29 D  98400  76254     41
  98646 52798      723.6257    13      727.4534      723.6257  3668138    0.53%            x5_8 N  98646  39650     32
Elapsed time = 457.63 sec. (1201334.66 ticks, tree = 69.50 MB, solutions = 1)
  98878 52866      723.9755    24      727.4534      723.6334  3675202    0.53%          x21_20 N  98878  23306     28
  99113 52925      725.6255    16      727.4534      723.6400  3682751    0.52%           x13_5 N  99113  68611     36
  99354 52977        cutoff            727.4534      723.6482  3689786    0.52%           x6_13 U  99354  70576     39
  99594 53043        cutoff            727.4534      723.6551  3697533    0.52%          x13_33 U  99594  54299     35
  99845 53120      723.9316    42      727.4534      723.6619  3704814    0.52%          x18_25 N  99845  49222     26
 100100 53181      727.4464    18      727.4534      723.6689  3712497    0.52%           x6_10 N 100100  78144     22
 100339 53223      724.6883     8      727.4534      723.6773  3720013    0.52%          x33_13 N 100339  81775     28
 100585 53312      723.7635    22      727.4534      723.6858  3727177    0.52%           x26_7 N 100585  56064     46
 100827 53353      725.5660    28      727.4534      723.6936  3734719    0.52%          x21_26 D 100827  47471     44
 101069 53412      726.8231    51      727.4534      723.7015  3742585    0.52%           x6_10 U 101069  93557     37
Elapsed time = 470.24 sec. (1239528.77 ticks, tree = 70.31 MB, solutions = 1)
 101320 53470      724.9283    47      727.4534      723.7078  3749676    0.51%          x21_11 D 101320  48350     49
 101569 53500        cutoff            727.4534      723.7148  3756508    0.51%           x12_8 U 101569  84692     53
 101818 53554      726.6150    52      727.4534      723.7219  3763210    0.51%            x6_8 U 101818 101514     12
 102049 53601        cutoff            727.4534      723.7281  3770542    0.51%            x7_8 U 102049 102047     25
 102288 53673        cutoff            727.4534      723.7354  3778043    0.51%          x33_26 U 102288 102286     32
 102520 53714      724.8476    26      727.4534      723.7430  3784998    0.51%          x11_10 N 102520  94971     39
 102779 53785      726.5968    24      727.4534      723.7498  3792019    0.51%           x8_13 U 102779  66371     35
 103036 53868      723.8877    15      727.4534      723.7579  3799413    0.51%          x11_10 D 103036  84786     29
 103271 53923      723.8555    58      727.4534      723.7653  3806068    0.51%           x11_8 D 103271 103270     34
 103510 53973      725.2497    10      727.4534      723.7726  3813394    0.51%           x15_7 D 103510  30854     50
Elapsed time = 482.74 sec. (1277747.43 ticks, tree = 71.08 MB, solutions = 1)
 103751 54021      726.3273    35      727.4534      723.7804  3820580    0.50%          x13_33 N 103751  65642     38
 103993 54087      723.9509    48      727.4534      723.7875  3827742    0.50%            x6_8 N 103993  99323     22
 104229 54142      723.9091    29      727.4534      723.7943  3834266    0.50%          x26_10 N 104229 101178     58
 104483 54212        cutoff            727.4534      723.8017  3841274    0.50%          x26_20 U 104483  82766     39
 104723 54271      725.0443    16      727.4534      723.8094  3848174    0.50%            x6_5 N 104723 104721     32
 104960 54331      724.6073    94      727.4534      723.8174  3855289    0.50%          x15_34 D 104960  83890     34
 105212 54394        cutoff            727.4534      723.8244  3861850    0.50%           x33_5 U 105212  97203     21
 105443 54474      724.0724    36      727.4534      723.8313  3869117    0.50%          x21_31 N 105443 104172     42
 105696 54541      724.2551    41      727.4534      723.8385  3876328    0.50%           x5_26 D 105696  99253     42
 105946 54596      725.5438    68      727.4534      723.8461  3883442    0.50%          x13_10 U 105946  54884     51
Elapsed time = 494.87 sec. (1315999.65 ticks, tree = 71.80 MB, solutions = 1)
 106170 54644      725.4657    31      727.4534      723.8522  3890183    0.50%           x8_13 N 106170  63577     52
 106393 54704      727.0994    49      727.4534      723.8585  3897132    0.49%          x26_15 U 106393  91618     38
 106625 54748      724.2651    51      727.4534      723.8652  3903694    0.49%           x26_7 N 106625  87472     50
 106866 54812      724.8737    31      727.4534      723.8719  3910860    0.49%           x6_10 U 106866 106864     21
 107092 54846      727.2469     8      727.4534      723.8789  3918005    0.49%          x33_26 N 107092  89236     54
 107330 54903        cutoff            727.4534      723.8854  3925439    0.49%          x12_11 N 107330  23517     28
 107571 54966        cutoff            727.4534      723.8931  3932150    0.49%           x26_7 U 107571  76711     48
 107808 55046      723.9264    36      727.4534      723.9010  3938906    0.49%          x21_20 N 107808  78176     44
 108041 55096      726.8761    31      727.4534      723.9086  3945999    0.49%          x11_29 D 108041  92135     47
 108285 55160      725.5312    96      727.4534      723.9158  3952529    0.49%           x5_33 D 108285  53448     19
Elapsed time = 506.88 sec. (1354268.85 ticks, tree = 72.55 MB, solutions = 1)
 108527 55216      724.0031    11      727.4534      723.9235  3959244    0.49%            x5_8 D 108527  74981     27
 108776 55282        cutoff            727.4534      723.9309  3966261    0.48%           x8_13 U 108776  83983     60
 109004 55341      724.8374    30      727.4534      723.9369  3972465    0.48%          x33_10 N 109004  85274     59
 109236 55388      725.8436    46      727.4534      723.9441  3979122    0.48%            x6_5 N 109236 109234     62
 109480 55443      724.1647    34      727.4534      723.9510  3985519    0.48%          x15_31 D 109480  98658     42
 109698 55494        cutoff            727.4534      723.9573  3991560    0.48%           x26_7 U 109698  49743     54
 109932 55543        cutoff            727.4534      723.9634  3998277    0.48%           x8_13 U 109932  98272     55
 110174 55598      724.3498    35      727.4534      723.9701  4005433    0.48%           x8_10 U 110174 110172     36
 110410 55673      725.8102    34      727.4534      723.9767  4011932    0.48%            x5_6 D 110410  83111     38
 110640 55718        cutoff            727.4534      723.9829  4018450    0.48%           x13_5 U 110640 101026     34
Elapsed time = 518.70 sec. (1392539.36 ticks, tree = 73.42 MB, solutions = 1)
 110872 55766      724.6957    57      727.4534      723.9885  4024842    0.48%           x21_7 N 110872  92208     33
 111120 55843      726.6121    12      727.4534      723.9951  4031718    0.48%           x8_10 N 111120  98354     42
 111357 55898        cutoff            727.4534      724.0012  4038431    0.47%           x6_13 U 111357 106579     63
 111575 55933        cutoff            727.4534      724.0078  4045680    0.47%          x20_29 U 111575 104120     65
 111823 56013      726.3267     8      727.4534      724.0137  4052319    0.47%          x26_15 U 111823  42551     42
 112055 56061        cutoff            727.4534      724.0191  4058865    0.47%           x32_8 U 112055  94924     36
 112281 56102        cutoff            727.4534      724.0250  4065286    0.47%          x21_26 U 112281 101029     43
 112521 56140        cutoff            727.4534      724.0314  4071836    0.47%           x6_10 U 112521  31483     42
 112761 56162      724.2977    40      727.4534      724.0375  4078702    0.47%          x26_20 N 112761 112760     29
 112999 56222      726.8537    68      727.4534      724.0434  4084917    0.47%          x21_11 N 112999  72611     26
Elapsed time = 530.51 sec. (1430791.04 ticks, tree = 74.06 MB, solutions = 1)
 113222 56280        cutoff            727.4534      724.0488  4091820    0.47%            x7_8 U 113222  46798     29
 113464 56320      726.7652    38      727.4534      724.0559  4098702    0.47%            x6_5 N 113464  26532     44
 113704 56348        cutoff            727.4534      724.0623  4105473    0.47%           x2_35 U 113704 102645     41
 113949 56382      724.0688    33      727.4534      724.0689  4112403    0.47%            x5_8 D 113949  66115     35
 114184 56435      725.3092    26      727.4534      724.0746  4119200    0.46%            x2_1 N 114184  79158     50
 114407 56484      724.4611    49      727.4534      724.0805  4125657    0.46%          x21_20 N 114407  88230     37
 114650 56529      726.4243    61      727.4534      724.0869  4132209    0.46%           x25_8 N 114650  98557     59
 114885 56564        cutoff            727.4534      724.0932  4138585    0.46%           x13_5 U 114885 109877     48
 115119 56585      724.2623    50      727.4534      724.1007  4144747    0.46%           x6_13 N 115119 115118     56
 115345 56661        cutoff            727.4534      724.1066  4151475    0.46%           x15_8 U 115345  81411     60
Elapsed time = 542.50 sec. (1469008.33 ticks, tree = 74.93 MB, solutions = 1)
 115580 56719      726.7486     8      727.4534      724.1136  4158146    0.46%          x21_31 N 115580 115578     25
 115808 56756      724.7869    25      727.4534      724.1194  4164170    0.46%           x21_7 N 115808 103357     50
 116043 56792        cutoff            727.4534      724.1251  4170404    0.46%          x21_15 D 116043 106683     52
 116286 56852      725.9354    37      727.4534      724.1310  4176962    0.46%            x6_5 D 116286 116284     53
 116516 56920      724.2827    91      727.4534      724.1363  4183589    0.46%            x6_8 N 116516  81042     36
 116750 56958      725.1299    51      727.4534      724.1435  4189440    0.45%           x8_13 N 116750 116749     60
 116982 56989      724.1964    41      727.4534      724.1497  4195050    0.45%            x5_6 N 116982 101960     50
 117232 57040        cutoff            727.4534      724.1558  4201402    0.45%           x13_5 D 117232  58351     32
 117454 57078      725.9296    68      727.4534      724.1623  4207751    0.45%          x21_29 N 117454  22210     24
 117682 57136        cutoff            727.4534      724.1681  4214161    0.45%           x6_10 U 117682  96998     22
Elapsed time = 554.07 sec. (1507241.58 ticks, tree = 75.79 MB, solutions = 1)
 117924 57192      724.9466    22      727.4534      724.1736  4220119    0.45%          x11_34 N 117924 106876     65
 118170 57251      725.7475    10      727.4534      724.1798  4226830    0.45%          x13_10 N 118170  80034     39
 118403 57300        cutoff            727.4534      724.1857  4232789    0.45%          x33_26 U 118403  99009     33
 118635 57344      725.1119    38      727.4534      724.1931  4239043    0.45%            x6_5 N 118635  72736     35
 118863 57377        cutoff            727.4534      724.1991  4245379    0.45%           x7_31 U 118863 111331     49
 119083 57426        cutoff            727.4534      724.2044  4251276    0.45%           x5_26 U 119083 112140     42
 119314 57464        cutoff            727.4534      724.2105  4257716    0.45%          x33_15 U 119314 119312     45
 119540 57501      725.7953    50      727.4534      724.2167  4263957    0.44%          x33_26 N 119540 113956     34
 119778 57560        cutoff            727.4534      724.2233  4270502    0.44%           x15_5 U 119778  72238     49
 120005 57600        cutoff            727.4534      724.2290  4276794    0.44%          x33_13 U 120005 109376     34
Elapsed time = 565.64 sec. (1545520.74 ticks, tree = 76.32 MB, solutions = 1)
 120233 57659      724.3113    23      727.4534      724.2341  4282594    0.44%           x7_31 N 120233 117330     50
 120456 57716      725.7196    25      727.4534      724.2395  4288428    0.44%          x21_26 N 120456  86089     59
 120696 57768        cutoff            727.4534      724.2453  4294638    0.44%           x9_33 U 120696 109479     48
 120942 57813      724.3829    13      727.4534      724.2517  4301459    0.44%          x26_20 D 120942  71426     34
 121182 57834        cutoff            727.4534      724.2588  4307492    0.44%           x6_10 U 121182 114022     23
 121402 57872      725.3204    26      727.4534      724.2651  4314322    0.44%          x21_15 N 121402 121401     44
 121641 57938      725.2819    42      727.4534      724.2714  4320558    0.44%          x21_33 N 121641  64859     34
 121858 57963        cutoff            727.4534      724.2773  4326200    0.44%          x21_15 D 121858  81946     44
 122099 58031        cutoff            727.4534      724.2837  4332382    0.44%           x6_33 U 122099 122097     41
 122340 58077      724.3559    31      727.4534      724.2907  4338585    0.43%          x25_10 D 122340  54642     35
Elapsed time = 577.06 sec. (1583764.50 ticks, tree = 77.05 MB, solutions = 1)
 122564 58143      725.8317    42      727.4534      724.2964  4344804    0.43%          x23_32 N 122564 114363     28
 122800 58173      725.9623    30      727.4534      724.3027  4351113    0.43%          x21_33 D 122800 106643     39
 123033 58207      724.5239    36      727.4534      724.3086  4357324    0.43%          x25_10 N 123033  59427     37
 123258 58241      724.5705    58      727.4534      724.3144  4363355    0.43%          x15_34 N 123258  77722     22
 123488 58282      726.4031    13      727.4534      724.3209  4369813    0.43%          x11_10 D 123488 118588     52
 123731 58320        cutoff            727.4534      724.3259  4376346    0.43%            x6_8 U 123731 103312     27
 123973 58379        cutoff            727.4534      724.3322  4382607    0.43%          x33_10 U 123973 123971     39
 124212 58409      725.0624    15      727.4534      724.3383  4388098    0.43%          x13_10 N 124212  86805     44
 124453 58464        cutoff            727.4534      724.3446  4394107    0.43%          x21_20 U 124453  98625     42
 124688 58504        cutoff            727.4534      724.3498  4400410    0.43%          x15_34 U 124688 115985     29
Elapsed time = 588.55 sec. (1622043.96 ticks, tree = 77.59 MB, solutions = 1)
 124917 58565      725.4955    10      727.4534      724.3555  4407092    0.43%            x6_8 D 124917 121347     36
 125157 58580      727.3228    23      727.4534      724.3618  4412772    0.42%          x33_26 U 125157 125155     55
 125395 58622      724.9153    11      727.4534      724.3680  4419121    0.42%           x7_33 D 125395 125394     36
 125616 58674        cutoff            727.4534      724.3739  4424652    0.42%          x26_20 U 125616  27508     25
 125852 58740        cutoff            727.4534      724.3804  4430999    0.42%            x7_8 U 125852  54621     53
 126080 58782      725.1467    50      727.4534      724.3864  4437055    0.42%           x13_5 N 126080 120071     28
 126319 58825      724.4057    33      727.4534      724.3922  4443393    0.42%          x13_33 D 126319 120866     45
 126545 58844        cutoff            727.4534      724.3981  4449488    0.42%          x23_32 U 126545  76147     53
 126780 58864      725.1631    64      727.4534      724.4033  4455837    0.42%          x21_31 D 126780 114970     34
 127012 58904        cutoff            727.4534      724.4092  4462064    0.42%          x13_10 U 127012  87858     29
Elapsed time = 599.93 sec. (1660314.21 ticks, tree = 78.23 MB, solutions = 1)
 127228 58925      725.9475    10      727.4534      724.4145  4467450    0.42%          x21_31 D 127228  81759     37
 127457 58924        cutoff            727.4534      724.4206  4473370    0.42%            x6_5 U 127457  80594     49
 127677 58929      725.1275    30      727.4534      724.4258  4479434    0.42%            x6_5 N 127677  69166     44
 127897 58947      725.2584    19      727.4534      724.4300  4484725    0.42%            x5_8 N 127897 110373     31
 128118 59006      724.8602    62      727.4534      724.4352  4490553    0.41%          x30_15 N 128118 125641     46
 128352 59052      724.4410    39      727.4534      724.4410  4496579    0.41%           x26_8 D 128352 125488     44
 128580 59076      725.4445    22      727.4534      724.4464  4502729    0.41%          x33_13 N 128580 110126     47
 128810 59092      724.7028    28      727.4534      724.4521  4508139    0.41%           x21_7 N 128810  51712     33
 129039 59136      725.7355    47      727.4534      724.4580  4514052    0.41%           x25_8 N 129039  37307     37
 129269 59180      726.4345    16      727.4534      724.4643  4519822    0.41%          x33_26 N 129269 125375     41
Elapsed time = 611.07 sec. (1698551.02 ticks, tree = 78.56 MB, solutions = 1)
 129502 59218      725.5326    28      727.4534      724.4699  4525321    0.41%          x26_10 N 129502 102497     53
 129727 59254        cutoff            727.4534      724.4752  4530833    0.41%           x13_5 D 129727 129725     61
 129958 59298        cutoff            727.4534      724.4810  4536520    0.41%          x21_15 D 129958  81016     56
 130185 59330      724.6625    20      727.4534      724.4866  4542404    0.41%          x33_13 N 130185 117771     51
 130412 59361      724.9479    42      727.4534      724.4919  4548066    0.41%           x7_10 N 130412 130411     34
 130631 59385        cutoff            727.4534      724.4973  4553625    0.41%          x33_13 U 130631 130629     45
 130863 59419        cutoff            727.4534      724.5025  4559147    0.41%          x31_20 U 130863 130861     54
 131088 59442        cutoff            727.4534      724.5075  4565095    0.40%           x8_10 D 131088 118049     43
 131325 59488      726.3447    87      727.4534      724.5133  4570973    0.40%           x33_5 N 131325  69883     26
 131548 59515      725.6944    24      727.4534      724.5185  4576727    0.40%          x33_26 N 131548 125726     35
Elapsed time = 622.11 sec. (1736762.56 ticks, tree = 79.07 MB, solutions = 1)
 131778 59533        cutoff            727.4534      724.5236  4582322    0.40%          x11_10 U 131778  79709     36
 132004 59565        cutoff            727.4534      724.5289  4588116    0.40%           x21_8 U 132004 110435     48
 132226 59581      727.3159    46      727.4534      724.5340  4593707    0.40%           x26_7 N 132226 127615     55
 132445 59604      724.7795    10      727.4534      724.5389  4599034    0.40%          x33_26 N 132445 129585     59
 132674 59639        cutoff            727.4534      724.5455  4604763    0.40%          x21_26 U 132674 127617     39
 132900 59681      724.9766    22      727.4534      724.5507  4610536    0.40%          x33_26 D 132900 124797     35
 133116 59711        cutoff            727.4534      724.5563  4616283    0.40%          x23_28 U 133116  86183     17
 133342 59744        cutoff            727.4534      724.5615  4622436    0.40%           x11_8 U 133342 123926     52
 133563 59776      725.6253    22      727.4534      724.5671  4627962    0.40%           x8_10 N 133563  58238     29
 133783 59797      726.0836    51      727.4534      724.5725  4633421    0.40%           x5_26 D 133783 133781     39
Elapsed time = 633.23 sec. (1774973.68 ticks, tree = 79.41 MB, solutions = 1)
 134020 59841      724.6336    10      727.4534      724.5771  4639398    0.40%           x26_7 N 134020 129061     42
 134252 59851      724.7808    40      727.4534      724.5826  4645202    0.39%           x8_33 N 134252 120335     38
 134470 59909        cutoff            727.4534      724.5878  4650893    0.39%           x6_33 U 134470 117473     42
 134700 59941      726.1590    10      727.4534      724.5932  4656897    0.39%           x6_10 N 134700  40832     37
 134929 59934        cutoff            727.4534      724.5985  4662869    0.39%          x17_29 U 134929 105234     26
 135154 59997      726.2604    24      727.4534      724.6043  4668480    0.39%           x13_5 D 135154 119791     44
 135401 60048      725.5316    28      727.4534      724.6101  4673801    0.39%          x26_20 D 135401  44709     53
 135621 60056      725.7401    63      727.4534      724.6145  4679210    0.39%          x17_29 N 135621 124845     42
 135843 60072      725.7818    30      727.4534      724.6206  4684986    0.39%           x25_8 N 135843 131112     43
 136058 60102      727.0135    63      727.4534      724.6261  4690096    0.39%            x6_5 N 136058 101450     47
Elapsed time = 644.22 sec. (1813255.19 ticks, tree = 79.91 MB, solutions = 1)
 136283 60120        cutoff            727.4534      724.6318  4695583    0.39%          x33_13 U 136283 129217     56
 136505 60150        cutoff            727.4534      724.6372  4700735    0.39%          x33_26 U 136505 116636     45
 136712 60189      724.6974    33      727.4534      724.6428  4705584    0.39%          x26_15 N 136712 115760     34
 136918 60214      726.8418    14      727.4534      724.6472  4710956    0.39%            x6_5 N 136918 121775     47
 137140 60226      726.0567    26      727.4534      724.6522  4716078    0.39%          x21_11 N 137140  66810     33
 137359 60261      725.6096    12      727.4534      724.6563  4721416    0.38%          x21_31 N 137359  58664     31
 137579 60272      724.8171    46      727.4534      724.6615  4726711    0.38%          x21_20 N 137579 135714     48
 137794 60281      724.6656    19      727.4534      724.6657  4731859    0.38%           x7_33 D 137794  12557     37
 138020 60305      724.7077    55      727.4534      724.6707  4737584    0.38%           x26_8 D 138020 138019     66
 138243 60314      724.6758    10      727.4534      724.6758  4742721    0.38%          x33_26 U 138243 135053     53
Elapsed time = 654.92 sec. (1851487.97 ticks, tree = 80.06 MB, solutions = 1)
 138468 60340      725.2501    92      727.4534      724.6809  4748448    0.38%           x2_34 N 138468   2420     15
 138683 60365        cutoff            727.4534      724.6854  4753902    0.38%          x33_10 U 138683 112112     50
 138921 60396      726.3485    32      727.4534      724.6906  4759442    0.38%           x6_13 N 138921 106792     38
 139137 60421      726.1566    75      727.4534      724.6950  4764710    0.38%           x8_10 N 139137 139136     27
 139357 60449      726.1920    14      727.4534      724.7000  4769971    0.38%           x5_26 N 139357  97646     42
 139570 60456      724.8243    48      727.4534      724.7050  4775326    0.38%            x6_8 N 139570 106550     34
 139782 60466        cutoff            727.4534      724.7094  4780818    0.38%            x6_8 U 139782 122434     44
 140000 60489        cutoff            727.4534      724.7146  4785768    0.38%          x33_26 U 140000 139998     42
 140210 60503      727.0321    36      727.4534      724.7195  4790888    0.38%          x33_26 N 140210 123541     43
 140424 60550        cutoff            727.4534      724.7243  4796124    0.38%          x21_11 U 140424 140422     29
Elapsed time = 665.69 sec. (1889759.62 ticks, tree = 80.60 MB, solutions = 1)
 140641 60558      726.7886    56      727.4534      724.7284  4801196    0.37%           x8_10 N 140641  65262     33
 140869 60583      727.0280    23      727.4534      724.7341  4806690    0.37%           x6_10 N 140869  46805     42
 141094 60613      725.3851    51      727.4534      724.7388  4811538    0.37%           x8_10 N 141094 135468     31
 141303 60619      724.7664    16      727.4534      724.7437  4816824    0.37%          x21_20 N 141303   8437     23
 141516 60624      726.1296    21      727.4534      724.7485  4822216    0.37%          x33_26 N 141516 141514     59
 141736 60621      725.0485    10      727.4534      724.7530  4827322    0.37%           x13_5 N 141736 100496     45
 141945 60652        cutoff            727.4534      724.7580  4832483    0.37%            x6_8 U 141945 106550     34
 142147 60690        cutoff            727.4534      724.7624  4837168    0.37%           x11_8 U 142147 127673     22
 142371 60725      725.1512    33      727.4534      724.7674  4842749    0.37%          x33_10 D 142371 125771     49
 142599 60743      724.7852    17      727.4534      724.7731  4848213    0.37%          x17_29 N 142599 105130     40
Elapsed time = 676.34 sec. (1927988.19 ticks, tree = 81.06 MB, solutions = 1)
 142819 60752        cutoff            727.4534      724.7782  4853395    0.37%           x11_8 U 142819 133151     34
 143032 60770      725.4302    30      727.4534      724.7830  4858354    0.37%          x21_11 N 143032  40657     21
 143262 60800        cutoff            727.4534      724.7883  4863426    0.37%           x8_13 U 143262 143260     42
 143495 60812        cutoff            727.4534      724.7934  4869040    0.37%           x8_13 U 143495  59538     55
 143716 60851      726.8976    75      727.4534      724.7978  4874499    0.37%          x13_10 N 143716  60818     41
 143937 60869        cutoff            727.4534      724.8027  4879737    0.36%          x26_10 U 143937 117436     61
 144166 60899      724.8587    33      727.4534      724.8077  4884767    0.36%          x21_26 N 144166 140570     46
 144397 60898        cutoff            727.4534      724.8122  4890103    0.36%           x8_10 U 144397 144396     34
 144614 60945      725.5966    26      727.4534      724.8164  4895070    0.36%          x33_10 N 144614 113070     38
 144831 60966      726.3864    33      727.4534      724.8216  4899999    0.36%           x8_10 N 144831 103468     35
Elapsed time = 687.21 sec. (1966217.97 ticks, tree = 81.22 MB, solutions = 1)
 145058 60977      727.0459    55      727.4534      724.8258  4905276    0.36%          x21_26 N 145058 114620     32
 145273 61003        cutoff            727.4534      724.8305  4911026    0.36%          x28_29 U 145273  54052     35
 145484 61029      726.6024    16      727.4534      724.8353  4915935    0.36%           x8_10 N 145484 117916     36
 145696 61061      725.1190    16      727.4534      724.8398  4921034    0.36%          x33_26 N 145696 127434     34
 145911 61072        cutoff            727.4534      724.8443  4926277    0.36%          x33_26 U 145911  72157     37
 146124 61074      724.9913    14      727.4534      724.8490  4931651    0.36%          x26_15 N 146124  39378     28
 146345 61086        cutoff            727.4534      724.8540  4937073    0.36%           x13_5 D 146345 139325     25
 146575 61105      724.8648    38      727.4534      724.8586  4941805    0.36%            x5_8 D 146575  80051     27
 146806 61124        cutoff            727.4534      724.8636  4947106    0.36%           x6_10 U 146806 131243     30
 147025 61139        cutoff            727.4534      724.8686  4952229    0.36%          x15_34 U 147025  94997     40
Elapsed time = 698.09 sec. (2004450.50 ticks, tree = 81.38 MB, solutions = 1)
 147246 61154      725.8562    23      727.4534      724.8730  4957786    0.35%          x28_29 N 147246  16598     33
 147473 61184        cutoff            727.4534      724.8778  4962865    0.35%           x6_13 U 147473 122614     47
 147681 61189        cutoff            727.4534      724.8819  4967503    0.35%          x12_13 U 147681 147679     34
 147894 61163      726.1344    38      727.4534      724.8870  4972554    0.35%           x26_7 N 147894 139785     50
 148111 61177      725.3053    74      727.4534      724.8917  4977947    0.35%          x15_34 N 148111 138890     29
 148330 61162        cutoff            727.4534      724.8960  4982989    0.35%           x7_33 U 148330  49032     45
 148546 61175        cutoff            727.4534      724.9006  4987670    0.35%          x12_13 U 148546  13742     44
 148757 61174      725.5851    27      727.4534      724.9050  4992568    0.35%          x33_10 N 148757  41887     37
 148975 61187      725.7598    22      727.4534      724.9097  4997470    0.35%           x26_7 N 148975 107044     38
 149192 61189        cutoff            727.4534      724.9142  5002604    0.35%          x31_29 U 149192  51144     45
Elapsed time = 708.77 sec. (2042676.67 ticks, tree = 81.59 MB, solutions = 1)
 149410 61209      726.2180    13      727.4534      724.9184  5007973    0.35%          x21_31 U 149410 129405     28
 149630 61199      726.6046   110      727.4534      724.9230  5013071    0.35%          x29_23 N 149630  78833     25
 149850 61215      725.5467    35      727.4534      724.9280  5018034    0.35%          x15_33 N 149850 139513     49
 150076 61243        cutoff            727.4534      724.9327  5023268    0.35%           x21_7 U 150076 140904     40
 150290 61251        cutoff            727.4534      724.9372  5028412    0.35%           x8_33 U 150290 123711     34
 150505 61277      726.1576    26      727.4534      724.9409  5033257    0.35%           x26_6 N 150505  48294     49
 150720 61289      726.5484    34      727.4534      724.9456  5038397    0.34%            x6_8 N 150720  91404     40
 150936 61290      725.0827    28      727.4534      724.9502  5043527    0.34%          x21_10 N 150936 107560     59
 151162 61291        cutoff            727.4534      724.9547  5048337    0.34%          x21_11 U 151162 129705     39
 151366 61322      725.5833    55      727.4534      724.9584  5052975    0.34%          x21_33 N 151366 120062     42
Elapsed time = 719.57 sec. (2081030.48 ticks, tree = 81.80 MB, solutions = 1)
 151576 61325      726.1325    16      727.4534      724.9627  5057993    0.34%          x13_10 N 151576  19663     41
 151789 61368        cutoff            727.4534      724.9676  5062818    0.34%           x26_7 U 151789  48151     32
 151999 61385      726.2466    41      727.4534      724.9718  5067891    0.34%          x21_15 N 151999 147283     41
 152207 61406      724.9951    32      727.4534      724.9762  5072944    0.34%           x8_33 N 152207  90533     37
 152408 61425      725.3796    61      727.4534      724.9803  5078370    0.34%          x15_34 N 152408  96689     18
 152619 61437      725.0018    64      727.4534      724.9848  5083392    0.34%           x6_10 N 152619 143395     35
 152829 61445      725.4057    16      727.4534      724.9894  5088074    0.34%          x33_26 N 152829 115049     39
 153042 61454        cutoff            727.4534      724.9942  5092287    0.34%          x11_10 U 153042 144585     50
 153258 61458      726.5082    16      727.4534      724.9982  5097218    0.34%           x13_5 N 153258  55842     42
 153472 61471      725.7994    14      727.4534      725.0028  5101676    0.34%          x33_26 N 153472 124982     28
Elapsed time = 730.10 sec. (2119256.51 ticks, tree = 81.79 MB, solutions = 1)
 153683 61478      727.2650    24      727.4534      725.0070  5106568    0.34%          x33_26 N 153683  91297     29
 153909 61465      725.6823    14      727.4534      725.0118  5111269    0.34%           x8_13 N 153909 113293     37
 154130 61469      725.2367     8      727.4534      725.0167  5116175    0.33%          x10_14 N 154130 142632     75
 154344 61489        cutoff            727.4534      725.0207  5121060    0.33%           x7_30 U 154344 141987     56
 154565 61493      726.8920    72      727.4534      725.0250  5126026    0.33%          x33_26 N 154565 154564     24
 154776 61484        cutoff            727.4534      725.0293  5131780    0.33%           x6_13 U 154776 133405     48
 155001 61498        cutoff            727.4534      725.0333  5136887    0.33%          x26_10 U 155001 154999     36
 155223 61540        cutoff            727.4534      725.0378  5141610    0.33%            x6_8 U 155223  82553     53
 155436 61544        cutoff            727.4534      725.0423  5146223    0.33%          x26_15 U 155436  47107     44
 155648 61552      725.0459    40      727.4534      725.0459  5150961    0.33%          x26_20 D 155648 150034     39
Elapsed time = 740.75 sec. (2157505.98 ticks, tree = 82.06 MB, solutions = 1)
 155862 61582      725.6833    47      727.4534      725.0501  5155254    0.33%          x21_20 N 155862  95478     39
 156076 61582        cutoff            727.4534      725.0547  5160212    0.33%          x22_29 U 156076 128437     28
 156289 61584      726.2327    40      727.4534      725.0591  5164964    0.33%          x33_26 N 156289 146340     35
 156499 61604      725.8110    51      727.4534      725.0633  5170096    0.33%          x25_10 N 156499  24045     24
 156721 61604        cutoff            727.4534      725.0679  5174487    0.33%           x12_8 U 156721 144830     37
 156929 61609        cutoff            727.4534      725.0722  5179351    0.33%           x15_7 U 156929 156927     44
 157149 61612      725.6931    50      727.4534      725.0765  5183755    0.33%          x25_10 N 157149 122908     43
 157357 61612        cutoff            727.4534      725.0806  5188781    0.33%           x21_8 U 157357 127232     34
 157573 61650        cutoff            727.4534      725.0854  5193484    0.33%           x8_13 U 157573 134271     42
 157790 61651      726.1864    32      727.4534      725.0894  5198347    0.32%          x31_21 N 157790 137205     42
Elapsed time = 751.26 sec. (2195744.11 ticks, tree = 82.23 MB, solutions = 1)
 158000 61654      725.3947    41      727.4534      725.0937  5202754    0.32%           x6_13 N 158000  96182     50
 158215 61665        cutoff            727.4534      725.0978  5207281    0.32%           x21_8 U 158215  46519     34
 158426 61681        cutoff            727.4534      725.1019  5212424    0.32%           x9_33 U 158426 128184     56
 158633 61693      725.1058    55      727.4534      725.1058  5216848    0.32%            x5_8 N 158633 109292     27
 158850 61668        cutoff            727.4534      725.1103  5221905    0.32%           x21_7 U 158850 135244     44
 159066 61646      725.2001    32      727.4534      725.1149  5226373    0.32%          x21_33 N 159066  98973     46
 159283 61633      725.8134    95      727.4534      725.1190  5231256    0.32%          x22_34 N 159283  20661     14
 159511 61615      725.7223    65      727.4534      725.1231  5235750    0.32%          x21_31 N 159511 134539     39
 159729 61612      726.8158    14      727.4534      725.1274  5240113    0.32%           x13_5 N 159729  62030     32
 159944 61630        cutoff            727.4534      725.1316  5244770    0.32%           x13_5 D 159944  85527     45
Elapsed time = 761.67 sec. (2233999.58 ticks, tree = 82.37 MB, solutions = 1)
 160165 61618        cutoff            727.4534      725.1363  5249332    0.32%           x6_13 U 160165 160163     49
 160383 61605        cutoff            727.4534      725.1409  5253934    0.32%          x33_26 U 160383 160381     41
 160590 61622      725.6447    24      727.4534      725.1447  5258232    0.32%            x5_8 N 160590  63685     24
 160811 61631      726.2260    56      727.4534      725.1488  5262949    0.32%           x6_33 N 160811 146803     52
 161024 61619        cutoff            727.4534      725.1532  5267618    0.32%          x26_20 U 161024 150034     39
 161241 61616      726.9337    14      727.4534      725.1581  5272323    0.32%          x12_13 N 161241  47400     47
 161452 61614        cutoff            727.4534      725.1626  5276989    0.31%            x5_8 U 161452  93562     44
 161664 61620        cutoff            727.4534      725.1668  5281717    0.31%          x12_13 U 161664 150235     41
 161870 61650      726.0367    26      727.4534      725.1706  5286346    0.31%          x26_20 N 161870 156815     54
 162078 61650      725.3191    18      727.4534      725.1748  5290994    0.31%          x33_15 N 162078 112789     41
Elapsed time = 772.05 sec. (2272290.93 ticks, tree = 82.73 MB, solutions = 1)
 162297 61629      726.5974    28      727.4534      725.1796  5295675    0.31%           x8_33 N 162297 159432     36
 162501 61640      725.3299    14      727.4534      725.1840  5299913    0.31%           x13_5 N 162501 150910     53
 162714 61626      727.0236    41      727.4534      725.1882  5304830    0.31%          x33_13 N 162714 162713     52
 162922 61640        cutoff            727.4534      725.1926  5309463    0.31%          x28_21 U 162922  78917     44
 163125 61636      725.5545    40      727.4534      725.1969  5314163    0.31%           x6_10 N 163125 121581     54
 163336 61635      725.3537    47      727.4534      725.2009  5318683    0.31%          x31_29 N 163336  99679     50
 163552 61619      726.1011    55      727.4534      725.2053  5323232    0.31%          x31_20 N 163552 163551     51
 163760 61635      725.3122    21      727.4534      725.2094  5327843    0.31%          x21_26 N 163760 145636     60
 163965 61637      727.3584    22      727.4534      725.2133  5332618    0.31%            x6_8 N 163965 145658     35
 164183 61632      726.6679    32      727.4534      725.2170  5337308    0.31%           x13_5 N 164183  92580     40
Elapsed time = 782.38 sec. (2310540.20 ticks, tree = 82.97 MB, solutions = 1)
 164383 61642        cutoff            727.4534      725.2215  5341875    0.31%            x5_8 U 164383  54044     28
 164595 61640      725.2740    23      727.4534      725.2254  5346297    0.31%          x33_26 N 164595 111829     41
 164799 61646      725.4887    20      727.4534      725.2294  5350670    0.31%           x26_7 N 164799 126469     51
 165011 61640      726.9311    82      727.4534      725.2339  5355268    0.31%          x21_11 N 165011 127659     34
 165233 61631        cutoff            727.4534      725.2381  5359524    0.30%          x15_36 U 165233  84189     31
 165441 61631        cutoff            727.4534      725.2418  5364048    0.30%           x5_15 U 165441 107042     53
 165648 61610        cutoff            727.4534      725.2459  5368549    0.30%          x21_26 U 165648 143826     46
 165857 61600      727.0522    10      727.4534      725.2502  5373265    0.30%          x11_29 N 165857 129207     49
 166076 61553      725.3269    29      727.4534      725.2545  5377949    0.30%           x8_13 D 166076 100722     49
 166280 61547      725.2671    25      727.4534      725.2581  5382450    0.30%          x14_33 N 166280 154286     58
Elapsed time = 792.67 sec. (2348774.76 ticks, tree = 82.95 MB, solutions = 1)
 166499 61532      725.2625    28      727.4534      725.2625  5387341    0.30%          x26_15 N 166499 128932     46
 166711 61520        cutoff            727.4534      725.2667  5391764    0.30%          x20_34 U 166711 158303     27
 166907 61525        cutoff            727.4534      725.2710  5396482    0.30%          x21_15 U 166907 161157     49
 167113 61517      725.7282    36      727.4534      725.2758  5400951    0.30%          x21_11 N 167113 143052     36
 167324 61499        cutoff            727.4534      725.2799  5405690    0.30%           x8_10 D 167324 162190     33
 167536 61505        cutoff            727.4534      725.2842  5410197    0.30%          x25_10 U 167536  31737     26
 167739 61510        cutoff            727.4534      725.2884  5414895    0.30%            x5_8 D 167739  38060     26
 167939 61524        cutoff            727.4534      725.2921  5419345    0.30%          x17_32 D 167939 106218     38
 168144 61510      727.1436    10      727.4534      725.2964  5423630    0.30%           x6_13 N 168144 126101     41
 168360 61485      727.1859    42      727.4534      725.3006  5428254    0.30%          x26_20 N 168360  62218     49
Elapsed time = 803.01 sec. (2387094.12 ticks, tree = 83.05 MB, solutions = 1)
 168575 61455      726.1506    70      727.4534      725.3049  5432992    0.30%          x33_26 N 168575 161302     38
 168783 61445        cutoff            727.4534      725.3094  5437546    0.29%            x6_8 U 168783  75009     31
 168998 61453        cutoff            727.4534      725.3135  5441594    0.29%          x31_36 U 168998 153763     28
 169203 61476      725.7859    87      727.4534      725.3176  5445783    0.29%          x21_11 N 169203  89542     24
 169412 61487      727.1545    52      727.4534      725.3217  5450434    0.29%          x13_10 N 169412  28772     34
 169618 61468      725.6794    27      727.4534      725.3261  5454500    0.29%          x13_33 N 169618 148333     52
 169828 61491        cutoff            727.4534      725.3301  5458752    0.29%          x11_10 U 169828 169826     70
 170041 61477      727.1330    15      727.4534      725.3335  5463163    0.29%          x33_15 N 170041 110661     39
 170257 61438      725.7486    26      727.4534      725.3376  5467557    0.29%           x7_33 N 170257 138684     51
 170474 61432        cutoff            727.4534      725.3421  5471737    0.29%          x21_15 U 170474 130610     39
Elapsed time = 813.36 sec. (2425306.55 ticks, tree = 83.00 MB, solutions = 1)
 170688 61432      725.4670    40      727.4534      725.3458  5475568    0.29%          x13_33 N 170688  42614     35
 170905 61419      726.0622    24      727.4534      725.3494  5479962    0.29%          x11_29 N 170905 163580     62
 171115 61415      726.1698    23      727.4534      725.3535  5484011    0.29%           x8_10 N 171115 168191     34
 171329 61418      727.3157    24      727.4534      725.3583  5488158    0.29%           x21_7 N 171329 153095     24
 171535 61408      726.6089    14      727.4534      725.3621  5492627    0.29%          x33_26 N 171535 123200     33
 171745 61393        cutoff            727.4534      725.3657  5496878    0.29%           x6_33 U 171745 163332     42
 171954 61376      726.1684    46      727.4534      725.3700  5501287    0.29%           x26_8 N 171954 157723     41
 172162 61358        cutoff            727.4534      725.3737  5505646    0.29%           x13_5 D 172162  93866     47
 172383 61328        cutoff            727.4534      725.3782  5509928    0.29%          x33_10 U 172383 167609     54
 172608 61285      725.7893    24      727.4534      725.3828  5514257    0.28%          x11_10 N 172608 144562     33
Elapsed time = 823.60 sec. (2463577.90 ticks, tree = 83.01 MB, solutions = 1)
 172810 61285      725.4704    55      727.4534      725.3870  5518359    0.28%          x21_20 N 172810 157311     25
 173030 61257      725.3915    24      727.4534      725.3915  5522997    0.28%          x26_20 N 173030 145728     36
 173244 61232        cutoff            727.4534      725.3951  5526988    0.28%          x31_21 U 173244 137236     57
 173454 61217      727.2811    47      727.4534      725.3989  5531158    0.28%            x5_8 N 173454 173452     40
 173663 61230      726.3609    47      727.4534      725.4026  5535259    0.28%          x21_31 N 173663 147396     29
 173875 61196      725.8219    36      727.4534      725.4069  5539664    0.28%            x7_9 N 173875 166618     72
 174077 61195        cutoff            727.4534      725.4106  5543792    0.28%           x6_13 U 174077 155674     38
 174286 61183        cutoff            727.4534      725.4152  5548293    0.28%          x31_29 U 174286 162949     45
 174497 61157        cutoff            727.4534      725.4190  5552767    0.28%          x20_34 U 174497 152337     35
 174713 61129      727.0069    40      727.4534      725.4234  5557276    0.28%           x33_5 N 174713 171523     27
Elapsed time = 834.03 sec. (2501820.63 ticks, tree = 83.07 MB, solutions = 1)
 174917 61101      726.4961    68      727.4534      725.4279  5561145    0.28%          x33_13 N 174917  99020     33
 175121 61099      725.7215    17      727.4534      725.4319  5565564    0.28%           x7_11 N 175121 143184     50
 175324 61093        cutoff            727.4534      725.4353  5570345    0.28%          x12_13 U 175324  30326     32
 175536 61097      725.7169    26      727.4534      725.4401  5574634    0.28%          x33_13 N 175536 104313     53
 175741 61095      727.0923    45      727.4534      725.4441  5579106    0.28%          x33_26 N 175741 157513     44
 175956 61068      725.4630    34      727.4534      725.4483  5583384    0.28%           x8_13 N 175956  47719     62
 176170 61064      726.2818    38      727.4534      725.4526  5587555    0.28%           x25_8 N 176170  17652     42
 176389 61050        cutoff            727.4534      725.4570  5591739    0.27%          x33_26 U 176389 150489     53
 176601 61058      725.7535    22      727.4534      725.4606  5596022    0.27%          x31_20 N 176601 176599     46
 176815 61039      725.8943    12      727.4534      725.4650  5600142    0.27%           x15_7 N 176815 176814     46
Elapsed time = 844.40 sec. (2540052.62 ticks, tree = 83.11 MB, solutions = 1)
 177024 61034      725.7450    32      727.4534      725.4686  5604073    0.27%           x21_7 N 177024  47896     39
 177245 60983        cutoff            727.4534      725.4730  5608709    0.27%          x11_10 U 177245 155024     43
 177457 60958        cutoff            727.4534      725.4769  5612935    0.27%            x6_5 U 177457 160677     33
 177660 60989      725.4878    36      727.4534      725.4805  5616997    0.27%           x8_33 D 177660  48684     54
 177874 60955      725.9361    47      727.4534      725.4851  5621499    0.27%           x11_8 N 177874  49450     33
 178077 60934      726.4425    16      727.4534      725.4888  5625743    0.27%          x12_11 N 178077 164223     46
 178289 60920      725.5468    25      727.4534      725.4932  5629707    0.27%          x26_20 N 178289  99442     45
 178501 60898        cutoff            727.4534      725.4971  5633889    0.27%          x14_33 U 178501 129854     44
 178711 60866      726.5193    53      727.4534      725.5012  5638091    0.27%           x6_33 N 178711 170185     39
 178927 60851      726.7858    19      727.4534      725.5051  5642304    0.27%           x13_5 N 178927  88439     61
Elapsed time = 854.67 sec. (2578302.80 ticks, tree = 83.08 MB, solutions = 1)
 179138 60828        cutoff            727.4534      725.5091  5646280    0.27%           x15_7 D 179138  58867     53
 179348 60799        cutoff            727.4534      725.5133  5650527    0.27%           x21_7 U 179348 118371     50
 179558 60794      726.1798    70      727.4534      725.5175  5654460    0.27%          x35_18 N 179558    602     15
 179763 60792        cutoff            727.4534      725.5214  5658772    0.27%          x11_10 U 179763 126828     51
 179981 60785        cutoff            727.4534      725.5254  5662673    0.27%           x6_13 D 179981 148391     47
 180200 60740        cutoff            727.4534      725.5292  5666751    0.26%           x11_8 U 180200 117003     32
 180409 60710        cutoff            727.4534      725.5326  5670579    0.26%          x22_29 U 180409 175379     29
 180626 60673      726.2782    18      727.4534      725.5368  5674640    0.26%          x12_11 N 180626 138178     44
 180840 60655        cutoff            727.4534      725.5409  5678638    0.26%          x26_15 D 180840 173658     49
 181040 60656        cutoff            727.4534      725.5445  5682583    0.26%           x5_33 U 181040  61552     49
Elapsed time = 864.75 sec. (2616534.52 ticks, tree = 82.80 MB, solutions = 1)
 181251 60648      725.6238    25      727.4534      725.5487  5686316    0.26%          x20_10 N 181251  91848     45
 181472 60607      726.1427    61      727.4534      725.5525  5690557    0.26%          x13_33 N 181472 142402     64
 181681 60604        cutoff            727.4534      725.5564  5694778    0.26%          x33_26 U 181681 143162     36
 181890 60569      726.2649    37      727.4534      725.5606  5698907    0.26%           x8_13 N 181890  70138     33
 182099 60535        cutoff            727.4534      725.5648  5703474    0.26%           x6_13 U 182099 151886     59
 182309 60540        cutoff            727.4534      725.5684  5707541    0.26%          x33_13 U 182309 182307     53
 182522 60529      725.9553    10      727.4534      725.5725  5711900    0.26%           x7_10 N 182522 157902     55
 182732 60516        cutoff            727.4534      725.5766  5715896    0.26%            x6_5 D 182732  50570     36
 182936 60503        cutoff            727.4534      725.5804  5720092    0.26%          x13_33 U 182936 147784     30
 183157 60480        cutoff            727.4534      725.5843  5723933    0.26%          x32_10 U 183157 101052     44
Elapsed time = 875.04 sec. (2654772.11 ticks, tree = 82.48 MB, solutions = 1)
 183365 60443        cutoff            727.4534      725.5883  5727915    0.26%          x21_26 D 183365 171007     45
 183574 60428      725.8664    40      727.4534      725.5918  5732086    0.26%           x21_8 N 183574 175540     35
 183778 60426      725.6658    32      727.4534      725.5953  5735885    0.26%            x7_8 N 183778 160586     56
 183990 60417      727.3071    27      727.4534      725.5991  5739593    0.25%          x33_26 N 183990 137667     37
 184209 60395      726.2173    26      727.4534      725.6033  5743742    0.25%            x5_6 N 184209 184208     48
 184421 60368        cutoff            727.4534      725.6071  5747464    0.25%           x6_10 U 184421 150166     27
 184632 60346        cutoff            727.4534      725.6111  5751554    0.25%           x13_5 D 184632  67071     39
 184844 60301        cutoff            727.4534      725.6147  5755667    0.25%          x18_25 U 184844 155372     25
 185054 60264      725.8527    27      727.4534      725.6189  5759677    0.25%           x7_10 N 185054 167310     37
 185271 60222        cutoff            727.4534      725.6230  5763669    0.25%          x31_33 U 185271 115755     48
Elapsed time = 885.06 sec. (2693017.29 ticks, tree = 82.06 MB, solutions = 1)
 185485 60205        cutoff            727.4534      725.6271  5767508    0.25%           x25_8 D 185485  68243     44
 185700 60157      725.9612    39      727.4534      725.6313  5771572    0.25%          x33_13 N 185700 170265     54
 185914 60129      727.4058    52      727.4534      725.6348  5775333    0.25%            x6_8 N 185914 185912     60
 186120 60098      725.7147    15      727.4534      725.6386  5779546    0.25%          x15_20 N 186120 160835     50
 186339 60077        cutoff            727.4534      725.6432  5783424    0.25%          x21_11 U 186339 112714     30
 186544 60071        cutoff            727.4534      725.6467  5787212    0.25%          x33_26 D 186544 171227     60
 186757 60053        cutoff            727.4534      725.6508  5791340    0.25%            x2_4 U 186757 181180     55
 186972 60022      725.6962    41      727.4534      725.6551  5795452    0.25%           x7_10 N 186972 128625     56
 187184 59989        cutoff            727.4534      725.6590  5799625    0.25%          x12_11 D 187184 187182     53
 187398 59963      726.0008    45      727.4534      725.6624  5803570    0.25%            x5_8 N 187398  69168     46
Elapsed time = 895.15 sec. (2731302.70 ticks, tree = 81.77 MB, solutions = 1)
 187618 59958        cutoff            727.4534      725.6663  5807060    0.25%          x26_20 U 187618 166752     42
 187827 59946      726.3376    37      727.4534      725.6695  5811129    0.25%          x21_11 N 187827 153600     37
 188031 59939      726.6787    52      727.4534      725.6735  5815310    0.24%          x26_20 N 188031 165024     43
 188243 59912      726.6380    46      727.4534      725.6778  5818994    0.24%          x15_36 N 188243  18741     32
 188460 59884        cutoff            727.4534      725.6814  5822873    0.24%           x1_17 U 188460 180328     53
 188684 59856        cutoff            727.4534      725.6855  5826509    0.24%          x21_33 U 188684 184285     47
 188899 59817      726.4035    13      727.4534      725.6890  5830526    0.24%           x7_10 N 188899 184818     45
 189112 59765        cutoff            727.4534      725.6926  5834336    0.24%           x15_5 D 189112 163168     40
 189331 59713        cutoff            727.4534      725.6965  5837957    0.24%          x21_26 U 189331 166638     30
 189543 59698        cutoff            727.4534      725.6999  5841793    0.24%           x5_33 U 189543 109301     18
Elapsed time = 905.10 sec. (2769545.97 ticks, tree = 81.56 MB, solutions = 1)
 189760 59657        cutoff            727.4534      725.7036  5845598    0.24%          x14_33 U 189760  86103     49
 189975 59616      726.2659    41      727.4534      725.7075  5849292    0.24%           x12_8 N 189975  40127     38
 190191 59568        cutoff            727.4534      725.7111  5853260    0.24%           x13_5 U 190191 134096     35
 190410 59529      726.3296    23      727.4534      725.7145  5856754    0.24%          x12_11 N 190410 179355     37
 190632 59471        cutoff            727.4534      725.7187  5860907    0.24%          x32_28 D 190632   4608     16
 190850 59439        cutoff            727.4534      725.7226  5864842    0.24%          x11_10 D 190850  80124     40
 191074 59400      726.1339    85      727.4534      725.7269  5868568    0.24%          x13_33 N 191074  94238     34
 191282 59380      727.3999    16      727.4534      725.7305  5872540    0.24%            x7_8 N 191282 151486     43
 191489 59340        cutoff            727.4534      725.7342  5876497    0.24%          x21_31 U 191489 125275     27
 191701 59318        cutoff            727.4534      725.7377  5880478    0.24%          x33_26 U 191701 172453     55
Elapsed time = 915.03 sec. (2807804.83 ticks, tree = 81.03 MB, solutions = 1)
 191915 59271      726.2610     8      727.4534      725.7409  5884452    0.24%            x2_4 N 191915 173733     49
 192133 59226        cutoff            727.4534      725.7448  5888278    0.23%           x26_7 U 192133 130107     39
 192339 59196      726.9132    25      727.4534      725.7483  5892268    0.23%          x12_11 N 192339 145147     41
 192550 59159      725.8276    37      727.4534      725.7523  5896513    0.23%          x12_13 N 192550 192549     45
 192766 59134      726.3077    32      727.4534      725.7563  5900198    0.23%          x21_26 N 192766 110689     44
 192980 59085      725.8014    15      727.4534      725.7603  5904189    0.23%            x6_5 N 192980  96815     31
 193198 59047        cutoff            727.4534      725.7636  5907792    0.23%            x5_8 U 193198 114240     31
 193405 59008        cutoff            727.4534      725.7671  5911970    0.23%          x21_26 D 193405 184169     45
 193620 58972      726.5159    24      727.4534      725.7709  5915903    0.23%           x13_5 N 193620 159086     59
 193831 58932        cutoff            727.4534      725.7745  5919647    0.23%          x21_15 U 193831 175922     44
Elapsed time = 925.03 sec. (2846103.26 ticks, tree = 80.37 MB, solutions = 1)
 194043 58914        cutoff            727.4534      725.7782  5923283    0.23%           x6_10 U 194043 122343     51
 194258 58895      726.4960    10      727.4534      725.7822  5926885    0.23%          x26_20 N 194258 165366     54
 194471 58863      726.4453    21      727.4534      725.7862  5930366    0.23%            x5_8 N 194471  43545     26
 194676 58835        cutoff            727.4534      725.7899  5933986    0.23%           x15_5 U 194676 138625     40
 194898 58795        cutoff            727.4534      725.7933  5938073    0.23%            x8_6 U 194898 184715     38
 195121 58723      726.4097    71      727.4534      725.7973  5941724    0.23%          x11_29 N 195121 190798     45
 195333 58675        cutoff            727.4534      725.8010  5945377    0.23%          x33_26 U 195333 154407     41
 195550 58627      726.7929    10      727.4534      725.8048  5948903    0.23%           x7_15 N 195550 195549     55
 195750 58607      726.1541    30      727.4534      725.8084  5952599    0.23%          x33_15 N 195750 121395     40
 195969 58567      726.0361    10      727.4534      725.8119  5956639    0.23%            x8_6 N 195969 181358     34
Elapsed time = 934.88 sec. (2884352.63 ticks, tree = 80.09 MB, solutions = 1)
 196189 58514      726.3049    30      727.4534      725.8159  5960364    0.23%          x13_14 N 196189 196188     42
 196407 58445      726.1766    67      727.4534      725.8198  5964313    0.22%           x6_10 N 196407 101784     45
 196624 58378        cutoff            727.4534      725.8242  5968077    0.22%            x2_1 U 196624 185278     40
 196832 58333      726.5754    16      727.4534      725.8283  5971950    0.22%          x13_10 N 196832  43031     21
 197042 58325        cutoff            727.4534      725.8314  5975847    0.22%          x26_20 D 197042   5649     31
 197250 58263      726.9475    35      727.4534      725.8344  5979628    0.22%           x21_7 N 197250  39662     22
 197470 58218        cutoff            727.4534      725.8386  5983580    0.22%           x6_13 U 197470 168506     53
 197683 58180        cutoff            727.4534      725.8424  5987449    0.22%           x8_10 U 197683 155693     29
 197893 58142      726.3244    41      727.4534      725.8460  5990958    0.22%            x5_8 N 197893 194206     40
 198113 58089        cutoff            727.4534      725.8498  5994646    0.22%          x28_34 U 198113 120502     26
Elapsed time = 944.79 sec. (2922587.34 ticks, tree = 79.68 MB, solutions = 1)
 198318 58085        cutoff            727.4534      725.8529  5998551    0.22%          x21_15 D 198318 156043     41
 198536 58040      725.9026    32      727.4534      725.8564  6001945    0.22%            x5_8 N 198536  87148     38
 198740 58030      726.7174    56      727.4534      725.8596  6006023    0.22%          x21_15 N 198740 191603     59
 198943 58006      727.0842    40      727.4534      725.8627  6010063    0.22%          x21_15 N 198943 184409     32
 199164 57940        cutoff            727.4534      725.8663  6014345    0.22%            x5_8 D 199164  52399     19
 199372 57909      726.5802    27      727.4534      725.8696  6018155    0.22%          x11_29 N 199372 107513     70
 199587 57863      726.4605    34      727.4534      725.8740  6021809    0.22%          x21_26 N 199587 185677     30
 199798 57827      726.7648    10      727.4534      725.8776  6025550    0.22%            x5_8 N 199798 122453     44
 200013 57773        cutoff            727.4534      725.8810  6029298    0.22%          x28_29 D 200013  77973     25
 200233 57701        cutoff            727.4534      725.8853  6033132    0.22%           x15_7 U 200233 166688     63
Elapsed time = 954.70 sec. (2960816.85 ticks, tree = 79.07 MB, solutions = 1)
 200449 57667      726.4278    37      727.4534      725.8894  6036610    0.22%          x33_26 N 200449 134703     32
 200664 57614        cutoff            727.4534      725.8932  6040286    0.21%          x33_10 U 200664 120730     47
 200898 57585      726.5338    55      727.4534      725.8970  6043937    0.21%          x21_15 N 200898 186234     50
 201126 57527      726.3247    14      727.4534      725.9012  6047777    0.21%            x5_8 N 201126 164179     31
 201359 57481        cutoff            727.4534      725.9050  6051682    0.21%           x6_14 U 201359 197978     37
 201591 57415      726.3374    36      727.4534      725.9089  6055318    0.21%          x12_13 N 201591 141122     65
 201818 57385        cutoff            727.4534      725.9128  6059293    0.21%          x31_20 D 201818 201817     62
 202037 57368        cutoff            727.4534      725.9165  6063099    0.21%           x13_5 U 202037 150096     53
 202262 57317        cutoff            727.4534      725.9206  6067112    0.21%          x23_32 U 202262 113723     27
 202495 57267      727.0896    14      727.4534      725.9247  6070957    0.21%           x8_10 N 202495 161095     30
Elapsed time = 964.71 sec. (2999070.68 ticks, tree = 78.52 MB, solutions = 1)
 202725 57227      726.1831    25      727.4534      725.9290  6074646    0.21%            x6_8 N 202725 108741     41
 202954 57169        cutoff            727.4534      725.9328  6078583    0.21%          x21_15 D 202954 195291     32
 203182 57130        cutoff            727.4534      725.9362  6082525    0.21%          x13_10 U 203182  76608     44
 203414 57075      726.8007    57      727.4534      725.9403  6086203    0.21%          x33_26 N 203414 163911     50
 203647 57021      725.9629    22      727.4534      725.9445  6089657    0.21%           x5_10 N 203647 197083     56
 203876 56963      726.2433    33      727.4534      725.9483  6093448    0.21%           x26_7 N 203876 154355     48
 204110 56917        cutoff            727.4534      725.9520  6096940    0.21%          x33_26 U 204110 158985     31
 204336 56883      726.6478    22      727.4534      725.9556  6100694    0.21%           x8_13 N 204336 190727     56
 204568 56808      726.4609    16      727.4534      725.9596  6104603    0.21%           x5_10 N 204568 190079     58
 204804 56727      725.9639    14      727.4534      725.9639  6108156    0.20%           x6_10 N 204804 173440     41
Elapsed time = 974.64 sec. (3037316.54 ticks, tree = 77.90 MB, solutions = 1)
 205041 56651      726.3854    41      727.4534      725.9672  6111890    0.20%          x23_20 N 205041 192593     48
 205266 56573        cutoff            727.4534      725.9714  6115508    0.20%          x13_10 U 205266 149313     35
 205490 56548      726.8883    14      727.4534      725.9753  6119476    0.20%          x28_36 N 205490 151632     40
 205723 56480      726.5066    34      727.4534      725.9791  6123109    0.20%          x21_31 N 205723 159954     43
 205959 56418      727.3398    94      727.4534      725.9830  6126459    0.20%           x26_5 N 205959 200731     34
 206190 56376        cutoff            727.4534      725.9869  6129953    0.20%           x26_7 U 206190 166180     44
 206423 56310        cutoff            727.4534      725.9903  6133431    0.20%          x21_26 D 206423 153050     47
 206652 56258        cutoff            727.4534      725.9944  6137055    0.20%           x6_10 U 206652  83244     20
 206880 56211        cutoff            727.4534      725.9982  6141037    0.20%          x25_10 U 206880 171428     37
 207107 56145        cutoff            727.4534      726.0025  6144733    0.20%           x21_8 D 207107  84589     45
Elapsed time = 984.60 sec. (3075571.84 ticks, tree = 77.09 MB, solutions = 1)
 207328 56091        cutoff            727.4534      726.0068  6148558    0.20%          x33_26 U 207328 174193     41
 207561 56016        cutoff            727.4534      726.0105  6152284    0.20%          x11_29 D 207561 130942     53
 207794 55929        cutoff            727.4534      726.0144  6156141    0.20%          x13_33 U 207794  69112     35
 208021 55881      726.7673    18      727.4534      726.0179  6160087    0.20%           x5_10 N 208021 194393     36
 208258 55813      726.8157    17      727.4534      726.0217  6163626    0.20%           x21_8 N 208258 168374     60
 208488 55738        cutoff            727.4534      726.0259  6167346    0.20%           x12_8 D 208488 125072     49
 208720 55667        cutoff            727.4534      726.0298  6170930    0.20%            x9_6 D 208720 180035     39
 208952 55598      727.1136    24      727.4534      726.0334  6174646    0.20%          x33_13 N 208952  84444     47
 209184 55540      726.8736    22      727.4534      726.0370  6178062    0.19%          x21_15 N 209184 187577     46
 209417 55489      727.0927    12      727.4534      726.0408  6181383    0.19%           x15_5 N 209417 199460     35
Elapsed time = 994.54 sec. (3113841.61 ticks, tree = 76.19 MB, solutions = 1)
 209646 55414        cutoff            727.4534      726.0448  6185045    0.19%           x21_8 U 209646 151104     47
 209878 55353        cutoff            727.4534      726.0489  6188597    0.19%          x21_11 U 209878 209876     34
 210106 55300      726.8613    18      727.4534      726.0531  6192249    0.19%          x13_14 N 210106 210105     47
 210344 55216        cutoff            727.4534      726.0571  6195815    0.19%           x6_33 U 210344 200003     39
 210572 55136      726.5976    25      727.4534      726.0610  6199180    0.19%          x33_13 N 210572 187826     43
 210796 55096        cutoff            727.4534      726.0648  6202925    0.19%           x8_10 D 210796 146309     37
 211019 55057        cutoff            727.4534      726.0681  6206618    0.19%           x8_10 U 211019 119988     43
 211247 54997        cutoff            727.4534      726.0717  6210373    0.19%           x21_7 D 211247 116775     50
 211472 54946      727.1987    27      727.4534      726.0757  6213990    0.19%           x15_5 N 211472 110415     45
 211704 54875        cutoff            727.4534      726.0797  6217333    0.19%          x33_26 U 211704 141843     47
Elapsed time = 1004.37 sec. (3152081.97 ticks, tree = 75.52 MB, solutions = 1)
 211937 54816        cutoff            727.4534      726.0834  6220911    0.19%           x26_6 U 211937 194350     55
 212172 54734        cutoff            727.4534      726.0877  6224198    0.19%           x13_5 D 212172 206150     52
 212400 54669      726.8183    18      727.4534      726.0911  6228022    0.19%           x13_5 N 212400  97178     44
 212631 54595        cutoff            727.4534      726.0949  6231103    0.19%            x5_6 U 212631 209543     68
 212860 54541      726.2677    26      727.4534      726.0984  6234752    0.19%           x8_10 N 212860 185551     68
 213095 54472        cutoff            727.4534      726.1021  6238465    0.19%          x33_26 D 213095 135626     56
 213328 54408        cutoff            727.4534      726.1057  6241831    0.19%           x8_10 D 213328 129780     41
 213556 54354        cutoff            727.4534      726.1095  6245402    0.18%          x13_10 U 213556 141804     54
 213788 54291        cutoff            727.4534      726.1131  6248901    0.18%          x34_21 U 213788 179735     44
 214020 54212      727.2012    73      727.4534      726.1167  6252474    0.18%          x21_26 N 214020 186655     37
Elapsed time = 1014.18 sec. (3190338.16 ticks, tree = 74.66 MB, solutions = 1)
 214256 54168        cutoff            727.4534      726.1203  6255841    0.18%            x6_8 U 214256 198304     35
 214493 54089      726.1242    12      727.4534      726.1242  6259502    0.18%           x26_6 N 214493 197727     29
 214728 54006        cutoff            727.4534      726.1282  6263296    0.18%          x11_10 U 214728 162042     39
 214958 53945      726.3025    25      727.4534      726.1324  6266711    0.18%           x8_33 N 214958  81625     32
 215191 53899      726.2119    14      727.4534      726.1361  6270031    0.18%          x21_26 N 215191 200382     30
 215428 53814      727.3024    18      727.4534      726.1398  6273383    0.18%           x6_13 N 215428 117199     43
 215662 53735        cutoff            727.4534      726.1436  6276710    0.18%            x7_8 U 215662  15104     33
 215887 53682      726.6889    28      727.4534      726.1474  6280268    0.18%           x5_26 N 215887 149636     40
 216118 53592        cutoff            727.4534      726.1513  6283787    0.18%           x6_33 U 216118  87931     33
 216355 53499      726.8546    48      727.4534      726.1553  6287422    0.18%          x15_36 N 216355 209984     36
Elapsed time = 1023.89 sec. (3228589.56 ticks, tree = 73.73 MB, solutions = 1)
 216588 53434      726.8127    35      727.4534      726.1590  6290987    0.18%            x5_6 N 216588 211046     56
 216817 53379      727.3459    12      727.4534      726.1633  6294643    0.18%           x7_10 N 216817 200391     44
 217048 53318        cutoff            727.4534      726.1670  6298124    0.18%          x33_26 U 217048 169649     39
 217281 53218        cutoff            727.4534      726.1707  6301886    0.18%           x11_8 U 217281 209750     54
 217520 53133      726.1788    66      727.4534      726.1752  6305361    0.18%          x21_20 D 217520 207310     30
 217755 53039        cutoff            727.4534      726.1788  6308958    0.18%            x5_8 U 217755  37268     37
 217985 52970        cutoff            727.4534      726.1825  6312503    0.17%           x26_7 U 217985 214506     33
 218220 52883        cutoff            727.4534      726.1868  6315884    0.17%           x26_7 U 218220  47518     55
 218452 52808        cutoff            727.4534      726.1907  6319413    0.17%           x26_7 N 218452 196054     41
 218689 52711        cutoff            727.4534      726.1945  6322816    0.17%          x21_26 U 218689 167557     48
Elapsed time = 1033.58 sec. (3266805.88 ticks, tree = 72.88 MB, solutions = 1)
 218925 52634      726.1980    12      727.4534      726.1980  6326392    0.17%          x13_10 D 218925  76822     44
 219154 52581      726.9914    26      727.4534      726.2023  6329844    0.17%           x8_14 N 219154 182409     47
 219392 52493      726.6387    51      727.4534      726.2057  6333217    0.17%          x25_10 N 219392 212636     42
 219627 52409      726.2974    50      727.4534      726.2094  6336465    0.17%          x23_31 N 219627 195438     36
 219860 52351        cutoff            727.4534      726.2131  6340036    0.17%          x20_34 D 219860 219859     20
 220098 52278        cutoff            727.4534      726.2170  6343076    0.17%           x7_10 D 220098 158338     51
 220333 52187        cutoff            727.4534      726.2211  6346473    0.17%          x21_15 D 220333 122402     70
 220572 52090        cutoff            727.4534      726.2245  6349990    0.17%           x5_26 D 220572 220570     57
 220813 52006      727.4503    20      727.4534      726.2281  6353330    0.17%          x21_15 N 220813 165700     52
 221054 51920      726.9771    19      727.4534      726.2318  6356804    0.17%          x11_10 N 221054 190509     46
Elapsed time = 1043.21 sec. (3305043.87 ticks, tree = 72.00 MB, solutions = 1)
 221290 51855      726.6322    60      727.4534      726.2352  6360170    0.17%          x33_13 N 221290 195195     35
 221523 51787        cutoff            727.4534      726.2386  6363759    0.17%           x8_10 D 221523 221521     32
 221763 51691        cutoff            727.4534      726.2423  6367138    0.17%          x19_24 D 221763  28840     21
 222002 51588      726.5894    12      727.4534      726.2460  6370274    0.17%            x6_8 N 222002 222001     32
 222237 51509        cutoff            727.4534      726.2499  6373630    0.17%          x33_26 U 222237 195440     41
 222474 51415        cutoff            727.4534      726.2536  6376998    0.16%          x21_33 U 222474 160885     25
 222706 51326      727.3687    41      727.4534      726.2576  6380377    0.16%            x8_6 N 222706 204915     38
 222944 51227        cutoff            727.4534      726.2615  6383544    0.16%          x21_15 D 222944  85244     61
 223179 51143      727.0264    24      727.4534      726.2652  6387046    0.16%          x33_13 N 223179 199454     37
 223412 51057      727.4274    28      727.4534      726.2693  6390390    0.16%          x26_20 N 223412  31899     36
Elapsed time = 1052.84 sec. (3343290.37 ticks, tree = 70.88 MB, solutions = 1)
 223644 50979        cutoff            727.4534      726.2732  6393684    0.16%           x7_33 D 223644 190984     44
 223877 50901      726.6223    12      727.4534      726.2770  6397055    0.16%           x6_10 N 223877 113354     27
 224113 50802        cutoff            727.4534      726.2808  6400511    0.16%          x21_26 D 224113 187221     40
 224354 50696      726.6876    35      727.4534      726.2846  6403506    0.16%           x6_13 N 224354  23980     24
 224593 50597      726.9072    39      727.4534      726.2887  6406781    0.16%           x5_26 N 224593 181844     41
 224827 50514        cutoff            727.4534      726.2927  6410006    0.16%          x15_34 U 224827 212290     26
 225061 50432        cutoff            727.4534      726.2962  6413221    0.16%          x33_10 U 225061 212295     37
 225302 50324        cutoff            727.4534      726.2998  6416424    0.16%          x21_11 U 225302 189869     48
 225534 50228        cutoff            727.4534      726.3035  6419882    0.16%           x8_10 D 225534 170747     40
 225774 50111        cutoff            727.4534      726.3077  6422980    0.16%            x5_8 D 225774 194310     31
Elapsed time = 1062.35 sec. (3381496.72 ticks, tree = 69.60 MB, solutions = 1)
 226014 50039      727.2572    29      727.4534      726.3115  6425955    0.16%          x33_10 N 226014 185140     53
 226251 49962        cutoff            727.4534      726.3151  6429108    0.16%          x33_26 D 226251 129781     58
 226484 49879      726.7479    18      727.4534      726.3188  6432495    0.16%           x5_26 N 226484 206782     36
 226718 49800      726.7461    18      727.4534      726.3229  6435755    0.16%           x8_13 N 226718 182562     48
 226956 49716        cutoff            727.4534      726.3263  6438903    0.15%          x13_10 U 226956 170916     21
 227191 49622      727.0677    22      727.4534      726.3294  6442191    0.15%           x26_7 N 227191 218815     50
 227422 49538        cutoff            727.4534      726.3328  6445493    0.15%          x14_33 U 227422 215650     44
 227662 49433        cutoff            727.4534      726.3368  6448504    0.15%          x21_20 U 227662 214761     47
 227901 49331        cutoff            727.4534      726.3412  6451795    0.15%          x21_11 D 227901 127251     25
 228139 49239      726.5597    14      727.4534      726.3444  6454939    0.15%          x21_15 N 228139 164330     50
Elapsed time = 1071.84 sec. (3419713.09 ticks, tree = 68.87 MB, solutions = 1)
 228373 49153      726.5188    47      727.4534      726.3482  6458155    0.15%            x6_8 N 228373 228372     47
 228613 49064      726.3996    35      727.4534      726.3519  6461475    0.15%          x26_15 N 228613 171680     51
 228847 48971        cutoff            727.4534      726.3556  6464767    0.15%          x15_29 U 228847  10461     51
 229085 48883      726.4983    25      727.4534      726.3597  6467832    0.15%           x5_33 N 229085  62097     37
 229325 48794      726.6762    16      727.4534      726.3643  6471053    0.15%          x33_10 N 229325 192505     79
 229558 48726        cutoff            727.4534      726.3681  6474212    0.15%           x7_20 U 229558 160986     67
 229796 48615        cutoff            727.4534      726.3719  6477550    0.15%          x11_10 D 229796  82288     49
 230037 48518      727.4248    67      727.4534      726.3758  6480757    0.15%          x11_29 N 230037 230036     44
 230278 48398        cutoff            727.4534      726.3798  6483884    0.15%          x17_29 U 230278 194257     32
 230516 48310        cutoff            727.4534      726.3835  6487147    0.15%          x26_10 U 230516 219801     58
Elapsed time = 1081.33 sec. (3457950.37 ticks, tree = 67.76 MB, solutions = 1)
 230755 48198      727.0960    35      727.4534      726.3879  6490379    0.15%          x21_10 N 230755 218223     44
 230991 48109        cutoff            727.4534      726.3918  6493429    0.15%          x26_10 U 230991 213967     52
 231230 47995      727.0913    46      727.4534      726.3960  6496561    0.15%           x26_7 N 231230  85174     36
 231466 47893        cutoff            727.4534      726.4000  6499738    0.14%           x6_10 U 231466 128114     36
 231705 47787        cutoff            727.4534      726.4035  6502695    0.14%          x32_17 D 231705 211955     44
 231949 47682        cutoff            727.4534      726.4075  6505447    0.14%           x21_7 U 231949 231947     19
 232188 47586        cutoff            727.4534      726.4109  6508321    0.14%            x6_8 U 232188 216762     30
 232430 47504        cutoff            727.4534      726.4145  6511245    0.14%           x21_7 U 232430 210723     30
 232670 47404      727.2516    40      727.4534      726.4181  6514296    0.14%          x21_11 N 232670 222703     24
 232912 47301        cutoff            727.4534      726.4220  6517204    0.14%           x8_10 D 232912 216166     32
Elapsed time = 1090.68 sec. (3496188.15 ticks, tree = 66.42 MB, solutions = 1)
 233152 47185      726.9732    22      727.4534      726.4258  6520189    0.14%          x13_14 N 233152  57456     47
 233395 47080        cutoff            727.4534      726.4298  6522929    0.14%          x11_10 D 233395 225558     31
 233636 46976      727.0317    10      727.4534      726.4339  6525968    0.14%            x8_6 N 233636 223180     38
 233876 46867      727.4047    12      727.4534      726.4378  6528988    0.14%           x26_7 N 233876 111606     29
 234116 46746        cutoff            727.4534      726.4414  6531912    0.14%          x21_31 U 234116  93340     29
 234359 46622        cutoff            727.4534      726.4452  6534834    0.14%          x11_10 D 234359 104612     39
 234592 46539      727.3106    20      727.4534      726.4487  6537825    0.14%          x13_14 N 234592 227982     59
 234836 46427        cutoff            727.4534      726.4526  6540593    0.14%           x1_17 D 234836 208610     39
 235077 46325        cutoff            727.4534      726.4561  6543526    0.14%          x21_33 U 235077  42600     45
 236026 45921        cutoff            727.4534      726.4710  6555321    0.14%          x33_13 U 236026 179094     34
Elapsed time = 1102.71 sec. (3545871.48 ticks, tree = 64.61 MB, solutions = 1)
 236987 45444        cutoff            727.4534      726.4856  6566666    0.13%          x20_34 U 236987   5730     32
 237957 44952        cutoff            727.4534      726.5012  6578128    0.13%           x6_13 D 237957 196646     36
 238925 44534      726.8191    64      727.4534      726.5153  6588962    0.13%           x11_8 N 238925 102952     19
 239890 44060        cutoff            727.4534      726.5309  6600108    0.13%          x33_15 U 239890 148780     37
 240875 43580        cutoff            727.4534      726.5461  6610905    0.12%           x26_7 U 240875 211832     47
 241846 43059        cutoff            727.4534      726.5620  6621908    0.12%            x6_8 U 241846 176461     14
 242808 42546      726.6373    10      727.4534      726.5766  6633381    0.12%            x5_8 N 242808  59932     34
 243790 42031        cutoff            727.4534      726.5918  6643611    0.12%          x13_10 U 243790  40398     35
 244752 41516        cutoff            727.4534      726.6066  6654845    0.12%           x6_13 D 244752 231779     70
 245729 40985      727.1379    32      727.4534      726.6219  6665598    0.11%           x6_10 N 245729 106356     30
Elapsed time = 1139.52 sec. (3698542.79 ticks, tree = 58.29 MB, solutions = 1)
 246712 40473        cutoff            727.4534      726.6372  6676196    0.11%          x33_26 D 246712 179244     52
 247702 39929        cutoff            727.4534      726.6526  6686333    0.11%          x23_32 D 247702  93076     40
 248689 39383      727.1931    18      727.4534      726.6666  6696444    0.11%           x5_10 N 248689 203932     49
 249673 38836        cutoff            727.4534      726.6815  6707019    0.11%           x7_10 U 249673 238501     52
 250670 38268        cutoff            727.4534      726.6969  6717595    0.10%           x8_13 D 250670 160686     57
 251671 37645        cutoff            727.4534      726.7119  6727389    0.10%          x21_26 U 251671  82060     40
 252657 37080      727.3597    28      727.4534      726.7270  6737012    0.10%            x6_5 N 252657 241744     23
 253642 36499        cutoff            727.4534      726.7422  6746475    0.10%            x7_8 U 253642 234658     60
 254630 35953        cutoff            727.4534      726.7582  6755478    0.10%          x33_26 D 254630 220303     39
 255625 35372      727.4034    12      727.4534      726.7728  6764808    0.09%            x6_5 N 255625  24400     39
Elapsed time = 1175.37 sec. (3851214.55 ticks, tree = 50.59 MB, solutions = 1)
 256634 34715        cutoff            727.4534      726.7884  6773898    0.09%          x13_14 U 256634 170559     41
 257635 34111        cutoff            727.4534      726.8031  6783139    0.09%          x12_13 U 257635  95922     47
 258641 33449        cutoff            727.4534      726.8183  6792158    0.09%           x6_13 D 258641 104212     32
 259647 32761        cutoff            727.4534      726.8342  6800916    0.09%           x7_10 U 259647 186406     61
 260666 32093        cutoff            727.4534      726.8499  6809270    0.08%          x17_34 U 260666 208733     34
 261674 31442        cutoff            727.4534      726.8651  6817857    0.08%          x11_10 U 261674 146685     32
 262682 30774        cutoff            727.4534      726.8801  6826375    0.08%          x18_25 U 262682 175484     21
 263701 30070        cutoff            727.4534      726.8958  6834537    0.08%           x13_5 U 263701  38571     41
 264724 29362        cutoff            727.4534      726.9116  6842329    0.07%           x12_8 D 264724 117493     41
 265742 28622        cutoff            727.4534      726.9269  6850232    0.07%          x12_11 D 265742 103259     48
Elapsed time = 1210.20 sec. (4003881.83 ticks, tree = 41.73 MB, solutions = 1)
 266763 27933        cutoff            727.4534      726.9424  6858037    0.07%          x33_15 D 266763 172525     59
 267797 27199        cutoff            727.4534      726.9598  6865537    0.07%           x8_26 U 267797 254409     54
 268831 26424        cutoff            727.4534      726.9760  6872889    0.07%           x2_34 U 268831 255567     38
 269863 25699        cutoff            727.4534      726.9917  6879999    0.06%           x9_33 D 269863 239372     52
 270904 24884        cutoff            727.4534      727.0076  6887061    0.06%            x6_5 U 270904 158161     40
 271949 24109        cutoff            727.4534      727.0238  6894189    0.06%          x31_20 U 271949 259830     48
 272983 23284        cutoff            727.4534      727.0394  6901352    0.06%           x13_5 U 272983  82014     41
 274031 22487        cutoff            727.4534      727.0548  6907955    0.05%           x7_33 D 274031 268596     45
 275079 21671        cutoff            727.4534      727.0710  6914376    0.05%          x13_12 U 275079 262531     29
 276126 20820        cutoff            727.4534      727.0874  6920742    0.05%          x21_15 U 276126  51021     45
Elapsed time = 1243.96 sec. (4156557.39 ticks, tree = 31.13 MB, solutions = 1)
 277186 19973        cutoff            727.4534      727.1034  6926912    0.05%          x26_15 U 277186 123826     36
 278240 19135      727.3491    73      727.4534      727.1180  6932816    0.05%           x30_7 N 278240 252957     36
 279298 18265        cutoff            727.4534      727.1341  6938653    0.04%          x21_15 U 279298 131246     44
 280359 17401        cutoff            727.4534      727.1499  6944434    0.04%          x11_10 U 280359 239907     45
 281423 16508        cutoff            727.4534      727.1664  6949838    0.04%          x21_20 U 281423  50555     40
 282493 15581        cutoff            727.4534      727.1832  6955188    0.04%          x10_14 U 282493 273719     37
 283570 14644        cutoff            727.4534      727.2001  6960221    0.03%          x21_10 D 283570 278877     34
 284646 13728        cutoff            727.4534      727.2165  6965217    0.03%            x6_5 D 284646 204999     34
 285725 12768        cutoff            727.4534      727.2339  6970066    0.03%          x23_28 U 285725 147993     35
 286810 11788        cutoff            727.4534      727.2516  6974672    0.03%          x26_10 U 286810 243402     47
Elapsed time = 1276.32 sec. (4309213.48 ticks, tree = 19.01 MB, solutions = 1)
 287896 10822        cutoff            727.4534      727.2687  6979231    0.03%          x33_26 U 287896 150860     45
 288991  9829        cutoff            727.4534      727.2869  6983490    0.02%          x11_29 U 288991 216687     48
 290082  8817      727.3896    20      727.4534      727.3043  6987547    0.02%          x13_33 N 290082 197084     46
 291179  7809        cutoff            727.4534      727.3215  6991398    0.02%          x12_11 U 291179 244134     45
 292275  6780        cutoff            727.4534      727.3388  6995075    0.02%           x21_7 D 292275 272768     46
 293376  5722        cutoff            727.4534      727.3564  6998437    0.01%           x26_7 U 293376 150519     48
 294485  4649        cutoff            727.4534      727.3746  7001682    0.01%          x31_21 D 294485  49998     34

Zero-half cuts applied:  27
Gomory fractional cuts applied:  1
User cuts applied:  6255

Root node processing (before b&c):
  Real time             =    0.10 sec. (166.79 ticks)
Sequential b&c:
  Real time             = 1299.20 sec. (4422127.98 ticks)
                          ------------
Total (root+branch&cut) = 1299.30 sec. (4422294.77 ticks)

