Version identifier: 22.1.0.0 | 2022-03-09 | 1a383f8ce
CPXPARAM_Preprocessing_Reduce                    1
CPXPARAM_Threads                                 1
CPXPARAM_Preprocessing_Reformulations            0
CPXPARAM_Emphasis_MIP                            2
CPXPARAM_MIP_Limits_CutPasses                    300
CPXPARAM_TimeLimit                               10800
CPXPARAM_MIP_Limits_TreeMemory                   20000
Legacy callback                                  BbLUID
         Disabling repeat represolve because of lazy constraint/incumbent callback.
1 of 1 MIP starts provided solutions.
MIP start 'm1' defined initial solution with objective 820.5641.
Tried aggregator 1 time.
MIP Presolve eliminated 1183 rows and 0 columns.
MIP Presolve modified 417 coefficients.
Reduced MIP has 507 rows, 1980 columns, and 6160 nonzeros.
Reduced MIP has 1980 binaries, 0 generals, 0 SOSs, and 0 indicators.
Presolve time = 0.00 sec. (4.07 ticks)
Probing time = 0.00 sec. (2.78 ticks)
Clique table members: 507.
MIP emphasis: optimality.
MIP search method: traditional branch-and-cut.
Parallel mode: none, using 1 thread.
Root relaxation solution time = 0.00 sec. (1.24 ticks)

        Nodes                                         Cuts/
   Node  Left     Objective  IInf  Best Integer    Best Bound    ItCnt     Gap         Variable B NodeID Parent  Depth

*     0+    0                          820.5641        0.0000           100.00%
      0     0      743.0124    48      820.5641      691.0410       33   15.78%
      0     0      760.4980    24      820.5641      Cuts: 15       55    7.32%
      0     0      763.5062    16      820.5641       User: 1       58    6.95%
      0     0      763.7786    90      820.5641       Cuts: 3       62    6.92%
      0     2      763.7786    90      820.5641      764.1377       62    6.88%                        0             0
Elapsed time = 0.11 sec. (83.28 ticks, tree = 0.01 MB, solutions = 1)
     22    20      772.3798   100      820.5641      767.1663      280    6.51%           x1_28 N     22     20      3
     52    42      779.1312   101      820.5641      769.4903     1001    6.22%          x40_45 N     52     21      4
     81    71      790.3926    80      820.5641      771.7138     1818    5.95%          x31_40 N     81     63      3
    114   104      775.2736    42      820.5641      773.5889     2758    5.72%          x29_22 N    114     89     15
    160   150      775.8301   103      820.5641      775.4434     3670    5.50%          x17_26 D    160    159     15
    208   198      776.7751    70      820.5641      776.4899     4852    5.37%          x25_17 D    208     70      5
    250   240      780.1302    69      820.5641      777.2256     6107    5.28%          x39_42 D    250    122     12
    300   290      786.6912    78      820.5641      778.2796     7410    5.15%          x33_26 N    300     26      6
    341   331      781.4658    85      820.5641      778.7422     8432    5.10%          x33_26 N    341    339     19
    521   511      788.5436    62      820.5641      780.0571    12717    4.94%          x41_45 U    521     64      3
Elapsed time = 2.42 sec. (3314.98 ticks, tree = 1.02 MB, solutions = 1)
    721   711      799.6942    57      820.5641      780.9983    17178    4.82%          x15_17 U    721    720     30
    910   878      782.8652    43      820.5641      781.5876    20461    4.75%          x42_27 U    910    553     11
   1097  1065      782.8173    42      820.5641      782.2100    24635    4.67%          x22_13 D   1097    970     15
   1280  1248      782.7885    92      820.5641      782.7776    28834    4.60%          x31_40 D   1280    979     13
   1477  1434      801.2774    91      820.5641      783.0973    33209    4.57%          x42_35 U   1477    884     16
   1650  1607      790.9231    68      820.5641      783.4908    37517    4.52%          x18_16 U   1650   1260     25
   1840  1797      786.0434    70      820.5641      783.8568    41967    4.47%          x12_11 D   1840   1069     16
   2016  1973      785.8038    36      820.5641      784.1780    46178    4.43%          x42_34 U   2016    836     15
   2204  2157      787.9850    60      820.5641      784.4782    50151    4.40%          x22_13 U   2204   1390     17
   2374  2327      792.9581    63      820.5641      784.7570    54587    4.36%          x12_17 U   2374   1801     27
Elapsed time = 8.36 sec. (12908.60 ticks, tree = 5.40 MB, solutions = 1)
   2540  2492      794.7337    93      820.5641      785.0202    58587    4.33%          x40_45 U   2540    149      8
   2711  2663      789.3468    65      820.5641      785.2167    62787    4.31%          x12_21 U   2711   2053     19
   2871  2804      789.3420    38      820.5641      785.3345    65755    4.29%          x33_35 U   2871   2170     24
   3038  2970      790.3741    58      820.5641      785.5118    69896    4.27%          x39_34 N   3038   1864     12
   3210  3142      786.0148    64      820.5641      785.7248    74078    4.25%          x25_18 D   3210   2256     20
   3360  3292      796.1018    96      820.5641      785.8740    78162    4.23%          x40_45 U   3360   1024     14
   3538  3460      792.1186    37      820.5641      785.9718    81745    4.22%          x30_40 U   3538   3006     36
   3682  3603      800.0702    48      820.5641      786.1049    85536    4.20%          x36_28 N   3682   3680     28
   3833  3754      790.8803    28      820.5641      786.2561    89358    4.18%          x25_16 U   3833   1784     28
   3988  3908      790.8046    39      820.5641      786.3962    93254    4.16%          x22_14 D   3988   2640     14
Elapsed time = 13.86 sec. (22475.80 ticks, tree = 8.80 MB, solutions = 1)
   4127  4047      800.0343    50      820.5641      786.4744    95831    4.15%          x35_29 D   4127   4125     58
   4263  4168      787.3170    67      820.5641      786.5558    98111    4.14%          x35_33 D   4263   4262     23
   4400  4305      787.9966    51      820.5641      786.6689   101752    4.13%          x13_15 D   4400   4399     22
   4540  4445      790.9239    49      820.5641      786.7893   105261    4.12%          x22_17 U   4540   3810     14
   4670  4575      787.2873    51      820.5641      786.8905   108732    4.10%          x18_33 D   4670   2637     19
   4800  4705      797.0414    28      820.5641      786.9778   112034    4.09%          x35_17 D   4800   4799     28
   4940  4835      787.9564    68      820.5641      787.0597   114984    4.08%          x11_21 D   4940   3899     32
   5080  4975      788.5800    62      820.5641      787.1471   118497    4.07%          x22_13 U   5080   3818     18
   5200  5095      788.3287    46      820.5641      787.2492   121927    4.06%          x39_33 D   5200   5199     20
   5326  5221      789.0863   106      820.5641      787.3417   125113    4.05%          x17_15 D   5326   4423     21
Elapsed time = 19.26 sec. (32238.92 ticks, tree = 13.34 MB, solutions = 1)
   5460  5355      808.9215    70      820.5641      787.4137   128140    4.04%          x38_42 N   5460   5458     37
   5606  5494      788.1931    44      820.5641      787.4941   130893    4.03%          x17_15 U   5606   4021     25
   5726  5614      815.3222    62      820.5641      787.5737   134056    4.02%           x6_26 U   5726   5725     36
   5847  5733      789.0555    83      820.5641      787.6558   136918    4.01%          x18_35 U   5847   1329     17
   5983  5869      796.7464    59      820.5641      787.7341   140204    4.00%          x26_34 D   5983   4752     15
   6095  5981      802.1584    56      820.5641      787.7895   143198    3.99%          x15_25 N   6095   4549     25
   6223  6105      789.1679    26      820.5641      787.8423   146126    3.99%          x42_34 U   6223   2953     14
   6352  6234      788.1361    63      820.5641      787.9119   148924    3.98%          x15_33 D   6352   4758     30
   6460  6342      793.9334    34      820.5641      787.9604   151830    3.97%          x39_34 D   6460   1989     17
   6584  6466      796.2653    84      820.5641      788.0304   155128    3.96%           x2_39 N   6584   5807     22
Elapsed time = 24.41 sec. (41817.23 ticks, tree = 16.32 MB, solutions = 1)
   6690  6572      790.9582    67      820.5641      788.0852   158371    3.96%          x38_25 U   6690   5586     32
   6814  6690      800.3747    68      820.5641      788.1292   161164    3.95%          x34_35 U   6814   5086     19
   6934  6810      803.4131    69      820.5641      788.1849   164445    3.95%          x26_34 D   6934   6932     28
   7045  6921      789.7554    59      820.5641      788.2373   167459    3.94%          x39_33 D   7045   7043     41
   7160  7036      804.7905    81      820.5641      788.3031   170735    3.93%           x28_5 U   7160   6079     26
   7270  7146      791.4866    64      820.5641      788.3683   173696    3.92%           x0_40 D   7270   3993     14
   7394  7266      789.7347    55      820.5641      788.4270   176745    3.92%          x22_13 D   7394   7393     16
   7517  7379      789.8352    57      820.5641      788.4540   179275    3.91%          x13_15 D   7517   5539     22
   7623  7485      791.0897    93      820.5641      788.5052   182220    3.91%          x42_34 D   7623   4960     10
   7732  7594      794.9485    37      820.5641      788.5544   185267    3.90%          x30_40 U   7732   3036     22
Elapsed time = 29.44 sec. (51412.66 ticks, tree = 19.17 MB, solutions = 1)
   7850  7712      788.8723    48      820.5641      788.5971   188457    3.90%          x22_15 D   7850   4605     20
   7963  7825      807.6811    87      820.5641      788.6475   191716    3.89%          x39_34 U   7963   3580     36
   8068  7925      812.4957    43      820.5641      788.7010   194185    3.88%          x22_33 D   8068   8067     38
   8177  8030      792.6539    69      820.5641      788.7609   197259    3.88%          x34_35 D   8177   4323     17
   8290  8143      789.6873    35      820.5641      788.8112   200175    3.87%          x13_15 D   8290   6607     21
   8400  8251      795.7198    57      820.5641      788.8583   203342    3.86%          x36_28 U   8400   8398     19
   8509  8360      801.1031    30      820.5641      788.8942   206262    3.86%          x15_21 U   8509   2910     26
   8613  8464      789.1449    53      820.5641      788.9390   209297    3.85%          x33_23 D   8613   7113     36
   8720  8564      791.8136    41      820.5641      788.9708   211805    3.85%          x38_33 D   8720   5355     25
   8837  8679      789.7053    52      820.5641      789.0051   214654    3.85%          x33_16 D   8837   8836     29
Elapsed time = 34.42 sec. (61033.15 ticks, tree = 22.36 MB, solutions = 1)
   8943  8785      817.3238    41      820.5641      789.0424   217716    3.84%          x33_16 N   8943   8470     30
   9062  8904      794.0786    69      820.5641      789.0931   220546    3.84%          x31_45 U   9062   7317     12
   9172  9014      790.3715    58      820.5641      789.1317   223546    3.83%          x34_35 D   9172   6386     17
   9277  9119      790.7821    54      820.5641      789.1742   226740    3.83%          x22_13 U   9277   9275     21
   9391  9226      799.6968    49      820.5641      789.1995   229304    3.82%          x29_22 U   9391   9389     33
   9493  9328      789.2240    67      820.5641      789.2243   232258    3.82%          x39_34 D   9493   7183     29
   9599  9434      802.5347    62      820.5641      789.2664   235447    3.81%          x29_13 U   9599   7055     21
   9683  9518      790.3405    99      820.5641      789.2956   237933    3.81%          x33_34 D   9683   9682     22
   9787  9622      808.1305    66      820.5641      789.3420   241049    3.80%           x28_5 U   9787   8288     22
   9894  9729      800.0517    24      820.5641      789.3750   244214    3.80%          x16_35 U   9894   6650     20
Elapsed time = 39.32 sec. (70644.94 ticks, tree = 25.23 MB, solutions = 1)
  10000  9835      799.9853    39      820.5641      789.4100   247117    3.80%          x26_42 U  10000   6866     19
  10096  9922      789.9077    31      820.5641      789.4312   249738    3.79%          x12_22 D  10096  10095     30
  10200 10026      792.5599    59      820.5641      789.4629   252642    3.79%          x12_11 U  10200   4297     18
  10301 10125      789.7622    71      820.5641      789.5022   255385    3.79%          x38_18 D  10301  10300     31
  10400 10224      793.2068    37      820.5641      789.5262   258129    3.78%          x39_27 U  10400   6065     21
  10504 10326      793.2930    54      820.5641      789.5615   261199    3.78%          x16_18 U  10504   7293     18
  10607 10428      790.3728    32      820.5641      789.5907   264028    3.77%          x12_11 U  10607   6124     35
  10720 10541      797.3443    49      820.5641      789.6174   266819    3.77%          x29_16 D  10720  10719     54
  10831 10638      794.7250    45      820.5641      789.6327   269124    3.77%          x17_13 D  10831  10830     25
  10932 10739      792.4856    38      820.5641      789.6631   272031    3.77%          x26_34 D  10932   2656     10
Elapsed time = 44.13 sec. (80336.39 ticks, tree = 27.76 MB, solutions = 1)
  11035 10840      808.9363    57      820.5641      789.6915   274936    3.76%          x39_34 U  11035   4762     29
  11137 10942      792.5030    94      820.5641      789.7254   277812    3.76%          x13_12 U  11137  11135     31
  11232 11037      793.9128    36      820.5641      789.7559   280601    3.75%          x22_13 U  11232   6638     18
  11332 11135      790.6408    46      820.5641      789.7846   283188    3.75%          x33_26 D  11332   3139     22
  11440 11236      792.4186    46      820.5641      789.8024   286021    3.75%          x13_25 U  11440   8298     28
  11546 11342      790.1162    69      820.5641      789.8356   289086    3.74%          x12_21 D  11546   4645     22
  11621 11417      791.9149    37      820.5641      789.8589   291652    3.74%          x26_27 U  11621   4389     16
  11710 11506      790.4098    62      820.5641      789.8849   294628    3.74%          x17_15 D  11710   4186     22
  11816 11609      791.9596    63      820.5641      789.9081   297614    3.74%          x13_17 U  11816  11814     32
  12217 11997      794.5754    71      820.5641      790.0072   308626    3.72%          x22_15 U  12217   7517     23
Elapsed time = 50.26 sec. (92808.14 ticks, tree = 31.64 MB, solutions = 1)
  12596 12372      798.6784    51      820.5641      790.1128   319672    3.71%          x26_34 D  12596   7238     21
  12961 12723      800.8738    63      820.5641      790.2032   330221    3.70%          x43_38 U  12961  12959     26
  13358 13118      818.2473    59      820.5641      790.2899   340452    3.69%           x23_3 D  13358  13357     40
  13734 13486      792.3976    42      820.5641      790.3708   351355    3.68%          x13_17 U  13734  13733     29
  14130 13874      790.5625    56      820.5641      790.4423   361410    3.67%          x29_13 D  14130  12561     26
  14484 14226      812.9303    68      820.5641      790.5219   372253    3.66%          x18_34 U  14484   7252     29
  14846 14582      802.2018    42      820.5641      790.5852   382538    3.65%          x29_13 N  14846  13672     29
  15213 14945      792.6023    30      820.5641      790.6672   392901    3.64%          x17_15 U  15213  15211     20
  15585 15302      795.5728    60      820.5641      790.7284   403082    3.64%          x35_27 U  15585  10332     22
  15929 15646      791.2834    72      820.5641      790.7945   411846    3.63%          x29_22 D  15929  15928     27
Elapsed time = 69.00 sec. (131022.38 ticks, tree = 41.39 MB, solutions = 1)
  16280 15987      809.5956    63      820.5641      790.8629   421974    3.62%          x25_18 U  16280   3168     17
  16620 16325      812.0259    90      820.5641      790.9247   432038    3.61%          x39_34 N  16620   8195     26
  16978 16668      793.6315    59      820.5641      790.9650   440939    3.61%          x17_13 U  16978  10954     18
  17310 16999      792.2084    49      820.5641      791.0260   450634    3.60%          x29_13 D  17310  11893     25
  17629 17302      796.0878    30      820.5641      791.0787   460088    3.59%          x33_26 U  17629  14778     22
  17968 17641      816.2558    56      820.5641      791.1300   469784    3.59%          x33_16 U  17968   7858     41
  18314 17979      815.8828    34      820.5641      791.1792   479523    3.58%          x38_18 U  18314  13458     28
  18644 18303      804.0329    32      820.5641      791.2324   488747    3.57%          x17_37 N  18644  18642     17
  18968 18620      793.5662    60      820.5641      791.2879   498305    3.57%          x26_34 D  18968  10590     10
  19287 18933      796.0441    28      820.5641      791.3339   507332    3.56%          x12_22 D  19287   8894     17
Elapsed time = 87.62 sec. (169262.08 ticks, tree = 53.10 MB, solutions = 1)
  19627 19273      799.7029    55      820.5641      791.3837   516542    3.56%          x22_16 U  19627  19625     55
  19950 19585      798.5436    43      820.5641      791.4168   525530    3.55%          x29_13 U  19950  15198     20
  20241 19872      792.2725    60      820.5641      791.4629   534567    3.55%          x17_25 D  20241   9480     22
  20564 20182      797.9308    44      820.5641      791.5018   543703    3.54%          x15_33 U  20564  20562     28
  20871 20487      791.9147    56      820.5641      791.5429   553093    3.54%          x29_17 D  20871  20870     31
  21176 20776      803.2364    67      820.5641      791.5774   561451    3.53%          x39_34 U  21176  16393     24
  21457 21053      818.3440    32      820.5641      791.6140   570816    3.53%          x38_18 U  21457  16388     32
  21742 21332      794.0154    53      820.5641      791.6520   579457    3.52%          x17_25 D  21742   3548     24
  22052 21634      791.8400    70      820.5641      791.6936   588469    3.52%          x21_11 D  22052   4589     31
  22360 21936      792.4879    80      820.5641      791.7342   597725    3.51%          x26_27 D  22360  19115     23
Elapsed time = 105.75 sec. (207485.85 ticks, tree = 61.48 MB, solutions = 1)
  22639 22201      792.0624    55      820.5641      791.7614   606110    3.51%          x34_18 D  22639  22638     19
  22951 22511      808.5986    60      820.5641      791.7948   614932    3.51%          x29_22 N  22951  22949     28
  23231 22785      798.8114    29      820.5641      791.8282   624210    3.50%          x29_22 U  23231  10562     23
  23517 23065      797.9579    68      820.5641      791.8622   633715    3.50%          x33_23 U  23517  18373     39
  23796 23332      792.2776    64      820.5641      791.8945   642253    3.49%          x17_37 D  23796  23795     30
  24112 23640      814.0440    49      820.5641      791.9240   650310    3.49%          x34_35 U  24112  24110     22
  24399 23917      792.6500    36      820.5641      791.9603   658811    3.49%          x17_33 D  24399  24398     28
  24688 24204      804.8477    43      820.5641      791.9913   666974    3.48%          x15_25 D  24688  24686     42
  24969 24473      792.9960    50      820.5641      792.0187   674858    3.48%          x26_39 D  24969  18321     18
  25247 24747      803.4636    62      820.5641      792.0468   683183    3.48%          x26_27 U  25247  25245     21
Elapsed time = 123.80 sec. (245760.88 ticks, tree = 69.72 MB, solutions = 1)
  25517 25004      798.8624    58      820.5641      792.0711   691857    3.47%           x0_40 D  25517  16720     35
  25789 25272      793.9551    62      820.5641      792.0989   700810    3.47%           x0_40 U  25789  13420     20
  26068 25551      796.2365    93      820.5641      792.1224   708561    3.47%          x17_15 D  26068  26066     43
  26365 25831      793.5924    59      820.5641      792.1521   716703    3.46%          x13_12 U  26365  19892     35
  26640 26104      792.2913    46      820.5641      792.1728   724961    3.46%          x25_16 D  26640  20894     30
  26920 26382      794.3912    52      820.5641      792.1975   733624    3.46%           x2_39 D  26920  14946     24
  27188 26636      798.9502    47      820.5641      792.2205   742148    3.45%          x39_27 U  27188  27187     31
  27432 26871      802.9259    52      820.5641      792.2458   750077    3.45%          x26_34 D  27432   4983     22
  27693 27124      803.0298    42      820.5641      792.2688   758461    3.45%          x29_17 U  27693  21901     31
  27980 27409      792.5559    68      820.5641      792.2951   766789    3.45%          x17_25 D  27980  15239     17
Elapsed time = 141.67 sec. (284030.75 ticks, tree = 78.16 MB, solutions = 1)
  28256 27683      795.0303    38      820.5641      792.3176   775322    3.44%           x0_40 D  28256  13287     22
  28546 27967      793.4647    47      820.5641      792.3394   783195    3.44%          x13_12 D  28546  14801     44
  28816 28228      820.2415    38      820.5641      792.3645   791544    3.44%          x25_35 U  28816  28813     32
  29089 28495      796.4932    81      820.5641      792.3867   799904    3.43%          x29_13 N  29089  26608     17
  29364 28762        cutoff            820.5641      792.4089   807981    3.43%          x25_18 U  29364  15222     20
  29632 29024      797.4268    78      820.5641      792.4339   816305    3.43%          x26_34 D  29632  14744     10
  29908 29300      803.1677    41      820.5641      792.4556   824037    3.43%          x17_18 U  29908  29906     46
  30179 29558      817.0907    22      820.5641      792.4753   832020    3.42%          x29_18 U  30179  24072     33
  30458 29835      802.0501    80      820.5641      792.4928   839909    3.42%          x34_35 U  30458  29984     15
  30729 30103      806.2665    32      820.5641      792.5137   847949    3.42%          x17_25 N  30729  30727     24
Elapsed time = 159.49 sec. (322294.59 ticks, tree = 87.36 MB, solutions = 1)
  31004 30361      792.6275    50      820.5641      792.5325   855999    3.42%          x38_18 D  31004  31003     18
  31263 30614      793.5792    74      820.5641      792.5510   863727    3.41%          x34_18 D  31263  31262     23
  31514 30861      800.5712    47      820.5641      792.5728   871611    3.41%          x14_18 U  31514  31512     32
  31782 31116      804.1257    86      820.5641      792.5896   879849    3.41%          x40_45 U  31782  30940     30
  32035 31365      794.0179    59      820.5641      792.6090   888332    3.41%          x18_35 U  32035  32034     19
  32277 31599      795.7967    16      820.5641      792.6326   896888    3.40%          x39_27 U  32277  12008     23
  32520 31834      793.2204    45      820.5641      792.6514   904640    3.40%          x33_34 D  32520  19881     20
  32767 32071      809.5562    32      820.5641      792.6676   912686    3.40%          x29_17 U  32767  26252     28
  32999 32299      798.7551    40      820.5641      792.6871   920397    3.40%          x29_17 N  32999  19291     21
  33240 32532      794.1551    65      820.5641      792.7063   928562    3.39%          x37_17 D  33240  33239     28
Elapsed time = 177.17 sec. (360547.63 ticks, tree = 95.01 MB, solutions = 1)
  33485 32770      806.2095    37      820.5641      792.7234   936768    3.39%          x17_37 U  33485  26063     33
  33760 33038      818.3949    83      820.5641      792.7410   944181    3.39%          x38_25 D  33760  33759     45
  34011 33279      810.3717    87      820.5641      792.7592   952257    3.39%          x38_18 U  34011  12440     33
  34240 33500      792.7813    73      820.5641      792.7786   960055    3.39%          x29_13 D  34240  26959     21
  34477 33728      809.2867    46      820.5641      792.7991   968200    3.38%          x29_13 U  34477  28625     26
  34715 33960      812.7205    33      820.5641      792.8170   976109    3.38%          x29_22 U  34715  26254     30
  34950 34193      797.9994    68      820.5641      792.8335   983853    3.38%          x17_18 N  34950  26418     37
  35206 34438      795.2538    55      820.5641      792.8495   991384    3.38%          x12_22 U  35206  35204     26
  35440 34667      804.0078    35      820.5641      792.8676   999031    3.38%          x26_27 U  35440  23384     33
  35662 34883      802.7332    40      820.5641      792.8826  1006426    3.37%          x35_27 N  35662  24542     27
Elapsed time = 194.60 sec. (398794.37 ticks, tree = 104.07 MB, solutions = 1)
  35926 35137      795.5621    52      820.5641      792.9018  1013971    3.37%          x33_25 N  35926  31874     43
  36155 35356      802.2965    64      820.5641      792.9168  1022076    3.37%          x36_28 U  36155  26599     35
  36392 35588      818.5318    64      820.5641      792.9360  1030222    3.37%          x16_26 U  36392  31108     31
  36607 35796      810.1281    58      820.5641      792.9502  1038148    3.37%          x29_13 U  36607  30156     22
  36873 36053      795.1091    41      820.5641      792.9684  1045596    3.36%          x12_13 U  36873  21450     20
  37110 36284      800.2450    87      820.5641      792.9863  1053789    3.36%          x15_18 U  37110  23473     18
  37356 36530      793.0023    61      820.5641      793.0023  1061198    3.36%          x38_18 D  37356  31009     26
  37600 36762      797.3211    30      820.5641      793.0165  1068730    3.36%          x39_34 U  37600  37598     12
  37835 36990      793.4482    64      820.5641      793.0331  1076751    3.36%          x15_35 D  37835  37834     33
  38085 37226      810.9244    88      820.5641      793.0471  1083969    3.35%           x28_5 U  38085  15689     20
Elapsed time = 212.09 sec. (437122.18 ticks, tree = 112.11 MB, solutions = 1)
  38320 37448      800.1486    35      820.5641      793.0622  1091529    3.35%          x23_38 U  38320  30541     24
  38532 37658      802.0582    81      820.5641      793.0807  1098908    3.35%           x2_39 U  38532  38530     18
  38776 37898      808.1137    49      820.5641      793.0962  1106468    3.35%          x29_22 U  38776  31883     30
  39015 38121      804.8229    53      820.5641      793.1099  1113355    3.35%          x29_17 U  39015  38025     34
  39259 38355      793.2793    47      820.5641      793.1226  1120386    3.34%          x38_25 D  39259  20955     40
  39501 38589      793.1509    76      820.5641      793.1396  1127864    3.34%          x38_18 D  39501  27659     50
  39740 38811      796.2307    47      820.5641      793.1526  1134671    3.34%          x27_38 D  39740  39738     27
  39985 39054      808.8345    24      820.5641      793.1668  1142132    3.34%          x21_35 U  39985  33063     34
  40212 39276      793.8545    48      820.5641      793.1813  1149778    3.34%          x34_27 D  40212  19157     22
  40454 39514      818.1063    66      820.5641      793.1960  1157137    3.34%          x40_30 N  40454  40451     40
Elapsed time = 229.43 sec. (475355.71 ticks, tree = 120.09 MB, solutions = 1)
  40679 39733      798.2692    31      820.5641      793.2119  1165075    3.33%          x18_17 U  40679  40677     24
  40924 39974      794.6440    48      820.5641      793.2275  1171872    3.33%          x13_17 D  40924  32627     38
  41160 40200      793.2446    53      820.5641      793.2434  1179293    3.33%           x27_6 D  41160  22285     23
  41384 40411      798.9292    52      820.5641      793.2568  1186296    3.33%          x37_17 U  41384  38877     31
  41602 40624      801.1706    74      820.5641      793.2704  1194174    3.33%          x18_25 U  41602  40117     37
  41850 40866      793.2907    62      820.5641      793.2870  1200876    3.32%          x29_18 D  41850  36744     31
  42107 41111      802.8628    68      820.5641      793.2991  1207851    3.32%          x21_18 N  42107  40870     35
  42323 41323      793.3803   105      820.5641      793.3138  1215514    3.32%          x18_17 D  42323  37555     38
  42530 41528      810.6693    48      820.5641      793.3256  1221320    3.32%          x26_18 U  42530  33783     24
  42761 41744      796.6841    57      820.5641      793.3367  1227980    3.32%          x13_25 U  42761  33595     30
Elapsed time = 246.76 sec. (513566.25 ticks, tree = 127.22 MB, solutions = 1)
  42990 41967      800.2053    32      820.5641      793.3488  1235237    3.32%          x18_22 U  42990  42988     34
  43202 42173      793.4394    60      820.5641      793.3614  1242527    3.32%          x40_30 D  43202  43201     48
  43431 42396      803.6870    97      820.5641      793.3744  1249764    3.31%          x26_27 U  43431  43429     33
  43677 42634      818.5900    92      820.5641      793.3860  1256543    3.31%          x18_34 U  43677  43675     19
  43902 42846      793.8134   104      820.5641      793.4016  1264168    3.31%          x17_25 D  43902  17271     18
  44109 43043      806.5166    52      820.5641      793.4141  1271780    3.31%          x26_27 U  44109  44107     29
  44328 43248      814.7231    44      820.5641      793.4251  1279038    3.31%          x33_16 U  44328  22337     30
  44551 43465      795.6704    59      820.5641      793.4380  1285707    3.31%          x13_15 D  44551  36587     34
  44779 43681      809.3148   101      820.5641      793.4532  1292723    3.30%           x28_5 U  44779  20822     27
  45004 43902      793.7872    53      820.5641      793.4655  1299664    3.30%          x33_23 D  45004   8214     30
Elapsed time = 264.04 sec. (551900.70 ticks, tree = 135.24 MB, solutions = 1)
  45215 44099      804.7118    24      820.5641      793.4763  1306164    3.30%          x40_30 U  45215  25174     22
  45447 44324      818.9189    48      820.5641      793.4883  1313547    3.30%          x38_18 U  45447  34525     32
  45673 44546      803.9125    38      820.5641      793.5000  1320113    3.30%          x18_25 U  45673  45671     31
  45896 44764      797.6811    73      820.5641      793.5128  1327234    3.30%          x17_35 D  45896  45894     51
  46125 44983      803.1780    56      820.5641      793.5238  1334156    3.30%          x15_35 U  46125  24657     33
  46348 45204      806.9234    61      820.5641      793.5366  1341087    3.29%          x35_14 U  46348  46346     33
  46548 45398      808.8654    84      820.5641      793.5482  1348465    3.29%          x13_25 U  46548  44873     21
  46781 45618      794.9375    66      820.5641      793.5614  1355037    3.29%          x34_27 D  46781  27241     23
  47002 45829      812.2480    60      820.5641      793.5742  1361755    3.29%          x18_33 U  47002  39405     28
  47216 46031      794.1975    90      820.5641      793.5865  1369050    3.29%          x17_18 D  47216  47215     20
Elapsed time = 281.25 sec. (590164.69 ticks, tree = 142.68 MB, solutions = 1)
  47460 46258      795.3405    47      820.5641      793.5971  1375714    3.29%          x11_12 U  47460  47458     33
  47699 46489      809.4299    36      820.5641      793.6095  1382548    3.28%          x17_37 N  47699  47696     28
  47923 46707      797.1997    66      820.5641      793.6212  1389794    3.28%          x27_39 D  47923  47921     36
  48153 46925      801.0409    40      820.5641      793.6332  1396907    3.28%          x15_18 U  48153  40492     38
  48379 47135      802.7589    51      820.5641      793.6442  1403622    3.28%          x17_18 U  48379  14157     36
  48600 47353      794.4974    73      820.5641      793.6536  1409732    3.28%          x18_12 D  48600  48599     41
  48835 47582      794.0070    65      820.5641      793.6625  1416344    3.28%          x25_18 D  48835  23863     17
  49042 47779      798.6530    43      820.5641      793.6743  1423423    3.28%          x13_17 U  49042  39928     33
  49260 47980      797.4342    87      820.5641      793.6844  1430395    3.28%          x18_35 D  49260  20436     26
  49484 48198      793.7700    70      820.5641      793.6954  1436854    3.27%          x29_22 D  49484  49483     39
Elapsed time = 298.36 sec. (628476.77 ticks, tree = 149.67 MB, solutions = 1)
  49699 48409      796.5076    92      820.5641      793.7074  1443671    3.27%          x18_35 D  49699   8414     18
  49899 48597      800.4684    54      820.5641      793.7171  1450378    3.27%           x2_39 N  49899  49897     28
  50114 48798      793.8342    84      820.5641      793.7287  1457278    3.27%          x17_25 D  50114  33811     30
  50340 49020      797.4746    22      820.5641      793.7415  1464301    3.27%          x26_34 D  50340  17955     19
  50540 49210      813.6654    61      820.5641      793.7543  1470987    3.27%          x29_13 U  50540  24517     24
  50748 49405      794.2181    52      820.5641      793.7637  1477401    3.27%          x17_35 U  50748  50746     44
  50949 49604      793.8980    69      820.5641      793.7749  1484316    3.26%          x12_18 D  50949  50948     37
  51171 49820      811.7510    85      820.5641      793.7852  1490985    3.26%          x35_17 U  51171  51169     14
  51366 50011      802.3547    32      820.5641      793.7944  1497377    3.26%          x13_12 U  51366  51364     24
  51570 50205      800.6784    49      820.5641      793.8039  1503715    3.26%          x25_35 U  51570  50548     33
Elapsed time = 315.67 sec. (666742.06 ticks, tree = 156.82 MB, solutions = 1)
  51793 50426      812.2706    49      820.5641      793.8129  1509957    3.26%          x11_35 U  51793  51791     40
  52001 50632      803.7116    54      820.5641      793.8244  1516982    3.26%          x40_30 U  52001  46299     22
  52218 50832      793.9515    51      820.5641      793.8339  1523726    3.26%          x26_34 U  52218  52217     30
  52430 51034      807.8374    37      820.5641      793.8440  1530222    3.26%          x29_13 U  52430  40509     24
  52634 51238      812.6309    16      820.5641      793.8534  1537149    3.26%          x29_22 U  52634  52632     35
  52846 51446      795.0248    53      820.5641      793.8631  1543526    3.25%          x25_17 D  52846  52845     22
  53080 51667      799.1493    58      820.5641      793.8718  1549983    3.25%          x18_38 U  53080  35036     30
  53292 51877      794.4488    39      820.5641      793.8811  1556700    3.25%          x29_13 D  53292  19203     23
  53497 52078      801.9618    35      820.5641      793.8914  1563674    3.25%          x29_13 U  53497  39008     20
  53711 52287      807.9176    94      820.5641      793.9004  1570025    3.25%          x34_18 U  53711  53709     17
Elapsed time = 332.62 sec. (705017.44 ticks, tree = 163.44 MB, solutions = 1)
  53931 52499      797.2647    47      820.5641      793.9090  1576356    3.25%          x33_25 U  53931  19213     32
  54150 52712      799.4432    66      820.5641      793.9190  1582841    3.25%           x0_40 D  54150  10493     37
  54338 52886        cutoff            820.5641      793.9285  1589953    3.25%          x33_16 U  54338  47470     27
  54529 53077      797.7291    94      820.5641      793.9367  1596258    3.25%          x13_35 D  54529  54528     46
  54731 53257      804.8811    51      820.5641      793.9456  1603059    3.24%          x29_22 N  54731  50184     26
  54930 53446      811.8290    48      820.5641      793.9537  1610222    3.24%          x25_18 U  54930   6941     24
  55134 53646      801.9636    63      820.5641      793.9632  1617053    3.24%          x23_38 U  55134  55131     44
  55358 53862      798.2364    64      820.5641      793.9713  1623356    3.24%          x12_17 U  55358  43349     23
  55573 54073      810.0923    84      820.5641      793.9796  1629677    3.24%           x28_5 U  55573  37528     21
  55797 54291        cutoff            820.5641      793.9903  1635982    3.24%          x34_18 U  55797  55795     27
Elapsed time = 349.85 sec. (743316.07 ticks, tree = 169.84 MB, solutions = 1)
  56010 54496      800.0270    32      820.5641      794.0009  1642853    3.24%          x37_17 U  56010  56008     35
  56226 54700      794.2043    64      820.5641      794.0079  1649478    3.24%          x23_38 D  56226  56225     45
  56432 54903      794.2737    64      820.5641      794.0172  1656140    3.24%          x38_18 D  56432  56431     30
  56635 55098      794.2882    45      820.5641      794.0265  1662880    3.23%          x33_16 D  56635  38120     44
  56830 55285      805.0405    89      820.5641      794.0362  1669702    3.23%          x26_33 U  56830  56828     38
  57041 55484      811.0597    45      820.5641      794.0466  1676177    3.23%          x22_25 U  57041  46978     53
  57252 55690      798.1683    54      820.5641      794.0570  1682779    3.23%          x15_13 D  57252  57251     32
  57455 55885      804.7425    59      820.5641      794.0659  1689620    3.23%          x15_25 U  57455  56346     49
  57662 56090      806.9479    61      820.5641      794.0744  1696210    3.23%          x26_33 U  57662  57660     42
  57869 56280      802.4631    80      820.5641      794.0820  1702503    3.23%          x26_42 U  57869  12124     13
Elapsed time = 367.08 sec. (781608.66 ticks, tree = 177.24 MB, solutions = 1)
  58068 56475      799.1848    74      820.5641      794.0897  1708830    3.23%          x12_22 D  58068  17292     26
  58270 56674      794.1122    30      820.5641      794.0986  1715238    3.23%          x17_37 D  58270  38944     39
  58460 56855      794.4821    53      820.5641      794.1056  1721709    3.22%          x29_15 D  58460  36143     32
  58656 57043      796.6926    32      820.5641      794.1135  1727709    3.22%          x39_27 U  58656   8253     29
  58850 57235      794.5836   103      820.5641      794.1208  1734269    3.22%          x34_35 D  58850  37544     29
  59067 57437      805.6761    78      820.5641      794.1296  1740451    3.22%           x28_5 U  59067  29836     14
  59289 57641      802.1082    22      820.5641      794.1375  1746373    3.22%          x29_22 U  59289  25360     26
  59501 57845      802.5971    40      820.5641      794.1460  1752998    3.22%          x35_27 U  59501  38124     36
  59710 58038      794.5354    59      820.5641      794.1541  1758962    3.22%          x18_17 D  59710  59709     43
  59920 58245      809.8323    74      820.5641      794.1623  1765365    3.22%          x29_13 U  59920  29103     28
Elapsed time = 384.20 sec. (819916.16 ticks, tree = 184.40 MB, solutions = 1)
  60134 58453      795.2406    47      820.5641      794.1705  1771741    3.22%           x0_40 U  60134  33674     32
  60342 58653      799.6410    53      820.5641      794.1793  1778220    3.22%          x29_13 U  60342  51291     23
  60540 58847      794.6634    95      820.5641      794.1873  1784605    3.21%          x17_26 D  60540  60539     29
  60762 59058      800.4249    62      820.5641      794.1959  1790909    3.21%          x17_25 U  60762  33889     14
  60978 59261      817.0611    40      820.5641      794.2032  1797172    3.21%          x22_35 U  60978  30472     32
  61158 59430      808.0584    49      820.5641      794.2128  1803908    3.21%          x29_22 U  61158  41514     36
  61361 59629      807.0114    75      820.5641      794.2193  1810467    3.21%          x39_26 U  61361  59765     27
  61567 59825      806.0704    57      820.5641      794.2283  1816946    3.21%          x31_40 U  61567  12325     25
  61779 60020      796.6305    63      820.5641      794.2356  1823112    3.21%          x21_18 U  61779  45600     43
  61992 60229      794.3548    57      820.5641      794.2440  1829214    3.21%          x40_30 D  61992  61991     25
Elapsed time = 401.51 sec. (858201.56 ticks, tree = 191.33 MB, solutions = 1)
  62170 60395      794.3932    99      820.5641      794.2517  1835156    3.21%          x26_33 D  62170  53333     38
  62368 60585      814.6283    38      820.5641      794.2596  1841830    3.21%          x35_42 U  62368  33099     43
  62561 60762      794.3843    38      820.5641      794.2661  1848319    3.20%          x40_30 D  62561  35465     30
  62768 60963      794.4113    46      820.5641      794.2745  1854516    3.20%          x29_13 D  62768   3908     30
  62966 61150      805.9285    59      820.5641      794.2835  1860828    3.20%          x33_35 U  62966  55270     44
  63168 61347      794.4659    58      820.5641      794.2902  1867111    3.20%          x29_13 D  63168  63167     19
  63363 61534      794.5877    67      820.5641      794.2985  1873294    3.20%          x29_17 D  63363  54859     41
  63560 61727      799.1649    44      820.5641      794.3043  1879827    3.20%          x43_38 U  63560  10309     31
  63746 61905      797.0350    67      820.5641      794.3122  1886609    3.20%          x38_23 D  63746  33585     23
  63931 62080      794.6015    84      820.5641      794.3199  1893330    3.20%          x29_17 D  63931  63930     20
Elapsed time = 418.56 sec. (896488.80 ticks, tree = 197.63 MB, solutions = 1)
  64135 62275      816.7216    65      820.5641      794.3257  1899122    3.20%          x18_38 U  64135  53169     44
  64330 62466      794.4066    62      820.5641      794.3344  1905496    3.20%          x37_18 D  64330  43695     21
  64523 62651      810.6699    58      820.5641      794.3407  1911748    3.20%          x15_25 N  64523  64521     39
  64726 62850      800.1863    45      820.5641      794.3490  1917839    3.19%          x36_28 U  64726  33771     29
  64932 63050      812.9079    78      820.5641      794.3539  1923973    3.19%          x26_33 D  64932  64930     44
  65144 63254      796.8194    74      820.5641      794.3624  1930000    3.19%          x22_14 U  65144  65142     29
  65358 63461      801.4191    63      820.5641      794.3701  1936239    3.19%           x0_40 D  65358   5136     33
  65557 63654      805.5543    70      820.5641      794.3775  1942432    3.19%          x26_39 U  65557  65555     42
  65746 63829      794.4852    59      820.5641      794.3832  1948359    3.19%          x13_25 D  65746  53368     37
  65940 64015      814.7123    74      820.5641      794.3922  1954787    3.19%          x34_35 U  65940  33080     20
Elapsed time = 435.68 sec. (934778.19 ticks, tree = 204.79 MB, solutions = 1)
  66123 64192      799.5824    36      820.5641      794.3991  1960842    3.19%          x12_13 U  66123  52764     35
  66304 64363      812.5358    34      820.5641      794.4080  1967450    3.19%          x29_13 U  66304  66302     28
  66490 64547      794.6225    76      820.5641      794.4149  1974064    3.19%          x18_11 D  66490  66488     50
  66700 64749      807.0406    38      820.5641      794.4218  1979951    3.19%          x13_37 U  66700  66698     50
  66889 64930        cutoff            820.5641      794.4286  1986240    3.19%          x38_16 U  66889  61368     40
  67076 65116      801.3374    49      820.5641      794.4344  1992171    3.18%          x29_22 U  67076  67074     32
  67260 65285      794.8282    72      820.5641      794.4411  1997725    3.18%          x29_15 D  67260  67259     33
  67445 65455      794.8639    94      820.5641      794.4464  2003941    3.18%          x18_25 D  67445  53641     36
  67640 65648      819.4539    33      820.5641      794.4538  2009399    3.18%          x15_35 N  67640  47219     44
  67824 65820      808.3215    84      820.5641      794.4600  2015594    3.18%          x40_45 U  67824  67822     31
Elapsed time = 452.82 sec. (973095.04 ticks, tree = 215.88 MB, solutions = 1)
  68030 66018      794.4660    51      820.5641      794.4660  2021642    3.18%          x18_22 D  68030  55378     34
  68227 66207      809.5930    38      820.5641      794.4738  2027380    3.18%          x16_35 U  68227  40764     28
  68412 66384      810.8484    52      820.5641      794.4801  2033346    3.18%          x29_13 U  68412  68410     30
  68610 66576      794.5755    65      820.5641      794.4880  2039414    3.18%          x34_18 D  68610  55624     27
  68800 66766      802.8385    48      820.5641      794.4943  2045407    3.18%          x29_16 U  68800  35042     47
  68990 66944      794.6140    64      820.5641      794.5003  2051540    3.18%          x21_35 D  68990  35095     16
  69188 67138      794.5079    50      820.5641      794.5079  2057765    3.18%          x17_33 D  69188  56954     23
  69348 67289      794.8573    55      820.5641      794.5146  2064519    3.17%           x35_2 D  69348  69347     42
  69540 67471      814.0196    30      820.5641      794.5224  2070558    3.17%          x17_33 U  69540  47469     26
  69713 67639      794.8067    58      820.5641      794.5283  2076640    3.17%          x37_17 D  69713  69712     35
Elapsed time = 469.81 sec. (1011349.44 ticks, tree = 221.82 MB, solutions = 1)
  69896 67809      797.9136    48      820.5641      794.5340  2083011    3.17%          x22_13 U  69896  67212     24
  70088 67995      797.9959    57      820.5641      794.5407  2088896    3.17%          x33_35 D  70088   9565     21
  70266 68162      794.8360    70      820.5641      794.5475  2095045    3.17%          x22_12 U  70266  14686     27
  70446 68332      803.9732    72      820.5641      794.5542  2101495    3.17%          x34_35 U  70446  70444     32
  70635 68506      794.5820    58      820.5641      794.5602  2107352    3.17%          x40_30 D  70635  60811     24
  70812 68681      809.6800    44      820.5641      794.5660  2112880    3.17%          x13_25 U  70812  70810     31
  71004 68861      794.5739    67      820.5641      794.5720  2118902    3.17%          x29_18 D  71004  63640     30
  71200 69051      813.1186    68      820.5641      794.5783  2124730    3.17%           x28_5 U  71200  55008     33
  71400 69241      803.2364    51      820.5641      794.5841  2130772    3.17%          x12_17 U  71400  48069     38
  71600 69436      795.9246    41      820.5641      794.5907  2137239    3.17%          x25_12 D  71600  71599     46
Elapsed time = 486.75 sec. (1049936.85 ticks, tree = 227.33 MB, solutions = 1)
  71798 69622      809.2349    65      820.5641      794.5973  2143522    3.16%          x38_18 U  71798  60252     17
  72000 69824      794.9994    63      820.5641      794.6040  2149318    3.16%          x33_25 D  72000    851     22
  72189 70000      801.7292    75      820.5641      794.6094  2155184    3.16%          x29_13 U  72189  17991     36
  72360 70164      801.1455    40      820.5641      794.6153  2160891    3.16%          x26_42 U  72360  19136     26
  72536 70334      815.3239    41      820.5641      794.6217  2167184    3.16%          x29_17 U  72536  72534     31
  72717 70503      795.0144    34      820.5641      794.6276  2173203    3.16%          x15_35 D  72717  55618     25
  72864 70644        cutoff            820.5641      794.6317  2178527    3.16%          x22_13 N  72864  72861     28
  73050 70820      796.2847    94      820.5641      794.6375  2183857    3.16%          x35_33 D  73050  73049     24
  73210 70970      817.7328    75      820.5641      794.6436  2189810    3.16%          x25_18 U  73210  54040     27
  73395 71145      801.6478    58      820.5641      794.6501  2196011    3.16%          x26_42 U  73395  24719     34
Elapsed time = 503.78 sec. (1088348.39 ticks, tree = 233.02 MB, solutions = 1)
  73587 71327      811.0936    59      820.5641      794.6550  2201956    3.16%          x29_13 U  73587  63117     29
  73775 71500        cutoff            820.5641      794.6610  2207450    3.16%          x27_18 U  73775  63172     23
  73968 71687      794.9100    87      820.5641      794.6675  2213387    3.16%          x39_26 D  73968  73967     30
  74158 71875      803.2208   106      820.5641      794.6722  2218862    3.16%          x34_27 U  74158  60594     47
  74342 72053      799.7323    42      820.5641      794.6782  2225044    3.15%          x37_17 U  74342  34101     18
  74522 72231      817.0656    59      820.5641      794.6846  2231061    3.15%          x38_23 D  74522  74521     42
  74706 72404      811.3924    64      820.5641      794.6908  2237037    3.15%          x18_25 U  74706  38431     36
  74891 72581      808.8803    91      820.5641      794.6972  2242816    3.15%          x26_33 U  74891  67358     39
  75086 72776      798.2962    49      820.5641      794.7036  2248566    3.15%          x23_38 U  75086  60378     31
  75264 72954      795.8527    61      820.5641      794.7085  2253523    3.15%          x18_22 U  75264  66741     30
Elapsed time = 520.67 sec. (1126629.34 ticks, tree = 239.46 MB, solutions = 1)
  75446 73126      795.7901    46      820.5641      794.7132  2259196    3.15%          x17_15 D  75446   3964     15
  75627 73295      796.4777   104      820.5641      794.7182  2264879    3.15%          x17_33 D  75627  25327     15
  75810 73468      798.9846    49      820.5641      794.7237  2270768    3.15%          x12_18 U  75810  57194     34
  75987 73641      796.1822    62      820.5641      794.7305  2277103    3.15%          x42_27 U  75987  45547     20
  76151 73787      803.8114    73      820.5641      794.7369  2282749    3.15%          x15_18 U  76151  20418     24
  76353 73982      809.5813    74      820.5641      794.7415  2288269    3.15%          x17_37 U  76353  57815     29
  76530 74146      795.1598    71      820.5641      794.7473  2294281    3.15%          x29_13 D  76530  28095     19
  76718 74325      796.5936    82      820.5641      794.7534  2300365    3.15%          x38_42 D  76718  16300     25
  76880 74481      797.8150    69      820.5641      794.7587  2306292    3.14%          x12_18 U  76880  76878     42
  77056 74641      795.1805   104      820.5641      794.7646  2312211    3.14%          x29_13 D  77056  53875     28
Elapsed time = 537.48 sec. (1164927.98 ticks, tree = 245.63 MB, solutions = 1)
  77241 74821      819.8489    34      820.5641      794.7697  2317930    3.14%          x16_26 U  77241  53921     40
  77426 74997      801.8486    57      820.5641      794.7759  2324002    3.14%          x38_34 U  77426  39769     24
  77609 75174      795.0087    72      820.5641      794.7815  2330065    3.14%          x17_37 D  77609  77608     22
  77785 75331      794.7865    32      820.5641      794.7866  2335802    3.14%          x42_34 D  77785  54748     21
  77969 75505      805.0036    44      820.5641      794.7933  2342130    3.14%          x39_26 U  77969  12973     29
  78145 75670      795.0356    54      820.5641      794.7993  2347730    3.14%          x33_26 U  78145  48900     34
  78334 75845      794.8043    35      820.5641      794.8044  2353314    3.14%          x12_18 D  78334  67508     33
  78513 76012        cutoff            820.5641      794.8096  2358947    3.14%          x33_23 N  78513  78510     29
  78695 76179      802.3822    46      820.5641      794.8147  2364636    3.14%          x42_26 U  78695  78693     28
  78880 76358      796.9309   100      820.5641      794.8214  2370453    3.14%           x2_39 U  78880  23010     16
Elapsed time = 554.33 sec. (1203230.09 ticks, tree = 251.80 MB, solutions = 1)
  79048 76523      795.1353    57      820.5641      794.8280  2376442    3.14%          x17_37 D  79048  79047     29
  79212 76685      800.4638    49      820.5641      794.8336  2382165    3.14%          x33_38 D  79212  56940     40
  79400 76861      801.6257    73      820.5641      794.8378  2387778    3.14%           x2_39 U  79400  50337     34
  79584 77035      797.7195    61      820.5641      794.8438  2393827    3.13%          x29_17 U  79584  53547     32
  79746 77189      796.6564    61      820.5641      794.8485  2399292    3.13%          x17_37 D  79746   7613     35
  79912 77347      805.8009    51      820.5641      794.8533  2405549    3.13%          x15_18 U  79912  40814     33
  80090 77513      797.9677    43      820.5641      794.8581  2411213    3.13%          x39_34 D  80090   4733     11
  80280 77694      795.3209    51      820.5641      794.8640  2416916    3.13%          x17_25 D  80280  35457     21
  80430 77837      805.3957    78      820.5641      794.8699  2423050    3.13%          x11_18 N  80430  68515     35
  80620 78025      797.0467    58      820.5641      794.8771  2428326    3.13%          x12_16 D  80620  80619     42
Elapsed time = 571.36 sec. (1241618.32 ticks, tree = 257.91 MB, solutions = 1)
  80800 78201      794.9004    71      820.5641      794.8816  2433787    3.13%          x29_17 D  80800  80799     44
  80994 78379      799.3618    96      820.5641      794.8858  2439553    3.13%          x35_21 U  80994  80992     29
  81160 78537      800.2329    83      820.5641      794.8916  2445553    3.13%          x34_35 U  81160  16495     13
  81325 78696      796.2436    57      820.5641      794.8963  2451364    3.13%          x29_13 D  81325  28249     28
  81500 78865      808.8598    54      820.5641      794.9027  2457251    3.13%          x18_25 U  81500  39561     37
  81677 79032      797.5909    58      820.5641      794.9087  2462983    3.13%          x26_27 U  81677  62683     26
  81860 79203      795.4442    19      820.5641      794.9127  2468232    3.13%           x42_6 U  81860  81859     65
  82069 79410      794.9317    45      820.5641      794.9177  2473458    3.13%          x37_17 D  82069  82068     34
  82234 79565      796.8884    61      820.5641      794.9219  2479245    3.12%          x33_39 U  82234  72972     34
  82408 79735      806.2587    85      820.5641      794.9264  2485040    3.12%          x26_33 U  82408  82406     30
Elapsed time = 588.33 sec. (1279939.68 ticks, tree = 263.53 MB, solutions = 1)
  82590 79911      810.2474    50      820.5641      794.9320  2490708    3.12%          x13_37 U  82590  82588     35
  82769 80081      803.0594    86      820.5641      794.9376  2496585    3.12%          x25_17 U  82769  82767     19
  82940 80242      795.2423    64      820.5641      794.9428  2502054    3.12%          x17_29 D  82940  82939     44
  83127 80424      796.8841    36      820.5641      794.9477  2507588    3.12%          x23_38 U  83127  54965     34
  83296 80579      816.2791    71      820.5641      794.9527  2513274    3.12%          x25_18 U  83296  51289     22
  83480 80755      795.6394    52      820.5641      794.9566  2518725    3.12%          x38_33 U  83480  57339     37
  83645 80910      794.9744    53      820.5641      794.9617  2524241    3.12%          x33_26 D  83645  74174     35
  83814 81077      801.7010    70      820.5641      794.9680  2529755    3.12%          x18_16 U  83814  35340     24
  83988 81238      801.3566    34      820.5641      794.9735  2536049    3.12%          x23_38 U  83988  74416     30
  84147 81379      798.3004    28      820.5641      794.9780  2542050    3.12%          x33_34 U  84147  43238     28
Elapsed time = 605.13 sec. (1318205.60 ticks, tree = 270.12 MB, solutions = 1)
  84327 81543        cutoff            820.5641      794.9830  2547508    3.12%          x38_18 U  84327  84325     24
  84515 81727      803.1669    57      820.5641      794.9880  2552974    3.12%          x38_33 N  84515  84512     33
  84693 81893      818.0506    43      820.5641      794.9938  2558812    3.12%          x23_18 U  84693  80378     43
  84851 82042      795.0165    59      820.5641      794.9983  2564733    3.12%          x29_13 D  84851  63857     17
  85029 82212      803.1430    40      820.5641      795.0024  2570016    3.12%          x29_13 U  85029  46936     15
  85190 82369      797.1360    60      820.5641      795.0068  2575651    3.11%          x16_18 U  85190  26193     33
  85358 82533      796.0634    52      820.5641      795.0129  2581568    3.11%          x39_38 U  85358  85356     45
  85533 82704      795.1442    40      820.5641      795.0175  2586888    3.11%          x13_37 D  85533  76808     50
  85690 82851      802.0734    60      820.5641      795.0221  2592828    3.11%          x35_14 U  85690  64906     29
  85876 83020      801.1844    56      820.5641      795.0254  2598048    3.11%          x18_38 U  85876  39966     33
Elapsed time = 622.03 sec. (1356486.01 ticks, tree = 276.42 MB, solutions = 1)
  86049 83183      796.6480    56      820.5641      795.0301  2603787    3.11%          x15_13 U  86049  24504     30
  86229 83353      799.2527    55      820.5641      795.0351  2609583    3.11%          x29_17 U  86229  86227     28
  86402 83518      810.0647    39      820.5641      795.0396  2614979    3.11%          x13_37 U  86402  68835     50
  86561 83673      813.3412    68      820.5641      795.0430  2620528    3.11%          x29_17 U  86561  86559     32
  86722 83811      803.3531    78      820.5641      795.0474  2626277    3.11%           x1_28 U  86722  42927     18
  86880 83961      795.3432    71      820.5641      795.0515  2631643    3.11%          x22_13 D  86880  86879     45
  87069 84140      795.3483    64      820.5641      795.0564  2637075    3.11%          x29_18 D  87069  17675     47
  87220 84290      815.5555    52      820.5641      795.0604  2642478    3.11%          x22_37 U  87220  87218     36
  87401 84467      801.1978    67      820.5641      795.0644  2648346    3.11%          x35_42 U  87401  78811     38
  87576 84628      806.7866    59      820.5641      795.0680  2653805    3.11%          x42_26 U  87576  51277     25
Elapsed time = 638.83 sec. (1394818.90 ticks, tree = 282.92 MB, solutions = 1)
  87740 84784      795.0715    47      820.5641      795.0715  2659263    3.11%          x29_18 D  87740  58641     38
  87919 84959      795.0753    36      820.5641      795.0753  2664568    3.11%          x25_16 N  87919  29705     47
  88075 85109      796.9702    50      820.5641      795.0798  2669959    3.11%          x15_13 U  88075  75817     25
  88253 85281      795.4651    34      820.5641      795.0848  2675734    3.11%          x38_23 D  88253  38559     37
  88424 85439      806.3399    59      820.5641      795.0892  2680965    3.10%          x37_17 U  88424  54359     37
  88585 85593      810.3632    51      820.5641      795.0936  2686499    3.10%          x17_26 U  88585  37983     30
  88763 85755      795.8260    53      820.5641      795.1001  2691985    3.10%          x26_34 U  88763  25935     36
  88940 85920      798.5581    31      820.5641      795.1051  2697585    3.10%          x11_12 U  88940  88938     37
  89101 86066      803.9949    57      820.5641      795.1087  2703029    3.10%          x23_38 U  89101  50708     26
  89254 86217      808.2465    48      820.5641      795.1135  2709005    3.10%          x13_37 U  89254  88007     54
Elapsed time = 655.60 sec. (1433129.61 ticks, tree = 288.61 MB, solutions = 1)
  89431 86377      795.2150    63      820.5641      795.1176  2714333    3.10%          x17_33 D  89431  89430     31
  89611 86552      795.1373    74      820.5641      795.1220  2719324    3.10%          x34_35 D  89611  79508     42
  89760 86693      800.3779    38      820.5641      795.1263  2725434    3.10%          x35_11 U  89760  67696     31
  89928 86843        cutoff            820.5641      795.1314  2731070    3.10%          x33_16 U  89928  88225     28
  90102 87003      812.6486   101      820.5641      795.1357  2736529    3.10%           x28_5 U  90102  68264     23
  90263 87160      803.5020    44      820.5641      795.1409  2742440    3.10%          x23_38 U  90263  89612     44
  90430 87322      797.5651    85      820.5641      795.1467  2748102    3.10%          x12_21 U  90430  90428     34
  90610 87495      801.6851    65      820.5641      795.1515  2753556    3.10%          x23_38 U  90610  90608     23
  90783 87657      795.1626    69      820.5641      795.1556  2759008    3.10%          x26_34 U  90783  75692     40
  90950 87819      795.6653    75      820.5641      795.1615  2764639    3.10%          x35_27 D  90950  90949     25
Elapsed time = 672.32 sec. (1471419.75 ticks, tree = 294.45 MB, solutions = 1)
  91113 87974      795.5410    56      820.5641      795.1659  2770380    3.10%           x2_39 D  91113  66518     26
  91263 88120      803.4708    88      820.5641      795.1706  2775592    3.09%           x2_39 U  91263  91261     37
  91414 88264      817.1494    34      820.5641      795.1754  2781456    3.09%          x16_34 U  91414  91412     20
  91590 88433      797.5115    61      820.5641      795.1797  2786852    3.09%          x39_33 D  91590  25673     34
  91760 88594      805.0222    79      820.5641      795.1838  2792550    3.09%          x40_30 U  91760  65363     30
  91915 88738      800.6079    60      820.5641      795.1886  2798530    3.09%          x12_18 U  91915  91913     32
  92081 88892      808.7880    42      820.5641      795.1927  2804197    3.09%          x37_17 U  92081  81369     27
  92252 89047      803.5886    45      820.5641      795.1978  2809876    3.09%          x12_22 U  92252  75886     36
  92429 89214      795.5938    34      820.5641      795.2023  2815530    3.09%          x33_26 D  92429  61686     20
  92590 89364      815.3212    53      820.5641      795.2075  2821091    3.09%          x37_18 U  92590  71895     41
Elapsed time = 689.10 sec. (1509702.06 ticks, tree = 299.15 MB, solutions = 1)
  92760 89532      803.4598    49      820.5641      795.2121  2827174    3.09%          x26_27 U  92760  88167     26
  92923 89686      804.3719    52      820.5641      795.2176  2832856    3.09%          x35_42 U  92923  67090     44
  93093 89835      808.9289    57      820.5641      795.2217  2837883    3.09%          x15_18 U  93093  90851     24
  93251 89974      797.6141    45      820.5641      795.2262  2843338    3.09%          x22_13 D  93251  48757     43
  93422 90139      812.4597    32      820.5641      795.2314  2848568    3.09%          x29_17 U  93422  71923     27
  93599 90316      796.7223    85      820.5641      795.2350  2853890    3.09%          x39_38 D  93599  93598     36
  93750 90459      795.4723    52      820.5641      795.2388  2859110    3.09%          x37_17 D  93750  93749     33
  93913 90609      795.3638    62      820.5641      795.2435  2864586    3.09%           x0_40 U  93913  12744     38
  94071 90765      796.8755    18      820.5641      795.2486  2870094    3.09%          x26_33 D  94071  68448     21
  94230 90919      800.2991    56      820.5641      795.2529  2875741    3.08%          x13_12 U  94230  36669     41
Elapsed time = 706.06 sec. (1548026.04 ticks, tree = 304.94 MB, solutions = 1)
  94383 91063      803.4849    99      820.5641      795.2571  2881817    3.08%           x2_39 U  94383  51107     17
  94537 91208      796.2052    65      820.5641      795.2613  2886902    3.08%          x34_18 D  94537  18270     32
  94697 91352      806.0183    71      820.5641      795.2654  2892365    3.08%          x26_27 U  94697  10991     32
  94842 91487      807.4271    63      820.5641      795.2699  2898058    3.08%          x35_14 U  94842  91427     38
  95000 91630      795.6981    38      820.5641      795.2742  2903661    3.08%          x26_39 D  95000  79646     26
  95161 91785      795.3249    55      820.5641      795.2787  2909416    3.08%          x23_38 D  95161  53474     31
  95354 91958      796.5004    73      820.5641      795.2824  2914311    3.08%          x15_13 D  95354  95353     32
  95508 92110      795.5089    58      820.5641      795.2864  2920106    3.08%          x29_22 D  95508  95507     38
  95666 92262      811.7250    40      820.5641      795.2907  2925788    3.08%          x13_37 U  95666  86284     43
  95830 92411      795.3183    69      820.5641      795.2942  2931003    3.08%          x29_17 D  95830  95829     40
Elapsed time = 722.83 sec. (1586412.69 ticks, tree = 309.87 MB, solutions = 1)
  95994 92573      795.3486    64      820.5641      795.2981  2936375    3.08%          x22_37 D  95994  80695     39
  96166 92737      798.5538    61      820.5641      795.3025  2941940    3.08%          x35_21 U  96166  67344     26
  96340 92903      795.4796    94      820.5641      795.3065  2947051    3.08%          x18_33 D  96340  77600     36
  96500 93062      810.9989    62      820.5641      795.3099  2952478    3.08%          x40_45 D  96500  96499     38
  96666 93220      802.4144    58      820.5641      795.3135  2958031    3.08%          x25_43 N  96666  45186     17
  96820 93364      795.3473    60      820.5641      795.3178  2963672    3.08%          x37_17 D  96820  86580     28
  96989 93515      796.0744    75      820.5641      795.3214  2968924    3.08%          x26_33 D  96989  96988     19
  97137 93657      795.5981    65      820.5641      795.3258  2974515    3.08%          x29_17 D  97137  97136     38
  97299 93809      796.3268    47      820.5641      795.3302  2979656    3.08%          x25_14 D  97299  97298     37
  97470 93978      797.1063    56      820.5641      795.3338  2985155    3.07%          x22_13 U  97470  97468     47
Elapsed time = 739.76 sec. (1624759.36 ticks, tree = 316.73 MB, solutions = 1)
  97628 94125      795.8681    56      820.5641      795.3382  2990555    3.07%          x18_14 U  97628  97626     46
  97806 94297      795.4147    69      820.5641      795.3417  2995386    3.07%          x38_18 N  97806  50307     36
  97979 94452      812.8494    69      820.5641      795.3452  3000732    3.07%          x17_37 U  97979  94106     38
  98124 94593      801.6600    47      820.5641      795.3490  3006083    3.07%          x13_37 U  98124  98122     35
  98288 94744      795.4239    52      820.5641      795.3526  3011663    3.07%          x18_27 D  98288  76500     28
  98450 94900      795.9697    45      820.5641      795.3570  3016415    3.07%          x26_39 D  98450  98449     37
  98603 95047      807.2265    70      820.5641      795.3608  3022284    3.07%          x33_26 U  98603  39420     15
  98755 95191      795.4609    65      820.5641      795.3656  3027859    3.07%          x18_17 D  98755  75895     46
  98911 95339      810.0430    48      820.5641      795.3693  3032897    3.07%          x17_37 U  98911  90920     29
  99074 95492      795.4159    62      820.5641      795.3734  3038129    3.07%          x11_13 D  99074   9978     20
Elapsed time = 756.58 sec. (1663082.92 ticks, tree = 323.64 MB, solutions = 1)
  99226 95638      803.6453    71      820.5641      795.3759  3043039    3.07%          x29_17 U  99226  99224     34
  99379 95785      800.2873    44      820.5641      795.3792  3048613    3.07%          x38_33 D  99379  67880     29
  99542 95936      795.5290    50      820.5641      795.3829  3053882    3.07%          x13_18 D  99542  83798     61
  99703 96089      795.3877    91      820.5641      795.3872  3059165    3.07%          x16_26 D  99703  89533     37
  99861 96245      801.7062    50      820.5641      795.3905  3064882    3.07%          x26_33 U  99861  70897     45
 100017 96389      804.9818    65      820.5641      795.3952  3069976    3.07%          x26_33 U 100017 100015     31
 100173 96539      806.2726    61      820.5641      795.4001  3075564    3.07%          x14_26 U 100173  89141     25
 100330 96681      810.8598    83      820.5641      795.4041  3081057    3.07%           x28_5 U 100330 100328     25
 100484 96825      810.6998    75      820.5641      795.4078  3085997    3.07%          x33_16 U 100484  23152     41
 100652 96984      795.7268    58      820.5641      795.4126  3091241    3.07%          x35_14 D 100652  83916     30
Elapsed time = 773.36 sec. (1701373.52 ticks, tree = 330.37 MB, solutions = 1)
 100800 97124      818.1830    68      820.5641      795.4170  3096830    3.06%          x29_13 N 100800  78276     18
 100956 97269      800.4693    47      820.5641      795.4211  3102530    3.06%          x29_22 N 100956  43551     26
 101105 97408      809.8021    40      820.5641      795.4242  3107886    3.06%          x18_27 U 101105  83101     44
 101269 97564        cutoff            820.5641      795.4281  3112962    3.06%          x39_34 U 101269  78599     42
 101431 97716      806.5561    69      820.5641      795.4325  3118247    3.06%          x26_33 D 101431  67379     14
 101590 97864      796.4493    50      820.5641      795.4365  3123687    3.06%          x12_22 D 101590 101589     40
 101757 98021      795.7816    72      820.5641      795.4398  3128780    3.06%          x37_17 D 101757 101756     36
 101918 98170      796.1468    60      820.5641      795.4437  3134044    3.06%          x15_16 D 101918  57275     38
 102080 98324      800.9876    49      820.5641      795.4470  3139262    3.06%          x22_25 U 102080 102078     48
 102259 98496      795.6532    83      820.5641      795.4508  3144050    3.06%          x17_18 D 102259 102258     18
Elapsed time = 790.06 sec. (1739593.15 ticks, tree = 335.24 MB, solutions = 1)
 102420 98653      795.6514    79      820.5641      795.4554  3149294    3.06%          x40_30 D 102420 102419     33
 102566 98788      795.5828    51      820.5641      795.4598  3155077    3.06%          x26_42 D 102566  32648     30
 102738 98944        cutoff            820.5641      795.4638  3159895    3.06%          x16_26 U 102738 100870     28
 102892 99090      796.7565    47      820.5641      795.4675  3164962    3.06%          x11_21 D 102892  12414     34
 103039 99227      795.8721    44      820.5641      795.4717  3170668    3.06%          x15_16 D 103039  71714     41
 103198 99380      808.3918    76      820.5641      795.4762  3176082    3.06%          x29_13 U 103198  45505     35
 103342 99516        cutoff            820.5641      795.4800  3181795    3.06%          x26_18 U 103342  36867     21
 103508 99668      795.6752    56      820.5641      795.4831  3186626    3.06%          x23_18 D 103508  86531     25
 103652 99799      795.7120    63      820.5641      795.4868  3191516    3.06%          x35_12 D 103652 103651     29
 103813 99950      809.8020    61      820.5641      795.4908  3196507    3.06%          x15_18 U 103813  77043     23
Elapsed time = 806.86 sec. (1777870.87 ticks, tree = 342.07 MB, solutions = 1)
 103967 100096        cutoff            820.5641      795.4956  3202195    3.06%          x23_18 U 103967  86560     33
 104120 100245      806.8095    39      820.5641      795.5002  3207524    3.05%          x26_33 N 104120 104118     39
 104283 100396      803.6100    32      820.5641      795.5043  3212720    3.05%          x33_38 D 104283  59715     53
 104444 100551      795.5115    90      820.5641      795.5088  3217875    3.05%          x26_39 D 104444  91526     31
 104590 100686      811.8403    52      820.5641      795.5132  3224025    3.05%          x15_25 U 104590 103011     35
 104752 100844      797.5478    53      820.5641      795.5172  3229449    3.05%          x11_21 U 104752   3693     39
 104901 100983      796.1991    48      820.5641      795.5210  3234322    3.05%          x17_13 U 104901  65318     48
 105077 101150      796.0586    64      820.5641      795.5247  3239033    3.05%          x37_17 D 105077 105076     27
 105243 101311      796.3350    50      820.5641      795.5280  3244222    3.05%          x18_16 N 105243  49546     24
 105400 101460      816.9992    39      820.5641      795.5321  3249382    3.05%          x18_38 U 105400  65553     40
Elapsed time = 823.73 sec. (1816197.83 ticks, tree = 347.49 MB, solutions = 1)
 105547 101602      802.7234    58      820.5641      795.5366  3254844    3.05%          x12_18 U 105547  69370     45
 105701 101752      817.1987    62      820.5641      795.5394  3259686    3.05%          x35_12 U 105701  95323     37
 105853 101869      811.3163    69      820.5641      795.5425  3264715    3.05%          x38_35 U 105853  55646     32
 106015 102023      798.2322    51      820.5641      795.5457  3269527    3.05%          x26_18 D 106015 106014     37
 106170 102174      798.7708    46      820.5641      795.5492  3274939    3.05%          x26_33 U 106170 106167     30
 106336 102337      806.5167    56      820.5641      795.5526  3279897    3.05%          x15_35 U 106336  92153     48
 106487 102484      795.9737    50      820.5641      795.5562  3284832    3.05%          x25_14 D 106487 106486     28
 106637 102610      795.5940    67      820.5641      795.5612  3290321    3.05%          x15_18 D 106637  91199     26
 106797 102753      796.4487    38      820.5641      795.5643  3295430    3.05%          x43_38 D 106797  22302     42
 106945 102901      816.0156    45      820.5641      795.5680  3300725    3.05%          x37_18 U 106945  70351     37
Elapsed time = 840.63 sec. (1854498.49 ticks, tree = 354.45 MB, solutions = 1)
 107100 103054      801.1061    60      820.5641      795.5722  3305528    3.05%          x13_37 N 107100 107098     33
 107235 103181      795.6248    66      820.5641      795.5760  3310594    3.05%          x27_18 D 107235  81519     21
 107388 103329      810.0148    52      820.5641      795.5804  3316290    3.04%          x17_37 U 107388 107386     23
 107540 103457      806.5327    51      820.5641      795.5839  3321111    3.04%          x37_17 U 107540  70338     26
 107673 103587      799.8594    71      820.5641      795.5879  3325918    3.04%          x34_35 U 107673  55710     13
 107837 103741        cutoff            820.5641      795.5909  3330856    3.04%          x26_27 N 107837 107835     26
 107989 103879      806.7771    61      820.5641      795.5948  3335914    3.04%          x33_26 U 107989  81214     27
 108142 104028      796.9262    55      820.5641      795.5982  3340964    3.04%          x18_14 U 108142 108140     34
 108286 104150      807.7943    43      820.5641      795.6022  3346573    3.04%          x33_18 U 108286  96770     31
 108413 104276      807.6142    93      820.5641      795.6055  3351533    3.04%          x26_42 U 108413 103131     19
Elapsed time = 858.69 sec. (1892788.67 ticks, tree = 359.29 MB, solutions = 1)
 108552 104407      795.8095    55      820.5641      795.6094  3356925    3.04%          x21_14 D 108552 108551     34
 108706 104553      809.4874    63      820.5641      795.6132  3362451    3.04%          x26_39 U 108706  54939     26
 108845 104670      798.0436    37      820.5641      795.6169  3367680    3.04%          x16_18 D 108845  53230     39
 109000 104815      808.3380    64      820.5641      795.6202  3372484    3.04%          x34_18 U 109000 108998     25
 109154 104962      812.7892    51      820.5641      795.6243  3377942    3.04%          x29_13 U 109154 101407     21
 109300 105104      815.0145    38      820.5641      795.6281  3382834    3.04%          x15_33 U 109300  26225     30
 109450 105247      814.3376    56      820.5641      795.6320  3388273    3.04%          x29_17 U 109450  93874     31
 109600 105389      795.6680    76      820.5641      795.6350  3393432    3.04%          x37_17 D 109600  85983     25
 109760 105541      799.0921    60      820.5641      795.6385  3398236    3.04%          x29_22 D 109760 109759     46
 109909 105674      795.6604    41      820.5641      795.6419  3403515    3.04%          x35_17 D 109909  85863     24
Elapsed time = 876.14 sec. (1931142.29 ticks, tree = 365.01 MB, solutions = 1)
 110069 105830      801.7584    80      820.5641      795.6458  3408580    3.04%          x27_26 U 110069 110067     44
 110235 105992      810.2499    54      820.5641      795.6489  3414118    3.04%          x26_42 U 110235  66594     31
 110391 106144      815.3417    32      820.5641      795.6521  3419339    3.04%          x16_33 U 110391  75128     35
 110524 106272      798.0228    38      820.5641      795.6558  3424815    3.04%          x18_22 U 110524 110522     35
 110675 106407      817.4036    54      820.5641      795.6587  3430052    3.04%          x22_37 N 110675  92316     45
 110802 106528      795.7788    69      820.5641      795.6622  3435194    3.03%          x17_26 D 110802  87854     27
 110962 106680        cutoff            820.5641      795.6653  3440474    3.03%          x38_18 U 110962  60770     35
 111108 106822      796.8527    58      820.5641      795.6683  3445767    3.03%          x22_13 D 111108 111107     38
 111265 106973      806.6443    70      820.5641      795.6727  3450841    3.03%          x26_33 U 111265 111263     38
 111435 107123      797.8299    56      820.5641      795.6752  3455661    3.03%          x38_39 D 111435  22410     20
Elapsed time = 893.15 sec. (1969443.62 ticks, tree = 369.95 MB, solutions = 1)
 111590 107268      817.0424    57      820.5641      795.6792  3460851    3.03%          x29_18 U 111590 111588     41
 111750 107424      795.8403    66      820.5641      795.6826  3465572    3.03%          x14_18 N 111750 111749     37
 111923 107595      795.8610    91      820.5641      795.6859  3470341    3.03%          x29_22 D 111923  64390     38
 112073 107737      808.8461    72      820.5641      795.6897  3475639    3.03%          x40_45 U 112073 106753     41
 112217 107871      795.8795    65      820.5641      795.6936  3480992    3.03%          x29_22 D 112217  87101     25
 112374 108012      795.6964    48      820.5641      795.6964  3485505    3.03%          x29_13 D 112374  26005     27
 112514 108144      801.6885    57      820.5641      795.6996  3490713    3.03%          x22_25 U 112514 112512     38
 112669 108295      811.1399    60      820.5641      795.7031  3495877    3.03%          x29_17 U 112669  93526     33
 112819 108433      811.7135    60      820.5641      795.7064  3500647    3.03%          x26_27 U 112819  56209     32
 112966 108568      798.8323    42      820.5641      795.7103  3505793    3.03%          x33_38 D 112966  93837     28
Elapsed time = 910.49 sec. (2007711.39 ticks, tree = 375.85 MB, solutions = 1)
 113123 108709        cutoff            820.5641      795.7136  3510813    3.03%          x39_18 U 113123 101921     23
 113259 108837      799.8600    51      820.5641      795.7163  3515498    3.03%          x12_11 U 113259  81802     42
 113416 108984      797.3367    61      820.5641      795.7206  3520677    3.03%          x18_14 N 113416 113415     44
 113573 109128        cutoff            820.5641      795.7242  3525889    3.03%          x38_18 U 113573  64585     31
 113722 109268      796.0351    90      820.5641      795.7280  3531077    3.03%           x2_39 D 113722  89130     34
 113883 109417      804.8085    79      820.5641      795.7309  3535839    3.03%          x33_23 U 113883  87001     34
 114042 109570      795.7392    73      820.5641      795.7345  3540551    3.03%          x26_16 D 114042 114041     47
 114200 109724      795.8574    97      820.5641      795.7373  3545532    3.03%          x26_42 D 114200 114199     48
 114347 109861      810.1383    71      820.5641      795.7409  3550740    3.03%          x33_16 U 114347  89335     32
 114498 110005      798.0387    34      820.5641      795.7449  3555874    3.02%          x26_27 U 114498  97775     13
Elapsed time = 927.51 sec. (2046106.21 ticks, tree = 380.01 MB, solutions = 1)
 114647 110152      797.1341    51      820.5641      795.7485  3561187    3.02%          x26_33 U 114647  55055     21
 114804 110290      798.7480    46      820.5641      795.7515  3565634    3.02%          x18_14 U 114804 114802     62
 114944 110422      796.4904    68      820.5641      795.7550  3570757    3.02%          x29_15 D 114944  89016     27
 115084 110552      801.9264    68      820.5641      795.7587  3576307    3.02%          x15_18 U 115084  95393     27
 115226 110690      800.6141    32      820.5641      795.7623  3581291    3.02%          x12_18 U 115226  88397     26
 115372 110830      795.8124    42      820.5641      795.7655  3586424    3.02%          x15_18 D 115372  48633     36
 115530 110966      795.8912    37      820.5641      795.7682  3591211    3.02%          x27_38 D 115530  24490     28
 115677 111109      801.8585    49      820.5641      795.7721  3596348    3.02%          x21_18 U 115677 115675     41
 115825 111249      797.1629    54      820.5641      795.7755  3601653    3.02%          x12_16 D 115825  81596     50
 115969 111388      809.9061    45      820.5641      795.7784  3606839    3.02%          x17_25 U 115969  94182     21
Elapsed time = 946.55 sec. (2084376.66 ticks, tree = 385.28 MB, solutions = 1)
 116100 111513      798.1738    35      820.5641      795.7818  3612135    3.02%          x39_38 U 116100  94606     53
 116260 111666      814.9815    46      820.5641      795.7849  3616867    3.02%          x40_30 D 116260 116259     33
 116418 111816      795.9225    52      820.5641      795.7883  3621760    3.02%          x29_15 D 116418 116417     35
 116563 111948      809.9850    51      820.5641      795.7917  3626979    3.02%          x38_35 U 116563 116561     44
 116723 112098      795.9326    72      820.5641      795.7951  3631936    3.02%          x17_37 D 116723 116722     48
 116874 112245      812.8075    47      820.5641      795.7985  3636692    3.02%          x33_26 U 116874  67114     27
 117010 112373      796.1816    68      820.5641      795.8011  3641280    3.02%          x13_37 D 117010  86107     42
 117171 112517      795.8041    72      820.5641      795.8042  3645654    3.02%          x37_18 D 117171  99375     39
 117317 112658      795.8074    62      820.5641      795.8074  3650205    3.02%          x35_16 D 117317  75232     16
 117473 112812      796.1566    70      820.5641      795.8107  3655196    3.02%          x25_16 D 117473  98331     32
Elapsed time = 965.00 sec. (2122634.26 ticks, tree = 391.80 MB, solutions = 1)
 117623 112958      801.9524    73      820.5641      795.8139  3660044    3.02%          x29_15 U 117623 117621     44
 117761 113094      818.3159    37      820.5641      795.8175  3665233    3.02%          x29_18 U 117761  93493     41
 117914 113235      815.3815    55      820.5641      795.8210  3670198    3.02%          x36_28 N 117914 117912     40
 118041 113349      795.8593    88      820.5641      795.8241  3674972    3.01%          x38_18 D 118041 118040     19
 118183 113483      798.6741    35      820.5641      795.8275  3680089    3.01%          x11_12 U 118183 118181     44
 118335 113631      818.1992    48      820.5641      795.8308  3685098    3.01%          x16_26 U 118335  75173     32
 118478 113764      801.5048    51      820.5641      795.8344  3690288    3.01%          x17_18 U 118478  88763     37
 118619 113905      810.4469    22      820.5641      795.8374  3695580    3.01%          x17_33 U 118619 118617     32
 118778 114057      798.1678    60      820.5641      795.8401  3700344    3.01%          x39_42 D 118778  89230     19
 118934 114213      808.4982    30      820.5641      795.8436  3705288    3.01%          x29_17 U 118934  97363     41
Elapsed time = 982.84 sec. (2160852.07 ticks, tree = 397.41 MB, solutions = 1)
 119100 114375      798.0731    36      820.5641      795.8471  3709991    3.01%          x13_18 U 119100  80161     47
 119234 114505      795.8561    67      820.5641      795.8513  3715108    3.01%          x21_18 D 119234 119233     48
 119400 114669      798.5425    52      820.5641      795.8540  3719841    3.01%          x12_16 U 119400  82354     54
 119546 114789      796.3569    64      820.5641      795.8562  3724498    3.01%          x25_16 D 119546 119545     37
 119709 114932      798.9546    57      820.5641      795.8598  3729187    3.01%          x11_18 U 119709 117551     37
 119852 115063      799.3908    30      820.5641      795.8629  3734260    3.01%            x6_7 D 119852 119850     68
 120000 115196      804.0011    88      820.5641      795.8667  3739186    3.01%          x18_22 U 120000 119998     36
 120150 115340      795.9201    61      820.5641      795.8700  3744012    3.01%          x17_37 D 120150 120149     25
 120295 115479      799.0909    60      820.5641      795.8735  3749007    3.01%          x33_25 U 120295  60910     39
 120454 115626      796.1171    67      820.5641      795.8764  3753388    3.01%          x38_18 D 120454 120453     27
Elapsed time = 1000.50 sec. (2199184.01 ticks, tree = 403.17 MB, solutions = 1)
 120604 115760      796.7921    72      820.5641      795.8795  3758034    3.01%          x39_42 D 120604  71692     38
 120740 115884      795.9947    26      820.5641      795.8826  3763631    3.01%          x16_35 D 120740 100356     21
 120890 116029      814.3540    77      820.5641      795.8854  3768379    3.01%           x28_5 U 120890  28573     33
 121030 116159      797.7554    62      820.5641      795.8882  3773612    3.01%          x13_17 N 121030  55936     36
 121170 116283      801.4877    53      820.5641      795.8906  3778316    3.01%          x14_18 U 121170 100265     28
 121300 116400        cutoff            820.5641      795.8937  3783430    3.01%          x23_18 U 121300  83591     33
 121440 116532      806.2025    68      820.5641      795.8970  3788422    3.01%          x18_17 U 121440 113110     42
 121578 116664      801.1798    48      820.5641      795.8999  3793326    3.01%          x12_16 U 121578 121576     57
 121725 116809      801.1881    65      820.5641      795.9027  3797981    3.01%          x35_18 D 121725 121723     26
 121873 116945      811.8022    63      820.5641      795.9061  3802989    3.01%          x26_39 U 121873 121871     49
Elapsed time = 1017.80 sec. (2237620.59 ticks, tree = 408.35 MB, solutions = 1)
 122021 117080      806.7220    48      820.5641      795.9085  3807682    3.00%          x13_18 U 122021 113190     37
 122178 117223      796.3025    58      820.5641      795.9109  3812492    3.00%          x29_15 D 122178 122177     40
 122327 117368      796.1129    69      820.5641      795.9143  3817422    3.00%           x28_5 D 122327 122326     24
 122468 117487      796.0243    75      820.5641      795.9180  3822408    3.00%          x26_18 D 122468  96498     38
 122612 117623      799.8131    43      820.5641      795.9211  3827654    3.00%          x12_14 N 122612 106085     40
 122770 117759      814.6814    57      820.5641      795.9232  3832164    3.00%          x37_18 U 122770  65339     40
 122905 117889      801.2346    91      820.5641      795.9267  3837153    3.00%          x15_17 D 122905 122903     23
 123047 118021      796.9559    66      820.5641      795.9295  3842245    3.00%          x29_17 D 123047 123046     29
 123187 118152      808.7994    24      820.5641      795.9336  3847292    3.00%          x17_26 U 123187  95333     29
 123335 118292      796.3505    50      820.5641      795.9369  3852226    3.00%          x22_15 D 123335 123334     24
Elapsed time = 1035.39 sec. (2275929.00 ticks, tree = 413.29 MB, solutions = 1)
 123497 118450      802.8973    92      820.5641      795.9396  3857046    3.00%          x27_33 U 123497   9576     27
 123630 118571      796.0963    30      820.5641      795.9425  3861726    3.00%          x18_35 U 123630 123629     27
 123790 118725      798.1536    51      820.5641      795.9452  3866548    3.00%          x38_33 D 123790 108443     51
 123931 118858      818.8249    49      820.5641      795.9486  3871454    3.00%          x29_18 U 123931 114180     52
 124071 118993      806.6935    35      820.5641      795.9517  3876326    3.00%          x26_33 U 124071  87482     32
 124206 119120      797.9758    68      820.5641      795.9548  3881420    3.00%          x42_26 D 124206 104057     25
 124350 119260      809.6801    54      820.5641      795.9571  3886018    3.00%          x25_11 N 124350 124349     69
 124485 119378      812.6172    47      820.5641      795.9597  3890560    3.00%          x29_15 U 124485 123066     50
 124628 119517      795.9986    50      820.5641      795.9627  3895448    3.00%          x37_18 D 124628 124627     41
 124769 119650      801.8956    28      820.5641      795.9660  3900199    3.00%          x25_14 U 124769 119723     37
Elapsed time = 1052.46 sec. (2314329.74 ticks, tree = 418.72 MB, solutions = 1)
 124909 119782      796.3211    70      820.5641      795.9687  3904883    3.00%          x37_17 D 124909 124908     26
 125044 119915      796.1221    56      820.5641      795.9720  3910045    3.00%          x13_25 D 125044 125043     44
 125192 120055      811.2033    59      820.5641      795.9746  3914841    3.00%          x29_17 U 125192 125190     33
 125332 120183      797.8437    45      820.5641      795.9773  3919882    3.00%          x25_16 U 125332 111148     25
 125476 120323      812.7243    42      820.5641      795.9800  3924445    3.00%          x26_34 D 125476  76605     53
 125626 120471      798.6381    55      820.5641      795.9831  3929085    3.00%          x39_38 D 125626  99638     35
 125765 120597      798.9126    46      820.5641      795.9863  3934135    3.00%          x13_18 U 125765  62629     36
 125909 120726      796.7443    32      820.5641      795.9895  3939075    2.99%          x13_22 D 125909 125908     38
 126051 120857      796.9350    65      820.5641      795.9922  3943754    2.99%          x15_17 U 126051 126050     34
 126188 120984      798.8875    59      820.5641      795.9958  3948755    2.99%          x25_16 U 126188 122059     29
Elapsed time = 1069.44 sec. (2352535.34 ticks, tree = 424.22 MB, solutions = 1)
 126326 121118      806.0005    46      820.5641      795.9987  3953763    2.99%          x26_33 U 126326  84414     46
 126470 121258      796.0432    57      820.5641      796.0016  3958299    2.99%          x37_17 D 126470 126469     53
 126608 121388      804.8718    47      820.5641      796.0045  3963436    2.99%          x21_18 U 126608 122680     33
 126750 121516      816.3391    44      820.5641      796.0080  3968308    2.99%          x26_39 U 126750 107644     38
 126881 121637      796.1677    66      820.5641      796.0106  3973059    2.99%          x37_18 D 126881 126880     27
 127025 121773      803.4892   109      820.5641      796.0135  3978179    2.99%          x27_33 U 127025 127023     45
 127165 121913      796.1486    49      820.5641      796.0165  3983237    2.99%          x29_22 D 127165 127164     31
 127292 122027      798.0991    78      820.5641      796.0201  3988114    2.99%          x14_16 U 127292  73028     44
 127439 122162      801.0449    59      820.5641      796.0226  3992993    2.99%          x13_22 U 127439 127437     40
 127577 122293      819.2556    36      820.5641      796.0256  3997603    2.99%          x18_33 U 127577  83043     32
Elapsed time = 1086.59 sec. (2390839.67 ticks, tree = 429.93 MB, solutions = 1)
 127710 122418      797.9157    62      820.5641      796.0285  4002605    2.99%          x26_34 U 127710 112344     25
 127839 122545      796.2832    49      820.5641      796.0318  4007969    2.99%          x12_18 D 127839  89827     35
 127994 122694      798.0725    50      820.5641      796.0347  4012390    2.99%          x37_17 N 127994  32114     27
 128114 122805      817.8594    59      820.5641      796.0373  4017294    2.99%          x25_18 U 128114 128112     25
 128252 122936      802.1995    99      820.5641      796.0392  4021097    2.99%          x18_12 U 128252 128250     39
 128383 123057      796.2798    65      820.5641      796.0423  4026430    2.99%          x38_16 D 128383 114925     49
 128512 123177      796.7605    52      820.5641      796.0457  4031671    2.99%          x37_17 D 128512 128511     29
 128648 123309      803.8860    50      820.5641      796.0486  4036392    2.99%          x37_17 U 128648 128646     37
 128781 123432      814.2197    44      820.5641      796.0512  4041500    2.99%          x29_17 U 128781  55504     32
 128942 123585      800.5195    46      820.5641      796.0545  4045928    2.99%          x33_35 D 128942 128940     14
Elapsed time = 1104.40 sec. (2429134.55 ticks, tree = 434.50 MB, solutions = 1)
 129100 123725      806.6288    38      820.5641      796.0565  4050303    2.99%          x35_22 U 129100 129098     55
 129240 123855      819.3418    52      820.5641      796.0590  4054908    2.99%          x12_35 U 129240  24445     31
 129381 123986      800.2552    46      820.5641      796.0620  4060033    2.99%          x15_16 U 129381  48172     51
 129525 124124      819.3518    88      820.5641      796.0654  4064876    2.99%          x22_29 N 129525 129523     54
 129667 124262      800.2486    47      820.5641      796.0685  4069723    2.99%          x12_16 U 129667 129665     34
 129810 124381      798.6283    66      820.5641      796.0709  4074361    2.98%          x12_16 D 129810 129809     38
 129948 124511      816.1990    64      820.5641      796.0740  4079304    2.98%          x35_27 U 129948 129946     24
 130078 124627      800.8260    28      820.5641      796.0771  4084225    2.98%          x18_17 U 130078 109101     30
 130203 124750      796.1434    59      820.5641      796.0809  4089205    2.98%          x29_22 D 130203 130202     34
 130350 124893      797.5629    65      820.5641      796.0843  4093970    2.98%          x12_18 U 130350 116752     30
Elapsed time = 1121.37 sec. (2467564.62 ticks, tree = 439.36 MB, solutions = 1)
 130508 125045      796.0984    47      820.5641      796.0866  4098307    2.98%          x18_16 D 130508 116048     28
 130640 125168      796.5797    64      820.5641      796.0889  4103015    2.98%          x33_25 D 130640 130639     28
 130780 125304      816.0611    26      820.5641      796.0919  4107840    2.98%          x18_33 U 130780 130778     37
 130921 125434      799.8394    55      820.5641      796.0944  4112206    2.98%          x39_38 D 130921 130920     48
 131063 125564      804.7519    61      820.5641      796.0973  4116985    2.98%          x25_11 U 131063 131061     62
 131200 125691      809.4540    36      820.5641      796.1009  4122236    2.98%          x18_25 U 131200  67053     41
 131337 125808      796.5684    44      820.5641      796.1031  4126848    2.98%          x15_13 N 131337 103793     27
 131481 125939        cutoff            820.5641      796.1057  4131411    2.98%          x13_25 U 131481 107000     42
 131627 126077      816.4942    40      820.5641      796.1098  4136187    2.98%          x15_25 U 131627  93897     44
 131774 126218      803.9019    34      820.5641      796.1125  4140635    2.98%          x15_35 U 131774 131772     36
Elapsed time = 1138.69 sec. (2505863.12 ticks, tree = 443.62 MB, solutions = 1)
 131910 126338      813.2429    50      820.5641      796.1160  4145724    2.98%          x16_35 U 131910  55992     35
 132045 126465      807.6422    42      820.5641      796.1185  4150367    2.98%          x18_33 N 132045 104831     22
 132186 126596      814.5030    36      820.5641      796.1212  4154922    2.98%          x38_17 U 132186 132184     37
 132330 126735      804.0176    46      820.5641      796.1242  4159882    2.98%          x29_13 U 132330 114420     24
 132470 126869      799.7898    53      820.5641      796.1272  4164337    2.98%          x35_18 U 132470  15939     24
 132614 127011      813.5366    53      820.5641      796.1299  4169329    2.98%          x29_13 U 132614 104325     26
 132747 127140      808.1899    79      820.5641      796.1329  4174341    2.98%          x40_45 U 132747  45283     43
 132880 127260      814.7780    65      820.5641      796.1362  4179184    2.98%          x33_35 U 132880 132878     38
 133013 127383      813.8976    44      820.5641      796.1390  4184090    2.98%          x29_13 U 133013 127934     30
 133165 127525      796.9202    53      820.5641      796.1424  4188645    2.98%          x26_27 D 133165 133163     43
Elapsed time = 1155.63 sec. (2544330.39 ticks, tree = 448.72 MB, solutions = 1)
 133294 127646      812.5869    30      820.5641      796.1454  4193219    2.98%          x22_25 U 133294 133292     37
 133436 127779      796.1482    45      820.5641      796.1482  4198030    2.98%          x40_30 D 133436  78706     35
 133582 127921      796.5616    66      820.5641      796.1513  4202562    2.98%          x15_21 D 133582  54168     30
 133737 128068      803.6998    68      820.5641      796.1538  4206841    2.97%          x35_27 U 133737 106406     21
 133871 128196      805.0824    51      820.5641      796.1566  4211550    2.97%          x39_42 U 133871 105528     32
 134008 128321      796.2515    43      820.5641      796.1601  4216323    2.97%          x39_26 D 134008 134007     26
 134170 128475      817.1257    51      820.5641      796.1628  4220818    2.97%          x13_37 U 134170 127511     52
 134311 128611      798.1149    43      820.5641      796.1652  4225501    2.97%          x39_38 U 134311  98091     36
 134448 128744      816.0975    85      820.5641      796.1677  4230025    2.97%          x34_18 U 134448 134446     20
 134603 128887      814.1779    39      820.5641      796.1701  4234360    2.97%          x29_22 U 134603 134601     36
Elapsed time = 1172.38 sec. (2582666.71 ticks, tree = 454.32 MB, solutions = 1)
 134744 129021      796.1744    55      820.5641      796.1730  4239320    2.97%          x40_45 D 134744 105046     39
 134881 129155      802.9475    51      820.5641      796.1764  4243992    2.97%          x25_16 U 134881  79005     40
 135021 129291      796.3200    63      820.5641      796.1792  4248812    2.97%          x40_30 D 135021 113731     39
 135155 129416      797.8017    62      820.5641      796.1826  4253836    2.97%          x25_12 D 135155 135154     42
 135282 129537      811.3800    61      820.5641      796.1859  4258945    2.97%          x25_16 U 135282 106855     43
 135442 129685      807.7622    84      820.5641      796.1887  4263266    2.97%          x37_17 U 135442  86021     29
 135576 129811      797.1486    64      820.5641      796.1912  4268258    2.97%          x12_22 D 135576 135575     46
 135704 129935      796.3397    30      820.5641      796.1943  4272798    2.97%          x37_17 D 135704 121185     35
 135836 130057      800.0774    49      820.5641      796.1973  4277552    2.97%          x12_16 U 135836 135834     44
 135973 130190      813.0716    57      820.5641      796.2007  4282448    2.97%          x29_17 U 135973  74277     31
Elapsed time = 1189.94 sec. (2620939.11 ticks, tree = 458.98 MB, solutions = 1)
 136110 130321      811.4404    42      820.5641      796.2026  4287067    2.97%          x38_17 U 136110 101081     45
 136231 130437      813.5429    38      820.5641      796.2054  4292058    2.97%          x13_25 U 136231 136229     32
 136380 130574      802.1898    34      820.5641      796.2085  4296880    2.97%          x33_23 U 136380 104894     41
 136521 130713      800.6474    48      820.5641      796.2114  4301459    2.97%          x22_18 U 136521 111063     47
 136651 130839      801.3070    72      820.5641      796.2145  4306319    2.97%          x23_38 U 136651  92199     27
 136781 130965      802.1468    62      820.5641      796.2170  4311422    2.97%          x33_39 U 136781 136779     36
 136907 131072      796.5861    82      820.5641      796.2193  4315569    2.97%          x22_17 D 136907  97613     35
 137028 131182      798.1543    77      820.5641      796.2215  4320991    2.97%          x12_13 U 137028 119411     45
 137163 131307      806.3754    41      820.5641      796.2242  4325709    2.97%          x38_23 U 137163 137161     31
 137301 131445      808.1680    53      820.5641      796.2271  4330406    2.97%          x35_14 U 137301 130275     28
Elapsed time = 1208.23 sec. (2659290.78 ticks, tree = 467.84 MB, solutions = 1)
 137436 131571      801.7627    40      820.5641      796.2293  4334963    2.97%          x29_15 U 137436 137434     37
 137582 131707      802.1459    40      820.5641      796.2326  4339477    2.97%          x29_17 U 137582 107096     43
 137708 131827      803.0417    58      820.5641      796.2359  4344443    2.96%          x39_26 U 137708  88022     28
 137863 131970      815.0556    51      820.5641      796.2378  4349054    2.96%           x26_6 U 137863 137861     41
 138000 132099      796.3359    84      820.5641      796.2403  4353790    2.96%          x38_18 D 138000 137999     28
 138143 132236      796.2427    22      820.5641      796.2427  4358289    2.96%          x26_42 D 138143 109028     22
 138294 132377      802.9857    28      820.5641      796.2454  4363318    2.96%          x39_38 U 138294 138292     28
 138434 132513      811.8289    45      820.5641      796.2482  4368166    2.96%          x15_12 U 138434 138432     42
 138593 132662      797.1593    59      820.5641      796.2504  4372328    2.96%          x26_33 D 138593 125656     32
 138734 132797      797.0624    72      820.5641      796.2529  4376874    2.96%          x18_14 D 138734 116510     51
Elapsed time = 1226.64 sec. (2698070.05 ticks, tree = 472.61 MB, solutions = 1)
 138876 132937      796.8712    28      820.5641      796.2557  4381853    2.96%          x15_17 U 138876 108086     34
 139009 133056      820.4332    52      820.5641      796.2578  4386663    2.96%          x33_16 U 139009  16027     29
 139147 133190      814.7649    73      820.5641      796.2606  4391602    2.96%          x16_35 U 139147 112160     20
 139282 133311        cutoff            820.5641      796.2625  4395757    2.96%          x29_18 U 139282 111826     41
 139412 133437      819.9928    28      820.5641      796.2650  4400477    2.96%          x13_35 U 139412 102466     45
 139555 133576      797.0093    61      820.5641      796.2681  4405202    2.96%          x21_18 D 139555  68012     29
 139704 133713      796.5771    47      820.5641      796.2705  4409735    2.96%          x39_38 D 139704 139703     37
 139830 133831      805.1798    65      820.5641      796.2734  4414458    2.96%          x12_18 U 139830 121500     21
 139958 133953      803.7671    46      820.5641      796.2765  4419557    2.96%          x22_16 U 139958  97365     43
 140095 134066      806.4071    55      820.5641      796.2786  4423837    2.96%          x40_30 U 140095 140091     28
Elapsed time = 1243.64 sec. (2736524.60 ticks, tree = 477.50 MB, solutions = 1)
 140209 134172      799.3202    49      820.5641      796.2817  4428882    2.96%          x27_38 D 140209 140207     40
 140344 134303      804.6081    24      820.5641      796.2847  4433456    2.96%          x26_33 U 140344 140342     37
 140476 134423      814.9295    57      820.5641      796.2879  4438333    2.96%          x38_17 U 140476 140474     48
 140630 134565      796.4255    78      820.5641      796.2915  4442788    2.96%          x29_22 D 140630 124844     32
 140769 134696      799.9957    51      820.5641      796.2941  4447275    2.96%          x40_30 U 140769 113731     39
 140897 134806      797.1623    52      820.5641      796.2965  4451386    2.96%          x35_16 D 140897 125061     27
 141021 134914      817.2010    64      820.5641      796.2996  4456345    2.96%          x13_29 U 141021 123033     49
 141157 135038        cutoff            820.5641      796.3025  4461294    2.96%          x38_18 U 141157 141155     54
 141297 135177      809.3709    30      820.5641      796.3050  4465494    2.96%          x15_25 U 141297 141295     28
 141428 135302      804.8027    37      820.5641      796.3074  4469951    2.96%          x15_18 U 141428  55202     41
Elapsed time = 1261.14 sec. (2774830.73 ticks, tree = 482.43 MB, solutions = 1)
 141550 135416      809.0238    45      820.5641      796.3098  4474835    2.96%          x38_27 D 141550 141549     39
 141662 135520      801.6697    44      820.5641      796.3125  4479239    2.96%           x27_6 U 141662 141660     42
 141793 135643      817.5080    50      820.5641      796.3150  4483476    2.96%          x33_16 N 141793  42597     26
 141928 135768      815.1866    92      820.5641      796.3177  4488059    2.95%          x34_35 N 141928  73206     31
 142053 135879      815.9950    43      820.5641      796.3203  4492681    2.95%          x38_17 N 142053 137399     42
 142184 135999      812.7153   100      820.5641      796.3240  4497143    2.95%           x28_5 U 142184 113748     15
 142322 136125        cutoff            820.5641      796.3264  4501789    2.95%          x18_34 U 142322 122862     36
 142448 136248      796.4134    67      820.5641      796.3287  4505953    2.95%          x18_26 D 142448 142447     40
 142584 136372      809.3542    75      820.5641      796.3312  4510522    2.95%          x15_18 U 142584 120131     25
 142707 136491      800.8993    60      820.5641      796.3344  4515318    2.95%          x12_16 U 142707 142705     33
Elapsed time = 1278.53 sec. (2813265.66 ticks, tree = 488.79 MB, solutions = 1)
 142829 136604      796.6058    72      820.5641      796.3366  4520173    2.95%          x42_39 D 142829 142828     42
 142966 136739      804.3313    41      820.5641      796.3389  4524800    2.95%          x29_17 U 142966 133931     22
 143103 136870      806.7124    94      820.5641      796.3412  4529350    2.95%          x35_17 U 143103 118041     20
 143235 136978      798.4758    60      820.5641      796.3437  4534225    2.95%          x11_12 U 143235 143233     51
 143367 137106      796.6586    43      820.5641      796.3466  4539047    2.95%          x42_26 D 143367 143366     28
 143504 137239      819.6537    62      820.5641      796.3495  4543708    2.95%          x13_29 U 143504 125724     47
 143642 137375      806.4619    78      820.5641      796.3518  4548191    2.95%          x39_26 U 143642 110626     32
 143790 137515      799.1847    64      820.5641      796.3550  4552669    2.95%          x42_39 U 143790 143789     33
 143925 137638        cutoff            820.5641      796.3570  4557208    2.95%          x14_16 U 143925 143922     47
 144042 137744        cutoff            820.5641      796.3596  4561769    2.95%          x22_29 U 144042  96852     59
Elapsed time = 1296.06 sec. (2851583.42 ticks, tree = 494.86 MB, solutions = 1)
 144181 137875      796.5608    42      820.5641      796.3623  4566287    2.95%          x35_22 D 144181 113518     37
 144313 137999      801.5042    71      820.5641      796.3648  4571240    2.95%          x12_18 U 144313 132674     44
 144448 138128      797.2353    40      820.5641      796.3671  4575901    2.95%          x17_13 U 144448  88820     29
 144583 138261      813.0029    33      820.5641      796.3696  4580490    2.95%          x25_18 U 144583 100395     32
 144718 138392      820.0975    50      820.5641      796.3727  4585140    2.95%          x18_17 N 144718 144716     36
 144839 138502      812.3818    36      820.5641      796.3752  4589820    2.95%          x17_37 U 144839 144836     45
 144959 138610      797.1232    47      820.5641      796.3783  4594645    2.95%          x22_12 D 144959 144958     53
 145083 138722        cutoff            820.5641      796.3809  4599419    2.95%          x38_18 U 145083 122915     30
 145219 138853      800.1990    46      820.5641      796.3833  4603450    2.95%          x38_27 U 145219 145217     37
 145346 138974      811.4641    60      820.5641      796.3858  4608595    2.95%          x37_17 U 145346  39740     28
Elapsed time = 1314.65 sec. (2889919.34 ticks, tree = 499.84 MB, solutions = 1)
 145464 139078      796.8722    64      820.5641      796.3885  4613281    2.95%          x40_30 D 145464  34985     38
 145612 139220      796.6069    68      820.5641      796.3911  4617330    2.95%          x23_38 D 145612 145611     37
 145759 139362      797.5601    63      820.5641      796.3938  4621872    2.95%          x39_38 U 145759 145757     39
 145900 139489      814.7330    46      820.5641      796.3963  4626552    2.95%          x29_13 U 145900 113897     23
 146031 139610      811.8906    73      820.5641      796.3994  4631277    2.94%          x35_14 U 146031  82053     31
 146175 139750      798.3806    82      820.5641      796.4020  4635744    2.94%          x13_17 U 146175 146173     20
 146309 139870      796.4862    30      820.5641      796.4040  4640086    2.94%          x17_33 D 146309 128181     31
 146434 139980      820.4796    50      820.5641      796.4060  4644229    2.94%          x35_22 N 146434 131709     33
 146566 140107      798.7928    50      820.5641      796.4089  4648692    2.94%          x22_14 U 146566 128224     60
 146693 140228      810.9700    61      820.5641      796.4116  4653279    2.94%          x39_26 U 146693  75973     30
Elapsed time = 1333.06 sec. (2928276.25 ticks, tree = 504.60 MB, solutions = 1)
 146820 140341      798.5622    41      820.5641      796.4138  4657883    2.94%          x42_34 U 146820  59066     22
 146942 140453      811.6577    65      820.5641      796.4162  4662759    2.94%          x37_17 U 146942 129673     34
 147090 140585      799.0354    44      820.5641      796.4179  4666997    2.94%          x21_35 D 147090  23831     29
 147227 140720      796.5090    40      820.5641      796.4200  4671313    2.94%          x13_37 D 147227 147226     40
 147367 140856      807.2891    66      820.5641      796.4221  4675948    2.94%          x26_42 U 147367 116898     28
 147486 140963      801.2054    50      820.5641      796.4250  4680934    2.94%          x12_14 D 147486 127327     33
 147613 141084      798.8231    64      820.5641      796.4276  4685264    2.94%          x38_25 U 147613 147611     50
 147740 141205      797.2529    50      820.5641      796.4299  4689896    2.94%          x11_12 D 147740 147739     40
 147876 141326      804.3334    47      820.5641      796.4315  4694067    2.94%          x26_34 D 147876  78641     27
 147999 141446      811.5793    65      820.5641      796.4343  4698748    2.94%          x29_22 U 147999 125647     36
Elapsed time = 1350.30 sec. (2966568.35 ticks, tree = 509.54 MB, solutions = 1)
 148123 141564      809.6024    37      820.5641      796.4365  4703635    2.94%          x13_37 U 148123 132436     37
 148250 141683      797.1662    35      820.5641      796.4394  4708239    2.94%          x15_13 D 148250 148249     31
 148387 141812      803.4647    82      820.5641      796.4419  4712747    2.94%          x38_23 U 148387  83559     29
 148516 141929      816.6095    67      820.5641      796.4446  4717771    2.94%          x26_34 N 148516 102723     38
 148638 142035      797.7611    56      820.5641      796.4471  4722331    2.94%          x15_17 U 148638 107423     33
 148763 142154      802.1560    68      820.5641      796.4493  4727335    2.94%          x25_14 U 148763  78831     36
 148897 142280      812.5086    70      820.5641      796.4520  4731811    2.94%          x29_17 U 148897 140232     34
 149026 142405      815.3064    54      820.5641      796.4547  4736564    2.94%          x26_33 U 149026 149024     40
 149166 142535      810.7692    56      820.5641      796.4568  4740838    2.94%          x29_13 U 149166  77404     24
 149280 142642      807.2323    65      820.5641      796.4591  4744720    2.94%          x27_26 U 149280 123313     36
Elapsed time = 1368.89 sec. (3004945.03 ticks, tree = 514.43 MB, solutions = 1)
 149413 142762      801.5680    58      820.5641      796.4612  4749298    2.94%          x29_15 U 149413 138068     40
 149548 142895      805.2457    52      820.5641      796.4642  4754080    2.94%          x39_38 U 149548 149546     33
 149681 143018      796.9512    48      820.5641      796.4665  4758320    2.94%          x26_27 D 149681 129537     17
 149810 143136      802.0127    46      820.5641      796.4687  4762936    2.94%          x33_38 D 149810 149808     43
 149942 143263        cutoff            820.5641      796.4717  4767811    2.94%          x27_18 U 149942  72289     27
 150066 143381      797.2100    49      820.5641      796.4744  4772432    2.94%          x22_25 D 150066 150065     38
 150190 143489      796.7854    66      820.5641      796.4769  4777097    2.94%          x29_22 D 150190 150189     37
 150319 143610        cutoff            820.5641      796.4792  4781682    2.94%          x37_18 U 150319 133463     28
 150450 143739      796.5081    99      820.5641      796.4821  4785889    2.93%          x37_18 D 150450  89520     27
 150569 143843      812.1762    48      820.5641      796.4847  4790851    2.93%          x26_34 D 150569 120395     36
Elapsed time = 1387.19 sec. (3043277.81 ticks, tree = 518.63 MB, solutions = 1)
 150701 143969      817.2468    45      820.5641      796.4872  4795148    2.93%          x33_35 N 150701 150699     55
 150845 144104      806.6348    76      820.5641      796.4902  4799703    2.93%          x21_18 U 150845 150843     45
 151000 144251      797.6896    57      820.5641      796.4924  4803916    2.93%          x26_27 D 151000  57499     12
 151134 144379      807.3849    40      820.5641      796.4946  4808288    2.93%          x29_22 U 151134  38593     36
 151252 144486      796.7121    62      820.5641      796.4975  4812208    2.93%          x22_29 D 151252 151251     52
 151378 144600      805.7012    67      820.5641      796.4999  4816839    2.93%          x40_45 U 151378  74717     26
 151529 144746      812.3958    53      820.5641      796.5025  4821067    2.93%          x29_17 U 151529 151527     37
 151645 144850      819.3965    32      820.5641      796.5047  4825927    2.93%          x17_33 U 151645  28806     31
 151783 144977      819.6220    25      820.5641      796.5064  4830239    2.93%          x30_43 U 151783 151780     45
 151912 145088      801.3232    71      820.5641      796.5084  4834546    2.93%          x23_38 U 151912  43630     37
Elapsed time = 1404.71 sec. (3081692.82 ticks, tree = 523.00 MB, solutions = 1)
 152024 145198      810.8506    39      820.5641      796.5107  4839068    2.93%          x13_37 U 152024  86254     30
 152145 145309      815.7564    91      820.5641      796.5137  4844269    2.93%          x37_17 U 152145 152143     45
 152269 145425      815.4504    56      820.5641      796.5160  4848878    2.93%          x21_35 U 152269 149564     32
 152400 145546      796.6526    41      820.5641      796.5180  4853418    2.93%          x13_37 D 152400 152399     45
 152530 145674      797.4034    68      820.5641      796.5202  4857987    2.93%          x42_34 U 152530 110478     38
 152679 145817      814.0894    20      820.5641      796.5226  4862577    2.93%          x29_17 U 152679 129359     49
 152815 145945      811.6227    95      820.5641      796.5247  4866701    2.93%          x29_13 U 152815  83963     15
 152932 146059      810.4428    67      820.5641      796.5270  4872019    2.93%          x26_33 U 152932  83733     37
 153076 146195      797.1713    65      820.5641      796.5292  4876541    2.93%          x16_18 D 153076 153075     36
 153192 146307      796.5565    51      820.5641      796.5320  4881393    2.93%          x29_22 D 153192 153191     34
Elapsed time = 1422.28 sec. (3120064.15 ticks, tree = 527.66 MB, solutions = 1)
 153312 146419      814.1997    74      820.5641      796.5344  4886143    2.93%          x29_17 U 153312 129045     44
 153444 146536      814.3682    71      820.5641      796.5365  4890426    2.93%          x29_13 N 153444 130795     28
 153560 146648      800.8638    76      820.5641      796.5390  4895442    2.93%          x38_23 U 153560  99786     34
 153680 146760      797.0608    24      820.5641      796.5414  4900051    2.93%          x12_16 D 153680 133562     51
 153812 146884      797.8173    47      820.5641      796.5434  4904545    2.93%          x23_38 U 153812 153810     39
 153938 147006      798.6208    57      820.5641      796.5455  4909231    2.93%          x14_18 U 153938 147135     36
 154050 147112      802.9703    39      820.5641      796.5477  4913610    2.93%          x39_38 U 154050  85400     28
 154209 147255        cutoff            820.5641      796.5495  4917659    2.93%          x38_16 U 154209 154207     55
 154365 147399      797.7481    68      820.5641      796.5510  4921971    2.93%          x40_45 D 154365 154364     19
 154491 147521      800.9933    42      820.5641      796.5530  4925680    2.93%          x13_37 U 154491 147226     40
Elapsed time = 1440.31 sec. (3158461.03 ticks, tree = 532.79 MB, solutions = 1)
 154617 147641      816.3406    55      820.5641      796.5552  4930063    2.93%          x29_17 U 154617  96936     40
 154756 147768      800.9070    50      820.5641      796.5582  4934964    2.93%          x22_16 U 154756 139910     45
 154877 147883      800.5059    20      820.5641      796.5603  4939245    2.93%          x38_17 N 154877 129491     25
 155008 148004      805.3071    48      820.5641      796.5637  4943435    2.92%          x38_25 U 155008  70217     46
 155116 148110      800.8389    46      820.5641      796.5660  4948387    2.92%          x12_11 U 155116 155114     42
 155252 148235      797.0840    63      820.5641      796.5685  4952812    2.92%          x14_21 D 155252 126060     49
 155390 148367      797.1969    95      820.5641      796.5711  4957081    2.92%          x18_14 U 155390 155388     49
 155520 148491      808.8819    87      820.5641      796.5739  4961761    2.92%          x40_45 U 155520 153771     26
 155651 148609        cutoff            820.5641      796.5758  4966373    2.92%          x34_18 U 155651 115025     26
 155780 148722        cutoff            820.5641      796.5778  4971033    2.92%          x17_26 U 155780 155778     33
Elapsed time = 1458.36 sec. (3196796.82 ticks, tree = 538.18 MB, solutions = 1)
 155908 148844      812.9032    60      820.5641      796.5795  4975713    2.92%          x17_37 U 155908 146162     43
 156022 148950      796.7467    46      820.5641      796.5815  4979961    2.92%          x18_25 N 156022 156021     28
 156158 149077      803.8880    41      820.5641      796.5842  4984761    2.92%          x18_14 U 156158 156156     47
 156276 149185      800.1669    55      820.5641      796.5872  4989493    2.92%          x17_18 U 156276 156274     36
 156408 149311      801.0187    54      820.5641      796.5896  4993892    2.92%          x12_18 U 156408 156406     47
 156531 149418      798.0352    47      820.5641      796.5916  4998329    2.92%          x17_15 U 156531  34126     36
 156646 149529      798.6092    56      820.5641      796.5941  5002867    2.92%          x29_15 D 156646  35320     26
 156772 149651      800.9805    69      820.5641      796.5966  5007349    2.92%          x42_27 U 156772 156770     23
 156894 149765      817.1613    83      820.5641      796.5988  5012260    2.92%          x13_29 U 156894 135994     48
 157010 149873      797.9006    58      820.5641      796.6012  5017108    2.92%          x37_17 D 157010 157009     33
Elapsed time = 1475.70 sec. (3235138.90 ticks, tree = 542.10 MB, solutions = 1)
 157135 149984      796.6165    64      820.5641      796.6039  5021353    2.92%          x21_18 D 157135 137510     39
 157257 150097      809.9439    24      820.5641      796.6063  5025604    2.92%          x12_35 U 157257 137726     28
 157395 150227      796.6477    66      820.5641      796.6090  5029814    2.92%          x33_16 D 157395 157394     45
 157524 150352      802.9660    76      820.5641      796.6112  5034460    2.92%          x12_18 U 157524 150314     46
 157651 150475      812.6641    68      820.5641      796.6141  5038945    2.92%          x29_17 U 157651 150310     42
 157788 150606      812.5790    60      820.5641      796.6169  5043536    2.92%          x37_17 U 157788 149110     32
 157936 150743      797.3326    45      820.5641      796.6189  5047625    2.92%          x16_14 D 157936 157934     28
 158062 150859      797.7883    81      820.5641      796.6206  5051631    2.92%          x26_42 D 158062  33991     16
 158181 150962      796.9439    42      820.5641      796.6226  5056415    2.92%          x25_18 D 158181 158180     36
 158312 151086      807.4187    71      820.5641      796.6243  5060896    2.92%          x29_13 U 158312 136129     26
Elapsed time = 1493.01 sec. (3273466.76 ticks, tree = 548.62 MB, solutions = 1)
 158428 151196        cutoff            820.5641      796.6267  5065814    2.92%          x34_18 U 158428 129305     46
 158559 151313      797.4611    64      820.5641      796.6294  5070229    2.92%          x39_42 D 158559  65573     26
 158680 151422      798.1162    32      820.5641      796.6321  5074870    2.92%          x12_21 U 158680  36140     37
 158800 151524      814.7999    25      820.5641      796.6344  5079390    2.92%          x17_29 N 158800 158798     45
 158938 151654      798.1704    45      820.5641      796.6366  5083591    2.92%          x23_38 U 158938 158936     36
 159080 151786      796.6745    79      820.5641      796.6394  5088264    2.92%          x33_18 D 159080 133345     32
 159211 151913      799.2472   100      820.5641      796.6413  5092177    2.92%          x34_35 U 159211 159209     27
 159345 152039      813.1427    44      820.5641      796.6435  5096491    2.92%          x22_25 U 159345  65946     43
 159450 152138      797.0322    50      820.5641      796.6455  5101308    2.91%          x27_26 D 159450 159449     39
 159588 152263      801.4352    28      820.5641      796.6480  5105622    2.91%          x12_21 U 159588 134727     30
Elapsed time = 1509.93 sec. (3311906.42 ticks, tree = 553.76 MB, solutions = 1)
 159714 152385      799.2181    50      820.5641      796.6499  5110000    2.91%          x35_33 U 159714 126826     23
 159854 152519      796.6871    69      820.5641      796.6521  5114096    2.91%          x40_45 D 159854 159853     46
 159994 152654      800.8326    30      820.5641      796.6542  5118793    2.91%          x37_17 U 159994  93397     25
 160110 152762      811.9421    57      820.5641      796.6563  5123612    2.91%          x16_18 U 160110  74912     35
 160228 152872      797.6623    77      820.5641      796.6587  5128337    2.91%          x33_35 D 160228  73242     32
 160369 153003      814.3370    32      820.5641      796.6611  5132445    2.91%          x18_38 U 160369 160367     39
 160502 153121      818.4030    69      820.5641      796.6627  5136296    2.91%          x16_26 U 160502 125802     15
 160636 153245      796.8485    69      820.5641      796.6652  5140585    2.91%          x26_34 U 160636 160635     43
 160757 153354      800.5340    45      820.5641      796.6675  5145116    2.91%          x17_18 U 160757 146193     32
 160871 153464      811.4413    51      820.5641      796.6698  5149493    2.91%          x29_17 U 160871 121024     30
Elapsed time = 1526.81 sec. (3350232.96 ticks, tree = 557.85 MB, solutions = 1)
 161008 153596      807.8054    38      820.5641      796.6722  5153847    2.91%          x35_14 U 161008  73264     44
 161139 153719      800.8810    42      820.5641      796.6744  5158114    2.91%          x29_15 U 161139 161137     33
 161270 153837      799.6492    78      820.5641      796.6762  5162324    2.91%          x26_34 D 161270 161268     15
 161407 153972      796.7615    47      820.5641      796.6784  5166585    2.91%          x29_22 D 161407  23461     35
 161534 154089      803.2498    54      820.5641      796.6801  5170796    2.91%           x27_2 U 161534 161532     33
 161678 154231      809.4850    54      820.5641      796.6826  5175116    2.91%          x13_37 U 161678 110864     38
 161795 154334      798.8982    69      820.5641      796.6851  5179683    2.91%           x0_36 D 161795 107498     28
 161919 154448      809.1526    85      820.5641      796.6876  5184596    2.91%          x40_45 U 161919  96714     17
 162036 154553      796.8053    89      820.5641      796.6894  5188707    2.91%          x33_26 D 162036 140130     34
 162174 154683      796.7286    66      820.5641      796.6922  5193438    2.91%          x18_25 D 162174 162173     37
Elapsed time = 1543.51 sec. (3388533.36 ticks, tree = 563.29 MB, solutions = 1)
 162301 154800      807.0339    99      820.5641      796.6945  5197994    2.91%          x27_26 U 162301 162299     26
 162413 154912      801.8732    59      820.5641      796.6966  5201752    2.91%          x42_27 D 162413 162411     44
 162535 155028      820.5062    75      820.5641      796.6987  5206307    2.91%          x16_26 U 162535 162533     35
 162660 155147      808.9422    67      820.5641      796.7006  5210687    2.91%          x40_30 U 162660 162658     31
 162786 155251      819.1098    27      820.5641      796.7027  5215094    2.91%          x13_37 D 162786 162785     49
 162911 155363      804.2504    59      820.5641      796.7049  5219193    2.91%          x26_34 D 162911 122802     34
 163033 155476      802.8395    59      820.5641      796.7071  5223846    2.91%          x41_15 U 163033  90216     28
 163162 155594      807.9121    37      820.5641      796.7096  5228382    2.91%          x13_33 U 163162 138742     47
 163274 155700      797.3441    44      820.5641      796.7120  5232983    2.91%          x39_27 D 163274 163273     36
 163397 155817      813.5018    46      820.5641      796.7145  5237712    2.91%          x29_22 U 163397 148867     27
Elapsed time = 1560.53 sec. (3426941.67 ticks, tree = 568.29 MB, solutions = 1)
 163544 155956      796.7875    58      820.5641      796.7165  5241961    2.91%          x22_16 D 163544 163543     29
 163699 156101      800.3935    56      820.5641      796.7184  5245807    2.91%          x35_33 D 163699  56585     35
 163815 156211      817.8979    70      820.5641      796.7213  5250222    2.91%          x16_26 U 163815 149542     29
 163940 156324      797.2153    30      820.5641      796.7233  5254525    2.91%          x38_23 D 163940 163939     38
 164060 156437      800.0056    59      820.5641      796.7254  5258538    2.91%          x29_15 U 164060 164058     40
 164193 156564      797.6790    55      820.5641      796.7273  5262783    2.90%          x38_27 D 164193 122647     30
 164320 156679      796.7563    72      820.5641      796.7299  5267420    2.90%          x39_18 D 164320 164319     41
 164449 156792      810.9831    56      820.5641      796.7321  5271283    2.90%          x13_18 U 164449 116691     48
 164574 156917      797.6774    18      820.5641      796.7340  5275335    2.90%          x42_27 D 164574 164573     17
 164700 157037      796.8272    78      820.5641      796.7363  5279791    2.90%          x29_15 D 164700  32975     34
Elapsed time = 1577.20 sec. (3465335.98 ticks, tree = 571.93 MB, solutions = 1)
 164822 157157      796.7659    55      820.5641      796.7382  5284189    2.90%          x38_18 D 164822 137576     21
 164956 157288      797.8966    49      820.5641      796.7404  5288659    2.90%          x35_14 D 164956 118291     40
 165084 157408      805.1870    57      820.5641      796.7429  5292866    2.90%          x40_30 U 165084  72165     44
 165225 157539        cutoff            820.5641      796.7453  5296685    2.90%          x38_16 U 165225 165223     53
 165359 157662      801.6070    26      820.5641      796.7472  5301276    2.90%          x38_25 U 165359 165357     40
 165480 157763      799.9999    74      820.5641      796.7493  5305834    2.90%          x15_17 D 165480 165479     42
 165603 157873      804.3073    45      820.5641      796.7514  5310510    2.90%          x39_38 U 165603 147578     38
 165734 157994      799.3979    57      820.5641      796.7536  5315030    2.90%          x14_18 U 165734 163705     36
 165860 158104      796.8800    68      820.5641      796.7550  5319305    2.90%           x28_5 D 165860 100649     29
 165970 158203      805.0356    52      820.5641      796.7572  5323908    2.90%          x17_18 U 165970 129457     33
Elapsed time = 1594.11 sec. (3503630.15 ticks, tree = 578.42 MB, solutions = 1)
 166100 158322      796.9717    62      820.5641      796.7593  5327478    2.90%          x13_29 D 166100 166099     34
 166231 158447      819.7876    51      820.5641      796.7615  5332104    2.90%          x39_34 U 166231 147576     36
 166354 158568      815.8713    71      820.5641      796.7633  5336689    2.90%          x13_29 U 166354 131908     39
 166469 158673      798.0325    52      820.5641      796.7653  5340820    2.90%          x38_33 U 166469  65524     20
 166590 158782      797.8206    40      820.5641      796.7671  5345782    2.90%          x12_22 D 166590 166589     35
 166718 158902      799.3179    52      820.5641      796.7697  5349816    2.90%          x16_18 U 166718  14649     17
 166846 159018      796.9676    50      820.5641      796.7718  5354098    2.90%          x40_30 D 166846 118506     49
 166971 159131      797.1977    60      820.5641      796.7742  5358690    2.90%          x17_35 D 166971 141735     46
 167113 159263      818.6491    51      820.5641      796.7769  5363058    2.90%          x33_18 U 167113 156419     26
 167610 159724      800.1090    42      820.5641      796.7857  5380664    2.90%           x8_20 U 167610 167608     36
Elapsed time = 1616.26 sec. (3553482.29 ticks, tree = 585.96 MB, solutions = 1)
 168101 160176      800.0005    45      820.5641      796.7945  5398433    2.90%          x29_15 U 168101 168099     41
 168587 160626      800.4189    62      820.5641      796.8029  5416012    2.90%          x29_15 U 168587 168585     42
 169095 161102      806.5501    79      820.5641      796.8118  5433239    2.89%          x40_30 U 169095 163425     39
 169575 161542      798.4619    22      820.5641      796.8201  5450957    2.89%          x38_25 U 169575 108545     44
 170054 161987      800.1763    50      820.5641      796.8285  5467764    2.89%          x35_33 D 170054  38402     30
 170555 162455      805.1125    67      820.5641      796.8364  5484631    2.89%          x38_25 U 170555 170553     34
 171060 162916      796.8699    72      820.5641      796.8447  5501823    2.89%          x15_18 D 171060 128759     38
 171552 163366        cutoff            820.5641      796.8524  5518901    2.89%           x28_5 U 171552 171550     29
 172070 163841      801.4570    55      820.5641      796.8606  5535716    2.89%          x37_29 U 172070 172068     30
 172559 164295      807.9636    16      820.5641      796.8696  5553620    2.89%          x27_42 U 172559 172557     44
Elapsed time = 1685.74 sec. (3706187.93 ticks, tree = 602.84 MB, solutions = 1)
 173067 164777      813.2090    66      820.5641      796.8789  5571121    2.89%          x35_17 U 173067 171606     26
 173560 165240      797.1536    43      820.5641      796.8867  5588682    2.89%          x16_14 D 173560 157322     34
 174067 165716      803.7173    69      820.5641      796.8946  5605848    2.88%          x22_16 U 174067 112979     52
 174566 166186      801.0833    39      820.5641      796.9039  5623428    2.88%          x12_35 U 174566 105120     46
 175061 166633      811.1323    53      820.5641      796.9128  5640783    2.88%          x17_25 U 175061 131416     31
 175549 167069      807.4924    94      820.5641      796.9206  5658280    2.88%          x35_14 U 175549 121395     38
 176047 167543      809.5928    70      820.5641      796.9279  5675186    2.88%          x15_18 U 176047 144227     20
 176541 168014      797.0799    56      820.5641      796.9363  5692344    2.88%           x28_5 D 176541 148787     19
 177024 168467      797.9442    34      820.5641      796.9439  5708911    2.88%          x15_18 N 177024 155552     24
 177500 168893      797.1441    56      820.5641      796.9517  5726837    2.88%          x26_27 D 177500 160735     27
Elapsed time = 1755.15 sec. (3859061.10 ticks, tree = 618.93 MB, solutions = 1)
 177983 169334      797.0711    38      820.5641      796.9598  5744429    2.88%          x26_25 D 177983 138239     23
 178460 169761      812.2240    62      820.5641      796.9687  5762209    2.88%          x29_17 U 178460  41089     36
 178966 170224      800.8183    55      820.5641      796.9763  5778777    2.87%          x11_18 U 178966 178964     44
 179461 170683      815.1859    93      820.5641      796.9834  5795740    2.87%           x28_5 U 179461 137230     27
 179940 171134      814.8049    36      820.5641      796.9914  5812796    2.87%          x17_37 U 179940 173668     35
 180467 171628      807.0850    61      820.5641      796.9986  5828843    2.87%          x25_11 N 180467 180465     39
 180952 172081      797.5003    58      820.5641      797.0070  5845640    2.87%          x29_17 D 180952 180951     41
 181432 172521      797.2461    50      820.5641      797.0149  5862648    2.87%          x13_37 D 181432 140557     43
 181919 172982      797.0230    56      820.5641      797.0230  5879819    2.87%          x37_18 D 181919 140435     25
 182417 173451      809.4474    42      820.5641      797.0309  5896766    2.87%          x38_27 U 182417 141937     35
Elapsed time = 1826.50 sec. (4011890.49 ticks, tree = 635.98 MB, solutions = 1)
 182900 173898      798.2302    91      820.5641      797.0381  5913007    2.87%          x12_14 U 182900 182898     44
 183389 174345      801.9210    18      820.5641      797.0451  5929012    2.87%          x17_37 U 183389 143062     26
 183864 174779      813.1498    68      820.5641      797.0526  5946349    2.87%          x42_26 U 183864 160394     52
 184358 175236      809.0888    64      820.5641      797.0603  5963021    2.86%          x39_38 U 184358 171613     51
 184826 175684      801.1147    54      820.5641      797.0682  5980668    2.86%          x38_27 U 184826 184824     41
 185296 176124      797.3515    28      820.5641      797.0755  5996858    2.86%          x17_16 D 185296 185295     42
 185772 176561      811.7005    68      820.5641      797.0840  6013715    2.86%          x31_40 U 185772  27763     30
 186274 177016      802.1912    77      820.5641      797.0911  6029723    2.86%          x18_14 U 186274 147943     40
 186765 177486      798.2024    92      820.5641      797.0984  6045499    2.86%          x29_15 D 186765 137207     41
 187229 177910      813.6826    56      820.5641      797.1058  6062042    2.86%          x29_17 U 187229 174684     39
Elapsed time = 1895.54 sec. (4164783.81 ticks, tree = 653.29 MB, solutions = 1)
 187711 178357      797.1660    80      820.5641      797.1139  6078220    2.86%          x34_18 D 187711 187710     38
 188204 178812      810.6645    81      820.5641      797.1209  6095397    2.86%          x37_17 U 188204 188202     33
 188680 179255      807.4102    50      820.5641      797.1288  6111539    2.86%          x42_26 U 188680  35873     40
 189174 179715      801.7305    74      820.5641      797.1374  6128562    2.85%          x18_25 U 189174 105965     31
 189631 180142      812.4996    67      820.5641      797.1443  6144824    2.85%          x15_21 U 189631  61876     33
 190119 180595      798.9710    33      820.5641      797.1518  6161183    2.85%          x25_16 U 190119 190117     46
 190592 181028        cutoff            820.5641      797.1585  6177442    2.85%          x42_39 U 190592 190589     23
 191075 181477      808.6301    57      820.5641      797.1654  6192831    2.85%          x38_23 U 191075 176021     58
 191577 181948      802.6967    58      820.5641      797.1734  6208538    2.85%          x29_17 U 191577 100417     22
 192072 182419      797.7296    58      820.5641      797.1808  6224983    2.85%          x37_17 D 192072 126718     40
Elapsed time = 1964.09 sec. (4317606.98 ticks, tree = 670.15 MB, solutions = 1)
 192545 182837      802.4602    73      820.5641      797.1877  6240601    2.85%          x17_16 U 192545 123898     37
 193020 183266      797.2380    58      820.5641      797.1941  6257559    2.85%          x38_35 D 193020 140572     50
 193477 183697      817.6736    84      820.5641      797.2016  6274349    2.85%          x13_29 U 193477 182041     39
 193948 184129      797.6300    60      820.5641      797.2087  6290700    2.85%          x27_33 U 193948 193946     34
 194396 184553      812.8861    58      820.5641      797.2151  6307088    2.85%          x25_16 U 194396 194394     51
 194862 184985      798.0671    58      820.5641      797.2220  6323395    2.84%          x17_35 D 194862 194861     44
 195333 185424        cutoff            820.5641      797.2290  6339788    2.84%          x38_18 U 195333  53612     33
 195810 185856      797.2447    58      820.5641      797.2358  6355688    2.84%          x37_18 D 195810 195809     38
 196254 186249      797.4404    66      820.5641      797.2422  6371784    2.84%          x23_18 D 196254 196253     38
 196740 186702      797.5941    64      820.5641      797.2485  6388383    2.84%          x29_17 D 196740 196739     25
Elapsed time = 2031.68 sec. (4470495.78 ticks, tree = 685.65 MB, solutions = 1)
 197210 187138      797.8061    59      820.5641      797.2550  6403889    2.84%          x12_13 D 197210 197209     38
 197651 187533      817.5186    91      820.5641      797.2630  6421220    2.84%          x13_29 U 197651 154247     46
 198141 187977      805.8802    44      820.5641      797.2702  6437375    2.84%          x39_38 U 198141 198139     45
 198613 188418      806.8307    69      820.5641      797.2778  6453208    2.84%          x17_15 U 198613 198611     49
 199083 188863      814.1613    89      820.5641      797.2849  6469001    2.84%           x28_5 U 199083  83135     38
 199564 189304      809.5903    77      820.5641      797.2916  6485386    2.84%          x18_14 U 199564 199562     44
 200019 189737      818.5008    48      820.5641      797.2982  6500378    2.84%          x38_18 U 200019 164892     28
 200482 190162      798.0813   113      820.5641      797.3046  6516001    2.83%          x26_27 D 200482 115550     21
 200936 190572        cutoff            820.5641      797.3113  6532495    2.83%          x29_18 U 200936 184837     38
 201401 191003      802.9003    54      820.5641      797.3187  6547995    2.83%          x35_14 U 201401 201399     32
Elapsed time = 2099.04 sec. (4623327.18 ticks, tree = 704.62 MB, solutions = 1)
 201854 191403      816.4244    87      820.5641      797.3253  6563992    2.83%          x26_34 D 201854 140048     25
 202302 191811      797.4207    72      820.5641      797.3317  6580318    2.83%          x29_22 D 202302 180778     25
 202762 192241      798.2256    70      820.5641      797.3385  6596213    2.83%          x33_38 U 202762 202761     33
 203239 192689      800.0052    94      820.5641      797.3447  6611810    2.83%          x18_16 D 203239  49135     42
 203708 193129      800.5858    56      820.5641      797.3512  6627589    2.83%          x14_18 U 203708 187264     49
 204166 193546      816.9671    67      820.5641      797.3574  6643410    2.83%          x15_25 U 204166 197828     32
 204652 194012      798.8331    55      820.5641      797.3641  6660151    2.83%          x25_33 D 204652 100431     48
 205122 194443        cutoff            820.5641      797.3714  6676432    2.83%          x29_18 U 205122 107811     36
 205580 194873      814.7426    49      820.5641      797.3781  6692572    2.83%          x29_17 U 205580 163650     21
 206062 195326      800.8221    34      820.5641      797.3848  6707228    2.82%          x35_21 U 206062 188128     29
Elapsed time = 2166.97 sec. (4776186.65 ticks, tree = 720.44 MB, solutions = 1)
 206536 195772      799.6272    55      820.5641      797.3906  6722817    2.82%          x12_22 D 206536 206535     42
 206970 196171      797.6751    91      820.5641      797.3979  6739424    2.82%          x29_17 D 206970 206969     28
 207426 196579      797.6509    47      820.5641      797.4039  6753506    2.82%          x18_14 D 207426 207425     42
 207896 197015      798.7202    71      820.5641      797.4098  6769644    2.82%          x15_13 D 207896 151693     32
 208344 197422      801.8641    46      820.5641      797.4167  6785621    2.82%          x39_27 U 208344 108258     35
 208769 197806      797.4224    62      820.5641      797.4224  6802503    2.82%          x26_34 U 208769 184795     34
 209203 198185      798.4789    32      820.5641      797.4294  6818006    2.82%          x33_18 D 209203  14861     17
 209663 198613      808.7100    88      820.5641      797.4356  6834192    2.82%          x17_26 U 209663 111049     33
 210088 198997        cutoff            820.5641      797.4421  6849718    2.82%          x33_16 U 210088 176931     23
 210546 199426      801.1922    52      820.5641      797.4473  6864858    2.82%          x35_33 U 210546 142431     30
Elapsed time = 2236.59 sec. (4928970.21 ticks, tree = 738.88 MB, solutions = 1)
 210992 199840      797.7048    60      820.5641      797.4545  6880654    2.82%          x12_16 D 210992 188522     60
 211450 200262      797.5309    66      820.5641      797.4604  6895710    2.82%          x18_27 D 211450 211449     33
 211883 200655      805.2184    51      820.5641      797.4673  6911825    2.81%          x25_11 U 211883 138297     56
 212326 201070      813.9816    22      820.5641      797.4736  6927415    2.81%          x15_18 U 212326 156046     46
 212796 201514        cutoff            820.5641      797.4804  6942642    2.81%          x37_18 U 212796 182763     33
 213204 201902      816.3996    88      820.5641      797.4858  6958075    2.81%          x37_17 U 213204 193220     37
 213635 202292      820.5425    33      820.5641      797.4925  6973389    2.81%           x7_28 N 213635 213633     34
 214097 202729      798.0450    54      820.5641      797.4993  6988808    2.81%          x22_12 D 214097 214095     26
 214513 203108        cutoff            820.5641      797.5046  7004359    2.81%          x37_18 U 214513 190704     40
 214937 203494      806.0044    49      820.5641      797.5106  7019944    2.81%          x18_14 U 214937 180251     39
Elapsed time = 2306.91 sec. (5081788.33 ticks, tree = 757.02 MB, solutions = 1)
 215393 203904      813.2505    54      820.5641      797.5159  7035488    2.81%          x17_29 N 215393 126768     40
 215818 204288      801.4892    38      820.5641      797.5222  7051047    2.81%          x39_33 D 215818 215816     39
 216214 204648      797.7495    32      820.5641      797.5280  7067702    2.81%          x29_13 D 216214  45281     19
 216638 205042      797.5955    50      820.5641      797.5339  7083140    2.81%          x33_26 D 216638 216637     41
 217081 205443      800.5826    52      820.5641      797.5391  7098345    2.81%          x39_38 U 217081 131999     50
 217514 205850      797.9803    49      820.5641      797.5453  7113845    2.81%          x18_14 D 217514 217513     41
 217954 206252      797.5796    46      820.5641      797.5515  7129069    2.80%          x15_18 D 217954 186411     36
 218416 206678      798.7813    47      820.5641      797.5572  7143045    2.80%          x17_33 D 218416   3162     23
 218862 207091      805.8798    28      820.5641      797.5639  7158389    2.80%          x25_16 N 218862 218859     33
 219295 207484      797.6605    73      820.5641      797.5705  7174370    2.80%          x39_38 D 219295 166174     48
Elapsed time = 2375.79 sec. (5234534.08 ticks, tree = 773.74 MB, solutions = 1)
 219745 207909        cutoff            820.5641      797.5771  7190264    2.80%           x28_5 U 219745 180098     26
 220195 208311      800.2515    54      820.5641      797.5829  7205159    2.80%          x12_22 U 220195 220193     45
 220607 208697      810.4033    42      820.5641      797.5890  7220229    2.80%          x33_25 U 220607 220605     45
 221080 209134      797.6151    59      820.5641      797.5939  7234834    2.80%          x26_42 D 221080 221079     21
 221496 209519      810.7638    26      820.5641      797.5996  7250498    2.80%          x35_22 N 221496 193909     34
 221928 209899      810.4877    51      820.5641      797.6057  7265691    2.80%          x17_33 U 221928 205463     31
 222359 210308      812.2265    81      820.5641      797.6113  7280593    2.80%          x29_17 U 222359 175010     34
 222771 210690      797.7880    58      820.5641      797.6166  7295998    2.80%          x35_27 D 222771 166436     28
 223202 211061      797.7097    74      820.5641      797.6218  7311325    2.80%          x26_18 D 223202 223201     35
 223608 211440      803.7528    81      820.5641      797.6275  7326806    2.80%          x35_21 U 223608 206832     38
Elapsed time = 2444.77 sec. (5387357.86 ticks, tree = 791.75 MB, solutions = 1)
 224030 211817      807.3290    72      820.5641      797.6322  7340796    2.79%          x40_30 U 224030 145925     47
 224466 212210      816.4689    58      820.5641      797.6384  7355770    2.79%          x18_25 U 224466 190289     34
 224926 212644      803.0162    47      820.5641      797.6443  7371032    2.79%          x22_12 U 224926 224924     46
 225365 213051      810.1871    33      820.5641      797.6506  7386851    2.79%          x17_33 U 225365 225363     30
 225810 213447      797.7799    95      820.5641      797.6560  7401911    2.79%          x13_37 D 225810 225809     43
 226265 213865      815.8655    20      820.5641      797.6613  7416898    2.79%          x17_12 D 226265 226264     87
 226700 214267      798.3546    78      820.5641      797.6670  7431871    2.79%          x15_16 D 226700 226699     36
 227145 214669      810.2135    37      820.5641      797.6722  7446218    2.79%          x25_35 U 227145 227143     39
 227565 215050      814.6838    60      820.5641      797.6777  7461249    2.79%          x29_22 U 227565 227211     31
 227976 215427      797.7620    73      820.5641      797.6831  7477355    2.79%          x14_26 D 227976 227975     36
Elapsed time = 2513.52 sec. (5540202.86 ticks, tree = 807.04 MB, solutions = 1)
 228431 215858      800.9552    39      820.5641      797.6884  7491370    2.79%          x23_25 D 228431 228430     53
 228868 216252      802.4623    36      820.5641      797.6933  7505627    2.79%          x37_17 U 228868 172037     15
 229301 216647      802.0469    60      820.5641      797.6991  7521404    2.79%          x42_39 D 229301 197621     34
 229765 217069      798.1930    59      820.5641      797.7045  7536039    2.79%          x17_33 D 229765 229764     30
 230190 217454      804.7596    58      820.5641      797.7102  7551005    2.79%          x12_18 U 230190 140986     51
 230611 217833      811.4150    65      820.5641      797.7158  7566327    2.78%          x17_26 U 230611 175001     40
 231041 218224      807.3265    83      820.5641      797.7216  7582133    2.78%           x2_27 U 231041 204776     27
 231504 218619      815.7632    94      820.5641      797.7256  7595559    2.78%          x25_17 U 231504 159437     14
 231927 219020        cutoff            820.5641      797.7311  7610781    2.78%          x17_33 U 231927 161368     36
 232373 219434      798.7026    45      820.5641      797.7369  7625500    2.78%          x38_25 U 232373 198641     50
Elapsed time = 2584.37 sec. (5693019.50 ticks, tree = 823.87 MB, solutions = 1)
 232789 219813      797.8084    55      820.5641      797.7421  7640605    2.78%          x29_18 D 232789 138860     51
 233221 220205      806.5868    33      820.5641      797.7476  7655759    2.78%          x34_27 U 233221 223635     42
 233672 220622      809.8299    69      820.5641      797.7530  7670314    2.78%          x26_27 U 233672 219196     25
 234093 221006      798.0632    60      820.5641      797.7580  7684595    2.78%          x38_35 D 234093 198503     41
 234540 221418      800.3646    38      820.5641      797.7630  7699485    2.78%          x39_38 D 234540 194152     22
 234925 221759        cutoff            820.5641      797.7680  7714665    2.78%          x18_33 U 234925 129554     25
 235370 222169      805.7901    32      820.5641      797.7738  7729463    2.78%          x39_42 U 235370 196335     30
 235782 222541      797.8659    57      820.5641      797.7793  7744341    2.78%          x37_18 D 235782 235780     48
 236217 222923      811.2843    70      820.5641      797.7843  7758593    2.78%          x13_37 U 236217 236215     43
 236659 223342      797.9864    70      820.5641      797.7891  7773301    2.78%          x13_37 D 236659 236658     60
Elapsed time = 2653.73 sec. (5845794.42 ticks, tree = 840.89 MB, solutions = 1)
 237078 223733      798.0584    53      820.5641      797.7950  7788474    2.77%          x18_22 D 237078 195752     39
 237490 224104      797.8153    76      820.5641      797.8006  7803892    2.77%          x13_18 D 237490 218193     35
 237915 224489      798.6644    30      820.5641      797.8059  7818708    2.77%          x13_17 U 237915 188006     22
 238375 224911      803.9989    67      820.5641      797.8117  7833225    2.77%           x27_2 U 238375 214715     55
 238798 225306      813.0676    83      820.5641      797.8177  7848074    2.77%          x17_25 U 238798 232890     10
 239237 225722      806.4453    48      820.5641      797.8227  7862893    2.77%          x22_16 U 239237 239235     39
 239661 226111      804.2698    57      820.5641      797.8280  7878154    2.77%          x27_26 U 239661 206338     18
 240093 226498      807.7354    57      820.5641      797.8335  7892075    2.77%          x34_27 U 240093 167968     52
 240494 226873      810.6638    40      820.5641      797.8389  7907388    2.77%          x17_25 U 240494 215769     29
 240939 227288      813.5450    50      820.5641      797.8437  7921656    2.77%          x17_29 U 240939 216029     40
Elapsed time = 2723.82 sec. (5998679.78 ticks, tree = 859.23 MB, solutions = 1)
 241342 227657      819.4441    46      820.5641      797.8492  7936796    2.77%          x37_17 U 241342 241340     50
 241754 228018      801.8832    41      820.5641      797.8539  7952161    2.77%          x18_12 U 241754 241752     46
 242149 228368      810.5064    60      820.5641      797.8590  7967367    2.77%          x27_26 U 242149 242146     43
 242571 228753        cutoff            820.5641      797.8636  7980515    2.77%          x26_18 U 242571 171292     45
 242990 229126      798.1915    46      820.5641      797.8690  7994978    2.77%          x17_15 D 242990 213308     42
 243413 229505      813.1539    44      820.5641      797.8736  8009870    2.77%          x39_38 U 243413 243411     58
 243840 229907      816.7017    68      820.5641      797.8794  8024758    2.76%          x13_29 U 243840 126960     44
 244269 230302      798.0621    55      820.5641      797.8851  8039802    2.76%          x17_25 D 244269 149286     24
 244688 230684      807.1285    63      820.5641      797.8898  8054771    2.76%          x26_39 U 244688 147122     47
 245108 231086      804.8004    20      820.5641      797.8949  8069924    2.76%          x15_18 U 245108 213945     21
Elapsed time = 2795.10 sec. (6151614.66 ticks, tree = 872.53 MB, solutions = 1)
 245551 231482      798.1381    57      820.5641      797.8997  8084468    2.76%          x11_18 D 245551 245550     36
 245974 231878      798.6686    25      820.5641      797.9050  8098593    2.76%          x39_42 D 245974 147275     42
 246400 232269      797.9621    60      820.5641      797.9099  8112536    2.76%          x13_29 D 246400 221648     47
 246804 232623      809.0037    62      820.5641      797.9152  8126853    2.76%          x12_18 U 246804 245269     48
 247194 232975      817.2240    67      820.5641      797.9205  8142267    2.76%          x39_35 U 247194 168732     49
 247601 233342      798.3474    66      820.5641      797.9261  8156949    2.76%          x12_16 D 247601 247600     49
 247988 233687      798.1517    45      820.5641      797.9315  8172227    2.76%          x29_22 D 247988 205815     32
 248403 234076      801.5021    49      820.5641      797.9364  8186420    2.76%          x25_14 U 248403 248401     40
 248843 234471      803.5006    74      820.5641      797.9420  8200291    2.76%          x12_16 U 248843 248841     48
 249257 234862        cutoff            820.5641      797.9466  8215038    2.76%          x18_17 U 249257 236636     25
Elapsed time = 2864.90 sec. (6304906.22 ticks, tree = 889.03 MB, solutions = 1)
 249675 235236      799.4965    48      820.5641      797.9519  8229491    2.76%          x33_39 U 249675 135633     28
 250090 235610      798.1114    97      820.5641      797.9573  8243931    2.76%          x17_25 D 250090 229780     28
 250503 235982      808.5275    34      820.5641      797.9629  8259368    2.75%          x15_25 U 250503 250501     37
 250911 236360      814.4230    41      820.5641      797.9680  8274464    2.75%          x33_38 N 250911 250909     48
 251331 236745      815.5047    50      820.5641      797.9731  8288614    2.75%          x13_29 U 251331 170791     45
 251730 237101      797.9781    78      820.5641      797.9782  8303693    2.75%          x17_33 D 251730 217882     38
 252139 237470      815.1463    56      820.5641      797.9838  8318800    2.75%          x13_29 U 252139 233693     50
 252540 237835      798.5383    87      820.5641      797.9878  8332589    2.75%          x27_42 U 252540 187062     34
 252948 238217      801.1454    82      820.5641      797.9929  8347969    2.75%          x18_17 U 252948 252946     32
 253365 238594      803.9421    60      820.5641      797.9975  8362365    2.75%          x17_12 U 253365 198272     37
Elapsed time = 2935.02 sec. (6457752.29 ticks, tree = 906.47 MB, solutions = 1)
 253757 238954      802.2175    68      820.5641      798.0029  8376488    2.75%          x39_38 D 253757 253756     44
 254177 239335      798.1773    70      820.5641      798.0083  8390641    2.75%          x14_18 D 254177 254176     62
 254576 239697      803.5304    58      820.5641      798.0136  8405105    2.75%          x25_16 D 254576 254575     34
 255002 240094      802.0815    30      820.5641      798.0179  8418803    2.75%          x23_38 U 255002 254406     37
 255408 240476      801.7290    71      820.5641      798.0233  8432911    2.75%          x23_38 U 255408  24948     40
 255812 240850      820.0941    34      820.5641      798.0279  8447286    2.75%          x23_18 U 255812 247411     45
 256218 241225      819.5401    26      820.5641      798.0332  8461576    2.75%          x17_33 U 256218 248664     41
 256632 241600      801.9623    53      820.5641      798.0378  8475702    2.75%          x16_18 U 256632 210367     49
 257036 241979      801.6846    57      820.5641      798.0425  8489891    2.74%          x42_26 U 257036 257034     23
 257451 242351      807.7535    41      820.5641      798.0470  8504424    2.74%          x22_18 U 257451 257449     30
Elapsed time = 3003.24 sec. (6610574.77 ticks, tree = 923.24 MB, solutions = 1)
 257839 242709      800.2294    59      820.5641      798.0514  8518646    2.74%          x26_39 U 257839 159974     29
 258276 243087        cutoff            820.5641      798.0551  8532083    2.74%          x29_13 U 258276 241407     39
 258691 243463      798.2610    66      820.5641      798.0594  8546421    2.74%          x29_17 D 258691 258690     21
 259089 243827      810.8300    50      820.5641      798.0641  8560891    2.74%          x37_17 U 259089 221518     32
 259487 244199      798.3686   106      820.5641      798.0686  8574516    2.74%          x26_18 D 259487 179494     18
 259877 244539        cutoff            820.5641      798.0734  8588549    2.74%          x23_18 U 259877 259875     43
 260279 244915      802.0870    72      820.5641      798.0782  8603236    2.74%          x13_17 U 260279 260277     42
 260691 245288      813.8921    41      820.5641      798.0821  8617695    2.74%          x29_13 U 260691 137355     26
 261080 245637      816.3104    43      820.5641      798.0864  8631731    2.74%          x29_22 U 261080 219050     37
 261460 245969      798.4039    66      820.5641      798.0913  8645829    2.74%          x17_37 D 261460 201355     25
Elapsed time = 3071.43 sec. (6763431.16 ticks, tree = 939.52 MB, solutions = 1)
 261882 246355      813.3997    51      820.5641      798.0949  8659988    2.74%          x38_17 U 261882 261880     37
 262269 246717      798.1703    45      820.5641      798.0999  8674287    2.74%          x17_37 D 262269 262268     31
 262639 247048      798.4547    63      820.5641      798.1043  8687931    2.74%          x26_33 D 262639  53859     32
 263070 247446      820.1900    50      820.5641      798.1087  8701586    2.74%          x29_22 U 263070 194318     36
 263459 247804      808.9882    89      820.5641      798.1135  8716633    2.74%           x28_5 U 263459  66595     14
 263860 248154      800.1097    20      820.5641      798.1182  8729811    2.74%          x18_14 U 263860 214449     49
 264322 248579      810.5529    91      820.5641      798.1225  8743326    2.73%           x2_39 U 264322  26101     31
 264746 248958      801.1074    64      820.5641      798.1270  8756748    2.73%          x16_18 U 264746 264745     28
 265140 249315      798.2058    91      820.5641      798.1315  8770195    2.73%          x17_37 D 265140 265139     33
 265545 249686      801.4238    55      820.5641      798.1362  8783577    2.73%          x12_17 D 265545 265544     38
Elapsed time = 3139.52 sec. (6916227.80 ticks, tree = 953.63 MB, solutions = 1)
 265921 250022      798.4678    57      820.5641      798.1411  8797127    2.73%          x25_14 D 265921 265920     55
 266320 250387      798.7197    28      820.5641      798.1455  8810734    2.73%          x15_13 D 266320 233887     21
 266720 250741      805.4386    85      820.5641      798.1494  8824362    2.73%          x38_27 U 266720 258695     46
 267127 251110      798.1880    56      820.5641      798.1549  8838582    2.73%          x35_17 D 267127 206649     41
 267515 251465      800.2056    26      820.5641      798.1596  8852329    2.73%          x18_16 U 267515  73280     36
 267916 251838      811.5114    46      820.5641      798.1648  8866212    2.73%          x15_25 U 267916 267914     46
 268318 252191        cutoff            820.5641      798.1686  8878282    2.73%          x29_18 U 268318 206655     41
 268722 252560      799.6842    30      820.5641      798.1728  8891758    2.73%          x12_16 U 268722 268720     36
 269079 252879      817.8921    45      820.5641      798.1770  8906297    2.73%          x13_37 U 269079 145509     36
 269466 253238      799.7381    69      820.5641      798.1817  8919352    2.73%          x39_38 D 269466 190085     32
Elapsed time = 3210.24 sec. (7069121.11 ticks, tree = 969.72 MB, solutions = 1)
 269870 253598      798.2435    65      820.5641      798.1861  8933443    2.73%          x39_34 D 269870 248814     32
 270254 253955      801.1183    59      820.5641      798.1905  8946727    2.73%          x26_27 U 270254  68352     17
 270649 254319      808.8809    40      820.5641      798.1946  8961145    2.73%          x12_14 D 270649 270648     41
 271042 254675      809.6459    38      820.5641      798.1989  8974363    2.73%          x26_42 U 271042 232018     25
 271449 255037      805.0675    38      820.5641      798.2039  8987539    2.72%          x34_27 U 271449 271447     20
 271820 255382      803.4191    43      820.5641      798.2087  9001066    2.72%          x29_15 U 271820 148393     49
 272193 255735      808.9192    66      820.5641      798.2123  9014571    2.72%          x26_39 U 272193 208309     35
 272599 256095      814.3537    35      820.5641      798.2169  9028417    2.72%          x17_37 U 272599 263211     44
 272964 256412      812.7456    35      820.5641      798.2211  9042432    2.72%          x13_29 U 272964  81181     34
 273370 256779      798.5257    52      820.5641      798.2253  9056479    2.72%          x26_38 D 273370 273369     47
Elapsed time = 3281.72 sec. (7221987.49 ticks, tree = 986.07 MB, solutions = 1)
 273772 257141      806.6658    69      820.5641      798.2296  9070787    2.72%          x26_42 U 273772 273770     17
 274180 257511      798.4922    66      820.5641      798.2339  9083836    2.72%          x40_45 D 274180  20790     21
 274593 257894      818.1767    61      820.5641      798.2386  9097835    2.72%          x33_39 D 274593 274592     52
 274980 258229        cutoff            820.5641      798.2428  9111895    2.72%          x38_16 U 274980 226949     62
 275350 258549      798.9671    59      820.5641      798.2475  9125876    2.72%          x17_35 U 275350 135964     59
 275742 258902      819.3985    50      820.5641      798.2516  9139289    2.72%          x21_18 U 275742 244200     45
 276130 259262      798.4997    88      820.5641      798.2561  9152919    2.72%          x17_37 D 276130 173996     40
 276532 259621      799.1956    53      820.5641      798.2598  9166656    2.72%          x33_39 U 276532  72270     31
 276924 259982      802.1929    42      820.5641      798.2643  9180014    2.72%          x13_22 U 276924 216981     44
 277325 260335      798.8787   106      820.5641      798.2688  9194087    2.72%          x16_35 D 277325 163036     13
Elapsed time = 3357.90 sec. (7374791.56 ticks, tree = 1001.76 MB, solutions = 1)
 277700 260675      798.2822    72      820.5641      798.2729  9207873    2.72%           x27_2 D 277700 244407     44
 278091 261028      810.4249    67      820.5641      798.2771  9221466    2.72%          x29_17 N 278091 177855     26
 278467 261379      801.2297    81      820.5641      798.2822  9235232    2.72%          x15_17 D 278467 278465     33
 278827 261701      800.3794    60      820.5641      798.2866  9250008    2.71%          x18_14 U 278827 204213     57
 279196 262036      806.1631    43      820.5641      798.2907  9264356    2.71%          x12_18 U 279196 172293     55
 279600 262401      798.2959    65      820.5641      798.2951  9277296    2.71%          x23_38 D 279600 279599     45
 279990 262760      798.2995    92      820.5641      798.2996  9291175    2.71%          x38_18 D 279990 240888     36
 280360 263092      801.5537    65      820.5641      798.3035  9304607    2.71%          x34_42 U 280360 280359     30
 280739 263446      818.5813    44      820.5641      798.3086  9318489    2.71%          x26_42 N 280739 247628     42
 281121 263780      805.4558    54      820.5641      798.3132  9331684    2.71%          x35_22 N 281121 281119     30
Elapsed time = 3433.53 sec. (7527717.61 ticks, tree = 1017.80 MB, solutions = 1)
 281509 264131      799.5515    61      820.5641      798.3177  9345332    2.71%          x38_35 D 281509 230198     28
 281897 264485      807.6618    51      820.5641      798.3218  9358449    2.71%          x17_14 U 281897 223962     42
 282269 264825      809.0418    90      820.5641      798.3253  9371700    2.71%          x26_18 U 282269 165690     16
 282667 265191        cutoff            820.5641      798.3300  9384775    2.71%          x13_29 U 282667 220355     52
 283046 265531      798.5372    76      820.5641      798.3340  9398788    2.71%          x37_17 D 283046 255392     43
 283460 265903      799.2924    55      820.5641      798.3381  9411597    2.71%          x12_18 D 283460 283459     33
 283839 266253      819.8195    30      820.5641      798.3417  9424322    2.71%          x38_18 U 283839 232179     39
 284223 266583      800.2429    56      820.5641      798.3461  9437854    2.71%          x16_18 U 284223 252907     45
 284597 266908      813.9209    62      820.5641      798.3503  9452220    2.71%          x29_17 U 284597 273077     25
 284987 267242      798.3736    83      820.5641      798.3544  9465579    2.71%          x29_13 D 284987 204000     30
Elapsed time = 3508.72 sec. (7680561.37 ticks, tree = 1035.48 MB, solutions = 1)
 285372 267597        cutoff            820.5641      798.3584  9478820    2.71%          x17_33 U 285372 285370     30
 285771 267968      820.0902    36      820.5641      798.3625  9492001    2.71%          x33_16 U 285771 227982     52
 286174 268333      803.5477    62      820.5641      798.3666  9505665    2.71%          x42_39 D 286174 286172     46
 286563 268685      800.9993    67      820.5641      798.3702  9518641    2.70%          x13_15 D 286563 286561     40
 286950 269040      804.7222    76      820.5641      798.3740  9532276    2.70%          x12_13 U 286950 286948     29
 287320 269369      798.5318    73      820.5641      798.3783  9546174    2.70%          x17_37 D 287320 287319     35
 287685 269708      814.8977    32      820.5641      798.3830  9560729    2.70%          x13_25 U 287685 260088     34
 288060 270049      798.4206    68      820.5641      798.3870  9573429    2.70%          x29_15 D 288060 288059     35
 288468 270426      798.6542    83      820.5641      798.3915  9586898    2.70%          x13_17 U 288468 288466     37
 288837 270755      810.0510    55      820.5641      798.3952  9600040    2.70%          x15_18 U 288837  46542     29
Elapsed time = 3582.14 sec. (7833397.49 ticks, tree = 1050.18 MB, solutions = 1)
 289193 271070      806.4999    56      820.5641      798.4000  9614493    2.70%          x12_18 U 289193 289191     47
 289572 271408      801.8554    69      820.5641      798.4043  9627911    2.70%          x12_18 U 289572 264759     32
 289930 271715      802.1102    52      820.5641      798.4088  9641839    2.70%          x26_25 U 289930 289928     26
 290329 272086      798.4975    71      820.5641      798.4139  9654844    2.70%          x35_14 D 290329 208578     42
 290703 272424      807.8632    46      820.5641      798.4183  9667787    2.70%          x17_18 U 290703 121225     47
 291115 272810      799.2452    67      820.5641      798.4221  9680803    2.70%          x38_25 D 291115 246192     50
 291482 273154      798.5887    59      820.5641      798.4265  9694339    2.70%          x29_13 D 291482 261477     18
 291864 273492        cutoff            820.5641      798.4305  9706939    2.70%          x13_29 U 291864 241341     51
 292232 273825      814.1991    32      820.5641      798.4346  9720714    2.70%          x13_25 U 292232 256167     31
 292611 274147      798.8237    92      820.5641      798.4381  9733784    2.70%           x28_5 D 292611  79119     16
Elapsed time = 3656.13 sec. (7986133.00 ticks, tree = 1068.94 MB, solutions = 1)
 293000 274515      807.3435    57      820.5641      798.4424  9747692    2.70%          x33_27 U 293000 292998     42
 293401 274872      802.0587    60      820.5641      798.4463  9760792    2.70%          x15_17 D 293401 199259     52
 293783 275210      799.0688    93      820.5641      798.4501  9774134    2.69%          x13_25 D 293783 293782     38
 294151 275536      805.7658    52      820.5641      798.4541  9787482    2.69%          x35_17 U 294151 200582     39
 294538 275894      819.9538    84      820.5641      798.4584  9800508    2.69%          x18_33 U 294538 273541     32
 294941 276250      798.5616    56      820.5641      798.4622  9813315    2.69%          x33_27 D 294941 294940     40
 295341 276618      816.6631    68      820.5641      798.4665  9826706    2.69%          x29_22 U 295341 288134     36
 295738 276987      809.1906    46      820.5641      798.4705  9839770    2.69%          x37_25 U 295738 286738     62
 296091 277317      804.4109    22      820.5641      798.4742  9853573    2.69%          x23_38 U 296091 274255     27
 296473 277683      805.3497    53      820.5641      798.4778  9866598    2.69%          x11_13 U 296473  90613     26
Elapsed time = 3730.12 sec. (8139098.86 ticks, tree = 1082.56 MB, solutions = 1)
 296840 278020      798.5761    47      820.5641      798.4821  9879869    2.69%          x16_33 D 296840  83322     48
 297202 278349      813.7403    36      820.5641      798.4862  9894148    2.69%          x38_17 U 297202 233966     22
 297580 278685      798.9363    65      820.5641      798.4901  9907597    2.69%          x29_17 D 297580 256764     24
 297965 279032      805.7082    47      820.5641      798.4941  9921273    2.69%          x29_16 U 297965 267565     35
 298332 279338      816.9146    38      820.5641      798.4974  9934918    2.69%          x25_18 U 298332 175434     32
 298728 279706      798.6138    59      820.5641      798.5009  9947747    2.69%          x13_18 D 298728 229602     36
 299142 280093      804.9073    73      820.5641      798.5048  9960144    2.69%          x15_18 U 299142 253091     22
 299507 280418      806.6256    57      820.5641      798.5085  9973845    2.69%          x22_33 U 299507 223855     61
 299868 280751        cutoff            820.5641      798.5130  9987589    2.69%          x38_18 U 299868 250894     39
 300223 281077      814.9853    38      820.5641      798.5163 10000527    2.69%          x13_37 N 300223 249899     55
Elapsed time = 3804.98 sec. (8291961.84 ticks, tree = 1097.11 MB, solutions = 1)
 300632 281444      807.9545    97      820.5641      798.5198 10012915    2.69%          x26_27 U 300632 300630     36
 301014 281786      813.8802    65      820.5641      798.5235 10026423    2.69%          x17_16 N 301014 268921     67
 301367 282102      798.6563    92      820.5641      798.5274 10039418    2.69%          x13_37 D 301367 248754     57
 301752 282463        cutoff            820.5641      798.5313 10052064    2.69%          x18_37 U 301752 218080     47
 302106 282759      810.0493    65      820.5641      798.5343 10064409    2.68%          x14_18 U 302106 273381     60
 302463 283077      810.3044    34      820.5641      798.5378 10077616    2.68%          x25_18 U 302463  44605     25
 302817 283400      803.2581    99      820.5641      798.5412 10090640    2.68%          x27_35 N 302817 302815     37
 303183 283726      814.2121    82      820.5641      798.5449 10103137    2.68%          x41_45 U 303183 286750     53
 303560 284070      810.4528    46      820.5641      798.5485 10116062    2.68%          x38_27 U 303560 300837     51
 303954 284437      806.4494    63      820.5641      798.5523 10128584    2.68%          x12_11 U 303954 164675     31
Elapsed time = 3878.47 sec. (8444968.31 ticks, tree = 1109.74 MB, solutions = 1)
 304304 284756      808.9370    56      820.5641      798.5561 10141725    2.68%          x40_30 U 304304 208721     29
 304684 285103      813.2741    39      820.5641      798.5595 10155053    2.68%          x25_18 U 304684 263836     26
 305075 285457        cutoff            820.5641      798.5635 10167992    2.68%          x29_17 U 305075 262289     47
 305436 285776      807.3471    28      820.5641      798.5673 10181352    2.68%          x36_28 U 305436 278824     29
 305801 286106        cutoff            820.5641      798.5705 10193656    2.68%          x29_22 U 305801 260256     34
 306162 286415      803.0327    74      820.5641      798.5739 10206441    2.68%          x25_37 U 306162 306160     64
 306523 286742      812.7568    73      820.5641      798.5777 10219911    2.68%          x29_15 U 306523 306521     50
 306871 287053      811.1983    50      820.5641      798.5810 10232601    2.68%          x33_25 U 306871 280186     39
 307206 287352      811.5442    56      820.5641      798.5846 10245356    2.68%          x25_16 U 307206 307204     40
 307579 287679        cutoff            820.5641      798.5884 10258907    2.68%           x9_27 U 307579 282724     61
Elapsed time = 3952.62 sec. (8597843.59 ticks, tree = 1123.91 MB, solutions = 1)
 307947 288017      806.2433    55      820.5641      798.5923 10271879    2.68%          x15_17 U 307947 279045     56
 308293 288320      814.1328    54      820.5641      798.5959 10285334    2.68%          x22_37 U 308293 236175     55
 308640 288626      802.3251    53      820.5641      798.5996 10298911    2.68%          x15_13 U 308640 308638     28
 309005 288961      818.2459    30      820.5641      798.6031 10311626    2.68%           x7_10 U 309005 309003     87
 309404 289313      799.6697    67      820.5641      798.6070 10324262    2.68%          x25_11 D 309404 234286     51
 309780 289668      799.4603    37      820.5641      798.6106 10337244    2.68%          x23_38 D 309780  83715     32
 310143 289986      798.6227    61      820.5641      798.6141 10350346    2.67%          x35_16 D 310143 233421     20
 310532 290349      809.7861    63      820.5641      798.6179 10362848    2.67%          x26_39 U 310532 279653     37
 310876 290651      798.7654    78      820.5641      798.6218 10376808    2.67%          x11_35 D 310876 310875     44
 311262 291004        cutoff            820.5641      798.6255 10390319    2.67%          x35_42 U 311262 311260     50
Elapsed time = 4027.10 sec. (8750761.11 ticks, tree = 1141.18 MB, solutions = 1)
 311630 291339      803.2632    62      820.5641      798.6292 10402972    2.67%          x13_12 U 311630 311628     40
 311986 291665      808.0115    66      820.5641      798.6328 10416410    2.67%          x12_18 U 311986 311984     46
 312352 291975      812.4228    62      820.5641      798.6364 10429039    2.67%          x16_35 U 312352 121425     20
 312723 292319      808.9956    57      820.5641      798.6400 10441458    2.67%          x35_12 U 312723 312721     32
 313092 292639      809.3497    41      820.5641      798.6435 10454188    2.67%          x40_30 U 313092 303589     29
 313445 292966      799.2705    71      820.5641      798.6472 10466872    2.67%          x42_39 U 313445 313444     35
 313811 293283      800.8837    50      820.5641      798.6504 10479696    2.67%          x42_26 D 313811 266030     36
 314165 293612        cutoff            820.5641      798.6537 10492185    2.67%          x29_18 U 314165 291350     29
 314530 293931      799.2089    77      820.5641      798.6573 10505470    2.67%          x33_39 D 314530 314529     58
 314892 294267      801.6580    82      820.5641      798.6607 10518524    2.67%          x33_25 U 314892 314890     47
Elapsed time = 4100.73 sec. (8903701.73 ticks, tree = 1153.45 MB, solutions = 1)
 315247 294584      799.9949    34      820.5641      798.6640 10531989    2.67%          x39_33 U 315247 259047     45
 315604 294896      799.6119    54      820.5641      798.6674 10543808    2.67%          x33_25 D 315604 315603     52
 315970 295224      806.9592    36      820.5641      798.6710 10557013    2.67%          x38_16 U 315970 217205     27
 316355 295571      819.3778    61      820.5641      798.6746 10569052    2.67%          x26_42 U 316355 203974     41
 316724 295901      812.0310    34      820.5641      798.6787 10582122    2.67%          x22_37 U 316724 260536     44
 317073 296220      819.8556    84      820.5641      798.6822 10595421    2.67%          x29_13 U 317073 181244     17
 317440 296551      798.7570   105      820.5641      798.6856 10608340    2.67%          x13_25 D 317440 317439     41
 317792 296858      808.5205    78      820.5641      798.6893 10622111    2.67%          x17_16 U 317792 317790     45
 318138 297175      811.6898    65      820.5641      798.6931 10635528    2.67%          x40_45 U 318138 237111     43
 318500 297490      807.7813    66      820.5641      798.6966 10647827    2.66%          x25_16 U 318500 153734     29
Elapsed time = 4173.66 sec. (9056470.60 ticks, tree = 1169.60 MB, solutions = 1)
 318861 297833      818.1953    42      820.5641      798.6996 10661027    2.66%          x37_17 U 318861 250493     44
 319230 298175      807.8659    62      820.5641      798.7034 10674131    2.66%          x38_27 U 319230 319228     57
 319604 298531      815.6095    63      820.5641      798.7064 10687029    2.66%          x36_28 U 319604 185722     30
 319970 298853      799.3536    44      820.5641      798.7102 10699457    2.66%          x13_37 U 319970 248134     38
 320347 299183      798.7245    74      820.5641      798.7137 10712594    2.66%          x15_25 D 320347 256806     34
 320700 299500      818.2971    37      820.5641      798.7173 10725213    2.66%          x39_27 N 320700 320699     41
 321069 299833      803.5346    64      820.5641      798.7209 10738095    2.66%          x12_17 U 321069 249669     32
 321452 300183      800.3811    30      820.5641      798.7242 10750377    2.66%          x17_35 D 321452 321451     27
 321812 300506      798.9035    66      820.5641      798.7271 10762805    2.66%          x13_37 D 321812 289648     44
 322162 300838      820.2753    61      820.5641      798.7307 10775561    2.66%          x29_22 U 322162 308608     60
Elapsed time = 4246.15 sec. (9209428.73 ticks, tree = 1183.27 MB, solutions = 1)
 322511 301149        cutoff            820.5641      798.7346 10788982    2.66%          x37_18 U 322511 150759     33
 322870 301471      798.8339    34      820.5641      798.7385 10801704    2.66%          x36_28 D 322870 322869     46
 323218 301780      803.6819    69      820.5641      798.7420 10815184    2.66%          x35_21 U 323218 323216     48
 323581 302110      816.8463    63      820.5641      798.7455 10828289    2.66%          x37_17 U 323581 316196     40
 323968 302478      799.4207    79      820.5641      798.7491 10840992    2.66%          x42_34 U 323968 323967     31
 324330 302818      798.8732    66      820.5641      798.7521 10854240    2.66%          x27_26 D 324330 283001     35
 324668 303117      808.4934    43      820.5641      798.7550 10866600    2.66%          x22_25 U 324668 324666     38
 325028 303453      804.6160    61      820.5641      798.7587 10879522    2.66%          x13_17 D 325028  14278     29
 325362 303753      811.0683    96      820.5641      798.7619 10892789    2.66%          x40_45 U 325362 324149     39
 325698 304056      799.7072    84      820.5641      798.7652 10905260    2.66%          x39_38 D 325698 325697     24
Elapsed time = 4320.32 sec. (9362356.18 ticks, tree = 1198.17 MB, solutions = 1)
 326064 304385      798.8920    59      820.5641      798.7685 10916875    2.66%          x13_25 D 326064 264437     32
 326410 304701      801.2093    60      820.5641      798.7721 10930333    2.66%          x17_18 U 326410 326408     29
 326780 305040      798.7758    65      820.5641      798.7759 10943055    2.66%          x11_35 D 326780 251922     44
 327141 305359      805.7736   106      820.5641      798.7796 10956572    2.65%           x2_39 U 327141 327139     35
 327501 305688      812.2831    28      820.5641      798.7829 10969296    2.65%          x15_25 U 327501 240913     37
 327858 305998      799.9249    35      820.5641      798.7863 10981735    2.65%          x16_18 D 327858 253474     42
 328198 306298      800.3359    50      820.5641      798.7903 10995517    2.65%          x21_18 U 328198 328196     53
 328550 306616      819.8954    54      820.5641      798.7933 11008612    2.65%          x17_29 U 328550 294618     56
 328877 306904      813.8109    55      820.5641      798.7970 11022045    2.65%           x19_5 U 328877 328875     31
 329218 307207      798.8011   104      820.5641      798.8011 11035258    2.65%          x38_27 N 329218 170424     44
Elapsed time = 4397.69 sec. (9515236.44 ticks, tree = 1214.02 MB, solutions = 1)
 329567 307534      806.4079    75      820.5641      798.8048 11048136    2.65%          x35_14 U 329567 135172     43
 329903 307814      811.0843    68      820.5641      798.8081 11060820    2.65%          x37_17 U 329903 259515     50
 330234 308105        cutoff            820.5641      798.8121 11074209    2.65%          x25_18 U 330234  36412     21
 330584 308418      801.9904    62      820.5641      798.8156 11086560    2.65%          x15_17 U 330584 277803     40
 330909 308692      814.5759    44      820.5641      798.8188 11099835    2.65%           x28_5 U 330909 134014     29
 331235 308982      805.0845    83      820.5641      798.8225 11112645    2.65%          x27_35 U 331235 331233     28
 331568 309272      807.5288    58      820.5641      798.8258 11125325    2.65%          x34_27 U 331568  20327     34
 331932 309599      799.1292    77      820.5641      798.8289 11138217    2.65%          x29_22 D 331932 331931     52
 332270 309905      798.8394    20      820.5641      798.8327 11151305    2.65%          x26_42 D 332270 292611     17
 332631 310236      800.8768    34      820.5641      798.8363 11164411    2.65%          x35_42 D 332631 332629     31
Elapsed time = 4471.75 sec. (9668023.48 ticks, tree = 1228.82 MB, solutions = 1)
 332982 310558        cutoff            820.5641      798.8397 11177388    2.65%          x16_27 U 332982 332980     69
 333322 310846      817.9638    71      820.5641      798.8431 11190395    2.65%          x18_13 U 333322 265589     41
 333672 311153      816.6048    45      820.5641      798.8460 11202251    2.65%          x13_29 U 333672 235618     42
 334014 311461      798.9807    59      820.5641      798.8497 11215285    2.65%          x29_17 D 334014 334013     51
 334369 311786      809.5817    45      820.5641      798.8532 11227892    2.65%          x17_18 U 334369 334367     24
 334725 312103        cutoff            820.5641      798.8566 11240429    2.65%          x29_22 U 334725 285392     36
 335087 312422      799.2026    64      820.5641      798.8595 11253171    2.65%          x12_17 D 335087 175515     45
 335432 312745      798.9403    63      820.5641      798.8627 11266315    2.64%          x25_18 D 335432 295529     22
 335791 313056        cutoff            820.5641      798.8656 11276852    2.64%          x29_18 U 335791 323991     36
 336157 313385      813.8992    48      820.5641      798.8692 11289041    2.64%          x22_37 U 336157 205203     48
Elapsed time = 4543.44 sec. (9820895.59 ticks, tree = 1242.15 MB, solutions = 1)
 336528 313728      806.3498    54      820.5641      798.8727 11301705    2.64%          x22_15 U 336528 291327     44
 336886 314062      806.0504    71      820.5641      798.8761 11313814    2.64%          x25_16 U 336886 306123     53
 337219 314381      810.6224    81      820.5641      798.8790 11326104    2.64%          x40_45 U 337219 336251     48
 337564 314682      812.3968    53      820.5641      798.8821 11339045    2.64%          x17_25 U 337564 255046     25
 337882 314968      806.6182    67      820.5641      798.8857 11352489    2.64%          x37_17 U 337882 309706     46
 338235 315281      810.1154    39      820.5641      798.8892 11364901    2.64%           x27_6 U 338235 324922     41
 338597 315603      802.0294    74      820.5641      798.8922 11377674    2.64%          x11_21 U 338597 338595     40
 338983 315979      806.2565    40      820.5641      798.8948 11390216    2.64%          x11_18 U 338983 313620     38
 339334 316293      808.4520    70      820.5641      798.8984 11402229    2.64%          x37_17 U 339334 339332     26
 339694 316627      803.2134    66      820.5641      798.9013 11414363    2.64%          x15_13 U 339694 267505     26
Elapsed time = 4614.73 sec. (9973787.01 ticks, tree = 1256.98 MB, solutions = 1)
 340051 316938      816.2951    44      820.5641      798.9047 11427026    2.64%          x29_22 U 340051 321890     42
 340410 317261      799.1690    99      820.5641      798.9079 11439436    2.64%          x26_18 D 340410 340409     53
 340777 317582      799.5152    51      820.5641      798.9114 11452021    2.64%          x22_21 D 340777 293182     54
 341130 317905      804.7298    63      820.5641      798.9152 11464388    2.64%          x37_17 D 341130 341128     23
 341486 318231      798.9183    47      820.5641      798.9184 11476958    2.64%           x2_39 D 341486 309867     39
 341854 318579      816.4692    67      820.5641      798.9217 11489433    2.64%          x37_17 N 341854 288342     33
 342173 318852      806.4002    71      820.5641      798.9251 11502575    2.64%          x13_18 N 342173 204112     45
 342504 319147      817.4320    44      820.5641      798.9280 11515067    2.64%          x13_25 N 342504 310396     45
 342870 319473      799.4281    60      820.5641      798.9311 11527396    2.64%          x38_35 D 342870 342869     43
 343206 319776      812.1660    56      820.5641      798.9338 11539855    2.64%          x13_18 U 343206 343204     48
Elapsed time = 4684.67 sec. (10126796.65 ticks, tree = 1270.72 MB, solutions = 1)
 343568 320115      800.5339    68      820.5641      798.9366 11552165    2.64%          x42_33 D 343568 306071     33
 343910 320434      798.9411    65      820.5641      798.9395 11564726    2.64%          x17_25 D 343910 343909     34
 344290 320788      802.7360    51      820.5641      798.9425 11576768    2.63%          x12_16 U 344290 344288     71
 344632 321100      798.9590    45      820.5641      798.9452 11589465    2.63%          x29_13 D 344632 344631     26
 344970 321408      801.7469    69      820.5641      798.9482 11602293    2.63%          x13_25 D 344970 344969     27
 345303 321700      800.1456    32      820.5641      798.9512 11614542    2.63%          x13_22 U 345303 309447     54
 345657 322034      801.7020    60      820.5641      798.9541 11626877    2.63%          x14_21 U 345657 198484     58
 345997 322325        cutoff            820.5641      798.9570 11639602    2.63%          x18_38 U 345997 306263     38
 346330 322632      799.0266    33      820.5641      798.9603 11652368    2.63%          x13_37 D 346330 346329     41
 346682 322949      819.4040    22      820.5641      798.9634 11665195    2.63%          x34_27 U 346682 289290     52
Elapsed time = 4757.06 sec. (10279820.35 ticks, tree = 1284.57 MB, solutions = 1)
 347043 323283      802.4830    18      820.5641      798.9670 11677453    2.63%          x38_35 U 347043 264445     35
 347388 323588      808.4133    42      820.5641      798.9702 11690017    2.63%          x15_11 U 347388 347386     55
 347737 323901      804.7805    40      820.5641      798.9733 11702533    2.63%          x29_15 U 347737 311372     52
 348086 324225      805.0240    54      820.5641      798.9761 11714888    2.63%          x29_16 U 348086 308159     40
 348419 324520      808.1236    46      820.5641      798.9794 11727864    2.63%          x40_30 U 348419 297108     33
 348772 324809      799.1421    62      820.5641      798.9824 11740001    2.63%          x29_17 D 348772 286099     36
 349108 325107      807.1015    68      820.5641      798.9856 11752971    2.63%          x29_15 U 349108 314564     50
 349478 325450      813.2685    46      820.5641      798.9888 11765570    2.63%          x15_21 U 349478 349476     68
 349828 325757      816.9171    80      820.5641      798.9913 11777699    2.63%          x27_35 U 349828 202234     37
 350170 326075      808.6312    46      820.5641      798.9941 11789856    2.63%          x13_18 U 350170 338914     67
Elapsed time = 4826.99 sec. (10432792.26 ticks, tree = 1298.77 MB, solutions = 1)
 350523 326404      799.3554    49      820.5641      798.9970 11801142    2.63%          x29_15 D 350523  84601     47
 350864 326714      816.8444    92      820.5641      798.9999 11813719    2.63%          x16_35 U 350864 143600     10
 351209 327019      813.4029    89      820.5641      799.0026 11825687    2.63%          x35_14 U 351209 319126     43
 351555 327341      799.8679    70      820.5641      799.0055 11837830    2.63%          x42_27 U 351555 351554     30
 351887 327635      799.2049    77      820.5641      799.0086 11850143    2.63%          x17_37 D 351887 110122     38
 352230 327937      800.3038    60      820.5641      799.0113 11861699    2.63%          x29_15 D 352230 352229     24
 352577 328254      804.9295    53      820.5641      799.0143 11874241    2.63%          x39_34 U 352577 251120     23
 352916 328547        cutoff            820.5641      799.0172 11887170    2.63%          x37_18 U 352916 281306     51
 353239 328832      801.1870    90      820.5641      799.0196 11898099    2.63%          x16_35 N 353239 111009     18
 353600 329155      804.8004    57      820.5641      799.0221 11910424    2.63%          x29_13 U 353600 223596     24
Elapsed time = 4901.39 sec. (10585886.61 ticks, tree = 1316.27 MB, solutions = 1)
 353954 329472      813.9950    30      820.5641      799.0251 11922665    2.62%          x26_16 U 353954 276171     21
 354283 329774      799.0845    61      820.5641      799.0278 11935124    2.62%          x39_34 D 354283 354282     35
 354650 330092      799.0476    53      820.5641      799.0309 11947352    2.62%          x26_42 D 354650 152601     23
 355007 330411      803.1365    67      820.5641      799.0341 11959484    2.62%          x12_14 U 355007 334811     37
 355360 330728      811.7333    12      820.5641      799.0368 11971714    2.62%          x27_42 U 355360 355358     71
 355704 331047        cutoff            820.5641      799.0400 11984346    2.62%          x12_35 U 355704  97211     40
 356064 331365      817.1121    65      820.5641      799.0428 11996921    2.62%          x15_33 U 356064 356062     46
 356410 331680      809.7414    36      820.5641      799.0460 12009358    2.62%          x29_22 U 356410 321246     37
 356759 331992      799.5360    69      820.5641      799.0491 12021473    2.62%          x12_13 D 356759 264662     36
 357099 332302      809.8030    64      820.5641      799.0523 12033457    2.62%          x13_18 U 357099 322471     42
Elapsed time = 4976.67 sec. (10738891.96 ticks, tree = 1330.68 MB, solutions = 1)
 357432 332589      818.9459    39      820.5641      799.0552 12045158    2.62%          x29_17 U 357432 116333     40
 357777 332896      802.9466    46      820.5641      799.0575 12056223    2.62%          x42_27 U 357777 174574     19
 358109 333200      809.6642    95      820.5641      799.0600 12069186    2.62%          x35_22 U 358109 351292     41
 358467 333504      817.2375    33      820.5641      799.0631 12080751    2.62%          x35_22 U 358467 358465     41
 358800 333798      799.1492    76      820.5641      799.0660 12092917    2.62%          x27_18 D 358800 326885     29
 359132 334101      799.7986    36      820.5641      799.0689 12105477    2.62%          x37_17 D 359132  34289     36
 359469 334395      813.8706    45      820.5641      799.0719 12117721    2.62%          x26_39 U 359469 172972     31
 359813 334706      804.5366    70      820.5641      799.0749 12129474    2.62%          x15_13 U 359813 137890     30
 360166 335018      799.5451    50      820.5641      799.0773 12141546    2.62%          x29_16 D 360166 314869     46
 360502 335305      799.8953    39      820.5641      799.0803 12153890    2.62%          x22_16 D 360502 360501     42
Elapsed time = 5048.21 sec. (10892011.74 ticks, tree = 1346.15 MB, solutions = 1)
 360841 335598      805.7967    66      820.5641      799.0830 12166092    2.62%          x29_15 U 360841 360839     31
 361176 335899      819.4564    32      820.5641      799.0859 12178133    2.62%          x18_26 U 361176 270061     34
 361490 336170      799.1068    37      820.5641      799.0890 12190976    2.62%          x14_21 D 361490 209218     50
 361807 336439      799.3198    60      820.5641      799.0922 12203718    2.62%          x13_25 D 361807 361806     30
 362156 336760      816.7204    83      820.5641      799.0949 12215765    2.62%           x28_5 U 362156 230494     33
 362463 337021      808.0105    32      820.5641      799.0977 12227811    2.62%          x42_33 N 362463 362461     27
 362790 337316      799.1009    68      820.5641      799.1009 12240725    2.62%          x42_26 D 362790 321644     56
 363136 337614      801.6426    44      820.5641      799.1035 12252428    2.62%          x39_38 N 363136 326291     31
 363463 337902      816.0303    51      820.5641      799.1067 12263922    2.61%          x25_16 U 363463 114806     43
 363824 338224      799.1096    49      820.5641      799.1096 12276316    2.61%          x18_17 D 363824 309838     41
Elapsed time = 5121.95 sec. (11044920.01 ticks, tree = 1358.87 MB, solutions = 1)
 364140 338511      806.7256    65      820.5641      799.1125 12288938    2.61%          x12_22 N 364140 323500     53
 364466 338794      800.3961   104      820.5641      799.1156 12301777    2.61%          x33_27 U 364466 314295     41
 364789 339086      805.1815    97      820.5641      799.1185 12314018    2.61%          x25_16 U 364789 353189     42
 365098 339371      811.8794    94      820.5641      799.1216 12326920    2.61%          x35_33 U 365098 365096     29
 365434 339649      818.9945    56      820.5641      799.1243 12338229    2.61%          x22_25 N 365434 365432     37
 365782 339965        cutoff            820.5641      799.1271 12349524    2.61%          x33_16 U 365782 365780     33
 366110 340255      803.5182    49      820.5641      799.1298 12361740    2.61%          x39_38 D 366110 215194     50
 366452 340557      806.4014    52      820.5641      799.1326 12373870    2.61%          x12_18 U 366452 210443     35
 366808 340843      802.5547    38      820.5641      799.1353 12385662    2.61%           x0_40 D 366808 104373     22
 367157 341167      802.7433    77      820.5641      799.1386 12397408    2.61%          x13_12 D 367157 367156     46
Elapsed time = 5194.09 sec. (11197834.86 ticks, tree = 1372.65 MB, solutions = 1)
 367483 341449        cutoff            820.5641      799.1417 12409447    2.61%          x26_33 U 367483 325348     48
 367810 341723      800.2226    67      820.5641      799.1449 12421526    2.61%          x21_14 D 367810 235481     41
 368136 342001      799.2186    74      820.5641      799.1480 12433916    2.61%          x13_25 D 368136 338338     34
 368474 342314      804.9882    64      820.5641      799.1506 12445592    2.61%          x11_18 U 368474 336724     49
 368804 342607      807.4779    64      820.5641      799.1532 12457847    2.61%          x39_26 U 368804 261276     20
 369133 342885      799.2602    77      820.5641      799.1561 12469832    2.61%          x26_18 D 369133 274142     18
 369480 343205        cutoff            820.5641      799.1593 12481728    2.61%          x38_35 U 369480 369478     58
 369822 343515      812.2719    25      820.5641      799.1617 12493267    2.61%          x30_17 D 369822 369821     74
 370174 343830      803.5606    24      820.5641      799.1645 12505027    2.61%          x23_26 U 370174 370172     51
 370507 344139      805.0787    38      820.5641      799.1672 12516976    2.61%          x39_26 U 370507 370505     28
Elapsed time = 5266.20 sec. (11350807.90 ticks, tree = 1387.57 MB, solutions = 1)
 370825 344427      811.8720    35      820.5641      799.1705 12529634    2.61%          x15_25 U 370825 333658     37
 371148 344726        cutoff            820.5641      799.1729 12542056    2.61%          x26_14 U 371148 355884     37
 371474 345012      799.4182    66      820.5641      799.1754 12553806    2.61%          x25_16 D 371474 371473     37
 371820 345328      812.7817    94      820.5641      799.1779 12565763    2.61%          x40_45 U 371820 281500     37
 372158 345635      800.9403    54      820.5641      799.1802 12577638    2.61%          x15_12 U 372158 372156     44
 372481 345926      799.5911    38      820.5641      799.1830 12589807    2.61%          x39_26 D 372481 345157     30
 372802 346193      818.4336    57      820.5641      799.1856 12601770    2.61%          x22_25 U 372802 189112     45
 373180 346532      816.8093    86      820.5641      799.1882 12612686    2.61%           x6_27 U 373180 345594     61
 373533 346840      818.5060    52      820.5641      799.1911 12624387    2.60%          x37_18 U 373533 339538     40
 373860 347119      807.0462    39      820.5641      799.1937 12636884    2.60%            x4_2 N 373860 190583     28
Elapsed time = 5338.56 sec. (11503843.69 ticks, tree = 1403.44 MB, solutions = 1)
 374210 347435      799.9101    17      820.5641      799.1964 12648730    2.60%          x42_26 D 374210 374209     34
 374577 347763      806.2960    53      820.5641      799.1994 12660196    2.60%          x12_22 U 374577 374575     39
 374918 348058      802.2413   105      820.5641      799.2023 12671556    2.60%          x26_34 D 374918 239618     18
 375249 348350        cutoff            820.5641      799.2052 12683169    2.60%          x29_18 U 375249 340549     49
 375587 348627      809.3702    96      820.5641      799.2078 12695721    2.60%           x6_27 U 375587 375585     33
 375919 348912      799.7269    59      820.5641      799.2110 12707874    2.60%          x15_13 U 375919 271191     43
 376240 349179      810.9563    93      820.5641      799.2135 12719984    2.60%          x34_27 U 376240 281562     44
 376572 349472      800.5423    41      820.5641      799.2166 12732220    2.60%          x33_35 D 376572 376571     32
 376908 349756      809.1540    78      820.5641      799.2191 12743844    2.60%          x29_41 U 376908 376906     56
 377239 350057      820.4084    65      820.5641      799.2217 12755364    2.60%          x13_29 U 377239 221343     38
Elapsed time = 5410.95 sec. (11656767.42 ticks, tree = 1418.01 MB, solutions = 1)
 377561 350339      803.7377   108      820.5641      799.2242 12767577    2.60%          x31_40 D 377561  75004     16
 377910 350639        cutoff            820.5641      799.2268 12779454    2.60%          x21_34 U 377910 283304     67
 378258 350964      818.5041    47      820.5641      799.2294 12791744    2.60%          x29_13 U 378258 326692     29
 378586 351246      800.6707    59      820.5641      799.2322 12803363    2.60%          x40_30 D 378586  29666     19
 378922 351555      805.6091    67      820.5641      799.2352 12815568    2.60%          x29_17 U 378922 246447     26
 379250 351833      811.5554    64      820.5641      799.2382 12827222    2.60%          x33_18 U 379250 346768     45
 379587 352126      819.2251    36      820.5641      799.2405 12839273    2.60%           x26_6 U 379587 379585     50
 379912 352410      799.5026    60      820.5641      799.2437 12850824    2.60%          x13_37 D 379912 379911     40
 380250 352709      799.9561    72      820.5641      799.2465 12862416    2.60%          x39_27 D 380250 296552     35
 380569 352986      807.0515    18      820.5641      799.2493 12875236    2.60%          x25_18 U 380569 252880     22
Elapsed time = 5483.49 sec. (11809877.84 ticks, tree = 1432.95 MB, solutions = 1)
 380921 353293      809.5884    31      820.5641      799.2521 12887006    2.60%          x26_39 U 380921 301967     31
 381233 353570      799.9531    60      820.5641      799.2547 12899215    2.60%          x34_35 D 381233  29385     28
 381560 353845      801.8763    59      820.5641      799.2579 12911126    2.60%          x15_17 D 381560 381558     31
 381860 354102      818.7092    66      820.5641      799.2605 12923678    2.60%          x26_16 U 381860 330327     33
 382194 354395      799.5005   103      820.5641      799.2637 12935596    2.60%          x26_18 D 382194 382193     43
 382512 354685      808.7566    82      820.5641      799.2665 12948396    2.60%          x27_35 U 382512 312451     42
 382842 354973      809.5749    53      820.5641      799.2693 12959050    2.60%          x15_18 N 382842 352222     28
 383190 355281      799.6217    58      820.5641      799.2722 12970483    2.59%          x16_18 U 383190 383189     30
 383530 355588      808.3146    47      820.5641      799.2747 12981836    2.59%          x29_13 N 383530 333336     27
 383835 355855      801.7594    55      820.5641      799.2772 12993800    2.59%          x17_16 U 383835 383833     50
Elapsed time = 5556.55 sec. (11962934.42 ticks, tree = 1447.73 MB, solutions = 1)
 384166 356141      799.4329    57      820.5641      799.2800 13006027    2.59%          x13_29 D 384166 309636     23
 384521 356476      817.0247    78      820.5641      799.2825 13017562    2.59%           x28_5 U 384521 194084     31
 384849 356775      806.3427    56      820.5641      799.2851 13028780    2.59%          x38_25 D 384849 384848     51
 385170 357041      799.7188    68      820.5641      799.2875 13040793    2.59%          x27_26 D 385170 385169     38
 385494 357309      805.2155    63      820.5641      799.2901 13051848    2.59%          x42_39 N 385494 136617     34
 385822 357604      799.4597    62      820.5641      799.2932 13063855    2.59%          x29_18 D 385822 385821     30
 386143 357868      800.2891    65      820.5641      799.2957 13075473    2.59%          x11_12 N 386143 145309     41
 386459 358156      816.5463    49      820.5641      799.2982 13087537    2.59%          x39_18 U 386459 308716     45
 386798 358447        cutoff            820.5641      799.3012 13099198    2.59%          x17_29 U 386798 315830     38
 387103 358716        cutoff            820.5641      799.3037 13110561    2.59%          x17_29 U 387103 373554     60
Elapsed time = 5629.27 sec. (12115782.27 ticks, tree = 1461.23 MB, solutions = 1)
 387450 359030      799.4885    99      820.5641      799.3062 13121574    2.59%          x29_17 D 387450 387449     47
 387776 359323      800.9237    34      820.5641      799.3086 13133572    2.59%          x37_17 U 387776 278609     25
 388104 359613      799.3243    75      820.5641      799.3116 13145700    2.59%          x21_18 D 388104 310175     58
 388420 359898        cutoff            820.5641      799.3139 13157463    2.59%           x6_39 U 388420 388418     49
 388742 360175      800.7715    82      820.5641      799.3164 13169080    2.59%          x13_22 D 388742 248051     46
 389065 360460      799.4402    86      820.5641      799.3191 13180687    2.59%          x26_16 D 389065 299782     32
 389380 360728      814.2186    41      820.5641      799.3215 13192299    2.59%          x15_25 U 389380 219707     31
 389704 361023      799.4032    65      820.5641      799.3241 13204041    2.59%          x40_45 D 389704 389703     31
 390037 361320      804.0536    63      820.5641      799.3264 13216200    2.59%          x23_38 U 390037 366817     24
 390360 361607      799.6147    26      820.5641      799.3291 13227731    2.59%          x33_25 D 390360 390359     27
Elapsed time = 5705.32 sec. (12268520.89 ticks, tree = 1476.49 MB, solutions = 1)
 390700 361914      801.0560    52      820.5641      799.3319 13239191    2.59%          x33_23 U 390700 144902     42
 391038 362213      810.1524    50      820.5641      799.3344 13250702    2.59%          x36_28 U 391038 369320     45
 391378 362526      799.4214    74      820.5641      799.3373 13261449    2.59%          x29_13 D 391378 178768     29
 391703 362809      818.5718    94      820.5641      799.3394 13272907    2.59%          x16_26 U 391703 188228     16
 392030 363100      799.3961    51      820.5641      799.3420 13284757    2.59%          x12_35 D 392030 392029     45
 392368 363409        cutoff            820.5641      799.3447 13296251    2.59%          x27_18 U 392368 376625     25
 392684 363690      805.9631    64      820.5641      799.3476 13307906    2.59%          x25_33 U 392684 392682     49
 393001 363976      817.6331    61      820.5641      799.3501 13320430    2.59%          x18_22 D 393001 348671     40
 393320 364247      801.8186    39      820.5641      799.3524 13331497    2.59%          x25_16 U 393320 174994     42
 393634 364529      799.6511    96      820.5641      799.3549 13343102    2.58%          x26_42 D 393634 393633     42
Elapsed time = 5776.67 sec. (12421434.89 ticks, tree = 1491.30 MB, solutions = 1)
 393943 364806      812.8535    68      820.5641      799.3572 13354892    2.58%          x18_22 U 393943 385278     42
 394263 365083      815.5820    50      820.5641      799.3598 13367135    2.58%           x6_27 U 394263 380976     48
 394603 365395      799.5410    62      820.5641      799.3628 13378732    2.58%          x17_16 D 394603 245329     40
 394926 365672      800.6844    65      820.5641      799.3649 13389522    2.58%          x18_16 D 394926 214709     34
 395238 365950        cutoff            820.5641      799.3674 13400893    2.58%           x26_6 U 395238 287215     52
 395562 366233      803.0606    38      820.5641      799.3703 13412176    2.58%           x0_40 D 395562 395560     36
 395907 366543      804.5003    69      820.5641      799.3727 13423642    2.58%          x11_35 U 395907 333562     41
 396234 366843      804.4268    27      820.5641      799.3756 13435544    2.58%          x33_25 D 396234 138208     29
 396536 367113      805.3866    47      820.5641      799.3783 13447555    2.58%          x15_18 U 396536 328284     42
 396860 367398      800.1626    96      820.5641      799.3814 13459536    2.58%          x27_26 D 396860 337474     28
Elapsed time = 5855.25 sec. (12574275.30 ticks, tree = 1504.57 MB, solutions = 1)
 397201 367706      801.5902    67      820.5641      799.3845 13470943    2.58%          x17_35 D 397201 296257     60
 397522 367985        cutoff            820.5641      799.3870 13483443    2.58%          x16_27 U 397522 391289     50
 397877 368310      799.5116    66      820.5641      799.3895 13494842    2.58%          x33_25 D 397877 397876     63
 398192 368601      800.2013    45      820.5641      799.3924 13506204    2.58%          x25_16 U 398192 398190     33
 398519 368886      799.7940    55      820.5641      799.3948 13517282    2.58%          x14_18 D 398519 255738     39
 398845 369185      800.1953    43      820.5641      799.3971 13528384    2.58%          x11_21 D 398845 398844     59
 399179 369488        cutoff            820.5641      799.3997 13540336    2.58%          x18_33 U 399179 318450     36
 399489 369740        cutoff            820.5641      799.4020 13552012    2.58%          x34_18 U 399489 356015     49
 399800 370016      799.4043    84      820.5641      799.4043 13562744    2.58%          x29_13 D 399800 298661     14
 400139 370312      799.9063    70      820.5641      799.4069 13574021    2.58%          x23_38 D 400139 266771     35
Elapsed time = 5930.81 sec. (12727222.54 ticks, tree = 1518.41 MB, solutions = 1)
 400448 370576      807.2263    51      820.5641      799.4095 13586510    2.58%          x13_25 U 400448 381069     43
 400800 370894      804.6282    54      820.5641      799.4119 13597729    2.58%          x17_14 U 400800 400798     38
 401119 371188        cutoff            820.5641      799.4143 13608386    2.58%          x25_18 U 401119 244598     27
 401436 371473      799.5951    60      820.5641      799.4172 13620094    2.58%          x38_27 D 401436 401435     31
 401770 371765      799.4895    71      820.5641      799.4199 13631094    2.58%          x29_18 D 401770 401769     45
 402090 372069      804.5223    59      820.5641      799.4222 13642696    2.58%          x12_22 U 402090 240505     46
 402431 372368      809.1717    49      820.5641      799.4246 13654131    2.58%          x13_17 D 402431 402429     60
 402746 372642        cutoff            820.5641      799.4273 13666132    2.58%          x23_18 U 402746 341162     35
 403075 372945      803.2148    70      820.5641      799.4296 13677127    2.58%          x15_17 U 403075 362397     42
 403401 373237      813.2744    65      820.5641      799.4320 13688389    2.58%          x33_25 U 403401 384156     57
Elapsed time = 6003.63 sec. (12880251.04 ticks, tree = 1531.53 MB, solutions = 1)
 403730 373534      799.6188    57      820.5641      799.4344 13700170    2.58%          x35_15 D 403730 403729     51
 404060 373829      799.4954    44      820.5641      799.4369 13711748    2.57%          x26_34 U 404060 346084     45
 404386 374132      816.1904    38      820.5641      799.4394 13723767    2.57%          x26_27 U 404386 239715     25
 404707 374425        cutoff            820.5641      799.4424 13735556    2.57%          x29_18 U 404707 380683     58
 405009 374690      803.4868    23      820.5641      799.4449 13748233    2.57%           x42_6 D 405009 405007     68
 405333 374979      816.2593    36      820.5641      799.4476 13760721    2.57%          x21_16 N 405333 179705     43
 405635 375244      803.2248    97      820.5641      799.4497 13772640    2.57%          x18_16 U 405635  73919     29
 405950 375529      801.2374    58      820.5641      799.4522 13784237    2.57%          x12_22 U 405950 405948     26
 406287 375826      800.0566    68      820.5641      799.4547 13794673    2.57%          x29_15 N 406287 406286     40
 406596 376105      799.6572    63      820.5641      799.4571 13805643    2.57%          x33_25 D 406596 406595     39
Elapsed time = 6082.04 sec. (13033123.24 ticks, tree = 1543.36 MB, solutions = 1)
 406910 376383      799.7774    60      820.5641      799.4594 13817019    2.57%          x22_25 D 406910 406909     43
 407245 376666      799.5760    70      820.5641      799.4618 13828147    2.57%          x29_17 D 407245 196817     24
 407557 376937        cutoff            820.5641      799.4645 13839736    2.57%          x38_18 U 407557 298872     43
 407860 377200      802.0437    14      820.5641      799.4670 13850941    2.57%          x10_20 D 407860 407858     79
 408165 377464      801.6923    40      820.5641      799.4693 13861340    2.57%          x26_33 D 408165 408164     31
 408471 377734      800.4362    54      820.5641      799.4719 13872634    2.57%          x16_18 U 408471 270862     50
 408793 378018      817.5865    59      820.5641      799.4739 13883366    2.57%          x22_33 U 408793 408791     58
 409116 378299      803.9553    60      820.5641      799.4765 13895181    2.57%          x15_13 U 409116 132224     38
 409442 378593        cutoff            820.5641      799.4788 13906646    2.57%           x27_6 U 409442 405004     65
 409774 378885      808.7152    42      820.5641      799.4810 13918086    2.57%          x40_30 U 409774 393975     21
Elapsed time = 6167.01 sec. (13185974.24 ticks, tree = 1555.85 MB, solutions = 1)
 410092 379164      820.2702    56      820.5641      799.4835 13929307    2.57%          x22_25 U 410092 410090     45
 410420 379453      799.6068    56      820.5641      799.4857 13940401    2.57%          x39_26 D 410420 410419     33
 410721 379724      800.0669    60      820.5641      799.4879 13951449    2.57%          x29_41 D 410721 381159     27
 411041 380001      803.0308    58      820.5641      799.4902 13962711    2.57%          x33_35 N 411041  44395     24
 411348 380269      799.5016    46      820.5641      799.4926 13974616    2.57%          x29_17 D 411348 372926     46
 411671 380561      799.6844    55      820.5641      799.4951 13985781    2.57%           x28_5 D 411671 317104     27
 412000 380849      817.5283    26      820.5641      799.4971 13997106    2.57%          x13_37 N 412000 411998     39
 412356 381174      804.2179    81      820.5641      799.4991 14008283    2.57%          x12_17 U 412356 412354     40
 412684 381477      799.8026    68      820.5641      799.5018 14019491    2.57%          x13_33 D 412684 412683     53
 413000 381759      799.8649    63      820.5641      799.5037 14030576    2.57%          x18_14 D 413000 119940     27
Elapsed time = 6241.42 sec. (13339092.00 ticks, tree = 1571.37 MB, solutions = 1)
 413320 382054      799.7169    57      820.5641      799.5058 14041862    2.57%          x22_29 D 413320 413319     53
 413649 382353      799.9629    55      820.5641      799.5082 14052505    2.57%          x34_18 D 413649 141792     20
 413974 382639      800.3598    66      820.5641      799.5109 14063808    2.57%          x13_37 D 413974 332212     29
 414282 382919      801.1564    67      820.5641      799.5127 14076027    2.57%          x16_18 D 414282 414280     40
 414603 383208      799.6128    64      820.5641      799.5151 14086417    2.57%          x18_12 D 414603 378647     49
 414933 383500      800.6498    44      820.5641      799.5175 14098607    2.56%          x42_26 D 414933 338526     37
 415250 383788      799.5259    61      820.5641      799.5199 14110222    2.56%          x13_18 D 415250 363020     37
 415570 384076      804.6871    54      820.5641      799.5226 14121307    2.56%          x39_38 D 415570 415569     44
 415888 384348      799.6302    70      820.5641      799.5249 14131936    2.56%          x12_16 D 415888 415887     70
 416208 384639      818.3787    38      820.5641      799.5271 14143144    2.56%          x13_25 U 416208 115740     28
Elapsed time = 6322.05 sec. (13491987.41 ticks, tree = 1584.90 MB, solutions = 1)
 416507 384894      806.4703    43      820.5641      799.5296 14155212    2.56%           x2_39 U 416507 305628     30
 416815 385161      804.5518    44      820.5641      799.5319 14167138    2.56%          x39_27 D 416815 187989     30
 417147 385450      799.5343    32      820.5641      799.5343 14178908    2.56%          x29_13 D 417147 135075     24
 417468 385743      799.5495    62      820.5641      799.5365 14190426    2.56%           x2_39 D 417468 417467     60
 417792 386031      819.5441    61      820.5641      799.5392 14201939    2.56%          x29_17 U 417792 416289     29
 418121 386339      819.3767    58      820.5641      799.5415 14213225    2.56%          x16_26 U 418121 303347     34
 418440 386610      811.3631    51      820.5641      799.5439 14224359    2.56%           x26_2 U 418440 320659     35
 418759 386907      799.6338    78      820.5641      799.5470 14236052    2.56%          x29_15 D 418759 376735     34
 419096 387198      799.5740    42      820.5641      799.5488 14246864    2.56%          x33_16 D 419096 261179     37
 419394 387459      799.8791    54      820.5641      799.5512 14258004    2.56%           x2_39 D 419394 228089     23
Elapsed time = 6395.51 sec. (13644936.77 ticks, tree = 1599.83 MB, solutions = 1)
 419710 387739      815.8638    73      820.5641      799.5536 14269043    2.56%          x13_22 D 419710 419709     71
 420029 388014      799.5562    54      820.5641      799.5562 14279943    2.56%          x17_29 D 420029 310357     46
 420337 388281      800.9772    57      820.5641      799.5585 14291321    2.56%          x16_18 D 420337 420335     58
 420670 388570      799.5607    65      820.5641      799.5607 14302222    2.56%          x26_39 D 420670 390309     43
 420974 388835      803.0321    74      820.5641      799.5631 14313625    2.56%          x29_15 D 420974 420973     26
 421306 389128      799.8238    52      820.5641      799.5652 14324458    2.56%          x25_16 D 421306 421305     45
 421629 389414      805.3012    67      820.5641      799.5675 14335656    2.56%          x27_42 D 421629 383692     29
 421930 389673      808.9506    76      820.5641      799.5700 14347506    2.56%          x18_17 U 421930 360585     26
 422233 389947      800.7652    67      820.5641      799.5720 14358432    2.56%          x26_33 D 422233 422232     20
 422579 390263      809.7776    44      820.5641      799.5740 14369164    2.56%          x38_27 U 422579 377260     29
Elapsed time = 6465.51 sec. (13797718.18 ticks, tree = 1615.36 MB, solutions = 1)
 422888 390519      811.5493    42      820.5641      799.5762 14380481    2.56%          x25_35 U 422888 422886     45
 423202 390809      799.6993    56      820.5641      799.5784 14391704    2.56%          x29_22 N 423202 376370     36
 423501 391063      802.0588    46      820.5641      799.5807 14403496    2.56%          x38_25 U 423501 329425     52
 423801 391315      808.4248    54      820.5641      799.5829 14415159    2.56%          x22_16 U 423801 423799     49
 424108 391590      819.4182    57      820.5641      799.5851 14426174    2.56%          x13_29 U 424108 266182     36
 424404 391840        cutoff            820.5641      799.5872 14437675    2.56%          x18_33 U 424404 298800     38
 424732 392136      806.9906    65      820.5641      799.5893 14448504    2.56%          x38_39 U 424732 412972     48
 425023 392373        cutoff            820.5641      799.5914 14460167    2.56%          x29_18 U 425023 281345     31
 425341 392659      800.7431    53      820.5641      799.5935 14471642    2.56%          x25_18 D 425341  31389     25
 425653 392940      805.2563    69      820.5641      799.5958 14483048    2.56%          x18_11 U 425653 425651     45
Elapsed time = 6537.26 sec. (13950616.17 ticks, tree = 1631.95 MB, solutions = 1)
 425977 393231        cutoff            820.5641      799.5979 14494895    2.56%          x18_26 U 425977 425975     35
 426298 393507      818.3539    60      820.5641      799.5999 14505484    2.55%          x33_18 U 426298 124761     20
 426601 393773      806.7260    86      820.5641      799.6022 14516759    2.55%           x6_39 U 426601 357352     49
 426922 394041      804.3003    46      820.5641      799.6042 14527683    2.55%          x15_16 D 426922 426921     51
 427237 394319      814.9299    87      820.5641      799.6066 14538729    2.55%           x28_5 U 427237 365574     39
 427558 394602      804.4866    92      820.5641      799.6093 14549832    2.55%          x15_13 U 427558 427556     40
 427878 394880      801.7087    53      820.5641      799.6114 14560756    2.55%          x18_14 U 427878 218666     35
 428187 395147      800.8134    59      820.5641      799.6136 14572474    2.55%          x15_13 U 428187 256348     42
 428479 395392        cutoff            820.5641      799.6158 14583027    2.55%          x39_18 U 428479 299932     40
 428790 395661      800.1892    61      820.5641      799.6182 14594477    2.55%          x34_27 D 428790 428789     45
Elapsed time = 6612.62 sec. (14103458.04 ticks, tree = 1644.18 MB, solutions = 1)
 429104 395937      803.9747    81      820.5641      799.6206 14606030    2.55%          x15_12 U 429104 429102     46
 429435 396227      799.9365    63      820.5641      799.6231 14616766    2.55%          x34_18 D 429435 123594     57
 429737 396505      816.4197    51      820.5641      799.6251 14627739    2.55%          x13_25 U 429737 385201     26
 430046 396783      819.4788    54      820.5641      799.6273 14638980    2.55%          x13_37 N 430046 329868     38
 430360 397056      800.4564    32      820.5641      799.6294 14650514    2.55%          x25_14 D 430360 280438     44
 430683 397340      800.5117    46      820.5641      799.6319 14661577    2.55%          x12_16 U 430683 417684     51
 430994 397619      806.3331    48      820.5641      799.6340 14672637    2.55%          x12_18 U 430994 401528     64
 431306 397893      803.8765    55      820.5641      799.6358 14684457    2.55%          x12_14 U 431306 221791     42
 431620 398166      803.1124    58      820.5641      799.6377 14695306    2.55%          x33_39 D 431620 232697     27
 431936 398450      803.4911    71      820.5641      799.6401 14706833    2.55%          x11_12 U 431936 162554     44
Elapsed time = 6686.53 sec. (14256287.42 ticks, tree = 1655.21 MB, solutions = 1)
 432239 398709        cutoff            820.5641      799.6423 14718811    2.55%          x33_18 U 432239 321004     57
 432554 398985      802.6258    82      820.5641      799.6444 14730017    2.55%          x12_13 U 432554 422824     52
 432869 399256      801.4117    86      820.5641      799.6466 14740623    2.55%          x38_23 U 432869 268392     48
 433202 399546      819.3782    39      820.5641      799.6485 14751406    2.55%          x22_29 U 433202 333352     37
 433500 399802      809.1347    52      820.5641      799.6509 14762910    2.55%          x13_29 U 433500 193739     33
 433788 400052      799.7957    79      820.5641      799.6531 14774456    2.55%          x13_29 D 433788 433787     47
 434104 400322        cutoff            820.5641      799.6550 14785545    2.55%          x13_29 U 434104 427639     48
 434414 400608      799.8518    69      820.5641      799.6570 14796273    2.55%           x2_39 D 434414 434413     28
 434737 400882      801.1313    63      820.5641      799.6591 14807516    2.55%          x15_17 U 434737 382539     50
 435063 401186      800.2934    39      820.5641      799.6613 14818462    2.55%          x26_39 D 435063 369212     37
Elapsed time = 6764.55 sec. (14409341.14 ticks, tree = 1668.47 MB, solutions = 1)
 435369 401462        cutoff            820.5641      799.6638 14829733    2.55%          x13_29 U 435369 351558     47
 435687 401746      804.3563    38      820.5641      799.6660 14840882    2.55%          x38_39 U 435687 435685     27
 436018 402045      801.8273    33      820.5641      799.6681 14851856    2.55%          x33_25 D 436018 206757     32
 436351 402350      805.7361    84      820.5641      799.6702 14862647    2.55%          x22_18 U 436351 388187     71
 436635 402583      799.7664    91      820.5641      799.6723 14873961    2.55%           x3_39 D 436635 436634     68
 436950 402857      799.6744    63      820.5641      799.6744 14884659    2.55%          x12_18 D 436950 386981     41
 437270 403135      813.6104    30      820.5641      799.6765 14895530    2.55%          x13_25 U 437270 412859     34
 437590 403414      800.3360    63      820.5641      799.6786 14906679    2.55%          x11_18 D 437590 202766     42
 437892 403682      804.7706    30      820.5641      799.6810 14917968    2.54%          x22_15 U 437892 437890     25
 438183 403933      799.6831    63      820.5641      799.6831 14930067    2.54%          x33_25 D 438183 254750     59
Elapsed time = 6839.92 sec. (14562364.77 ticks, tree = 1681.10 MB, solutions = 1)
 438480 404195      800.0444    37      820.5641      799.6852 14940955    2.54%          x26_34 U 438480 406475     50
 438800 404476      800.5502    38      820.5641      799.6873 14952386    2.54%          x39_27 U 438800 358165     20
 439126 404772      805.5462    41      820.5641      799.6899 14963999    2.54%           x27_6 U 439126 439124     34
 439427 405025        cutoff            820.5641      799.6921 14974760    2.54%          x16_26 U 439427 401549     51
 439749 405313      802.4206    34      820.5641      799.6945 14986019    2.54%          x17_13 U 439749 357992     46
 440050 405584      800.5770    78      820.5641      799.6966 14997376    2.54%          x21_12 D 440050 440049     48
 440377 405864      800.3765    71      820.5641      799.6989 15008136    2.54%          x39_38 D 440377 440376     48
 440652 406103      800.5992    47      820.5641      799.7013 15020041    2.54%          x11_21 D 440652 440651     40
 440965 406371      814.9464    36      820.5641      799.7030 15030886    2.54%          x29_13 U 440965 347968     28
 441287 406653      800.1799    88      820.5641      799.7053 15042067    2.54%           x26_6 D 441287 441286     52
Elapsed time = 6914.51 sec. (14715423.01 ticks, tree = 1692.41 MB, solutions = 1)
 441587 406920      801.0365    62      820.5641      799.7074 15053138    2.54%          x33_38 U 441587 264117     49
 441898 407169      799.7744    52      820.5641      799.7092 15063687    2.54%          x26_18 D 441898 441897     42
 442210 407442      801.3299    37      820.5641      799.7113 15075590    2.54%          x13_12 D 442210 442209     55
 442532 407733      810.8217    61      820.5641      799.7130 15086096    2.54%           x27_6 U 442532 354992     46
 442815 407980      799.7921    57      820.5641      799.7156 15097858    2.54%          x29_15 D 442815 442814     39
 443113 408242      806.0512    56      820.5641      799.7180 15109592    2.54%          x17_37 U 443113 231667     36
 443413 408505      816.3711    22      820.5641      799.7203 15120574    2.54%          x37_17 N 443413 227369     39
 443735 408803        cutoff            820.5641      799.7224 15131817    2.54%          x26_16 U 443735 180860     43
 444040 409069      804.6332    59      820.5641      799.7245 15142701    2.54%          x29_15 U 444040 444038     26
 444349 409340      803.7780    39      820.5641      799.7268 15153517    2.54%          x29_17 U 444349 444347     33
Elapsed time = 6995.78 sec. (14868353.75 ticks, tree = 1705.09 MB, solutions = 1)
 444622 409581      815.7116    40      820.5641      799.7292 15165692    2.54%          x39_34 U 444622 399942     40
 444950 409866      802.0381    43      820.5641      799.7312 15176799    2.54%          x15_17 D 444950 444948     45
 445262 410149      812.8480    63      820.5641      799.7332 15187260    2.54%          x13_29 U 445262 194069     40
 445574 410423      803.1734    92      820.5641      799.7356 15199029    2.54%          x26_42 U 445574 219903     14
 445868 410677      809.4916    94      820.5641      799.7375 15208952    2.54%          x26_42 U 445868 445866     23
 446191 410968      804.4947    54      820.5641      799.7394 15219869    2.54%          x17_13 D 446191 376536     67
 446512 411236        cutoff            820.5641      799.7415 15230583    2.54%          x39_18 U 446512 281498     35
 446818 411504      799.8825    55      820.5641      799.7439 15241611    2.54%          x29_17 D 446818 446817     51
 447119 411771        cutoff            820.5641      799.7461 15252944    2.54%          x18_37 U 447119 447116     63
 447420 412033      800.0186    78      820.5641      799.7482 15264170    2.54%          x21_16 D 447420 447419     53
Elapsed time = 7071.90 sec. (15021345.94 ticks, tree = 1718.84 MB, solutions = 1)
 447725 412293      800.8548    42      820.5641      799.7505 15275213    2.54%          x26_33 U 447725 143346     44
 448057 412591      799.9096    65      820.5641      799.7527 15285916    2.54%          x22_18 D 448057 448056     38
 448360 412868      804.3091    54      820.5641      799.7549 15297500    2.54%          x21_18 N 448360 368143     31
 448678 413153      816.8678    97      820.5641      799.7569 15308686    2.54%          x29_13 U 448678 355607     26
 448982 413425      799.7592    62      820.5641      799.7589 15319737    2.54%          x29_22 D 448982 332066     33
 449289 413696      803.0315    66      820.5641      799.7611 15330119    2.54%          x33_39 D 449289 449288     38
 449594 413953      799.8067    65      820.5641      799.7628 15339686    2.54%          x29_18 D 449594 449593     40
 449885 414209        cutoff            820.5641      799.7651 15350554    2.53%          x29_18 U 449885 449883     45
 450179 414464      799.8119    64      820.5641      799.7671 15361607    2.53%          x29_22 D 450179 450178     46
 450487 414739      799.7687    54      820.5641      799.7687 15372358    2.53%          x13_37 D 450487 410818     41
Elapsed time = 7151.35 sec. (15174229.57 ticks, tree = 1730.76 MB, solutions = 1)
 450781 415010      820.1373    79      820.5641      799.7708 15384313    2.53%          x37_17 U 450781 433589     39
 451069 415254      810.6778    46      820.5641      799.7726 15394538    2.53%          x22_25 U 451069 451067     42
 451356 415509      805.1701    54      820.5641      799.7747 15405178    2.53%          x13_29 U 451356 451354     31
 451650 415772      807.9743    40      820.5641      799.7769 15416690    2.53%          x37_17 U 451650 294393     30
 451971 416057      800.1697    54      820.5641      799.7790 15427717    2.53%          x13_12 N 451971 303662     45
 452258 416290        cutoff            820.5641      799.7812 15439144    2.53%          x29_18 U 452258 425681     50
 452527 416512      800.7794    40      820.5641      799.7832 15449770    2.53%          x33_38 D 452527 390090     21
 452834 416787      802.8077    99      820.5641      799.7856 15460017    2.53%          x13_15 U 452834 107936     30
 453143 417056      799.8440    95      820.5641      799.7880 15471010    2.53%          x29_41 D 453143 453142     38
 453471 417322      818.8430    70      820.5641      799.7900 15481896    2.53%          x29_17 U 453471 418507     55
Elapsed time = 7226.88 sec. (15327225.65 ticks, tree = 1743.92 MB, solutions = 1)
 453760 417583      799.8854    64      820.5641      799.7919 15492913    2.53%          x37_17 D 453760 453759     47
 454055 417843      810.8212    56      820.5641      799.7934 15503400    2.53%          x27_33 N 454055 454053     48
 454383 418142      802.2092    58      820.5641      799.7955 15513723    2.53%          x22_18 U 454383 275420     56
 454685 418410      799.9996    67      820.5641      799.7977 15525259    2.53%          x15_25 D 454685 262011     44
 454985 418661      819.8602    49      820.5641      799.7998 15536049    2.53%          x22_33 U 454985 454983     47
 455304 418943      800.3359    47      820.5641      799.8017 15547180    2.53%          x12_21 D 455304 455303     47
 455596 419192      805.1424    81      820.5641      799.8038 15558099    2.53%          x33_27 U 455596 325478     60
 455898 419458      807.5805    69      820.5641      799.8060 15569550    2.53%          x17_18 U 455898 289954     25
 456202 419733      801.7967    56      820.5641      799.8080 15579819    2.53%          x13_17 U 456202 456200     44
 456505 419997      808.9534    60      820.5641      799.8101 15591031    2.53%          x29_22 U 456505 456503     19
Elapsed time = 7305.19 sec. (15480116.92 ticks, tree = 1757.09 MB, solutions = 1)
 456816 420283      800.0160    60      820.5641      799.8122 15601430    2.53%          x29_17 D 456816 456815     33
 457103 420529      817.1244    54      820.5641      799.8141 15613053    2.53%          x18_27 U 457103 424631     37
 457400 420782      800.0726    66      820.5641      799.8160 15623463    2.53%          x26_34 U 457400  45162     37
 457703 421037      799.8241    71      820.5641      799.8180 15634377    2.53%          x22_18 D 457703 425708     36
 458020 421314      807.7018    49      820.5641      799.8198 15645017    2.53%           x27_6 U 458020 439034     48
 458329 421589      802.4769    80      820.5641      799.8218 15655887    2.53%          x33_35 U 458329 229768     32
 458629 421861      803.4267    44      820.5641      799.8241 15666754    2.53%           x0_40 D 458629 458627     31
 458931 422134        cutoff            820.5641      799.8261 15677340    2.53%          x29_18 U 458931 396595     40
 459235 422413      807.1564    62      820.5641      799.8282 15688692    2.53%          x26_33 U 459235 101442     31
 459551 422686      810.9869    88      820.5641      799.8302 15699018    2.53%          x39_34 U 459551  27558     19
Elapsed time = 7381.24 sec. (15633088.36 ticks, tree = 1768.18 MB, solutions = 1)
 459840 422938      800.1569    75      820.5641      799.8324 15710313    2.53%          x12_13 D 459840 386744     37
 460150 423201      810.4361    51      820.5641      799.8344 15721099    2.53%          x39_27 U 460150 460148     46
 460447 423469        cutoff            820.5641      799.8363 15731796    2.53%          x18_23 U 460447 445239     57
 460759 423749      799.9998    34      820.5641      799.8383 15742526    2.53%          x17_33 D 460759 460758     36
 461050 423998      816.7375    83      820.5641      799.8402 15753024    2.53%          x33_23 D 461050 461048     53
 461359 424265      814.6943    62      820.5641      799.8422 15763372    2.53%          x29_15 U 461359 404347     23
 461670 424551      801.4042    68      820.5641      799.8444 15774116    2.53%          x33_39 D 461670  82298     31
 461960 424792      805.6296    28      820.5641      799.8466 15785265    2.52%          x26_34 D 461960  61073     36
 462270 425081      818.3751    44      820.5641      799.8485 15796570    2.52%          x25_16 N 462270 213285     41
 462569 425353      800.1740    60      820.5641      799.8508 15807243    2.52%          x22_14 U 462569 177838     41
Elapsed time = 7458.41 sec. (15786231.42 ticks, tree = 1781.67 MB, solutions = 1)
 462875 425609      816.6031    46      820.5641      799.8525 15817291    2.52%          x26_34 D 462875 409529     52
 463170 425864      817.0855    60      820.5641      799.8547 15828301    2.52%          x15_25 U 463170 383352     43
 463464 426109      800.0621    69      820.5641      799.8569 15839402    2.52%          x17_37 N 463464 376050     36
 463736 426335      804.6311    43      820.5641      799.8591 15850400    2.52%          x12_18 U 463736 388558     40
 464029 426584      800.0000    67      820.5641      799.8610 15861249    2.52%          x18_25 D 464029 359441     51
 464323 426847      820.1760    28      820.5641      799.8630 15872509    2.52%           x26_6 U 464323 464321     38
 464600 427099      816.8536    49      820.5641      799.8648 15882794    2.52%          x13_29 U 464600 179690     51
 464898 427339      819.6409    53      820.5641      799.8670 15894317    2.52%          x25_16 U 464898 290397     49
 465198 427606      804.5376    56      820.5641      799.8692 15905373    2.52%          x42_39 D 465198 465196     45
 465529 427901      804.0973    26      820.5641      799.8712 15915451    2.52%          x23_38 U 465529 355665     36
Elapsed time = 7532.76 sec. (15939088.37 ticks, tree = 1792.36 MB, solutions = 1)
 465819 428150      810.4668    59      820.5641      799.8729 15926445    2.52%           x6_39 N 465819 442262     52
 466120 428410      801.7399   102      820.5641      799.8751 15937446    2.52%          x39_27 U 466120 229050     34
 466405 428659      810.9094    47      820.5641      799.8771 15948140    2.52%          x36_28 U 466405 338460     32
 466705 428890        cutoff            820.5641      799.8791 15958839    2.52%          x22_29 U 466705 460678     58
 466988 429153      809.4403    40      820.5641      799.8812 15969789    2.52%          x16_26 U 466988 446492     52
 467324 429451      812.7767    63      820.5641      799.8829 15979356    2.52%          x13_25 U 467324 467322     50
 467618 429700      806.3528    56      820.5641      799.8849 15989653    2.52%          x33_27 U 467618 467616     36
 467930 429986      802.0681    54      820.5641      799.8870 16000589    2.52%          x15_13 U 467930 383123     36
 468234 430257        cutoff            820.5641      799.8888 16011184    2.52%          x23_18 U 468234 453270     68
 468525 430510      806.6927    64      820.5641      799.8906 16022975    2.52%          x34_35 D 468525 417605     15
Elapsed time = 7613.31 sec. (16092099.53 ticks, tree = 1806.20 MB, solutions = 1)
 468808 430748        cutoff            820.5641      799.8927 16033963    2.52%          x27_18 U 468808 433365     35
 469109 431017      802.2118    59      820.5641      799.8948 16044972    2.52%          x17_15 U 469109 398334     43
 469416 431296      799.9756    66      820.5641      799.8966 16055472    2.52%          x22_18 N 469416 428292     56
 469710 431558      803.5552    86      820.5641      799.8984 16067113    2.52%          x38_39 U 469710 469708     49
 469999 431814      810.9914    36      820.5641      799.9004 16078872    2.52%          x33_26 N 469999 469997     21
 470289 432056      803.2745    57      820.5641      799.9026 16089772    2.52%          x22_25 U 470289 470287     46
 470573 432302        cutoff            820.5641      799.9047 16100754    2.52%          x23_18 U 470573 413082     49
 470880 432578      802.6254    50      820.5641      799.9068 16111882    2.52%          x27_26 D 470880 416196     28
 471204 432867      800.1060    53      820.5641      799.9087 16122271    2.52%          x15_16 D 471204 471203     55
 471523 433147        cutoff            820.5641      799.9108 16133071    2.52%           x28_5 U 471523 444669     33
Elapsed time = 7690.00 sec. (16245073.03 ticks, tree = 1819.64 MB, solutions = 1)
 471816 433408      814.0428    68      820.5641      799.9127 16144071    2.52%          x23_18 D 471816 471814     65
 472092 433645        cutoff            820.5641      799.9143 16153971    2.52%          x26_34 D 472092 472090     42
 472379 433907      803.0707    36      820.5641      799.9163 16164762    2.52%          x39_38 U 472379  88608     32
 472709 434195      802.8267   103      820.5641      799.9182 16174494    2.52%          x13_25 U 472709 346170     27
 473016 434460      817.4421    69      820.5641      799.9203 16184958    2.52%          x26_16 U 473016 351661     38
 473316 434723      813.2522    59      820.5641      799.9222 16195405    2.52%          x26_17 U 473316 473314     46
 473626 434992      817.8798    48      820.5641      799.9242 16206350    2.52%          x29_17 U 473626 339262     41
 473917 435236        cutoff            820.5641      799.9261 16217407    2.52%          x27_18 U 473917 411151     35
 474237 435524      802.1547    71      820.5641      799.9277 16227480    2.51%          x12_13 U 474237 474235     32
 474543 435782      803.2321    61      820.5641      799.9297 16238140    2.51%          x18_22 U 474543 466997     38
Elapsed time = 7762.69 sec. (16398043.66 ticks, tree = 1831.71 MB, solutions = 1)
 474830 436023      799.9317    58      820.5641      799.9318 16248868    2.51%          x26_33 D 474830 152452     38
 475130 436285      805.5445    58      820.5641      799.9342 16259618    2.51%          x29_15 U 475130 475128     37
 475416 436528      814.7485    42      820.5641      799.9361 16270683    2.51%          x25_35 U 475416 439340     56
 475720 436814      802.6640    66      820.5641      799.9379 16281185    2.51%          x16_18 D 475720 418385     31
 476013 437065        cutoff            820.5641      799.9395 16291891    2.51%          x26_34 D 476013 401211     61
 476328 437340      800.0476    54      820.5641      799.9411 16302429    2.51%          x13_37 D 476328 421860     34
 476632 437596      815.2863    34      820.5641      799.9428 16312806    2.51%          x29_17 N 476632  71551     32
 476920 437847      800.4530    54      820.5641      799.9445 16323397    2.51%          x35_27 D 476920 444007     23
 477218 438102        cutoff            820.5641      799.9464 16334211    2.51%          x17_26 U 477218 376838     37
 477509 438356      811.8660    58      820.5641      799.9483 16345397    2.51%          x26_38 U 477509 422796     46
Elapsed time = 7841.26 sec. (16551235.77 ticks, tree = 1841.88 MB, solutions = 1)
 477785 438599      803.6939    71      820.5641      799.9503 16356463    2.51%          x33_34 U 477785 403905     24
 478076 438856      801.2365    34      820.5641      799.9528 16367475    2.51%          x15_13 D 478076 324606     35
 478395 439147      800.2737    59      820.5641      799.9545 16377282    2.51%          x33_27 D 478395 411187     40
 478671 439395      811.7013    39      820.5641      799.9565 16388644    2.51%          x35_42 U 478671 432200     67
 478998 439680      818.1087    39      820.5641      799.9585 16398806    2.51%          x13_35 U 478998 478996     41
 479291 439929      801.2727    65      820.5641      799.9604 16409309    2.51%          x29_15 D 479291 396426     20
 479591 440196      800.4191    53      820.5641      799.9623 16420445    2.51%          x38_33 D 479591 340685     55
 479887 440460      799.9706    73      820.5641      799.9642 16431240    2.51%          x17_18 D 479887 403162     40
 480141 440673        cutoff            820.5641      799.9661 16442552    2.51%          x29_17 U 480141 423092     33
 480418 440918      808.0492    71      820.5641      799.9679 16453202    2.51%          x29_22 U 480418 344674     22
Elapsed time = 7918.25 sec. (16703980.21 ticks, tree = 1854.29 MB, solutions = 1)
 480726 441189      813.1324    62      820.5641      799.9697 16462851    2.51%          x13_37 U 480726 223588     50
 481009 441440      801.5659    65      820.5641      799.9718 16474081    2.51%          x25_16 D 481009   3280     26
 481318 441710        cutoff            820.5641      799.9734 16483619    2.51%          x38_18 U 481318 314209     43
 481603 441960        cutoff            820.5641      799.9756 16494689    2.51%          x13_33 U 481603 481601     41
 481902 442208      800.9626    36      820.5641      799.9778 16505402    2.51%          x39_27 U 481902 317494     44
 482200 442464      819.3173    42      820.5641      799.9797 16516601    2.51%          x13_29 U 482200 243391     45
 482491 442719      800.0918    32      820.5641      799.9814 16528030    2.51%           x27_6 D 482491 482490     42
 482770 442953      800.2839    78      820.5641      799.9836 16539385    2.51%          x25_17 D 482770  13144     22
 483041 443192      811.6138    50      820.5641      799.9851 16549634    2.51%          x13_29 U 483041 275809     36
 483320 443439      800.0843    50      820.5641      799.9869 16560554    2.51%          x21_15 D 483320 342629     50
Elapsed time = 7993.58 sec. (16857012.30 ticks, tree = 1865.50 MB, solutions = 1)
 483600 443668      800.6485    91      820.5641      799.9887 16571712    2.51%           x28_5 D 483600 320681     18
 483891 443929      800.1059    60      820.5641      799.9905 16582353    2.51%          x38_16 D 483891 421902     51
 484187 444201      807.4369    46      820.5641      799.9924 16592382    2.51%           x27_6 U 484187 374097     55
 484479 444457      815.3812    34      820.5641      799.9946 16603301    2.51%          x37_17 U 484479 417320     40
 484794 444729      807.9197    56      820.5641      799.9964 16613300    2.51%          x12_14 U 484794 484792     56
 485094 445000      809.2196    81      820.5641      799.9980 16623382    2.51%           x6_39 U 485094 485092     31
 485386 445263      813.1190    33      820.5641      799.9999 16634106    2.51%           x2_39 U 485386 375863     23
 485674 445513      809.1170    40      820.5641      800.0017 16644850    2.51%          x13_18 U 485674 485672     43
 485980 445775      811.4224    28      820.5641      800.0034 16655067    2.51%          x17_13 U 485980 485979     56
 486277 446029      800.1573    64      820.5641      800.0050 16665591    2.51%           x26_2 D 486277 486276     41
Elapsed time = 8068.46 sec. (17010522.38 ticks, tree = 1880.37 MB, solutions = 1)
 486577 446287      815.1641    47      820.5641      800.0068 16676576    2.51%          x26_17 U 486577 397118     46
 486876 446544      803.0240    53      820.5641      800.0086 16686277    2.51%          x38_25 U 486876 486874     42
 487178 446803      800.0776    93      820.5641      800.0106 16696906    2.50%          x35_21 D 487178 487177     25
 487475 447050      800.0125    56      820.5641      800.0125 16706437    2.50%          x37_17 D 487475 207631     46
 487773 447322        cutoff            820.5641      800.0144 16717083    2.50%          x34_35 U 487773 487771     32
 488095 447618      800.0559    60      820.5641      800.0164 16727712    2.50%          x38_18 D 488095 380578     34
 488400 447880      802.7429    34      820.5641      800.0181 16738285    2.50%          x38_25 U 488400 391087     49
 488696 448143        cutoff            820.5641      800.0200 16749304    2.50%          x13_29 U 488696 442377     48
 488998 448412      802.7289    48      820.5641      800.0221 16760274    2.50%          x22_15 U 488998 488996     39
 489279 448661      806.2125    44      820.5641      800.0240 16770846    2.50%          x13_22 D 489279 427166     60
Elapsed time = 8141.91 sec. (17163785.13 ticks, tree = 1891.70 MB, solutions = 1)
 489571 448920      800.0501   100      820.5641      800.0258 16781454    2.50%          x16_26 D 489571 440086     22
 489865 449166      802.0272    33      820.5641      800.0274 16792059    2.50%          x16_18 D 489865 489789     37
 490152 449417      809.0918    45      820.5641      800.0293 16802701    2.50%          x29_22 U 490152 455326     46
 490439 449660        cutoff            820.5641      800.0311 16813530    2.50%          x13_17 D 490439 490438     29
 490756 449938      800.1311    63      820.5641      800.0331 16824208    2.50%          x33_18 N 490756  65693     22
 491037 450171      807.8705    57      820.5641      800.0349 16835237    2.50%          x29_15 U 491037 491035     31
 491310 450387      803.2014    73      820.5641      800.0368 16845999    2.50%          x29_15 D 491310 491309     30
 491613 450637      806.4687    36      820.5641      800.0389 16856773    2.50%          x15_25 U 491613 133264     45
 491921 450911      800.2005   106      820.5641      800.0407 16867319    2.50%          x27_26 D 491921 435783     37
 492237 451190      810.5297    48      820.5641      800.0427 16877715    2.50%          x36_28 U 492237 121181     35
Elapsed time = 8216.89 sec. (17316614.20 ticks, tree = 1902.83 MB, solutions = 1)
 492500 451415      811.5097    56      820.5641      800.0446 16888838    2.50%          x40_30 U 492500 161261     54
 492800 451681      803.3316    34      820.5641      800.0467 16899326    2.50%          x23_38 U 492800 287543     39
 493091 451928      805.5896    36      820.5641      800.0487 16910664    2.50%          x29_17 U 493091 418614     30
 493369 452162        cutoff            820.5641      800.0506 16921564    2.50%          x25_16 U 493369 448191     46
 493673 452427      800.1169    67      820.5641      800.0518 16932302    2.50%          x17_18 D 493673 438492     29
 493989 452702      802.5919    58      820.5641      800.0538 16943170    2.50%          x15_17 D 493989 464239     31
 494255 452924      802.8520    62      820.5641      800.0558 16954498    2.50%          x23_38 D 494255 354598     53
 494554 453181      800.1317    33      820.5641      800.0576 16964200    2.50%          x29_22 N 494554 104916     33
 494852 453455      804.0485    55      820.5641      800.0594 16974404    2.50%          x15_33 D 494852 353893     32
 495140 453714      806.6823    95      820.5641      800.0612 16985464    2.50%          x27_26 U 495140 366536     37
Elapsed time = 8294.15 sec. (17469795.84 ticks, tree = 1915.29 MB, solutions = 1)
 495415 453949      811.8723    50      820.5641      800.0632 16996136    2.50%          x36_28 U 495415 287519     40
 495719 454224      807.9472    57      820.5641      800.0651 17006816    2.50%           x2_39 U 495719 422612     32
 496016 454492      814.5065    24      820.5641      800.0667 17016109    2.50%           x36_3 U 496016 496014     34
 496335 454773      800.1875    48      820.5641      800.0686 17026577    2.50%          x11_18 D 496335 496334     54
 496632 455029      812.1966    71      820.5641      800.0707 17037414    2.50%          x27_35 U 496632 496630     38
 496927 455281      800.9150    51      820.5641      800.0724 17048114    2.50%          x39_38 D 496927 318407     35
 497213 455532      800.3952    67      820.5641      800.0741 17058262    2.50%          x17_33 D 497213 497212     36
 497496 455771      820.0082    35      820.5641      800.0760 17069463    2.50%          x33_16 U 497496  26918     34
 497780 456024      812.3670    40      820.5641      800.0776 17079868    2.50%          x37_17 U 497780 469661     25
 498069 456268      820.4342    43      820.5641      800.0795 17091201    2.50%          x27_18 U 498069 127036     21
Elapsed time = 8369.39 sec. (17622866.00 ticks, tree = 1928.16 MB, solutions = 1)
 498347 456499        cutoff            820.5641      800.0812 17101689    2.50%          x17_29 U 498347 470869     53
 498639 456757      800.6733    35      820.5641      800.0829 17112009    2.50%          x15_35 D 498639 112596     33
 498924 457016        cutoff            820.5641      800.0850 17122964    2.50%          x33_18 U 498924 424771     30
 499207 457246      800.4495    89      820.5641      800.0869 17133405    2.50%          x12_35 D 499207 499206     55
 499503 457520        cutoff            820.5641      800.0887 17143664    2.50%          x26_18 U 499503 296615     37
 499791 457765      812.2565    49      820.5641      800.0906 17153418    2.50%          x17_12 D 499791 499790     40
 500086 458014      817.7367    51      820.5641      800.0924 17163550    2.49%          x22_37 N 500086 446203     55
 500374 458276      805.1332    87      820.5641      800.0944 17174519    2.49%          x29_41 U 500374 401380     23
 500643 458507      800.2933    62      820.5641      800.0962 17185314    2.49%          x34_27 D 500643 449106     40
 500918 458733        cutoff            820.5641      800.0981 17196338    2.49%          x27_18 U 500918 356945     50
Elapsed time = 8453.67 sec. (17775786.93 ticks, tree = 1940.09 MB, solutions = 1)
 501233 459019      802.8868    92      820.5641      800.1000 17206570    2.49%          x40_31 U 501233 177214     26
 501539 459272        cutoff            820.5641      800.1018 17216828    2.49%          x13_33 U 501539 447308     57
 501823 459528      800.1515    62      820.5641      800.1037 17227322    2.49%          x40_30 D 501823 501822     37
 502109 459763      800.7201    45      820.5641      800.1057 17237909    2.49%          x29_15 D 502109 502108     50
 502390 459990      817.5675    72      820.5641      800.1074 17248707    2.49%          x26_34 D 502390 470920     58
 502684 460252      809.6438    56      820.5641      800.1092 17258865    2.49%          x39_38 U 502684 425397     64
 502974 460508      814.7851    79      820.5641      800.1113 17269469    2.49%          x33_16 N 502974 279846     41
 503237 460734        cutoff            820.5641      800.1134 17280188    2.49%          x37_18 U 503237 315090     53
 503520 460970      817.7754    34      820.5641      800.1152 17290447    2.49%          x29_15 U 503520 291385     45
 503810 461231      800.3855    41      820.5641      800.1170 17300750    2.49%          x35_11 D 503810 410311     42
Elapsed time = 8529.63 sec. (17928769.78 ticks, tree = 1950.62 MB, solutions = 1)
 504102 461477      815.0403    55      820.5641      800.1188 17311484    2.49%          x15_25 U 504102 352069     32
 504410 461740      817.4594    62      820.5641      800.1206 17321490    2.49%          x13_37 U 504410 504408     54
 504701 461998      800.4846    43      820.5641      800.1219 17331777    2.49%          x29_22 D 504701 387487     36
 504984 462248      802.3419    58      820.5641      800.1238 17342483    2.49%          x38_25 U 504984 504982     49
 505250 462474      815.2623    76      820.5641      800.1257 17353029    2.49%          x40_45 U 505250 150585     36
 505548 462750      804.3959    59      820.5641      800.1274 17363161    2.49%          x22_16 U 505548 352902     42
 505858 463030      803.5588    49      820.5641      800.1292 17372180    2.49%          x14_18 U 505858 264122     36
 506141 463288      800.2186    54      820.5641      800.1309 17382858    2.49%          x40_30 D 506141 506140     37
 506447 463566      807.6882    38      820.5641      800.1326 17392996    2.49%          x26_27 U 506447 506445     18
 506719 463804      804.7596    28      820.5641      800.1345 17404490    2.49%          x39_38 D 506719 506718     58
Elapsed time = 8602.90 sec. (18081745.36 ticks, tree = 1961.23 MB, solutions = 1)
 507025 464074      809.9699    32      820.5641      800.1361 17414754    2.49%          x36_28 U 507025 257788     42
 507302 464311      810.4528    35      820.5641      800.1377 17425029    2.49%          x25_16 U 507302 418872     39
 507596 464549      800.1435    78      820.5641      800.1395 17434912    2.49%          x33_18 D 507596 163363     23
 507887 464802      812.5895    24      820.5641      800.1410 17445401    2.49%          x27_35 U 507887 311423     46
 508185 465060      803.7641    53      820.5641      800.1427 17455606    2.49%          x18_17 U 508185 459736     41
 508479 465309      805.4792    34      820.5641      800.1444 17465688    2.49%          x29_17 N 508479 348019     23
 508740 465538      800.3125    43      820.5641      800.1461 17476446    2.49%           x6_39 D 508740 508739     23
 509033 465782      800.1742    54      820.5641      800.1479 17487018    2.49%          x11_18 D 509033 354856     57
 509320 466021      800.4310    28      820.5641      800.1496 17497655    2.49%          x18_11 D 509320 382429     40
 509634 466297      819.6377    50      820.5641      800.1513 17507362    2.49%          x22_37 U 509634 509632     42
Elapsed time = 8674.84 sec. (18234599.86 ticks, tree = 1970.98 MB, solutions = 1)
 509932 466555      805.2734    39      820.5641      800.1529 17517674    2.49%          x26_33 D 509932 360323     29
 510200 466785      800.1722    49      820.5641      800.1546 17527264    2.49%          x13_14 D 510200 510199     48
 510491 467041        cutoff            820.5641      800.1564 17537491    2.49%          x29_18 U 510491 426850     48
 510775 467288      819.3848    80      820.5641      800.1582 17548069    2.49%          x18_33 U 510775 445971     31
 511068 467546      817.9795    45      820.5641      800.1602 17557886    2.49%          x29_22 U 511068 498971     40
 511353 467804      804.8554    38      820.5641      800.1621 17568595    2.49%          x38_25 U 511353 511351     30
 511655 468069      800.8665    66      820.5641      800.1637 17578082    2.49%          x26_39 D 511655 467341     27
 511938 468320      812.4406    65      820.5641      800.1657 17588780    2.49%          x23_39 U 511938 350669     45
 512213 468543      800.3214    85      820.5641      800.1673 17599042    2.49%           x2_27 D 512213 512212     38
 512493 468782      800.4976    65      820.5641      800.1688 17609485    2.49%          x33_27 D 512493 399528     37
Elapsed time = 8746.88 sec. (18387404.46 ticks, tree = 1983.70 MB, solutions = 1)
 512770 469016      800.3654    39      820.5641      800.1708 17620506    2.49%          x13_29 D 512770 512769     47
 513050 469256      819.7721    83      820.5641      800.1722 17630670    2.49%          x23_18 N 513050 468885     38
 513338 469513      807.4078    36      820.5641      800.1739 17641037    2.48%          x39_27 U 513338 408111     48
 513627 469763        cutoff            820.5641      800.1755 17651800    2.48%          x23_18 U 513627 380128     46
 513920 470016      800.6328    28      820.5641      800.1769 17662205    2.48%          x29_15 N 513920 405508     35
 514218 470283      800.3322    32      820.5641      800.1788 17673001    2.48%          x26_39 D 514218 454740     36
 514519 470549      801.2759    59      820.5641      800.1806 17682623    2.48%          x25_37 D 514519 514518     45
 514818 470820      808.5113    23      820.5641      800.1823 17692760    2.48%          x26_33 U 514818 434106     41
 515101 471072      805.6681    28      820.5641      800.1841 17703043    2.48%           x0_40 D 515101 331014     56
 515360 471277      819.2964    59      820.5641      800.1858 17713447    2.48%          x37_29 N 515360 515357     49
Elapsed time = 8820.66 sec. (18540238.28 ticks, tree = 1998.26 MB, solutions = 1)
 515618 471492      811.6741    50      820.5641      800.1874 17723514    2.48%          x29_22 U 515618 306077     33
 515899 471732      814.5258    46      820.5641      800.1889 17734124    2.48%          x26_39 U 515899 515897     43
 516187 471976        cutoff            820.5641      800.1904 17743649    2.48%          x22_29 U 516187 287127     40
 516460 472215      806.8721    43      820.5641      800.1924 17754700    2.48%          x13_22 D 516460 516458     52
 516742 472465      817.2797    74      820.5641      800.1942 17765650    2.48%          x22_25 U 516742 334127     34
 517048 472725      805.1813    54      820.5641      800.1958 17775468    2.48%          x33_38 U 517048 517046     44
 517312 472940      804.1586    72      820.5641      800.1974 17785926    2.48%          x12_18 U 517312 517310     43
 517592 473185      800.3905    58      820.5641      800.1990 17796594    2.48%          x37_17 D 517592 517591     45
 517886 473429      812.9040    80      820.5641      800.2005 17806621    2.48%           x2_27 U 517886 428002     48
 518180 473682      812.3943    53      820.5641      800.2025 17816814    2.48%          x13_18 U 518180 446425     61
Elapsed time = 8895.16 sec. (18693312.74 ticks, tree = 2012.97 MB, solutions = 1)
 518450 473893      808.4917    76      820.5641      800.2044 17827029    2.48%          x40_30 U 518450 109295     55
 518741 474136      803.2609    65      820.5641      800.2059 17837079    2.48%          x33_39 D 518741 448200     33
 519002 474346      802.8968    41      820.5641      800.2078 17847856    2.48%          x15_12 N 519002 446750     40
 519300 474598      800.4935    68      820.5641      800.2092 17856702    2.48%          x23_18 D 519300 519299     42
 519590 474857      805.2724    46      820.5641      800.2109 17866665    2.48%          x38_25 U 519590 519588     52
 519850 475081      810.2539    76      820.5641      800.2127 17877202    2.48%          x40_30 U 519850 397629     43
 520150 475336      807.2095    50      820.5641      800.2140 17887169    2.48%          x23_39 U 520150 520148     29
 520440 475598      811.4693    34      820.5641      800.2157 17897401    2.48%          x18_25 U 520440 436920     37
 520734 475864      800.3985    46      820.5641      800.2175 17907725    2.48%           x2_39 D 520734 396087     29
 521029 476130      802.0711    56      820.5641      800.2190 17917229    2.48%          x35_25 D 521029 521028     39
Elapsed time = 8969.52 sec. (18846318.21 ticks, tree = 2024.91 MB, solutions = 1)
 521324 476392      801.7837    45      820.5641      800.2209 17927611    2.48%          x25_37 D 521324 521323     50
 521593 476625      818.6910    41      820.5641      800.2223 17937874    2.48%           x26_6 U 521593 521591     48
 521874 476874      807.5140    58      820.5641      800.2241 17947951    2.48%          x33_26 U 521874 521872     37
 522170 477138      801.5519    41      820.5641      800.2257 17958200    2.48%          x42_39 N 522170 165748     25
 522465 477378      805.8754    55      820.5641      800.2275 17968494    2.48%          x12_16 U 522465 461676     31
 522742 477610      800.3871    54      820.5641      800.2292 17979029    2.48%          x26_42 D 522742 522741     44
 523023 477855      819.6578    58      820.5641      800.2307 17988906    2.48%          x26_34 D 523023 203062     49
 523290 478083      800.2560    55      820.5641      800.2322 17999297    2.48%          x29_22 D 523290 257372     31
 523569 478319      809.2124    52      820.5641      800.2337 18010008    2.48%           x27_2 U 523569 499822     66
 523868 478581        cutoff            820.5641      800.2355 18020283    2.48%           x8_34 U 523868 523866     52
Elapsed time = 9049.97 sec. (18999349.11 ticks, tree = 2037.40 MB, solutions = 1)
 524148 478842      812.4845    30      820.5641      800.2371 18030388    2.48%          x17_26 U 524148 417447     41
 524427 479078      802.5193    51      820.5641      800.2391 18040715    2.48%          x39_38 N 524427 311050     49
 524730 479360      819.6074    29      820.5641      800.2407 18050943    2.48%          x25_18 U 524730 229200     39
 525012 479607      802.3952    62      820.5641      800.2423 18061078    2.48%          x27_33 D 525012 151258     33
 525301 479859      816.7823    45      820.5641      800.2439 18071219    2.48%          x35_27 U 525301 525299     27
 525593 480089      817.1242    62      820.5641      800.2455 18081346    2.48%           x3_27 U 525593 465397     45
 525882 480349      800.4968    58      820.5641      800.2472 18091556    2.48%          x33_16 D 525882 525881     34
 526155 480577      800.6096    61      820.5641      800.2490 18101557    2.48%          x11_18 D 526155 526154     41
 526460 480845      820.4662    69      820.5641      800.2506 18111569    2.48%          x39_33 U 526460 526458     50
 526765 481106      806.2436    50      820.5641      800.2523 18121542    2.48%          x12_16 U 526765 526763     45
Elapsed time = 9127.07 sec. (19152332.45 ticks, tree = 2048.36 MB, solutions = 1)
Nodefile size = 0.96 MB (0.54 MB after compression)
 527067 481368      813.3547    89      820.5641      800.2540 18131542    2.48%          x39_35 U 527067 527065     48
 527347 481611      811.2281    34      820.5641      800.2555 18141607    2.47%           x2_42 U 527347 291647     69
 527610 481825      808.7259    47      820.5641      800.2570 18151681    2.47%          x15_35 N 527610 351087     44
 527897 482073      800.3134    82      820.5641      800.2587 18162100    2.47%          x26_27 D 527897 364017     20
 528168 482311      819.6117    66      820.5641      800.2604 18171650    2.47%          x26_38 U 528168 528166     34
 528430 482534      800.5281    64      820.5641      800.2621 18182189    2.47%          x34_18 D 528430 528429     28
 528724 482784      800.3402    47      820.5641      800.2634 18190778    2.47%          x13_25 D 528724 361317     41
 529042 483064      806.7559    76      820.5641      800.2649 18200679    2.47%          x13_18 U 529042 490709     47
 529330 483322      820.3147    51      820.5641      800.2668 18210869    2.47%          x16_33 U 529330 445284     35
 529592 483547      804.6457    31      820.5641      800.2683 18222232    2.47%          x29_17 U 529592 129575     18
Elapsed time = 9202.90 sec. (19305492.52 ticks, tree = 2059.37 MB, solutions = 1)
Nodefile size = 11.79 MB (7.12 MB after compression)
 529866 483774      815.9556    71      820.5641      800.2701 18232533    2.47%          x26_33 U 529866 459524     45
 530151 484023      800.4280    60      820.5641      800.2719 18242623    2.47%          x18_11 D 530151 435174     51
 530420 484258      812.7234    20      820.5641      800.2735 18252766    2.47%          x35_21 U 530420 330525     39
 530695 484497      804.2921    34      820.5641      800.2751 18263722    2.47%          x33_38 D 530695 152081     27
 530978 484726      804.5687    64      820.5641      800.2766 18273360    2.47%          x29_18 N 530978 530976     54
 531255 484963      814.5152    69      820.5641      800.2782 18282959    2.47%          x33_16 U 531255 336115     42
 531528 485195      804.2503    67      820.5641      800.2799 18293047    2.47%          x15_11 U 531528 411309     48
 531800 485428      816.0402    51      820.5641      800.2815 18303683    2.47%           x2_27 U 531800 314711     34
 532103 485702      800.2852    65      820.5641      800.2833 18313827    2.47%          x33_25 D 532103 484885     45
 532419 485996      819.4768    76      820.5641      800.2850 18323931    2.47%          x13_29 U 532419 136152     42
Elapsed time = 9278.76 sec. (19458635.50 ticks, tree = 2071.49 MB, solutions = 1)
Nodefile size = 24.07 MB (14.35 MB after compression)
 532702 486243        cutoff            820.5641      800.2869 18334057    2.47%          x17_29 U 532702 500270     36
 532973 486483      815.2361    82      820.5641      800.2886 18344531    2.47%          x39_26 U 532973 490711     49
 533226 486706      818.1023    30      820.5641      800.2901 18354930    2.47%          x18_17 U 533226 462144     41
 533501 486935        cutoff            820.5641      800.2921 18365424    2.47%          x23_18 U 533501 407384     39
 533808 487200      804.0306    56      820.5641      800.2938 18375399    2.47%          x42_26 U 533808 351398     22
 534098 487443      816.3277    34      820.5641      800.2953 18384969    2.47%          x18_38 U 534098 534096     36
 534392 487704        cutoff            820.5641      800.2966 18394561    2.47%           x2_27 U 534392 524517     59
 534660 487925      801.5216    95      820.5641      800.2983 18405232    2.47%          x36_28 D 534660 400404     35
 534954 488166      800.4183    67      820.5641      800.3001 18414999    2.47%          x16_33 D 534954 534953     59
 535232 488405      809.8754    79      820.5641      800.3018 18425305    2.47%          x27_35 N 535232 327716     36
Elapsed time = 9352.04 sec. (19611662.00 ticks, tree = 2082.69 MB, solutions = 1)
Nodefile size = 35.07 MB (20.19 MB after compression)
 535514 488652      800.7193    62      820.5641      800.3035 18435404    2.47%          x13_18 D 535514 535513     50
 535793 488883      800.3252    63      820.5641      800.3052 18445671    2.47%          x13_37 D 535793 450495     48
 536093 489142      810.1439    28      820.5641      800.3068 18456228    2.47%          x42_27 D 536093  58473     17
 536380 489397      807.0072    36      820.5641      800.3081 18466338    2.47%          x37_17 U 536380 536378     31
 536655 489623        cutoff            820.5641      800.3097 18476972    2.47%          x37_18 U 536655 459428     46
 536930 489870      809.7153    54      820.5641      800.3113 18487576    2.47%          x17_16 U 536930 433625     45
 537200 490101      802.6126    30      820.5641      800.3130 18497977    2.47%          x15_13 U 537200 537198     32
 537486 490348      820.0638    40      820.5641      800.3145 18508133    2.47%          x17_29 U 537486 537484     40
 537770 490584      817.6821    53      820.5641      800.3164 18518481    2.47%          x13_29 U 537770 537768     31
 538072 490850      817.7891    51      820.5641      800.3181 18528124    2.47%          x13_29 U 538072 263826     46
Elapsed time = 9427.38 sec. (19764769.00 ticks, tree = 2093.40 MB, solutions = 1)
Nodefile size = 46.32 MB (26.97 MB after compression)
 538349 491088      812.8889    68      820.5641      800.3196 18538045    2.47%          x40_45 U 538349 446489     50
 538645 491359      800.3908    59      820.5641      800.3213 18547721    2.47%          x26_38 D 538645 355183     47
 538922 491603      800.7564    35      820.5641      800.3227 18557067    2.47%          x29_17 D 538922 374160     22
 539190 491841      800.3894    50      820.5641      800.3243 18567559    2.47%          x29_15 D 539190 539189     45
 539477 492092      801.2034    65      820.5641      800.3260 18576981    2.47%          x33_38 U 539477 341807     52
 539758 492336      807.3849    18      820.5641      800.3275 18587406    2.47%          x38_34 U 539758 539756     29
 540055 492597        cutoff            820.5641      800.3293 18597118    2.47%          x23_18 U 540055 540053     41
 540344 492849      805.4203    65      820.5641      800.3308 18606471    2.47%          x33_27 U 540344 540342     46
 540624 493102        cutoff            820.5641      800.3323 18616204    2.47%          x13_37 U 540624 302545     77
 540891 493341      810.8358    55      820.5641      800.3338 18625619    2.47%          x17_37 U 540891 305790     39
Elapsed time = 9500.78 sec. (19917584.08 ticks, tree = 2106.13 MB, solutions = 1)
Nodefile size = 58.26 MB (33.90 MB after compression)
 541166 493570      808.9281    98      820.5641      800.3355 18636024    2.47%          x26_33 U 541166 541164     15
 541429 493799      807.2900    58      820.5641      800.3371 18646374    2.47%          x25_16 U 541429 541427     54
 541675 494007      804.6933    89      820.5641      800.3386 18656763    2.46%          x17_25 U 541675 306078     31
 541941 494228      801.2882    44      820.5641      800.3400 18667247    2.46%          x33_39 U 541941 541939     32
 542208 494462      803.2892    84      820.5641      800.3417 18677580    2.46%          x13_22 D 542208 481062     42
 542467 494679      800.8953    68      820.5641      800.3433 18688287    2.46%          x13_15 U 542467 542466     46
 542748 494924      801.3555    90      820.5641      800.3451 18698455    2.46%          x18_17 U 542748 542746     54
 543011 495141      805.2137    51      820.5641      800.3465 18708835    2.46%          x23_39 U 543011 543009     64
 543280 495382      805.6691    54      820.5641      800.3481 18718275    2.46%          x26_33 D 543280 395709     26
 543564 495624      800.3796    77      820.5641      800.3499 18728714    2.46%          x29_22 D 543564 408449     27
Elapsed time = 9574.34 sec. (20070444.44 ticks, tree = 2116.28 MB, solutions = 1)
Nodefile size = 68.72 MB (40.01 MB after compression)
 543860 495893      800.3858    37      820.5641      800.3514 18737998    2.46%          x33_35 D 543860 543859     30
 544127 496100        cutoff            820.5641      800.3526 18747552    2.46%          x18_33 U 544127 544125     44
 544390 496323      808.2303    69      820.5641      800.3539 18758321    2.46%          x13_29 U 544390 477052     54
 544662 496561      802.5023    68      820.5641      800.3555 18768885    2.46%          x18_13 U 544662  76294     51
 544941 496789      804.4258    58      820.5641      800.3575 18778931    2.46%          x11_18 U 544941 469009     30
 545239 497059      810.2619    68      820.5641      800.3590 18789108    2.46%          x12_18 U 545239 536509     42
 545515 497289      806.8226    53      820.5641      800.3608 18799105    2.46%          x27_38 U 545515 394054     44
 545780 497514      804.7715    91      820.5641      800.3626 18809073    2.46%          x35_21 U 545780 487323     46
 546077 497773      801.3126    49      820.5641      800.3643 18818413    2.46%          x13_37 D 546077  92459     39
 546359 498030      801.0695    55      820.5641      800.3661 18828985    2.46%          x33_26 U 546359 546358     35
Elapsed time = 9647.71 sec. (20223381.01 ticks, tree = 2127.62 MB, solutions = 1)
Nodefile size = 79.88 MB (46.42 MB after compression)
 546643 498274      801.8858    63      820.5641      800.3675 18837919    2.46%          x22_12 N 546643 546641     61
 546915 498517      806.7709    78      820.5641      800.3690 18848099    2.46%          x33_35 U 546915 546913     31
 547175 498735      816.5190    67      820.5641      800.3707 18858280    2.46%          x42_35 U 547175 547173     43
 547460 498968      801.9247    44      820.5641      800.3722 18868656    2.46%          x13_22 U 547460 467331     36
 547732 499206      817.5335    46      820.5641      800.3738 18878389    2.46%          x26_38 U 547732 467807     62
 547992 499439      813.9957   103      820.5641      800.3755 18888587    2.46%          x26_27 N 547992 506482     19
 548268 499667        cutoff            820.5641      800.3772 18899123    2.46%          x27_17 U 548268 495323     42
 548542 499903      813.4691    36      820.5641      800.3786 18909012    2.46%          x17_33 U 548542 488753     31
 548815 500132      806.4920    69      820.5641      800.3801 18918165    2.46%          x18_11 U 548815 548813     49
 549103 500383      801.1562    72      820.5641      800.3819 18928106    2.46%          x25_14 D 549103 415558     73
Elapsed time = 9724.27 sec. (20376323.54 ticks, tree = 2136.13 MB, solutions = 1)
Nodefile size = 88.26 MB (51.33 MB after compression)
 549356 500598      800.4220    93      820.5641      800.3834 18938483    2.46%          x18_22 D 549356 503297     56
 549636 500826      803.2205    32      820.5641      800.3850 18948138    2.46%          x22_12 U 549636 154420     38
 549924 501080      804.1644    48      820.5641      800.3865 18958395    2.46%          x14_18 U 549924 549922     61
 550203 501314      803.8271    62      820.5641      800.3881 18967986    2.46%          x16_18 D 550203 477241     51
 550462 501539      800.5135    58      820.5641      800.3895 18978268    2.46%          x26_33 D 550462 483883     56
 550751 501794      800.6520    67      820.5641      800.3911 18988327    2.46%          x29_22 D 550751 496539     43
 551017 502014      801.9765    52      820.5641      800.3930 18998947    2.46%          x18_17 U 551017 483645     32
 551298 502256      820.1313    40      820.5641      800.3945 19008784    2.46%          x29_17 U 551298 479816     37
 551557 502462      819.2739    71      820.5641      800.3961 19019381    2.46%          x29_13 U 551557 525608     45
 551840 502722      807.4596    59      820.5641      800.3975 19029242    2.46%          x33_25 U 551840 551838     47
Elapsed time = 9801.81 sec. (20529310.36 ticks, tree = 2146.99 MB, solutions = 1)
Nodefile size = 99.46 MB (57.82 MB after compression)
 552120 502980      800.4476    60      820.5641      800.3990 19039268    2.46%          x15_26 D 552120 467035     43
 552381 503199      801.1793    42      820.5641      800.4007 19049480    2.46%          x13_18 D 552381 552379     31
 552650 503428      805.8032    41      820.5641      800.4023 19060962    2.46%          x22_18 U 552650 376353     41
 552935 503687      800.7576    66      820.5641      800.4040 19070707    2.46%          x18_23 D 552935 552934     53
 553220 503936      802.1342    64      820.5641      800.4054 19080616    2.46%          x16_18 U 553220 231007     43
 553495 504174        cutoff            820.5641      800.4072 19091050    2.46%          x25_18 U 553495 553493     22
 553779 504423      800.6827    60      820.5641      800.4088 19101138    2.46%          x13_37 D 553779 553778     50
 554043 504652      803.1252    39      820.5641      800.4103 19111274    2.46%          x15_17 D 554043 196133     52
 554331 504894      808.2935    57      820.5641      800.4117 19121314    2.46%          x18_14 U 554331 554329     42
 554619 505153      800.7387    48      820.5641      800.4135 19131416    2.46%          x29_17 D 554619 391301     23
Elapsed time = 9880.14 sec. (20682354.27 ticks, tree = 2157.94 MB, solutions = 1)
Nodefile size = 110.21 MB (63.71 MB after compression)
 554889 505386      800.5040    43      820.5641      800.4151 19140855    2.46%          x29_13 D 554889 132741     20
 555155 505616        cutoff            820.5641      800.4167 19151386    2.46%          x38_18 U 555155 181783     46
 555419 505847      819.2341    50      820.5641      800.4184 19161341    2.46%          x38_15 N 555419 555417     34
 555695 506085      803.5878    64      820.5641      800.4200 19171379    2.45%          x12_13 U 555695  62551     34
 555956 506303      800.4261    48      820.5641      800.4216 19181311    2.45%          x21_35 D 555956 216813     44
 556229 506537      808.8796    53      820.5641      800.4234 19191452    2.45%          x11_35 U 556229 161025     40
 556478 506754      810.1236    44      820.5641      800.4250 19201708    2.45%          x22_33 U 556478  72082     50
 556760 507006      808.4908    84      820.5641      800.4268 19211801    2.45%          x21_18 U 556760 204511     41
 557036 507240      805.8104    49      820.5641      800.4283 19222419    2.45%          x18_17 N 557036 247221     25
 557316 507500      811.6063    52      820.5641      800.4298 19231825    2.45%          x36_28 U 557316 550610     53
Elapsed time = 9961.35 sec. (20835250.26 ticks, tree = 2168.81 MB, solutions = 1)
Nodefile size = 121.30 MB (69.45 MB after compression)
 557595 507743      809.9207    56      820.5641      800.4314 19242030    2.45%          x42_26 N 557595 235899     33
 557873 507985      812.5186    62      820.5641      800.4329 19251816    2.45%          x13_25 U 557873 513818     48
 558137 508203      802.4156    46      820.5641      800.4344 19261790    2.45%          x13_37 N 558137 558136     34
 558402 508429      811.5963    81      820.5641      800.4362 19272067    2.45%           x2_27 U 558402 458391     34
 558670 508659      801.1789    68      820.5641      800.4377 19282100    2.45%          x15_16 D 558670 558669     50
 558938 508892      800.4401    62      820.5641      800.4394 19292708    2.45%          x40_30 D 558938 495163     51
 559215 509139      802.4257    55      820.5641      800.4406 19301932    2.45%          x22_14 U 559215 559213     62
 559501 509395      800.4424    58      820.5641      800.4424 19311546    2.45%          x22_18 D 559501 520171     34
 559777 509640        cutoff            820.5641      800.4440 19321295    2.45%          x18_37 U 559777 411787     52
 560053 509891      803.9815    58      820.5641      800.4455 19329886    2.45%          x15_33 D 560053 560052     51
Elapsed time = 10037.37 sec. (20988146.63 ticks, tree = 2181.32 MB, solutions = 1)
Nodefile size = 133.64 MB (76.39 MB after compression)
 560333 510137      811.1417    50      820.5641      800.4470 19340105    2.45%          x38_35 N 560333 315536     36
 560590 510367      800.5546    51      820.5641      800.4486 19350006    2.45%          x29_15 D 560590 262750     37
 560861 510591      807.8527    69      820.5641      800.4503 19360039    2.45%          x13_18 N 560861 459345     44
 561129 510822      806.1467    50      820.5641      800.4523 19370980    2.45%          x37_17 U 561129 289328     27
 561402 511054      816.6724    30      820.5641      800.4538 19380539    2.45%          x25_18 U 561402 561400     39
 561681 511277      803.5108    51      820.5641      800.4550 19390289    2.45%          x27_35 N 561681 453372     28
 561967 511541      807.9918    63      820.5641      800.4565 19400225    2.45%          x39_42 U 561967 561965     40
 562240 511745      800.4973    71      820.5641      800.4579 19409951    2.45%          x26_38 D 562240 562239     64
 562503 511970      819.4985    42      820.5641      800.4595 19420342    2.45%          x16_33 U 562503 554651     55
 562788 512209      800.6532    65      820.5641      800.4614 19430215    2.45%          x13_37 D 562788 562787     44
Elapsed time = 10111.68 sec. (21141175.23 ticks, tree = 2193.29 MB, solutions = 1)
Nodefile size = 145.95 MB (83.08 MB after compression)
 563054 512442      801.9895    54      820.5641      800.4631 19440834    2.45%          x27_26 D 563054 563053     39
 563342 512696      800.8929    78      820.5641      800.4645 19450482    2.45%          x33_39 D 563342 563341     54
 563590 512908      800.4661    72      820.5641      800.4661 19461429    2.45%          x35_11 D 563590 495143     39
 563851 513119      814.2917    84      820.5641      800.4677 19471707    2.45%          x29_22 U 563851 563849     44
 564120 513346      800.6625    67      820.5641      800.4690 19481924    2.45%          x17_29 D 564120 564119     60
 564394 513590      817.1967    50      820.5641      800.4704 19491851    2.45%          x13_29 U 564394 498249     43
 564684 513823      806.6192    35      820.5641      800.4718 19501096    2.45%          x13_22 D 564684 165170     60
 564950 514051      803.7465    28      820.5641      800.4734 19511108    2.45%          x17_13 U 564950 564949     51
 565212 514281      813.4156    27      820.5641      800.4749 19521120    2.45%          x38_25 D 565212 565210     51
 565524 514558      814.1635    47      820.5641      800.4764 19529869    2.45%          x17_29 U 565524 546573     43
Elapsed time = 10186.06 sec. (21294117.22 ticks, tree = 2204.28 MB, solutions = 1)
Nodefile size = 156.65 MB (88.80 MB after compression)
 565769 514769      807.7058    58      820.5641      800.4778 19540224    2.45%          x33_39 U 565769 490416     56
 566040 515001      800.7329    68      820.5641      800.4794 19549793    2.45%          x38_39 D 566040 566039     38
 566306 515210      810.3074    77      820.5641      800.4810 19560337    2.45%           x2_27 U 566306 491965     40
 566570 515446      800.5268    68      820.5641      800.4827 19570081    2.45%          x14_18 D 566570 566569     55
 566858 515689      807.4611    45      820.5641      800.4840 19579347    2.45%           x27_2 U 566858 497286     39
 567129 515925      816.2087    56      820.5641      800.4858 19589814    2.45%          x17_25 U 567129 547364     52
 567398 516162      800.7227    63      820.5641      800.4874 19599537    2.45%          x39_43 D 567398 503883     44
 567672 516399      800.7652    58      820.5641      800.4887 19608788    2.45%          x25_11 D 567672 180292     57
 567942 516628      801.3392    59      820.5641      800.4901 19618716    2.45%          x15_17 D 567942 487537     33
 568205 516860      805.6098    50      820.5641      800.4916 19628511    2.45%          x34_35 D 568205 465682     24
Elapsed time = 10261.38 sec. (21446970.83 ticks, tree = 2215.81 MB, solutions = 1)
Nodefile size = 168.32 MB (95.81 MB after compression)
 568500 517124      815.0027    23      820.5641      800.4929 19638204    2.45%          x13_29 U 568500 513393     28
 568775 517366      810.9515    92      820.5641      800.4945 19648461    2.45%           x6_39 U 568775 556111     66
 569037 517596      800.7066    89      820.5641      800.4960 19658382    2.45%          x39_26 D 569037 569036     16
 569309 517829      801.0887    61      820.5641      800.4974 19668250    2.45%          x12_14 D 569309 475449     53
 569600 518085      801.5543    36      820.5641      800.4989 19678260    2.45%          x12_11 U 569600 521565     41
 569856 518295        cutoff            820.5641      800.5006 19688642    2.45%          x29_17 U 569856 569854     36
 570133 518533      800.8062    28      820.5641      800.5024 19698788    2.44%          x12_13 D 570133 201471     30
 570410 518765      816.2838    84      820.5641      800.5039 19708727    2.44%          x26_16 U 570410 311311     55
 570687 518999      816.1732    95      820.5641      800.5052 19718555    2.44%          x26_16 U 570687 352762     43
 570933 519208      800.6638    97      820.5641      800.5066 19729117    2.44%          x12_22 D 570933 570932     58
Elapsed time = 10337.47 sec. (21600207.66 ticks, tree = 2229.02 MB, solutions = 1)
Nodefile size = 181.52 MB (103.74 MB after compression)
 571215 519437      819.9774    36      820.5641      800.5081 19739045    2.44%          x25_18 U 571215 465958     51
 571494 519677      807.0312    60      820.5641      800.5096 19749734    2.44%          x39_38 U 571494 474464     40
 571753 519911      819.0573    78      820.5641      800.5110 19760332    2.44%           x28_5 U 571753 419438     43
 572019 520157      801.3391    74      820.5641      800.5127 19769471    2.44%          x42_27 U 572019 527895     40
 572290 520387      805.8726    28      820.5641      800.5140 19779918    2.44%          x33_25 D 572290 572288     63
 572566 520638      800.6801    85      820.5641      800.5155 19789574    2.44%          x33_26 U 572566 572565     44
 572840 520883      800.6416    63      820.5641      800.5170 19799654    2.44%          x39_38 D 572840 572839     54
 573104 521109      800.8102    68      820.5641      800.5184 19810174    2.44%          x29_17 D 573104 573103     48
 573365 521328      808.5568    74      820.5641      800.5198 19820612    2.44%          x33_38 D 573365 573363     61
 573628 521554      800.5242    78      820.5641      800.5212 19830067    2.44%          x40_45 D 573628 516465     46
Elapsed time = 10410.57 sec. (21753113.24 ticks, tree = 2239.07 MB, solutions = 1)
Nodefile size = 191.39 MB (109.00 MB after compression)
 573887 521756      800.5944    63      820.5641      800.5227 19840339    2.44%          x22_16 D 573887 573886     50
 574154 521979      804.9498    50      820.5641      800.5244 19850460    2.44%          x15_16 U 574154 412174     49
 574402 522171        cutoff            820.5641      800.5256 19860491    2.44%          x29_21 U 574402 574400     49
 574672 522407      812.6842    39      820.5641      800.5271 19869957    2.44%          x40_30 U 574672 493274     29
 574954 522661      813.1838    51      820.5641      800.5288 19879934    2.44%          x29_17 U 574954 503649     42
 575228 522902      800.9285    56      820.5641      800.5302 19889633    2.44%          x18_22 D 575228 412456     60
 575489 523139      811.0923    66      820.5641      800.5316 19899877    2.44%          x39_38 U 575489 575487     40
 575770 523394      803.9496    61      820.5641      800.5331 19909729    2.44%          x39_38 D 575770 479347     32
 576050 523634      801.7407    49      820.5641      800.5348 19919657    2.44%          x12_14 U 576050 108345     38
 576325 523875      810.6104    41      820.5641      800.5363 19929513    2.44%          x33_25 U 576325 576323     45
Elapsed time = 10484.51 sec. (21906147.83 ticks, tree = 2250.88 MB, solutions = 1)
Nodefile size = 203.26 MB (115.80 MB after compression)
 576588 524086      816.3628    45      820.5641      800.5379 19939730    2.44%          x35_14 U 576588 563911     41
 576873 524340      809.4319    52      820.5641      800.5392 19948065    2.44%          x33_23 U 576873 576871     41
 577142 524555      809.3330    67      820.5641      800.5407 19957808    2.44%          x33_38 U 577142 515528     81
 577431 524814      801.9788    53      820.5641      800.5422 19967094    2.44%          x12_21 U 577431 577429     53
 577713 525048      800.9011    69      820.5641      800.5435 19977034    2.44%          x26_33 D 577713 399905     33
 577988 525273      810.9904   106      820.5641      800.5450 19986842    2.44%           x2_39 U 577988 497113     66
 578265 525518      813.6687    57      820.5641      800.5462 19995843    2.44%          x37_29 N 578265 578263     49
 578497 525706        cutoff            820.5641      800.5477 20005568    2.44%          x23_18 U 578497 559207     56
 578761 525941      807.4171    30      820.5641      800.5492 20014957    2.44%          x38_25 U 578761 568883     44
 579034 526182      809.1974    59      820.5641      800.5505 20024631    2.44%          x12_22 D 579034 579032     24
Elapsed time = 10557.47 sec. (22059244.36 ticks, tree = 2261.74 MB, solutions = 1)
Nodefile size = 214.58 MB (122.03 MB after compression)
 579300 526413        cutoff            820.5641      800.5518 20033961    2.44%          x26_14 U 579300 532738     45
 579557 526643      817.2786    57      820.5641      800.5533 20043774    2.44%          x18_22 U 579557 497392     48
 579840 526892      802.3383    57      820.5641      800.5544 20052721    2.44%          x29_13 N 579840 289641     32
 580120 527142      802.0134    59      820.5641      800.5558 20062896    2.44%          x16_18 D 580120 298725     45
 580400 527379      800.5959    99      820.5641      800.5573 20072142    2.44%          x13_29 D 580400 580399     44
 580668 527598      810.0046    38      820.5641      800.5586 20081822    2.44%          x29_17 U 580668 544447     24
 580952 527850      800.6364    70      820.5641      800.5601 20091367    2.44%          x29_15 D 580952 236755     37
 581214 528078      802.0844    14      820.5641      800.5615 20101417    2.44%           x42_6 U 581214 122397     34
 581477 528308      805.4808    72      820.5641      800.5629 20111598    2.44%          x40_30 U 581477 241287     21
 581745 528547      803.1994    64      820.5641      800.5645 20121157    2.44%          x18_12 U 581745 581743     50
Elapsed time = 10630.86 sec. (22212393.64 ticks, tree = 2273.32 MB, solutions = 1)
Nodefile size = 225.58 MB (128.09 MB after compression)
 582030 528792      803.2581    37      820.5641      800.5659 20131123    2.44%          x15_17 D 582030 414857     33
 582304 529034      800.7960    75      820.5641      800.5673 20140724    2.44%          x40_45 D 582304 492326     22
 582563 529242      801.0243    55      820.5641      800.5690 20151239    2.44%           x2_39 D 582563  55114     37
 582835 529479      812.5039    32      820.5641      800.5705 20161452    2.44%          x15_16 U 582835 486818     47
 583107 529706      814.4779    42      820.5641      800.5718 20171175    2.44%          x22_18 U 583107 536628     55
 583362 529923        cutoff            820.5641      800.5735 20180953    2.44%           x28_5 U 583362 541610     47
 583629 530159      801.4603    72      820.5641      800.5751 20191001    2.44%          x25_11 D 583629 583628     50
 583892 530356      800.5863    64      820.5641      800.5762 20201213    2.44%          x18_34 D 583892 439885     30
 584163 530588      818.1162    85      820.5641      800.5780 20211303    2.44%          x39_38 U 584163 536269     55
 584430 530816      800.8597    67      820.5641      800.5796 20220625    2.44%          x18_17 D 584430 536642     36
Elapsed time = 10703.35 sec. (22365241.89 ticks, tree = 2282.85 MB, solutions = 1)
Nodefile size = 235.75 MB (133.34 MB after compression)
 584695 531038      800.7221    28      820.5641      800.5808 20230274    2.44%          x38_27 D 584695 584694     31
 584957 531274      801.0409    62      820.5641      800.5823 20240446    2.44%          x33_34 D 584957 478283     35
 585237 531524      818.8815    53      820.5641      800.5835 20249689    2.43%          x38_18 D 585237 585235     34
 585497 531743      816.4028    43      820.5641      800.5851 20259831    2.43%          x13_25 U 585497 455187     26
 585756 531977      801.2328    64      820.5641      800.5864 20269525    2.43%          x25_14 D 585756 585755     46
 586015 532200      800.8900    82      820.5641      800.5879 20279780    2.43%          x13_29 D 586015 174882     33
 586290 532446      803.6202    44      820.5641      800.5895 20289831    2.43%          x33_38 D 586290 461136     50
 586542 532660      806.7275    80      820.5641      800.5909 20300060    2.43%          x12_18 U 586542 467283     45
 586797 532878      811.3385    46      820.5641      800.5926 20310674    2.43%          x13_25 U 586797 291959     39
 587067 533109      800.9858    54      820.5641      800.5940 20320303    2.43%          x12_18 D 587067 224607     32
Elapsed time = 10776.92 sec. (22518084.04 ticks, tree = 2293.03 MB, solutions = 1)
Nodefile size = 245.77 MB (138.88 MB after compression)
 587323 533334      815.3630    51      820.5641      800.5953 20329453    2.43%          x26_38 U 587323 581977     42
 587614 533590        cutoff            820.5641      800.5967 20338396    2.43%          x29_15 U 587614 524422     42
 587891 533819        cutoff            820.5641      800.5981 20347640    2.43%          x37_18 U 587891 497885     32

Cover cuts applied:  4
Mixed integer rounding cuts applied:  2
Zero-half cuts applied:  2
Gomory fractional cuts applied:  2
User cuts applied:  13746

Root node processing (before b&c):
  Real time             =    0.11 sec. (83.23 ticks)
Sequential b&c:
  Real time             = 10799.90 sec. (22570577.41 ticks)
                          ------------
Total (root+branch&cut) = 10800.01 sec. (22570660.65 ticks)

