Version identifier: 22.1.0.0 | 2022-03-09 | 1a383f8ce
CPXPARAM_Preprocessing_Reduce                    1
CPXPARAM_Threads                                 1
CPXPARAM_Preprocessing_Reformulations            0
CPXPARAM_TimeLimit                               10800
CPXPARAM_MIP_Tolerances_AbsMIPGap                0.999
CPXPARAM_MIP_Limits_TreeMemory                   20000
Legacy callback                                  BbLUID
         Disabling repeat represolve because of lazy constraint/incumbent callback.
Tried aggregator 1 time.
MIP Presolve eliminated 1183 rows and 0 columns.
MIP Presolve modified 417 coefficients.
Reduced MIP has 507 rows, 1980 columns, and 6160 nonzeros.
Reduced MIP has 1980 binaries, 0 generals, 0 SOSs, and 0 indicators.
Presolve time = 0.00 sec. (4.07 ticks)
Probing time = 0.00 sec. (2.78 ticks)
Clique table members: 507.
MIP emphasis: balance optimality and feasibility.
MIP search method: traditional branch-and-cut.
Parallel mode: none, using 1 thread.
Root relaxation solution time = 0.00 sec. (1.24 ticks)

        Nodes                                         Cuts/
   Node  Left     Objective  IInf  Best Integer    Best Bound    ItCnt     Gap         Variable B NodeID Parent  Depth

      0     0      743.0124    48                    691.0410       33         
      0     0      760.4980    24                    Cuts: 15       55         
      0     0      763.7786    90                     User: 4       63         
      0     2      763.7786    90                    763.8006       63                                 0             0
Elapsed time = 0.11 sec. (123.65 ticks, tree = 0.01 MB, solutions = 0)
     15    17      826.5021    58                    765.7982      236                   x30_23 N     15     13     14
     38    40     1042.6280    17                    765.7982      412                    x7_10 D     38     37     35
     60    58      802.1386    20                    767.1663      793                   x25_18 U     60     59     14
     72    70      802.8157    20                    767.1663     1054                   x25_17 U     72     69     21
     81    79      812.8094    29                    767.1663     1219                   x13_22 D     81     80     26
    100    98      860.6458    61                    767.1663     1514                     x5_8 U    100     99     38
    117   115      940.9388    12                    767.1663     1628                    x2_36 U    117    116     53
    129   125      978.0981    21                    767.1663     1693                    x39_4 D    129    128     61
    141   137     1032.7042    30                    767.1663     1798                   x31_40 N    141    140     71
    202   190      828.9672    69                    767.7384     2686                   x29_41 U    202    200     27
Elapsed time = 3.14 sec. (3316.11 ticks, tree = 0.20 MB, solutions = 0)
    263   247      983.6703    29                    767.7384     3303                     x7_4 N    263    261     71
    323   301      817.4526    56                    768.8980     3968                   x37_17 N    323    322     29
    374   346    infeasible                          769.0608     4955                   x24_36 N    374    372     25
    440   412      873.5758    30                    769.0608     5875                    x9_19 N    440    438     69
    500   470      969.7033    10                    769.0608     6595                   x30_12 U    500    499    111
    557   521      799.5531    52                    769.5419     7359                   x14_16 N    557    555     19
    611   575      837.2878    41                    769.5419     8149                   x29_39 N    611    609     52
    670   632      881.4797    38                    769.5419     9139                   x18_45 D    670    668     92
    722   682     1037.9608    24                    769.5419     9760                   x16_36 U    722    721    130
    772   732     1096.9790    15                    769.5419    10099                    x8_36 U    772    771    167
Elapsed time = 8.81 sec. (13009.91 ticks, tree = 0.84 MB, solutions = 0)
    815   769      790.9843    82                    769.7093    10507                   x40_31 U    815    812      8
    876   830      856.6390    32                    769.7093    11915                   x25_41 U    876    875     50
    937   891      908.3908    48                    769.7093    12851                    x4_31 D    937    936     94
    986   936      800.2396    29                    770.1490    13361                   x33_16 D    986    985     46
   1064  1010      786.9823    26                    770.4261    14054                   x15_17 U   1064   1062     22
   1120  1066      838.4742     0                    770.4261    14865                   x17_29 U   1120   1118     60
   1184  1130      905.8973    28                    770.4261    15533                   x33_16 D   1184   1183    109
   1239  1185      970.6537    27                    770.4261    16048                   x28_20 D   1239   1238    151
   1273  1219     1083.0488    12                    770.4261    16386                     x5_2 N   1273   1271    176
   1299  1243    infeasible                          770.4261    16598                   x39_44 D   1299   1298    197
Elapsed time = 14.46 sec. (22752.31 ticks, tree = 1.49 MB, solutions = 0)
   1370  1312      909.4935    36                    770.5344    17256                   x25_41 D   1370   1369     74
   1407  1345      800.8501    36                    770.5681    17963                   x24_31 U   1407   1405     11
   1449  1385      837.3624    24                    770.5681    18569                     x9_7 N   1449   1447     38
   1492  1428      874.7095    32                    770.5681    19184                   x28_19 U   1492   1491     70
   1548  1484      976.9674    22                    770.5681    19763                   x20_38 U   1548   1547    116
   1591  1525     1056.0814    36                    770.5681    20153                   x14_29 N   1591   1590    152
   1615  1549     1449.2119    10                    770.5681    20296                   x19_27 D   1615   1613    173
   1712  1642      916.7053    32                    771.0077    21398                   x43_38 N   1712   1711     96
   1762  1692     1067.7363    12                    771.0077    21760                    x17_2 D   1762   1761    146
   1786  1712      790.0608    42                    771.2337    22108                   x18_33 U   1786   1784      9
Elapsed time = 19.93 sec. (32452.09 ticks, tree = 2.08 MB, solutions = 0)
   1831  1757      818.0396    36                    771.2337    22848                   x43_26 U   1831   1828     37
   1860  1786      879.9784    25                    771.2337    23369                   x18_30 D   1860   1859     56
   1898  1818      797.7468    34                    771.4417    23890                   x18_22 D   1898   1897     18
   1980  1900      943.1570    17                    771.4417    24518                   x26_14 U   1980   1979    100
   2038  1958     1042.5961    28                    771.4417    24973                   x21_45 N   2038   2037    158
   2073  1989      783.8782    67                    771.8032    25283                    x1_28 U   2073   2072      9
   2120  2036      831.1852    59                    771.8032    26847                   x27_33 N   2120   2118     41
   2182  2096      860.2436    28                    771.8032    27869                   x40_29 U   2182   2179     89
   2237  2149      938.7278    12                    771.8032    28670                   x30_41 D   2237   2236    134
   2276  2184     1148.2342    13                    771.8032    28941                    x0_20 U   2276   2275    167
Elapsed time = 25.40 sec. (42199.26 ticks, tree = 2.78 MB, solutions = 0)
   2294  2202     1274.2611     8                    771.8032    29161                    x31_9 U   2294   2293    178
   2335  2237      808.7311    27                    772.3246    29861                   x43_23 N   2335   2333     28
   2369  2271      840.8359    39                    772.3246    30496                     x4_2 N   2369   2367     49
   2400  2302      864.8209    23                    772.3246    30832                    x5_37 U   2400   2399     74
   2424  2326      872.8622    35                    772.3246    31080                   x20_10 D   2424   2423     90
   2465  2367      919.3207    18                    772.3246    31474                   x29_38 N   2465   2463    121
   2505  2407      940.8722    26                    772.3246    31723                   x12_20 D   2505   2503    153
   2534  2436     1006.3680    17                    772.3246    31917                    x10_1 D   2534   2532    174
   2574  2470      808.8749    28                    772.5416    32648                   x29_17 N   2574   2571     24
   2610  2506      843.7306    22                    772.5416    33105                    x7_20 U   2610   2607     46
Elapsed time = 30.38 sec. (52149.57 ticks, tree = 3.22 MB, solutions = 0)
   2657  2553      952.3250    44                    772.5416    33590                   x12_11 N   2657   2654     81
   2691  2583      780.3317    46                    772.7306    34000                    x5_28 U   2691   2690     13
   2785  2677      859.9048    30                    772.7306    34898                   x39_30 D   2785   2784    107
   2822  2714     1085.2608    31                    772.7306    35091                     x1_2 N   2822   2821    144
   2845  2731      780.6980    28                    772.9894    35288                   x26_34 D   2845   2843     13
   2899  2785      806.4525    30                    772.9894    36097                   x37_30 D   2899   2897     49
   2945  2831      858.0711    14                    772.9894    36625                    x4_15 U   2945   2944     84
   2974  2860      855.0840    14                    772.9894    36849                    x5_14 U   2974   2973    106
   3034  2920      875.3450    29                    772.9894    37140                    x20_8 D   3034   3033    161
   3092  2976      924.2463    25                    772.9894    37421                    x21_2 D   3092   3091    210
Elapsed time = 35.29 sec. (61888.67 ticks, tree = 3.89 MB, solutions = 0)
   3113  2995     1082.7006    20                    772.9894    37591                   x17_10 U   3113   3111    225
   3172  3048      808.2002    43                    773.0673    38170                   x36_45 D   3172   3171     39
   3247  3123      906.2405    22                    773.0673    38578                   x28_32 D   3247   3246    114
   3294  3170      989.4083    27                    773.0673    38762                   x20_29 N   3294   3293    161
   3319  3195     1124.4383    21                    773.0673    38914                    x37_8 D   3319   3318    186
   3343  3219     1246.6781    12                    773.0673    39069                     x6_1 D   3343   3342    210
   3357  3231     1382.8530    16                    773.0673    39165                    x9_18 U   3357   3356    223
   3380  3251      792.3252    51                    773.6128    39676                   x12_14 N   3380   3378     18
   3408  3277    infeasible                          773.6128    40054                   x17_25 N   3408   3406     37
   3451  3320      852.2551     8                    773.6128    40440                   x41_11 U   3451   3449     72
Elapsed time = 39.60 sec. (71808.51 ticks, tree = 4.38 MB, solutions = 0)
   3490  3359      867.1946    24                    773.6128    40658                    x27_8 N   3490   3488    107
   3514  3383      880.3911    27                    773.6128    40824                    x20_4 N   3514   3512    126
   3553  3422      912.0392    17                    773.6128    40972                     x6_5 N   3553   3550    157
   3570  3433      786.7576    47                    773.7930    41188                   x23_38 D   3570   3569     14
   3605  3468      811.1742    80                    773.7930    41590                   x26_34 N   3605   3604     49
   3650  3509      796.2487    44                    773.8841    42303                   x43_25 N   3650   3648     21
   3684  3543      829.3384    20                    773.8841    42884                   x17_29 U   3684   3682     43
   3726  3585      840.1610    36                    773.8841    43256                    x3_30 D   3726   3724     76
   3767  3626      947.0204     8                    773.8841    43464                   x40_29 U   3767   3765    107
   3793  3650     1084.3121    18                    773.8841    43648                     x1_7 N   3793   3792    127
Elapsed time = 43.88 sec. (81818.52 ticks, tree = 4.87 MB, solutions = 0)
   3830  3679      801.7876    49                    773.9774    44105                   x12_22 N   3830   3829     21
   3884  3729      789.3966    59                    774.1086    44651                    x5_28 D   3884   3881     16
   3910  3755      816.0060    31                    774.1086    45218                   x18_35 U   3910   3909     33
   3949  3794      853.9538    18                    774.1086    45611                   x21_22 D   3949   3947     61
   3979  3822    infeasible                          774.1086    45876                    x34_8 N   3979   3977     84
   4004  3847      960.1367    10                    774.1086    46258                    x41_6 U   4004   4003    103
   4050  3893      938.8144    31                    774.1086    46615                    x4_44 D   4050   4049    141
   4090  3931      998.6630    16                    774.1086    46827                    x8_41 D   4090   4089    173
   4117  3958     1053.3759    17                    774.1086    46896                    x6_11 N   4117   4116    196
   4230  4067      845.6013    33                    774.4299    48643                    x36_4 U   4230   4229     71
Elapsed time = 49.61 sec. (94745.81 ticks, tree = 5.50 MB, solutions = 0)
   4342  4173      780.5841    26                    774.4944    49913                   x11_21 D   4342   4339     18
   4422  4253      850.4946    22                    774.4944    51460                   x36_19 U   4422   4420     72
   4615  4444      989.6267    30                    774.4944    53430                   x21_23 D   4615   4614    244
   4830  4653      926.1724     8                    774.6112    55453                    x3_45 D   4830   4829    189
   4990  4807      828.8536    28                    774.6182    56955                   x33_35 D   4990   4989     44
   5131  4946      954.6634    22                    774.6182    58338                    x20_3 N   5131   5130    156
   5248  5057      858.9095    50                    774.7062    59479                   x24_44 N   5248   5247     71
   5443  5248      799.0617    46                    774.7223    60966                   x27_34 N   5443   5442     14
   5558  5363      901.3750    29                    774.7223    63057                    x2_26 N   5558   5556     91
   5648  5449     1021.5959    20                    774.7223    63851                   x44_26 U   5648   5647    159
Elapsed time = 67.75 sec. (133351.67 ticks, tree = 7.85 MB, solutions = 0)
   5729  5524      800.4949    77                    774.9868    64722                   x11_22 D   5729   5728     28
   5940  5731      799.5835    71                    775.0082    66689                   x21_12 D   5940   5939     21
   6034  5823      871.6680    32                    775.0082    68049                     x6_9 N   6034   6033     83
   6145  5930      955.8471    10                    775.0082    68875                    x7_21 U   6145   6144    170
   6306  6087      862.4296    31                    775.3018    70119                    x23_4 N   6306   6305    123
   6440  6217      856.6319    36                    775.4247    71998                   x12_16 N   6440   6439     48
   6531  6302      801.8315    45                    775.7103    73612                   x21_13 D   6531   6530     25
   6614  6385      889.1294    29                    775.7103    74831                     x9_4 N   6614   6613     81
   6737  6500     1048.6238    31                    775.7103    75983                    x5_29 N   6737   6736    183
   6841  6596      820.8046    84                    775.8639    77430                   x29_37 N   6841   6838     35
Elapsed time = 84.79 sec. (171849.68 ticks, tree = 9.80 MB, solutions = 0)
   6949  6704      906.0775    28                    775.8639    78909                    x20_6 N   6949   6948    113
   7006  6761     1071.5833    16                    775.8639    79483                   x35_41 U   7006   7005    156
   7085  6834      788.7444    27                    775.9276    80104                   x15_37 D   7085   7084     31
   7303  7048      979.9779    30                    775.9276    81525                    x18_8 D   7303   7301    247
   7405  7144      820.1182    28                    775.9507    83451                   x23_43 U   7405   7403     30
   7497  7236      871.0480    29                    775.9507    84890                     x2_3 U   7497   7495     98
   7600  7339      893.6755    32                    775.9507    85936                     x3_2 D   7600   7599    184
   7789  7528     1097.9624    18                    775.9561    87355                     x9_1 N   7789   7788    200
   7894  7633      826.9058    24                    776.0490    88975                   x34_42 N   7894   7892     79
   8014  7753      793.0375    81                    776.1713    90324                    x0_41 D   8014   8013     17
Elapsed time = 103.88 sec. (210418.84 ticks, tree = 11.88 MB, solutions = 0)
   8198  7933      780.6638    53                    776.2355    91849                     x5_7 D   8198   8197     12
   8285  8018      857.9365    45                    776.2355    93511                   x41_45 D   8285   8283     70
   8399  8130      975.0983    30                    776.2355    94920                    x1_20 N   8399   8397    154
   8618  8349      789.2206    43                    776.2928    96889                    x5_28 U   8618   8616     18
   8690  8421      853.2867    30                    776.2928    98207                   x12_29 D   8690   8688     62
   8792  8523      910.7391    28                    776.2928    99260                   x24_29 D   8792   8790    141
   8891  8622      839.6019    60                    776.3159   101272                   x30_37 U   8891   8889     77
   8993  8722    infeasible                          776.3159   102398                   x42_27 N   8993   8992    157
   9103  8832      896.3234    16                    776.3591   103846                    x15_2 N   9103   9101     86
   9189  8918     1012.1302    25                    776.3591   104684                     x2_4 N   9189   9187    156
Elapsed time = 123.65 sec. (249026.52 ticks, tree = 14.38 MB, solutions = 0)
   9388  9117      925.3279    34                    776.5049   105987                    x0_40 U   9388   9387    202
   9455  9180      841.1580    38                    776.5167   107327                   x37_30 N   9455   9454     42
   9563  9284      927.3621    15                    776.5167   108630                    x11_9 U   9563   9562    128
   9760  9481      919.7232    12                    776.5388   110700                   x35_37 U   9760   9759    164
   9848  9569      840.2494    27                    776.5499   112483                   x17_14 N   9848   9846     43
   9946  9665      932.7005    46                    776.5499   113811                   x15_13 N   9946   9945    121
  10166  9885      894.4368    23                    776.5531   115473                    x29_3 D  10166  10165    179
  10286 10005      894.3723    18                    776.5838   116641                   x36_38 U  10286  10284     73
  10351 10068     1074.0258    32                    776.5838   117727                   x44_15 N  10351  10350    121
  10433 10148      820.5911    22                    776.6062   119022                   x25_16 D  10433  10432     39
Elapsed time = 143.76 sec. (287565.00 ticks, tree = 16.76 MB, solutions = 0)
  10603 10318      777.7939    63                    776.6074   120239                   x18_35 U  10603  10602     11
  10676 10389      865.1013    59                    776.6074   121598                   x27_42 N  10676  10673     53
  10746 10453      829.2289    68                    776.6371   122956                   x30_36 N  10746  10745     27
  10798 10505      912.8450    31                    776.6371   124045                   x14_41 D  10798  10796     60
  10848 10553     1065.2232    31                    776.6371   124684                   x24_19 U  10848  10846     98
  10901 10600      804.2270    63                    776.6378   125582                   x33_38 U  10901  10898     16
  10968 10663      954.8733    36                    776.6378   126787                    x5_24 N  10968  10966     59
  11175 10864      922.6707    36                    776.6491   128232                    x14_3 D  11175  11174    201
  11278 10963      806.6970    48                    776.7055   129160                   x23_33 N  11278  11276     26
  11361 11044      896.8539    35                    776.7055   130368                    x0_29 N  11361  11359     87
Elapsed time = 164.31 sec. (326027.06 ticks, tree = 18.57 MB, solutions = 0)
  11424 11107     1025.4438    22                    776.7055   131252                   x26_40 N  11424  11422    133
  11519 11194    infeasible                          776.7055   132159                    x24_8 N  11519  11518    214
  11716 11387      889.1326    43                    776.8663   133669                   x20_16 N  11716  11715    178
  11844 11515      829.3207    58                    776.8765   135011                   x14_17 N  11844  11842     43
  11921 11592      893.9921    42                    776.8765   136214                   x31_37 N  11921  11919     98
  12000 11671      929.4646    36                    776.8765   137123                   x10_17 D  12000  11999    162
  12218 11889      798.6491    37                    776.9178   139163                   x21_15 U  12218  12216     31
  12302 11973      852.0356    30                    776.9178   140402                    x2_23 N  12302  12300     88
  12388 12059      929.2910    10                    776.9178   140939                    x7_29 U  12388  12386    155
  12534 12205      923.5580    30                    776.9702   142674                   x36_43 N  12534  12533    136
Elapsed time = 184.12 sec. (364973.48 ticks, tree = 21.00 MB, solutions = 0)
  12670 12341      882.6065    55                    777.0465   144319                   x17_14 N  12670  12667     50
  12728 12399     1045.6036    19                    777.0465   145362                    x38_7 N  12728  12726     94
  12789 12458     1217.7815    27                    777.0465   145755                   x29_41 N  12789  12786    144
  12853 12518      833.9261    24                    777.0501   146983                   x17_29 N  12853  12851     55
  12943 12602      928.0149    14                    777.0501   147787                     x7_6 N  12943  12942    125
  13017 12672      795.4592    52                    777.0815   148674                   x39_38 D  13017  13015     23
  13089 12744      854.1444    22                    777.0815   149862                    x2_23 D  13089  13088     73
  13160 12815      933.5532    25                    777.0815   150477                   x42_17 N  13160  13158    130
  13226 12881      812.5553    64                    777.1160   151389                   x30_36 U  13226  13225     31
  13360 13011      792.4162    64                    777.2179   153071                     x5_7 N  13360  13357     24
Elapsed time = 203.56 sec. (404014.77 ticks, tree = 22.74 MB, solutions = 0)
  13426 13077      887.6254    22                    777.2179   154152                   x14_30 N  13426  13424     67
  13508 13159      934.8691    31                    777.2179   154997                    x29_6 D  13508  13506    136
  13618 13267      786.1751    40                    777.2632   155581                   x25_30 D  13618  13617     25
  13829 13478      808.7901    28                    777.2753   157606                   x16_14 D  13829  13826     22
  13880 13529      893.8768    32                    777.2753   159184                    x24_5 U  13880  13877     51
  13937 13586      908.3714    31                    777.2753   160207                   x17_29 N  13937  13936     92
  13999 13646      971.9179    16                    777.2753   161267                   x23_41 U  13999  13996    134
  14179 13826      950.8875    28                    777.3265   162646                   x41_25 D  14179  14178    184
  14274 13921      825.7674    34                    777.3510   164050                   x25_29 D  14274  14272     59
  14400 14043      797.3462    52                    777.3510   165095                   x34_42 U  14400  14399     48
Elapsed time = 223.18 sec. (442948.76 ticks, tree = 25.02 MB, solutions = 0)
  14621 14264      793.0913    50                    777.3646   166466                   x33_17 U  14621  14618     30
  14687 14328      872.7550    27                    777.3646   167368                   x15_23 N  14687  14685     76
  14800 14441      960.2059    28                    777.3646   168467                   x20_30 D  14800  14799    172
  14871 14512      872.4829    54                    777.4463   169788                   x30_36 N  14871  14869     64
  14935 14574      946.3239    12                    777.4463   170419                   x38_11 D  14935  14934    111
  14992 14631     1026.0150    30                    777.4463   170659                    x28_9 D  14992  14991    157
  15060 14699      848.6120    37                    777.4617   172083                   x13_41 N  15060  15059     44
  15124 14763      906.0059    37                    777.4617   172878                   x41_31 D  15124  15122     90
  15179 14818      992.1494    15                    777.4617   173602                   x15_20 N  15179  15177    133
  15320 14959      878.9236    17                    777.4924   175137                   x41_13 D  15320  15319    135
Elapsed time = 242.24 sec. (482001.26 ticks, tree = 27.10 MB, solutions = 0)
  15445 15084      820.5277    23                    777.5417   176525                   x33_38 U  15445  15443     33
  15484 15121      876.3281    35                    777.5417   177337                   x25_43 N  15484  15481     57
  15537 15172      935.9002    30                    777.5417   177854                   x40_22 N  15537  15536     93
  15600 15235      988.2228    31                    777.5417   178374                   x44_22 D  15600  15599    138
  15811 15446      801.9831    60                    777.5783   180812                   x35_42 U  15811  15808     15
  15859 15494      857.5476    77                    777.5783   182271                   x23_27 N  15859  15857     45
  15910 15545      931.5701    40                    777.5783   183486                   x43_38 D  15910  15909     76
  15980 15611     1012.5708    45                    777.5783   184339                   x31_13 N  15980  15979    127
  16198 15829      849.4696    26                    777.6041   186143                    x40_3 D  16198  16197    204
  16266 15895      843.1332    37                    777.6604   187520                    x28_5 D  16266  16265     56
Elapsed time = 262.60 sec. (521682.77 ticks, tree = 29.26 MB, solutions = 0)
  16356 15983      929.2313    11                    777.6604   188684                     x2_3 U  16356  16354    131
  16442 16065      824.8705    44                    777.6743   189531                   x43_23 U  16442  16441     48
  16634 16257      807.3157    38                    777.7037   191055                   x43_25 U  16634  16632     36
  16714 16333      862.7375    29                    777.7037   192351                   x41_38 D  16714  16712     94
  16789 16404      959.4312    31                    777.7037   193184                   x31_45 U  16789  16788    155
  16848 16463      827.8744    25                    777.7308   194222                   x23_33 N  16848  16846     46
  16908 16517      796.4660    75                    777.7553   195287                   x18_35 U  16908  16907     17
  16969 16578      834.4454    56                    777.7553   197058                   x11_12 N  16969  16968     55
  17039 16646      879.2468    17                    777.7553   198058                    x3_38 D  17039  17038    104
  17139 16744      983.5551    18                    777.7553   198691                   x35_20 D  17139  17137    187
Elapsed time = 281.33 sec. (560306.42 ticks, tree = 31.94 MB, solutions = 0)
  17287 16884      853.7845    51                    777.7656   199928                   x16_14 N  17287  17286    135
  17418 17015      805.0002    60                    777.7781   201190                   x33_34 U  17418  17416     16
  17463 17060      834.6040    27                    777.7781   202509                    x42_2 U  17463  17461     43
  17530 17127      913.3528    22                    777.7781   203304                    x7_20 U  17530  17528     88
  17599 17194     1021.2904    22                    777.7781   203765                    x8_12 D  17599  17598    143
  17755 17350      930.4081    28                    777.7952   205561                     x9_1 N  17755  17754    160
  17840 17431      807.7435    30                    777.8022   206938                   x18_15 D  17840  17838     52
  17900 17489      855.6166    52                    777.8022   207982                    x39_2 U  17900  17898     92
  17971 17556      898.1256    32                    777.8022   208993                   x10_20 U  17971  17970    148
  18126 17711      901.4709    40                    777.8416   210614                   x38_33 N  18126  18125    131
Elapsed time = 300.86 sec. (598962.07 ticks, tree = 34.27 MB, solutions = 0)
  18230 17815      798.8657    48                    777.8426   211756                   x42_27 D  18230  18228     31
  18294 17877      837.3907    18                    777.8426   213085                    x2_39 D  18294  18292     74
  18391 17974      950.9500    28                    777.8426   214191                   x16_41 N  18391  18389    155
  18577 18160      895.4413    31                    777.8518   215620                    x33_7 D  18577  18576    186
  18650 18233      810.3191    26                    777.8930   217123                   x23_38 D  18650  18648     38
  18715 18298      895.7601    46                    777.8930   217841                     x2_7 N  18715  18714     87
  18778 18361      966.9194    36                    777.8930   218639                    x40_3 D  18778  18777    134
  18826 18407      830.4735    34                    777.8973   219367                   x21_22 N  18826  18824     33
  18879 18460      896.4735    28                    777.8973   220234                   x25_28 U  18879  18877     69
  18920 18501      901.9315    23                    777.8973   220794                    x20_5 D  18920  18918     98
Elapsed time = 320.96 sec. (638138.56 ticks, tree = 36.19 MB, solutions = 0)
  18998 18577      916.3399    23                    777.8973   221410                   x20_42 D  18998  18996    164
  19041 18620      819.4484    33                    777.9213   222737                   x15_12 D  19041  19039     32
  19088 18667      860.6999    24                    777.9213   223664                   x26_34 N  19088  19087     65
  19138 18717      947.3319    20                    777.9213   224507                   x21_29 D  19138  19136    100
  19200 18777      987.3372    26                    777.9213   225013                    x20_4 D  19200  19199    152
  19365 18942      915.3762    14                    777.9350   226338                    x4_37 D  19365  19364    177
  19430 19007      823.6743    30                    777.9393   227228                   x21_13 N  19430  19428     35
  19485 19062      854.8099    33                    777.9393   228006                   x22_23 N  19485  19483     71
  19540 19117      921.6948    26                    777.9393   228716                   x24_32 U  19540  19538    111
  19620 19197      803.4964    59                    777.9487   229789                   x31_29 D  19620  19619     28
Elapsed time = 341.35 sec. (676721.61 ticks, tree = 37.93 MB, solutions = 0)
  19807 19382      783.2674    94                    777.9857   231492                   x38_23 U  19807  19805     21
  19852 19427      824.5650    73                    777.9857   233025                   x15_38 U  19852  19850     46
  19898 19473      912.7285    43                    777.9857   233748                   x13_11 N  19898  19897     77
  19957 19530      970.2813    29                    777.9857   234443                     x5_7 N  19957  19956    124
  20040 19611      804.9946    43                    778.0083   235363                   x42_27 N  20040  20039     56
  20208 19779      802.6587   101                    778.0086   236676                   x18_26 U  20208  20206     11
  20258 19829      856.5025    36                    778.0086   238237                   x37_38 N  20258  20255     41
  20311 19882      888.9088    36                    778.0086   239438                   x33_22 N  20311  20309     80
  20375 19946      909.8974     8                    778.0086   240422                   x21_23 U  20375  20373    129
  20479 20050      852.2541    26                    778.0127   241973                   x16_14 D  20479  20478     85
Elapsed time = 362.50 sec. (715767.47 ticks, tree = 40.08 MB, solutions = 0)
  20602 20173      796.9377    42                    778.0232   242709                   x29_22 U  20602   2850     17
  20650 20221      836.3211    34                    778.0232   243479                   x37_25 D  20650  20649     48
  20695 20266      879.0884    27                    778.0232   244050                   x12_15 N  20695  20694     83
  20763 20334      933.9259     8                    778.0232   244697                   x13_10 U  20763  20762    139
  20820 20389      799.8801    28                    778.1261   245342                   x13_17 D  20820  20819     22
  20869 20438      845.2563    29                    778.1261   246433                   x29_37 N  20869  20867     51
  20925 20494      906.1869    14                    778.1261   247348                   x29_18 N  20925  20923     88
  20978 20547      920.0897    17                    778.1261   247850                    x29_9 U  20978  20977    132
  21017 20586      801.0906    34                    778.1278   248809                   x38_23 D  21017  21016     28
  21068 20637      856.7823    16                    778.1278   249745                   x33_38 D  21068  21067     63
Elapsed time = 382.55 sec. (754928.68 ticks, tree = 41.59 MB, solutions = 0)
  21127 20696      919.1741    26                    778.1278   250344                   x28_24 D  21127  21125    102
  21200 20769      939.1049    22                    778.1278   250729                   x10_27 D  21200  21199    163
  21375 20944      939.4212    37                    778.1558   252208                     x2_8 N  21375  21374    180
  21440 21009      796.1237    32                    778.1648   253341                   x33_38 U  21440  21437     43
  21500 21067      841.4613    47                    778.1648   254613                    x8_16 D  21500  21499     89
  21543 21110      897.4212    14                    778.1648   255203                   x10_20 U  21543  21542    119
  21603 21168      779.5681    51                    778.1772   255590                   x15_17 U  21603  21602     17
  21802 21367      780.4976    98                    778.1812   256931                   x28_24 D  21802   2547      8
  21857 21422      819.1019    72                    778.1812   258449                   x13_29 D  21857  21855     43
  21910 21475      861.1649    35                    778.1812   259533                   x17_13 D  21910  21908     76
Elapsed time = 402.10 sec. (794247.17 ticks, tree = 43.79 MB, solutions = 0)
  21968 21533      922.7176    33                    778.1812   260110                     x9_6 N  21968  21967    118
  22010 21575      799.8862    88                    778.1991   260693                   x38_23 D  22010  22009     17
  22204 21769      786.1661    67                    778.2048   262483                   x26_34 U  22204  22203     16
  22260 21823      828.9491    42                    778.2048   263851                   x16_21 D  22260  22259     51
  22329 21892      883.1330    37                    778.2048   264889                   x41_21 N  22329  22327    104
  22385 21946      943.5071    13                    778.2048   265583                    x33_7 U  22385  22383    144
  22451 22012      823.4007    38                    778.2312   266402                   x21_12 N  22451  22450     60
  22553 22112      945.9907    36                    778.2312   267338                    x3_39 N  22553  22552    161
  22626 22183      805.3859    43                    778.2318   268158                   x38_23 U  22626  22623     26
  22673 22226      848.6287    31                    778.2318   269015                   x23_27 N  22673  22671     56
Elapsed time = 423.41 sec. (833473.67 ticks, tree = 45.77 MB, solutions = 0)
  22720 22273      872.9576    14                    778.2318   269747                   x30_36 U  22720  22718     88
  22793 22344      916.6944    26                    778.2318   270589                   x31_45 N  22793  22792    148
  22846 22397      831.7547    39                    778.2502   271979                   x15_25 D  22846  22844     51
  22897 22446      871.6698    32                    778.2502   272653                   x25_24 D  22897  22895     88
  22975 22524      920.2010    40                    778.2502   273055                   x11_32 D  22975  22973    153
  23026 22573      805.5162    67                    778.2600   273940                    x0_36 N  23026  23025     22
  23071 22618      888.9518    60                    778.2600   275111                   x31_24 N  23071  23068     50
  23111 22658      957.2081    26                    778.2600   275727                   x41_14 U  23111  23109     75
  23159 22706     1017.6913    31                    778.2600   276324                   x31_23 N  23159  23157    112
  23239 22786      800.1404    38                    778.2647   277060                   x39_27 N  23239  23238     47
Elapsed time = 442.86 sec. (872054.47 ticks, tree = 47.29 MB, solutions = 0)
  23422 22969      800.2216    46                    778.2951   278535                   x33_25 D  23422  23420     31
  23470 23017      846.2384    31                    778.2951   279516                   x12_37 U  23470  23468     60
  23518 23065      923.8471    37                    778.2951   280346                     x2_9 N  23518  23516     89
  23568 23115      951.5609    37                    778.2951   280913                    x5_39 U  23568  23566    126
  23647 23194      812.5084    72                    778.3156   282181                   x42_27 U  23647  23646     53
  23820 23367      818.3559    57                    778.3672   284022                   x34_42 U  23820  23819     19
  23868 23415      865.1715    42                    778.3672   285425                   x14_21 D  23868  23866     49
  23919 23460      791.7263    81                    778.3959   286151                   x29_12 D  23919  23918     29
  24000 23541      862.8781    57                    778.3959   286910                   x13_15 N  24000  23999    110
  24181 23722      961.3779    32                    778.3959   287776                    x32_2 N  24181  24180    291
Elapsed time = 463.27 sec. (911124.21 ticks, tree = 49.83 MB, solutions = 0)
  24252 23793      841.2935    31                    778.4084   289234                   x29_37 N  24252  24250     37
  24293 23832      889.5459    41                    778.4084   289739                   x22_13 D  24293  24291     62
  24370 23903      984.4946    21                    778.4084   290254                   x10_16 D  24370  24369    122
  24502 24035      837.9189    22                    778.4299   291084                    x28_5 D  24502  24501    120
  24611 24144      802.1637    26                    778.4351   291997                   x39_34 D  24611  24609     23
  24662 24195      870.5877    40                    778.4351   292948                   x26_43 N  24662  24660     54
  24716 24249      899.9822    46                    778.4351   294004                   x31_30 N  24716  24714     95
  24756 24287     1031.1183    40                    778.4351   295123                    x6_15 N  24756  24754    126
  24800 24329      980.8102    50                    778.4351   295758                    x22_4 D  24800  24799    161
  24838 24367      813.3941    37                    778.4471   297011                   x11_14 N  24838  24836     31
Elapsed time = 483.87 sec. (951056.63 ticks, tree = 51.62 MB, solutions = 0)
  24872 24401      866.6359    34                    778.4471   297751                   x25_11 N  24872  24869     51
  24901 24428      920.5359    47                    778.4471   298265                   x23_33 D  24901  24900     70
  24956 24483      964.6939    22                    778.4471   299008                   x28_24 N  24956  24954    108
  25016 24539      808.0018    49                    778.4525   300024                   x28_24 U  25016  25013     17
  25054 24577      842.5264    26                    778.4525   301253                   x27_39 D  25054  25051     39
  25085 24608      870.6193    49                    778.4525   301973                   x29_23 N  25085  25084     60
  25127 24650      899.1222    36                    778.4525   302629                   x17_14 N  25127  25125     88
  25188 24709      965.0626    28                    778.4525   303121                   x29_18 D  25188  25187    138
  25246 24767      810.2460    68                    778.4880   303832                   x34_26 U  25246  25245     55
  25426 24947      820.1106    35                    778.4949   305320                   x13_17 U  25426  25424     33
Elapsed time = 504.68 sec. (989780.39 ticks, tree = 53.25 MB, solutions = 0)
  25471 24992      873.4344    16                    778.4949   305925                    x33_6 N  25471  25469     64
  25518 25039      888.2176    40                    778.4949   306374                     x6_8 N  25518  25516    100
  25590 25111      923.4073    13                    778.4949   306826                    x19_4 D  25590  25588    156
  25752 25273      896.0460    13                    778.4970   308220                    x3_25 N  25752  25751    167
  25819 25340      807.8095    55                    778.5196   309373                   x24_28 U  25819  25817     16
  25852 25373      863.9002    66                    778.5196   310770                   x29_17 N  25852  25850     35
  25888 25409      927.5871    34                    778.5196   311489                   x39_23 N  25888  25886     57
  25928 25449      956.7447    23                    778.5196   312267                   x33_36 N  25928  25926     83
  25987 25504      820.7872    43                    778.5196   313094                   x34_42 N  25987  25986     41
  26083 25600      847.5674    31                    778.5196   313512                   x14_25 N  26083  26082    137
Elapsed time = 526.05 sec. (1029422.69 ticks, tree = 55.10 MB, solutions = 0)
  26202 25719      779.1105    94                    778.5264   314057                   x20_10 D  26202   4332     13
  26251 25768      813.4565    20                    778.5264   315308                   x15_25 U  26251  26248     41
  26290 25807      867.1673    55                    778.5264   316097                   x30_31 N  26290  26288     67
  26338 25855      962.0237    27                    778.5264   316732                   x21_10 N  26338  26336    104
  26400 25915     1007.9272    32                    778.5264   317237                     x1_5 D  26400  26399    149
  26522 26037      859.1898    35                    778.5627   318435                    x12_5 D  26522  26521    128
  26621 26136      810.1079    77                    778.5641   319509                   x37_40 N  26621  26620     21
  26654 26169      879.3111    62                    778.5641   320691                   x32_41 N  26654  26652     40
  26690 26205      923.6024    36                    778.5641   321432                   x42_39 D  26690  26688     65
  26712 26225    infeasible                          778.5641   321942                   x29_15 N  26712  26711     80
Elapsed time = 547.43 sec. (1068424.07 ticks, tree = 56.91 MB, solutions = 0)
  26758 26269      821.1880    25                    778.5669   323007                   x38_15 D  26758  26756     37
  26811 26322      863.2417    18                    778.5669   323969                   x43_23 N  26811  26809     72
  26862 26373      905.8763    22                    778.5669   324425                   x14_21 N  26862  26859    107
  26914 26425      962.5890    27                    778.5669   324820                   x28_40 U  26914  26912    147
  26978 26489      998.5255    27                    778.5669   325168                    x1_19 U  26978  26977    201
  27025 26528      806.9694    40                    778.5671   325776                   x23_35 D  27025  27024     35
  27074 26577      841.3012    64                    778.5671   326578                   x17_13 U  27074  27072     67
  27117 26620      898.6195    56                    778.5671   327147                   x23_24 N  27117  27115     96
  27164 26667      938.4838    30                    778.5671   327647                    x2_43 N  27164  27163    131
  27200 26701     1006.8795    21                    778.5671   327997                   x13_31 N  27200  27199    157
Elapsed time = 567.15 sec. (1108058.62 ticks, tree = 58.29 MB, solutions = 0)
  27360 26861      873.7305    22                    778.5736   329528                    x3_16 D  27360  27359    166
  27426 26921      829.9450    14                    778.5920   330761                   x37_25 U  27426  27424     39
  27447 26942      872.8489    26                    778.5920   331042                   x29_37 D  27447  27445     52
  27500 26995      898.7928    27                    778.5920   331517                   x13_40 D  27500  27499     93
  27571 27064     1042.1282    16                    778.5920   331854                   x13_28 N  27571  27569    152
  27669 27158      855.2849    69                    778.6223   333060                   x15_13 D  27669  27668     95
  27818 27307      798.2854    98                    778.6273   334772                    x28_5 U  27818  27815     19
  27872 27361      873.1145    52                    778.6273   335919                   x18_33 N  27872  27870     56
  27907 27392      911.7636    36                    778.6273   336753                   x36_30 N  27907  27906     79
  27949 27434      943.3554    36                    778.6273   337574                   x27_42 N  27949  27947    110
Elapsed time = 587.18 sec. (1146729.23 ticks, tree = 60.46 MB, solutions = 0)
  28028 27511      792.9150    46                    778.6380   338391                   x11_14 D  28028  28027     43
  28207 27690      795.3601    56                    778.6504   339763                   x35_18 U  28207  28206     12
  28251 27734      822.2168    58                    778.6504   340791                   x18_17 N  28251  28249     38
  28293 27776      866.0608    39                    778.6504   341286                   x15_37 N  28293  28292     65
  28329 27812      953.0932    26                    778.6504   341795                    x37_4 D  28329  28328     91
  28367 27844     1019.8668    40                    778.6504   342362                   x21_11 N  28367  28365    116
  28430 27907      795.9487    53                    778.6864   343126                   x22_13 N  28430  28429     38
  28541 28018      865.3851    26                    778.6864   344041                   x14_21 U  28541  28540    149
  28612 28089      789.8271    41                    778.7043   344597                   x27_34 D  28612  28610     18
  28657 28134      838.2705    18                    778.7043   345634                   x38_33 D  28657  28656     46
Elapsed time = 607.25 sec. (1185372.98 ticks, tree = 62.54 MB, solutions = 0)
  28696 28173      871.0182    12                    778.7043   346030                     x2_4 U  28696  28694     74
  28720 28197      889.3268    17                    778.7043   346304                   x23_28 D  28720  28719     91
  28785 28262      928.6620    17                    778.7043   346712                    x28_1 N  28785  28783    148
  28830 28307      805.7292    24                    778.7150   347729                   x25_37 D  28830  28829     38
  28863 28338      844.1083    32                    778.7150   348692                   x15_21 N  28863  28861     58
  28904 28379      896.8537    16                    778.7150   349412                   x31_14 N  28904  28902     88
  28952 28421      961.2151    29                    778.7150   350180                   x31_45 U  28952  28951    125
  29010 28477      788.2123    57                    778.7403   351113                   x17_13 U  29010  29008     13
  29060 28525      827.4809    31                    778.7403   352111                   x43_25 U  29060  29057     46
  29090 28555      862.3713    57                    778.7403   352901                   x42_17 D  29090  29088     64
Elapsed time = 627.23 sec. (1224354.27 ticks, tree = 63.82 MB, solutions = 0)
  29144 28609      910.0264    51                    778.7403   353630                   x11_29 N  29144  29143    104
  29189 28652      938.8048    29                    778.7403   354337                     x9_8 U  29189  29187    138
  29301 28764      846.7829    62                    778.7423   355414                   x38_33 U  29301  29300    108
  29439 28902      821.8917    39                    778.7614   356724                    x42_2 U  29439  29437     35
  29470 28933      890.7120    35                    778.7614   357514                   x35_25 N  29470  29467     52
  29510 28971      935.4215    18                    778.7614   358158                   x16_22 D  29510  29508     80
  29566 29027      973.9279    32                    778.7614   358502                    x4_26 D  29566  29564    124
  29667 29128      823.4417    52                    778.7886   359667                   x11_21 U  29667  29666     76
  29794 29255      945.5355    21                    778.7886   360452                   x38_29 D  29794  29793    203
  29831 29290      818.0107    45                    778.8127   361488                   x36_28 U  29831  29829     31
Elapsed time = 647.37 sec. (1263391.67 ticks, tree = 66.07 MB, solutions = 0)
  29870 29329      831.3199    34                    778.8127   362363                    x39_2 N  29870  29868     56
  29912 29371      864.5259    39                    778.8127   363038                   x21_22 N  29912  29910     84
  29983 29442      902.4615    32                    778.8127   363655                   x25_45 U  29983  29981    141
  30007 29466      790.5557    63                    778.8252   363983                   x27_39 U  30007  30006     25
  30187 29646      893.5142    41                    778.8252   365818                    x14_2 N  30187  30186    205
  30239 29698      833.7450    48                    778.8269   366934                   x25_43 D  30239  30237     32
  30286 29741      893.9389    61                    778.8269   367652                    x0_21 D  30286  30285     65
  30342 29795      999.3934    34                    778.8269   368287                    x32_5 U  30342  30340    108
  30388 29839    infeasible                          778.8269   368957                    x3_11 N  30388  30387    146
  30545 29994      887.9269    23                    778.8333   370267                    x38_4 D  30545  30544    175
Elapsed time = 668.13 sec. (1302328.02 ticks, tree = 68.23 MB, solutions = 0)
  30615 30064      794.9767    51                    778.8495   370875                   x17_22 U  30615  30612     26
  30657 30106      840.7962    46                    778.8495   371672                    x0_40 D  30657  30654     54
  30707 30156      889.2115    58                    778.8495   372473                   x19_16 D  30707  30705     93
  30740 30185      941.0704    29                    778.8495   372820                    x43_2 D  30740  30739    115
  30805 30248      791.8358    87                    778.8755   373301                    x0_31 D  30805  30804     10
  30841 30284      839.3147    42                    778.8755   374430                   x37_29 U  30841  30838     31
  30893 30336      891.9947    42                    778.8755   375503                    x1_36 D  30893  30891     70
  30934 30377      940.9196    41                    778.8755   376013                   x11_45 D  30934  30932     99
  30960 30403      982.6281    16                    778.8755   376334                   x17_15 D  30960  30958    116
  30997 30436    infeasible                          778.8755   376830                    x3_25 N  30997  30995    144
Elapsed time = 688.52 sec. (1341317.17 ticks, tree = 69.60 MB, solutions = 0)
  31046 30485      829.5650    36                    778.8848   377864                   x29_16 U  31046  31044     51
  31075 30514      858.6659    31                    778.8848   378624                    x27_2 U  31075  31073     67
  31114 30553      876.1524    37                    778.8848   379321                   x11_27 D  31114  31112     97
  31167 30606      934.9212    35                    778.8848   379914                    x7_24 U  31167  31165    139
  31201 30636      985.6442    34                    778.8848   380503                    x4_16 D  31201  31199    165
  31318 30753      851.2829    39                    778.8928   381878                    x3_14 N  31318  31317    125
  31421 30856      787.9790    59                    778.9228   382988                   x25_33 D  31421  31419     27
  31468 30903      824.8245    37                    778.9228   384212                   x17_30 U  31468  31465     57
  31500 30933      849.4135    44                    778.9228   385161                   x23_15 D  31500  31499     80
  31530 30961      884.3647    14                    778.9228   385526                     x7_4 U  31530  31528     97
Elapsed time = 709.51 sec. (1380196.32 ticks, tree = 71.25 MB, solutions = 0)
  31605 31036      796.9471   101                    778.9603   386181                   x26_33 D  31605  31604      9
  31725 31156      864.8936    51                    778.9603   387610                   x13_15 N  31725  31724    129
  31812 31243      786.6969    65                    778.9670   388482                   x15_13 N  31812  31809     16
  31853 31284      831.9598    41                    778.9670   389408                   x13_12 D  31853  31851     41
  31883 31314      918.1932    41                    778.9670   390234                   x11_39 N  31883  31881     60
  31925 31356      893.8381    10                    778.9670   390714                   x36_17 D  31925  31924     92
  31975 31404      918.7867    41                    778.9670   391327                     x9_8 U  31975  31973    131
  32030 31457      798.6017    53                    778.9851   392063                   x15_13 D  32030  32029     42
  32219 31646      803.9888    45                    778.9906   393306                   x11_21 U  32219  32217     30
  32269 31694      844.7231    32                    778.9906   394070                    x0_37 U  32269  32267     66
Elapsed time = 729.59 sec. (1419288.99 ticks, tree = 73.58 MB, solutions = 0)
  32307 31730      872.2781    26                    778.9906   394776                   x27_39 D  32307  32305     95
  32339 31760      898.9497    44                    778.9906   395367                    x24_5 D  32339  32337    116
  32400 31819      932.4842    31                    778.9906   395679                    x23_5 D  32400  32398    169
  32540 31959      882.6903    49                    779.0186   397011                    x39_7 N  32540  32539    157
  32612 32031      787.6123    33                    779.0257   397705                   x35_42 D  32612  32610     16
  32642 32061      833.6267    78                    779.0257   398999                   x41_37 D  32642  32640     34
  32660 32079      906.2359    53                    779.0257   399466                   x25_43 U  32660  32658     43
  32679 32098      946.0238    13                    779.0257   399787                   x36_30 N  32679  32678     56
  32706 32123      975.2909    24                    779.0257   400126                   x12_41 D  32706  32704     73
  32727 32144     1029.9812    17                    779.0257   400457                   x44_31 N  32727  32724     87
Elapsed time = 751.53 sec. (1459609.52 ticks, tree = 75.02 MB, solutions = 0)
  32755 32166      816.1011    61                    779.0477   401327                   x18_26 U  32755  32752     25
  32791 32202      823.4980    40                    779.0477   402435                   x23_26 N  32791  32789     49
  32828 32239      841.3014    29                    779.0477   403420                   x12_11 U  32828  32826     73
  32883 32294      873.5637    45                    779.0477   404295                   x19_10 D  32883  32882    117
  32929 32340      903.9984    26                    779.0477   405223                    x2_39 N  32929  32927    149
  33001 32412      921.5776    33                    779.0477   405911                    x2_12 D  33001  32999    205
  33040 32451      837.4341    43                    779.0842   407078                   x37_17 D  33040  33039     30
  33069 32480      893.6399    30                    779.0842   407647                   x33_26 N  33069  33068     51
  33088 32499      954.2593    41                    779.0842   408260                   x33_42 N  33088  33086     63
  33140 32547      803.1442    50                    779.1271   409041                   x11_22 D  33140  33139     22
Elapsed time = 772.85 sec. (1498833.70 ticks, tree = 76.32 MB, solutions = 0)
  33262 32669      876.9191    36                    779.1271   410031                   x38_33 U  33262  33261    144
  33334 32741      997.5258    12                    779.1271   410422                    x9_11 D  33334  33333    216
  33380 32783      804.7296    77                    779.2161   410997                   x28_44 D  33380  33379     18
  33416 32819      819.1165    57                    779.2161   412478                   x34_22 D  33416  33414     42
  33451 32854      853.2872    41                    779.2161   413332                   x17_30 N  33451  33450     63
  33479 32882      911.2248    43                    779.2161   414067                   x11_41 N  33479  33477     81
  33502 32903      966.7388    30                    779.2161   414550                   x41_21 D  33502  33500     95
  33542 32939    infeasible                          779.2161   414968                   x15_30 N  33542  33540    125
  33575 32972     1043.8236    30                    779.2161   415456                    x33_3 N  33575  33572    149
  33600 32995     1091.3545    18                    779.2161   415888                    x33_8 D  33600  33598    167
Elapsed time = 793.59 sec. (1538301.82 ticks, tree = 79.16 MB, solutions = 0)
  33789 33184      929.0664    22                    779.2417   417297                   x14_19 N  33789  33788    201
  33826 33221      835.2401    25                    779.2418   418382                   x26_42 N  33826  33824     28
  33856 33251      892.5548    18                    779.2418   418828                   x21_13 U  33856  33854     47
  33886 33281      922.9561    51                    779.2418   419226                   x34_22 N  33886  33884     66
  33942 33335      995.0416    45                    779.2418   419854                   x43_13 N  33942  33940    111
  33966 33353     1086.8248    34                    779.2418   420269                   x24_41 N  33966  33965    128
  34000 33387     1112.1101    28                    779.2418   420484                   x28_19 U  34000  33998    154
  34132 33519      865.1159    36                    779.2470   421428                    x3_28 D  34132  34131    139
  34210 33595      786.0780    92                    779.2507   422135                   x39_34 D  34210  34208     13
  34245 33630      841.0376    34                    779.2507   423188                   x43_38 N  34245  34243     35
Elapsed time = 815.40 sec. (1578098.59 ticks, tree = 81.26 MB, solutions = 0)
  34275 33660      909.9818    36                    779.2507   423811                     x5_7 N  34275  34273     52
  34301 33686      934.2350    36                    779.2507   424376                   x39_16 N  34301  34299     70
  34339 33722      962.4047    49                    779.2507   424884                   x21_41 D  34339  34337     96
  34386 33769     1026.3953    10                    779.2507   425348                   x10_20 U  34386  34385    136
  34430 33813      815.2967    86                    779.2511   426224                   x39_33 D  34430  34429     37
  34556 33939      961.4284    41                    779.2511   428173                   x14_33 N  34556  34555    163
  34632 34015      813.5257    44                    779.2910   429339                   x29_30 N  34632  34630     43
  34664 34047      863.0222    42                    779.2910   430382                   x24_45 N  34664  34662     63
  34690 34073      887.7655    43                    779.2910   431071                    x10_9 U  34690  34687     78
  34730 34111      924.2930    32                    779.2910   431763                   x27_24 D  34730  34728    108
Elapsed time = 836.31 sec. (1617304.84 ticks, tree = 82.86 MB, solutions = 0)
  34764 34145      953.2702    25                    779.2910   432189                    x6_29 D  34764  34762    133
  34816 34195      808.0614    47                    779.2961   432832                   x33_38 N  34816  34814     22
  34858 34237      840.3870    60                    779.2961   433637                   x13_41 N  34858  34857     49
  34896 34275      874.9961    33                    779.2961   434144                   x29_23 U  34896  34893     71
  34940 34319      912.9012    15                    779.2961   434586                     x5_2 U  34940  34938    104
  34975 34354      999.1909     8                    779.2961   434866                   x10_35 D  34975  34974    133
  35009 34384      806.8753    38                    779.3227   435231                   x41_13 U  35009  35007     23
  35037 34412      857.5491    31                    779.3227   436061                   x14_21 D  35037  35036     40
  35062 34437      896.6189    22                    779.3227   436607                     x5_1 N  35062  35059     56
  35093 34468      921.4559    20                    779.3227   436911                    x27_8 N  35093  35091     76
Elapsed time = 856.87 sec. (1656511.93 ticks, tree = 84.07 MB, solutions = 0)
  35128 34503      948.3983    18                    779.3227   437201                   x32_44 U  35128  35127    103
  35171 34544      986.4896    17                    779.3227   437457                    x43_5 D  35171  35170    137
  35210 34583      799.3151    83                    779.3267   437932                   x41_45 D  35210  35209     19
  35292 34665      865.9451    75                    779.3267   439527                   x17_37 N  35292  35291    101
  35396 34769      951.1103    45                    779.3267   440340                    x39_4 N  35396  35395    205
  35448 34821      833.0696    61                    779.3328   441531                   x37_30 N  35448  35447     40
  35480 34853      864.6186    26                    779.3328   442142                   x43_23 N  35480  35478     57
  35502 34871      902.4588    44                    779.3328   442527                   x30_36 N  35502  35501     70
  35526 34895      975.0012    38                    779.3328   442894                   x13_31 N  35526  35524     85
  35566 34935     1061.9697    14                    779.3328   443166                    x4_31 U  35566  35564    117
Elapsed time = 878.08 sec. (1696227.62 ticks, tree = 85.66 MB, solutions = 0)
  35593 34960     1123.9082    16                    779.3328   443420                     x2_4 D  35593  35592    137
  35615 34982      786.5442    69                    779.3404   443705                   x39_35 D  35615  35614     24
  35750 35117      881.3471    59                    779.3404   444666                    x39_6 N  35750  35749    159
  35825 35192      836.1683    83                    779.3552   446056                   x32_41 D  35825  35823     21
  35869 35236      862.2895    56                    779.3552   447057                   x25_37 U  35869  35866     52
  35905 35272      897.0498    45                    779.3552   448083                   x37_17 U  35905  35902     75
  35954 35321      918.6703    37                    779.3552   448601                    x13_3 N  35954  35953    112
  36000 35363      824.5490    89                    779.4028   449531                   x31_17 D  36000  35999     45
  36157 35520      966.5444    31                    779.4028   450876                   x43_41 N  36157  36156    202
  36218 35581      796.5026    66                    779.4525   452259                   x26_34 D  36218  36216     25
Elapsed time = 900.46 sec. (1736304.66 ticks, tree = 87.86 MB, solutions = 0)
  36255 35618      808.7530    67                    779.4525   453507                   x37_30 U  36255  36253     48
  36294 35657      861.2772    28                    779.4525   454416                   x34_27 N  36294  36292     74
  36320 35683      870.9867    30                    779.4525   454865                   x37_13 N  36320  36318     91
  36345 35708      914.1180    40                    779.4525   455346                   x41_30 N  36345  36343    108
  36387 35750      959.6952    31                    779.4525   455797                   x30_22 N  36387  36385    138
  36433 35796      811.7670    81                    779.4611   456870                    x0_40 N  36433  36432     40
  36565 35928      934.6544    24                    779.4611   458085                   x17_42 N  36565  36564    172
  36637 36000      810.0961    47                    779.5282   459080                   x16_12 U  36637  36635     31
  36667 36028      842.1030    42                    779.5282   459846                   x18_25 N  36667  36664     49
  36698 36059      866.2501    29                    779.5282   460182                   x13_15 U  36698  36697     72
Elapsed time = 922.36 sec. (1775111.76 ticks, tree = 89.50 MB, solutions = 0)
  36744 36105      908.3966    38                    779.5282   460509                   x16_27 D  36744  36743    108
  36798 36155      813.4551    75                    779.5331   461171                   x41_13 N  36798  36795     25
  36800 36157      803.2265    43                    779.5331   461191                   x41_37 U  36800  36797     26
  36835 36192      824.2683    48                    779.5331   461836                   x12_14 N  36835  36833     48
  36884 36241      881.0375    51                    779.5331   462486                     x1_7 U  36884  36882     81
  36922 36279      936.6743    26                    779.5331   463083                   x43_16 N  36922  36920    109
  36949 36304      992.7102    30                    779.5331   463346                   x11_27 D  36949  36947    129
  36974 36329     1080.0154    12                    779.5331   463583                    x12_4 D  36974  36972    151
  36998 36353     1124.0250    22                    779.5331   463984                   x27_39 N  36998  36996    168
  37038 36393      812.5713    42                    779.5363   464781                   x13_17 U  37038  37036     41
Elapsed time = 944.79 sec. (1816154.66 ticks, tree = 90.66 MB, solutions = 0)
  37083 36436      853.8290    26                    779.5363   465456                   x25_37 D  37083  37081     72
  37150 36503      942.6054    25                    779.5363   466333                    x22_6 N  37150  37148    125
  37200 36551      976.9171    22                    779.5363   466648                     x7_6 N  37200  37199    163
  37290 36641      902.2932    22                    779.5617   467861                    x9_10 U  37290  37289    105
  37410 36761      801.0287    60                    779.5754   468614                   x27_34 D  37410  37408     17
  37447 36798      829.4241    28                    779.5754   469330                   x43_25 D  37447  37445     42
  37471 36822      843.4564    20                    779.5754   469669                     x5_7 D  37471  37469     56
  37508 36859      849.1619    28                    779.5754   470151                    x20_4 D  37508  37506     86
  37544 36895      899.0715    17                    779.5754   470744                   x40_21 U  37544  37542    115
  37600 36949      858.6765    40                    779.5754   471518                    x40_3 D  37600  37599    163
Elapsed time = 966.31 sec. (1857510.32 ticks, tree = 92.61 MB, solutions = 0)
  37692 37041      858.0914    55                    779.6015   472425                    x3_28 D  37692  37691    108
  37805 37154      793.2787    70                    779.6087   473039                   x28_36 D  37805  37804     11
  37831 37180      856.4119    73                    779.6087   474108                   x38_18 N  37831  37828     25
  37860 37209      879.1716    57                    779.6087   474527                   x25_11 N  37860  37857     42
  37892 37241      877.8926    54                    779.6087   475228                   x30_37 N  37892  37890     63
  37940 37283    infeasible                          779.6087   475859                    x0_11 U  37940  37938     97
  37992 37335      982.3650    33                    779.6087   476369                   x28_14 D  37992  37990    141
  38101 37444      847.4534    31                    779.6122   477658                    x2_16 D  38101  38100    113
  38178 37521      893.8217    39                    779.6122   478148                    x3_29 D  38178  38177    190
  38228 37571      821.3704    57                    779.6159   479519                   x38_12 D  38228  38226     33
Elapsed time = 988.04 sec. (1896694.57 ticks, tree = 94.80 MB, solutions = 0)
  38260 37601      861.3460    31                    779.6159   480098                   x36_43 N  38260  38258     54
  38288 37629      907.3171    36                    779.6159   480444                   x29_37 U  38288  38286     70
  38308 37649      952.5442    21                    779.6159   480865                    x15_2 N  38308  38306     83
  38332 37673     1007.6917    19                    779.6159   481217                   x40_23 N  38332  38330     99
  38368 37707     1041.7919    27                    779.6159   481803                   x12_41 N  38368  38366    128
  38400 37739     1027.9148    31                    779.6159   482132                    x6_21 D  38400  38399    155
  38515 37854      863.7563    54                    779.6205   483074                   x23_15 D  38515  38514    125
  38603 37942      780.9146    66                    779.6221   483647                   x42_27 U  38603  38602     13
  38632 37971      818.8140    26                    779.6221   484548                    x0_40 U  38632  38630     29
  38657 37996      889.1839    43                    779.6221   485065                   x34_42 U  38657  38656     45
Elapsed time = 1009.64 sec. (1936505.18 ticks, tree = 96.32 MB, solutions = 0)
  38675 38010      794.4387    47                    779.6337   485818                   x39_38 U  38675  38672     23
  38712 38047      845.9136    40                    779.6337   486779                   x17_33 N  38712  38710     46
  38753 38088      853.3856    50                    779.6337   487443                   x13_29 D  38753  38751     72
  38783 38118      889.2748    30                    779.6337   487940                   x15_12 N  38783  38781     93
  38830 38165      902.6825    63                    779.6337   488568                    x3_16 D  38830  38829    130
  38880 38213      975.4607    14                    779.6337   488994                    x5_12 N  38880  38878    170
  38933 38266     1007.4924    28                    779.6337   489365                    x40_7 N  38933  38931    214
  38980 38303      788.5420    55                    779.6395   489744                   x12_21 U  38980  38978     23
  39026 38349      814.0062    56                    779.6395   490541                   x21_22 D  39026  39024     55
  39069 38392      853.9645    40                    779.6395   491403                   x42_14 D  39069  39068     88
Elapsed time = 1030.18 sec. (1975664.01 ticks, tree = 97.74 MB, solutions = 0)
  39101 38424      881.2198    25                    779.6395   492092                   x23_27 N  39101  39099    108
  39128 38449      913.4337    25                    779.6395   492796                   x43_23 D  39128  39125    127
  39159 38478     1004.0588    28                    779.6395   493470                   x43_24 N  39159  39158    148
  39172 38491     1110.9181    16                    779.6395   493756                   x43_25 N  39172  39171    156
  39214 38529      819.5719    35                    779.6837   494503                   x40_22 D  39214  39213     55
  39312 38627      967.3106    25                    779.6837   495398                    x28_5 N  39312  39311    153
  39398 38709      785.7264    60                    779.6911   495922                   x33_35 D  39398  39396     16
  39438 38749      800.4444    48                    779.6911   497019                   x25_22 D  39438  39436     41
  39465 38776      831.8761    56                    779.6911   497530                   x32_31 D  39465  39464     58
  39498 38809      844.4032    24                    779.6911   498181                   x25_11 U  39498  39496     81
Elapsed time = 1051.98 sec. (2015441.94 ticks, tree = 99.25 MB, solutions = 0)
  39523 38834      889.6044    31                    779.6911   498705                   x39_23 N  39523  39520     97
  39548 38859      942.9374    31                    779.6911   499019                   x40_16 N  39548  39546    115
  39571 38882      986.2798    34                    779.6911   499465                   x17_41 N  39571  39569    131
  39630 38937      816.9938    22                    779.7052   500190                   x33_38 U  39630  39629     62
  39748 39055      906.0083    18                    779.7052   500962                    x2_25 D  39748  39747    180
  39822 39129      794.0879    36                    779.7299   501714                   x17_22 D  39822  39820     24
  39855 39162      811.0913    24                    779.7299   502307                   x37_25 U  39855  39852     43
  39887 39194      863.0270    32                    779.7299   503044                   x31_40 U  39887  39885     63
  39930 39237      884.4188    27                    779.7299   503798                   x35_37 N  39930  39929     93
  39982 39289      901.4404    35                    779.7299   504110                    x5_40 N  39982  39980    137
Elapsed time = 1073.49 sec. (2054527.22 ticks, tree = 101.00 MB, solutions = 0)
  40000 39307      929.3191    48                    779.7299   504426                    x9_29 D  40000  39999    149
  40103 39410      872.5930    12                    779.7319   505301                    x39_2 U  40103  40102    118
  40200 39507      936.1668    23                    779.7319   505788                   x23_40 D  40200  40199    215
  40235 39542      835.1511    34                    779.7396   506833                   x13_37 N  40235  40233     30
  40257 39564      859.0595    27                    779.7396   507162                   x23_38 D  40257  40255     43
  40291 39598      918.8325    34                    779.7396   507608                   x43_13 N  40291  40289     68
  40318 39623      925.4189    53                    779.7396   508059                    x15_3 D  40318  40316     89
  40356 39661      970.6088    22                    779.7396   508365                    x10_4 D  40356  40354    117
  40400 39705     1002.0038    21                    779.7396   508586                   x37_43 D  40400  40398    155
  40511 39816      871.6702    41                    779.7539   509941                    x3_23 D  40511  40510    125
Elapsed time = 1094.88 sec. (2094501.61 ticks, tree = 102.94 MB, solutions = 0)
  40616 39921      817.0748    35                    779.7548   511089                   x39_34 N  40616  40615     23
  40637 39942      847.1420    24                    779.7548   511353                    x10_3 N  40637  40634     34
  40666 39971      846.2880    37                    779.7548   511817                   x37_13 N  40666  40664     53
  40709 40014      849.4010    28                    779.7548   512338                   x23_16 D  40709  40707     89
  40757 40062      908.3451    16                    779.7548   512802                   x12_22 D  40757  40755    127
  40804 40109      792.2682    99                    779.8120   513176                    x0_31 U  40804  40802      6
  40833 40138      819.0088    10                    779.8120   514108                   x43_25 U  40833  40830     23
  40848 40153      843.1217    37                    779.8120   514695                   x22_13 N  40848  40847     32
  40872 40177      879.9242    21                    779.8120   514984                   x31_32 N  40872  40870     46
  40890 40195      893.2803    49                    779.8120   515253                    x32_1 D  40890  40888     56
Elapsed time = 1116.59 sec. (2133914.27 ticks, tree = 104.35 MB, solutions = 0)
  40930 40231      797.5216   101                    779.8168   516041                    x28_7 D  40930  40929     16
  40963 40264      828.5730    59                    779.8168   517265                   x26_34 U  40963  40961     35
  40991 40290      867.1981    49                    779.8168   518268                   x25_33 U  40991  40989     52
  41010 40309      921.0107    40                    779.8168   518764                   x34_42 D  41010  41008     63
  41039 40336      940.0628    33                    779.8168   519467                   x32_44 N  41039  41038     84
  41061 40358     1009.8898    18                    779.8168   519778                   x14_21 N  41061  41060    100
  41097 40390      804.6346    74                    779.8277   520403                   x39_38 D  41097  41096     33
  41203 40496      866.4834    49                    779.8277   521731                   x16_12 U  41203  41202    139
  41360 40653      946.8552    29                    779.8277   522758                   x44_30 N  41360  41359    296
  41419 40712      792.4342    34                    779.8278   523395                   x12_21 U  41419  41416     25
Elapsed time = 1139.50 sec. (2173243.94 ticks, tree = 106.27 MB, solutions = 0)
  41454 40747      819.3668    18                    779.8278   523973                   x36_43 U  41454  41453     46
  41490 40783      831.9168    42                    779.8278   524736                   x15_27 D  41490  41488     71
  41517 40808      867.1909    62                    779.8278   525324                   x30_31 N  41517  41515     91
  41547 40836      932.0411    14                    779.8278   525857                   x14_29 N  41547  41545    114
  41573 40860    infeasible                          779.8278   526322                    x9_14 N  41573  41572    132
  41717 41002      889.6259    66                    779.8297   527649                    x21_3 N  41717  41716    158
  41798 41083     1001.7145    22                    779.8297   528198                    x3_14 N  41798  41797    239
  41843 41128      803.7218    53                    779.8305   528966                   x13_22 U  41843  41841     42
  41877 41162      849.3099    51                    779.8305   529573                   x33_23 N  41877  41874     63
  41905 41190      885.4951    14                    779.8305   529938                     x5_7 N  41905  41904     82
Elapsed time = 1161.13 sec. (2212621.42 ticks, tree = 108.06 MB, solutions = 0)
  41930 41215      897.0638    23                    779.8305   530101                    x43_3 U  41930  41928    100
  41973 41258      939.1016     8                    779.8305   530693                   x23_41 U  41973  41971    135
  42038 41323      814.3091    31                    779.8328   531527                   x36_43 U  42038  42037     58
  42133 41418      917.6842    33                    779.8328   532489                    x2_22 N  42133  42132    153
  42197 41482      964.7412    12                    779.8328   532853                    x9_10 U  42197  42196    217
  42234 41519      813.0504    27                    779.8629   534227                   x37_29 U  42234  42233     41
  42273 41558      888.4121    20                    779.8629   534951                   x23_13 U  42273  42271     68
  42320 41605      911.6350    14                    779.8629   535669                   x13_41 D  42320  42319    106
  42358 41643      944.8911    18                    779.8629   536123                    x20_8 N  42358  42356    131
  42401 41686      988.1554    12                    779.8629   536355                   x29_41 N  42401  42399    168
Elapsed time = 1181.52 sec. (2252425.79 ticks, tree = 109.94 MB, solutions = 0)
  42505 41790      840.9789    58                    779.8697   537562                   x36_12 N  42505  42504    112
  42606 41891      791.6481    61                    779.8752   538704                    x5_28 U  42606  42604     21
  42632 41915      826.1181    25                    779.8752   539825                   x34_27 U  42632  42630     36
  42655 41938      880.8181    38                    779.8752   540328                   x17_15 D  42655  42653     51
  42676 41957      914.5467    26                    779.8752   540602                    x0_36 U  42676  42673     63
  42706 41987      957.7770    14                    779.8752   541094                   x40_23 U  42706  42704     85
  42740 42021      980.1164    32                    779.8752   541600                   x18_22 N  42740  42738    110
  42780 42061      991.0139    31                    779.8752   541906                     x2_3 N  42780  42778    141
  42810 42091      814.3846    52                    779.8762   542462                    x5_28 D  42810  42809     21
  42841 42122      836.8686    27                    779.8762   542967                   x36_43 D  42841  42839     40
Elapsed time = 1203.79 sec. (2292108.76 ticks, tree = 111.58 MB, solutions = 0)
  42865 42146      898.0497    14                    779.8762   543395                   x41_12 U  42865  42863     56
  42903 42184      978.6535    18                    779.8762   543916                   x36_12 D  42903  42902     87
  42920 42201     1056.7355    17                    779.8762   544232                   x40_32 N  42920  42918     98
  42948 42225      782.2670    61                    779.8831   544561                   x18_35 U  42948  42947     10
  42979 42256      803.2921    58                    779.8831   545368                    x1_28 D  42979  42977     29
  43004 42281      844.8700    20                    779.8831   546166                   x37_15 U  43004  43001     43
  43031 42308      870.4694    47                    779.8831   546875                    x7_19 D  43031  43029     59
  43078 42355      918.5046    30                    779.8831   547588                   x16_25 N  43078  43076     95
  43125 42402      937.4802    18                    779.8831   548124                    x41_6 U  43125  43122    133
  43176 42453      932.4665    24                    779.8831   548505                     x2_8 U  43176  43174    175
Elapsed time = 1224.62 sec. (2331737.08 ticks, tree = 112.85 MB, solutions = 0)
  43238 42515      800.4170    47                    779.8936   549199                   x12_22 U  43238  43237     49
  43404 42681      783.8129    41                    779.9014   550282                   x18_35 U  43404  43403     16
  43440 42717      812.9604    41                    779.9014   551186                   x12_14 U  43440  43437     38
  43466 42743      845.1431    58                    779.9014   551767                   x42_27 N  43466  43464     53
  43485 42762      897.7132    27                    779.9014   552090                   x15_40 N  43485  43484     68
  43510 42783      921.5686    36                    779.9014   552504                   x43_25 U  43510  43507     84
  43542 42815      942.9888    26                    779.9014   552782                    x15_5 D  43542  43540    107
  43616 42885      830.9937    57                    779.9082   553771                   x22_13 U  43616  43615     70
  43718 42987      946.7568    35                    779.9082   554782                    x6_23 N  43718  43717    172
  43809 43078      789.8241    96                    779.9239   555549                    x5_28 U  43809  43807     18
Elapsed time = 1246.94 sec. (2370797.97 ticks, tree = 115.25 MB, solutions = 0)
  43840 43109      820.1470    55                    779.9239   556556                   x29_11 D  43840  43838     38
  43874 43143      852.4194    29                    779.9239   557191                   x23_28 N  43874  43873     58
  43926 43191      788.4645    54                    779.9248   557967                    x5_28 D  43926  43925     21
  44000 43265      828.0878    51                    779.9248   558698                   x39_12 D  44000  43999     95
  44089 43354      865.7845    33                    779.9248   559343                     x6_9 D  44089  44088    184
  44145 43410      955.3714    23                    779.9248   559758                   x12_22 N  44145  44144    240
  44180 43441      818.0779    30                    779.9613   560435                   x13_29 U  44180  44177     36
  44220 43481      871.2244    27                    779.9613   561000                   x14_33 U  44220  44218     64
  44273 43534      913.9730    26                    779.9613   561436                   x18_14 N  44273  44272    104
  44310 43569      951.3936    18                    779.9613   561824                   x11_33 U  44310  44308    131
Elapsed time = 1269.18 sec. (2412859.21 ticks, tree = 117.15 MB, solutions = 0)
  44344 43603      980.2188     8                    779.9613   562037                    x18_4 N  44344  44342    158
  44402 43661      786.3203    32                    779.9624   562318                   x18_35 D  44402  12797     18
  44513 43772      866.0798    16                    779.9624   563209                    x39_6 N  44513  44512    129
  44577 43836      894.0498    28                    779.9624   563525                    x5_15 D  44577  44576    193
  44628 43887      795.7347    36                    779.9837   564377                   x13_22 D  44628  44626     30
  44667 43926      822.8311    44                    779.9837   565256                   x15_16 N  44667  44665     57
  44705 43964      843.7919    47                    779.9837   565897                   x34_26 U  44705  44704     85
  44757 44014      871.4426    29                    779.9837   566597                    x10_9 U  44757  44755    129
  44795 44050      888.5017    20                    779.9837   567341                    x21_9 D  44795  44793    158
  44819 44072      802.9313    41                    780.0304   567968                   x34_42 U  44819  44818     28
Elapsed time = 1289.63 sec. (2451772.47 ticks, tree = 119.10 MB, solutions = 0)
  44850 44103      855.6305    19                    780.0304   568720                   x33_12 N  44850  44848     46
  44880 44133      884.4264    58                    780.0304   569180                   x36_28 D  44880  44879     65
  44922 44175     1016.3607    31                    780.0304   570008                   x13_16 N  44922  44921     96
  44950 44193      810.5054    72                    780.0414   570642                   x31_41 U  44950  44948     21
  44974 44217      843.1680    75                    780.0414   571674                   x29_41 U  44974  44972     34
  45005 44248      887.5880    46                    780.0414   572323                   x25_15 N  45005  45003     53
  45033 44274      930.2972    32                    780.0414   572737                   x30_37 U  45033  45030     71
  45049 44290      997.0956    10                    780.0414   572958                   x15_40 U  45049  45047     83
  45063 44304     1060.5192    19                    780.0414   573261                   x41_32 D  45063  45062     93
  45076 44313     1085.3637    48                    780.0414   573443                   x23_32 N  45076  45075    103
Elapsed time = 1312.04 sec. (2491871.88 ticks, tree = 120.04 MB, solutions = 0)
  45096 44329     1130.1662    10                    780.0414   573584                    x7_20 D  45096  45095    117
  45109 44342     1170.2620    30                    780.0414   573705                   x10_27 U  45109  45107    127
  45118 44349     1278.4198    34                    780.0414   573936                   x28_13 N  45118  45116    133
  45217 44444      816.3961    76                    780.0433   574876                    x13_6 D  45217  45216    100
  45396 44623      906.9512    35                    780.0433   576057                   x44_18 N  45396  45395    279
  45430 44657      811.4635    34                    780.0921   577136                   x11_21 D  45430  45428     28
  45469 44696      840.9285    32                    780.0921   577725                   x30_36 U  45469  45467     57
  45494 44721      872.3877    18                    780.0921   578139                   x30_25 U  45494  45492     73
  45534 44759      916.8500    24                    780.0921   578625                    x20_5 N  45534  45532    108
  45569 44794      928.5801    29                    780.0921   579079                   x41_37 N  45569  45568    136
Elapsed time = 1333.05 sec. (2531113.28 ticks, tree = 121.94 MB, solutions = 0)
  45592 44817      971.8557    39                    780.0921   579391                   x28_24 N  45592  45590    151
  45629 44854      801.8974    48                    780.1157   579968                   x33_12 D  45629  45628     45
  45725 44950      868.5024    37                    780.1157   580742                   x25_45 N  45725  45724    141
  45820 45045      811.7368    62                    780.1261   581690                    x0_30 D  45820  45819     32
  45835 45060      838.4559    56                    780.1261   582067                   x38_33 D  45835  45832     40
  45856 45079      871.2731    17                    780.1261   582670                   x41_33 U  45856  45853     53
  45892 45115      881.2827    42                    780.1261   583347                   x31_36 D  45892  45890     79
  45924 45147      905.6825    22                    780.1261   583821                     x8_6 N  45924  45922    102
  45970 45193      927.7964    26                    780.1261   584257                    x1_19 U  45970  45968    139
  46000 45223      955.6829    16                    780.1261   584529                    x38_5 D  46000  45999    163
Elapsed time = 1354.22 sec. (2571641.54 ticks, tree = 123.65 MB, solutions = 0)
  46075 45298      822.6974    43                    780.1573   585435                    x3_16 N  46075  46074     85
  46170 45393      891.3630    24                    780.1573   586154                    x5_39 D  46170  46169    180
  46217 45440      809.8193    63                    780.1671   586805                   x35_16 D  46217  46216     22
  46244 45467      833.6153    49                    780.1671   587491                   x30_43 U  46244  46242     39
  46273 45496      892.7058    38                    780.1671   588234                   x34_26 N  46273  46271     60
  46297 45520      944.9264    19                    780.1671   588773                   x18_42 N  46297  46295     76
  46318 45537      973.6177    36                    780.1671   589068                   x11_14 N  46318  46315     92
  46377 45596     1053.2650    24                    780.1671   589623                    x5_28 N  46377  46376    146
  46400 45619     1135.4830    28                    780.1671   589863                   x22_32 D  46400  46399    164
  46475 45694      841.4114    25                    780.1869   591062                   x42_39 D  46475  46474     85
Elapsed time = 1378.13 sec. (2611976.35 ticks, tree = 125.53 MB, solutions = 0)
  46582 45801      898.1723    23                    780.1869   591728                   x20_14 N  46582  46581    192
  46623 45842      805.2914    76                    780.1917   592613                   x29_41 U  46623  46620     22
  46650 45869      836.8215    45                    780.1917   593507                   x38_18 U  46650  46648     37
  46674 45893      859.3765    32                    780.1917   594183                    x3_23 D  46674  46672     51
  46700 45919      896.6140    27                    780.1917   594687                   x13_30 N  46700  46698     68
  46732 45951      899.8021    35                    780.1917   595212                   x41_14 N  46732  46731     92
  46761 45976      932.9083    39                    780.1917   595770                    x3_30 U  46761  46759    112
  46794 46009      972.9554    41                    780.1917   596252                   x38_41 N  46794  46791    137
  46820 46035      818.6574    75                    780.2206   597088                   x12_16 D  46820  46819     21
  46856 46071      855.9726    26                    780.2206   597699                   x13_16 D  46856  46854     44
Elapsed time = 1400.14 sec. (2651596.57 ticks, tree = 127.04 MB, solutions = 0)
  46894 46107      921.3025    50                    780.2206   598271                   x16_23 N  46894  46892     71
  46921 46132      939.1040    28                    780.2206   598761                   x27_39 U  46921  46919     90
  46946 46155      969.2691    20                    780.2206   599001                   x16_21 N  46946  46944    107
  46970 46179     1002.8368    32                    780.2206   599366                    x24_5 D  46970  46968    123
  47013 46222      801.4111    64                    780.2223   600258                   x37_15 D  47013  47012     21
  47035 46244      826.7885    61                    780.2223   601205                   x38_27 D  47035  47034     34
  47061 46268      837.8250    39                    780.2223   601783                   x36_23 D  47061  47060     50
  47092 46299      877.1125    32                    780.2223   602496                   x30_45 D  47092  47091     72
  47126 46331    infeasible                          780.2223   603050                   x37_36 N  47126  47124     94
  47153 46358      923.6519    47                    780.2223   603629                   x40_44 D  47153  47151    115
Elapsed time = 1421.00 sec. (2690542.69 ticks, tree = 128.20 MB, solutions = 0)
  47188 46389    infeasible                          780.2223   604218                   x32_33 N  47188  47186    139
  47239 46436      807.8571    47                    780.2281   604925                   x43_25 D  47239  47238     57
  47378 46575      911.3847    58                    780.2281   605894                     x2_4 N  47378  47377    196
  47424 46621      807.4374    44                    780.2379   606814                   x25_17 N  47424  47421     24
  47454 46651      824.2731    39                    780.2379   607786                    x0_41 U  47454  47451     42
  47480 46677      855.3608    32                    780.2379   608279                   x24_36 N  47480  47479     60
  47515 46712      912.3927    29                    780.2379   608810                   x36_30 N  47515  47513     84
  47542 46739      935.8232    33                    780.2379   609234                   x43_23 N  47542  47540    102
  47587 46784      969.2430    39                    780.2379   609624                   x31_45 U  47587  47586    138
  47670 46867      865.7681    68                    780.2421   610969                   x21_17 N  47670  47669     87
Elapsed time = 1443.50 sec. (2729552.53 ticks, tree = 130.26 MB, solutions = 0)
  47804 47001      785.5791    40                    780.2447   611890                   x42_27 U  47804  47802     11
  47829 47026      822.5844    24                    780.2447   613014                   x25_27 N  47829  47827     26
  47853 47050      846.3650    31                    780.2447   613769                   x30_36 D  47853  47850     42
  47894 47089    infeasible                          780.2447   614379                   x23_16 N  47894  47892     76
  47916 47111      894.1936    29                    780.2447   614825                   x31_40 N  47916  47914     92
  47941 47136      917.5134    21                    780.2447   615071                   x43_13 D  47941  47940    112
  47964 47159      948.9743    52                    780.2447   615547                   x38_44 D  47964  47962    128
  47999 47194      991.9411    35                    780.2447   616023                   x16_25 N  47999  47997    153
  48047 47242      854.3883    70                    780.2512   617356                   x28_41 D  48047  48046     55
  48170 47365      925.0284    48                    780.2512   618814                   x16_18 N  48170  48169    178
Elapsed time = 1466.66 sec. (2768718.21 ticks, tree = 132.28 MB, solutions = 0)
  48220 47415      805.8845    81                    780.2516   620064                   x29_41 U  48220  48218     19
  48246 47441      825.2343    84                    780.2516   620937                   x11_22 N  48246  48244     33
  48280 47475      842.8646    37                    780.2516   621571                   x39_38 D  48280  48278     54
  48308 47503      868.0298    47                    780.2516   621985                   x43_23 U  48308  48307     74
  48330 47525      917.9931    27                    780.2516   622564                   x31_30 U  48330  48328     90
  48364 47557      939.0250    27                    780.2516   622932                   x24_37 U  48364  48362    116
  48395 47584      783.2737    48                    780.2586   623380                   x18_35 U  48395  48394     22
  48450 47639      817.2714    41                    780.2586   624015                   x41_16 D  48450  48449     77
  48579 47768      913.2856    23                    780.2586   625053                   x39_28 N  48579  48578    206
  48618 47807      790.1476    84                    780.2810   625895                   x25_13 D  48618  48616     23
Elapsed time = 1489.17 sec. (2808872.75 ticks, tree = 134.09 MB, solutions = 0)
  48643 47832      822.0649    26                    780.2810   626816                   x27_42 N  48643  48642     36
  48660 47849      861.1528    22                    780.2810   627515                   x38_33 N  48660  48658     47
  48674 47863      889.4125    27                    780.2810   627911                   x43_29 D  48674  48672     55
  48688 47877      929.6922    28                    780.2810   628137                   x17_21 N  48688  48685     63
  48731 47920      984.8180    22                    780.2810   628530                   x31_45 U  48731  48730     99
  48750 47939     1031.6822    31                    780.2810   628681                    x6_15 N  48750  48749    114
  48783 47972     1108.1670    18                    780.2810   628907                   x22_15 U  48783  48781    141
  48799 47988     1151.9238    13                    780.2810   628983                     x2_4 N  48799  48798    154
  48821 48010      799.0158    49                    780.2851   629736                   x14_18 U  48821  48819     22
  48850 48039      816.5462    24                    780.2851   630546                   x27_42 D  48850  48847     38
Elapsed time = 1512.81 sec. (2848804.74 ticks, tree = 135.05 MB, solutions = 0)
  48875 48064      826.0613    41                    780.2851   631063                   x11_21 N  48875  48873     52
  48905 48094      846.2269    26                    780.2851   631575                   x38_30 D  48905  48904     74
  48923 48110      881.7663    20                    780.2851   632131                   x22_41 U  48923  48921     85
  48951 48138      860.2946    49                    780.2851   632486                   x40_37 D  48951  48949    107
  48980 48167      889.9893    29                    780.2851   633250                    x3_16 D  48980  48979    130
  49011 48198      786.2619    54                    780.2910   633997                   x33_15 D  49011  49009     28
  49051 48238      830.5927    42                    780.2910   634924                   x17_11 N  49051  49049     53
  49080 48267      839.7832    46                    780.2910   635529                   x11_30 D  49080  49078     74
  49103 48290      879.1723    43                    780.2910   636077                   x42_27 N  49103  49101     91
  49122 48307      935.9323    34                    780.2910   636438                   x17_28 U  49122  49120    103
Elapsed time = 1534.33 sec. (2887637.76 ticks, tree = 136.15 MB, solutions = 0)
  49188 48369      831.4471    30                    780.2926   637176                   x23_12 N  49188  49187     75
  49236 48417      856.2467    26                    780.2926   637482                   x38_33 U  49236  49235    123
  49314 48495      926.2825    15                    780.2926   637781                    x9_38 D  49314  49313    201
  49378 48559     1038.0375    18                    780.2926   638027                   x21_28 D  49378  49377    265
  49412 48589      804.0924    73                    780.2969   638855                   x39_38 U  49412  49410     30
  49441 48618      838.4756    40                    780.2969   639373                    x27_2 N  49441  49440     47
  49469 48646      852.0299    18                    780.2969   639866                   x43_23 U  49469  49467     65
  49489 48666      867.2461    15                    780.2969   640247                   x30_43 U  49489  49487     78
  49509 48684      883.2088    47                    780.2969   640527                   x41_45 N  49509  49507     90
  49535 48710      907.6861    26                    780.2969   640876                   x25_37 U  49535  49533    111
Elapsed time = 1556.57 sec. (2926889.26 ticks, tree = 137.83 MB, solutions = 0)
  49551 48726      902.7585    28                    780.2969   641264                     x9_7 N  49551  49550    122
  49592 48765      957.4704    11                    780.2969   641762                   x43_22 U  49592  49590    152
  49623 48796      800.4553    63                    780.2976   642541                   x26_16 D  49623  49622     34
  49800 48973      895.5123    49                    780.2976   643537                   x28_32 D  49800  49799    211
  49820 48993      812.0145    54                    780.3141   644420                   x23_38 U  49820  49818     21
  49840 49011      831.6443    24                    780.3141   644981                   x30_25 N  49840  49838     35
  49873 49044      861.8703    18                    780.3141   645435                   x43_23 N  49873  49871     59
  49894 49065      892.0743    27                    780.3141   645953                   x33_15 U  49894  49891     73
  49918 49085    infeasible                          780.3141   646439                     x2_4 N  49918  49917     91
  50000 49165      824.8247    42                    780.3232   647296                    x2_25 D  50000  49999     98
Elapsed time = 1582.13 sec. (2969500.95 ticks, tree = 139.73 MB, solutions = 0)
  50164 49329      893.7761    30                    780.3232   648100                    x9_28 D  50164  50163    262
  50217 49382      810.2995    58                    780.3250   648759                   x38_18 U  50217  50214     13
  50239 49404      839.7724    23                    780.3250   649435                    x0_43 U  50239  50236     26
  50254 49419      876.1617    10                    780.3250   649822                   x11_41 U  50254  50252     36
  50282 49447      881.8821    18                    780.3250   650323                   x13_17 U  50282  50280     53
  50310 49473      908.4663    36                    780.3250   650684                   x14_40 D  50310  50309     72
  50331 49494      922.7826    36                    780.3250   651213                   x14_39 N  50331  50329     86
  50379 49540      971.8404    14                    780.3250   651843                    x4_17 U  50379  50377    123
  50414 49573      794.0249    54                    780.3280   652338                   x23_12 D  50414  50413     31
  50532 49691      874.3352    50                    780.3280   653484                   x29_38 D  50532  50531    149
Elapsed time = 1603.91 sec. (3008763.30 ticks, tree = 141.94 MB, solutions = 0)
  50611 49770      806.9269    83                    780.3297   654498                   x26_34 U  50611  50610     12
  50636 49795      838.0073    50                    780.3297   655355                    x5_24 U  50636  50634     26
  50658 49817      859.6020    26                    780.3297   656046                   x33_25 U  50658  50655     37
  50680 49839      887.9909    28                    780.3297   656529                   x13_12 U  50680  50678     51
  50708 49867      952.1781    22                    780.3297   657077                   x24_30 N  50708  50705     70
  50726 49885      967.0410    16                    780.3297   657369                   x29_23 N  50726  50724     82
  50747 49902      785.5882    62                    780.3340   657845                   x12_22 D  50747  50745     22
  50780 49935      804.8317    62                    780.3340   658735                   x36_45 D  50780  50779     42
  50800 49955      858.2205    43                    780.3340   659504                   x17_13 N  50800  50798     54
  50823 49976    infeasible                          780.3340   660088                   x24_30 N  50823  50820     67
Elapsed time = 1628.91 sec. (3049261.73 ticks, tree = 143.14 MB, solutions = 0)
  50850 50003      887.9107    20                    780.3340   660486                     x9_8 N  50850  50848     88
  50882 50033      914.6232    26                    780.3340   660801                   x17_16 N  50882  50880    111
  50906 50055    infeasible                          780.3340   661060                   x25_11 N  50906  50904    127
  50946 50093      968.2564    12                    780.3340   661362                    x42_9 U  50946  50944    160
  50999 50140      783.8301    57                    780.3387   661793                   x17_13 U  50999  50998     22
  51027 50168      811.5479    74                    780.3387   662614                    x0_31 U  51027  51024     38
  51057 50198      823.3188    38                    780.3387   663321                   x33_43 D  51057  51056     55
  51093 50234      854.8016    41                    780.3387   663875                   x29_12 N  51093  51092     80
  51119 50260      879.7291    17                    780.3387   664171                     x9_5 N  51119  51117     96
  51140 50281      897.0825    34                    780.3387   664355                   x32_31 U  51140  51138    111
Elapsed time = 1648.24 sec. (3088270.23 ticks, tree = 144.44 MB, solutions = 0)
  51179 50320      936.4425     8                    780.3387   664627                   x40_25 U  51179  51177    142
  51230 50371      823.7081    79                    780.3649   665450                   x22_25 D  51230  51229     40
  51351 50492      876.0986    29                    780.3649   666623                    x39_8 D  51351  51350    161
  51408 50549      803.0570    45                    780.3654   667536                   x42_34 D  51408  51406     17
  51428 50569      834.9856    43                    780.3654   668164                   x37_15 N  51428  51425     28
  51451 50592      891.7701    44                    780.3654   668688                   x17_40 N  51451  51449     43
  51473 50614      888.3916    32                    780.3654   668971                   x21_13 N  51473  51472     59
  51490 50631      926.0295    31                    780.3654   669408                   x22_16 N  51490  51487     68
  51514 50651    infeasible                          780.3654   669942                   x21_40 N  51514  51512     86
  51555 50692     1027.1253    26                    780.3654   670681                   x22_23 N  51555  51553    119
Elapsed time = 1672.68 sec. (3129184.70 ticks, tree = 146.19 MB, solutions = 0)
  51590 50727      977.0622    43                    780.3654   671373                    x3_11 D  51590  51588    146
  51630 50767      811.3863    48                    780.3782   671850                   x25_22 D  51630  51629     38
  51749 50886      871.9716    26                    780.3782   672774                   x30_36 U  51749  51748    157
  51814 50951      790.7869    38                    780.3798   673345                   x26_34 U  51814  51812     26
  51840 50977      835.8578    55                    780.3798   674034                   x21_37 N  51840  51839     43
  51862 50997      865.7033    23                    780.3798   674580                   x23_14 N  51862  51859     55
  51881 51016      875.1004    12                    780.3798   674815                     x9_8 D  51881  51880     69
  51901 51036      896.8361    16                    780.3798   675084                    x42_6 N  51901  51898     81
  51931 51064    infeasible                          780.3798   675451                   x38_41 N  51931  51929    104
  51979 51112      965.0441    31                    780.3798   675823                    x5_14 U  51979  51977    142
Elapsed time = 1694.40 sec. (3169523.22 ticks, tree = 147.99 MB, solutions = 0)
  52000 51133      945.5897    28                    780.3798   675976                    x0_33 D  52000  51999    158
  52078 51211      837.8825    69                    780.3800   677333                   x33_23 D  52078  52077     90
  52209 51342      802.6058    75                    780.3813   678596                   x26_34 D  52209  52207     14
  52231 51364      824.0793    84                    780.3813   679629                   x32_44 U  52231  52229     28
  52254 51385      856.1324    82                    780.3813   680407                   x17_15 D  52254  52252     42
  52285 51416      869.2133    56                    780.3813   681204                   x36_37 D  52285  52284     61
  52315 51446      890.0100    52                    780.3813   681893                    x1_20 N  52315  52312     80
  52335 51466      925.2787    39                    780.3813   682568                   x43_17 N  52335  52333     91
  52364 51495      948.8026    24                    780.3813   682967                   x25_11 U  52364  52362    112
  52385 51514      969.1311    41                    780.3813   683183                   x14_12 N  52385  52383    125
Elapsed time = 1717.49 sec. (3210039.27 ticks, tree = 149.72 MB, solutions = 0)
  52450 51579      807.9672    57                    780.3902   684065                   x25_16 D  52450  52449     57
  52572 51701      852.2568    34                    780.3902   685009                   x32_44 U  52572  52571    179
  52617 51746      807.7683    60                    780.3959   685613                   x15_13 U  52617  52614     28
  52642 51771      832.0348    69                    780.3959   686392                   x40_29 N  52642  52640     43
  52673 51802      874.4293    44                    780.3959   687118                   x13_33 N  52673  52671     63
  52702 51831      885.8614    49                    780.3959   687444                   x31_19 D  52702  52700     82
  52729 51858      938.7699    30                    780.3959   687888                   x29_14 U  52729  52726     98
  52770 51899      968.0789    25                    780.3959   688248                     x8_4 D  52770  52769    130
  52794 51921    infeasible                          780.3959   688354                     x6_5 N  52794  52792    147
  52815 51942      801.4428   107                    780.4136   689250                   x31_32 D  52815  52814     15
Elapsed time = 1738.54 sec. (3249219.53 ticks, tree = 151.56 MB, solutions = 0)
  52833 51960      818.5333    66                    780.4136   690398                   x17_33 U  52833  52831     24
  52854 51981      842.8100    42                    780.4136   690993                   x33_37 N  52854  52851     35
  52869 51994      912.8192    41                    780.4136   691590                   x17_36 N  52869  52867     44
  52901 52026      915.0475    54                    780.4136   692274                   x15_33 N  52901  52898     68
  52944 52069      980.5524    31                    780.4136   692872                   x41_11 N  52944  52941    100
  52976 52097      784.6753    52                    780.4176   693330                   x26_34 U  52976  52974     24
  53008 52129      819.2480    41                    780.4176   694318                   x25_33 U  53008  53005     45
  53031 52150      830.0123    56                    780.4176   694840                   x38_16 D  53031  53029     60
  53060 52179      870.9920    43                    780.4176   695426                   x36_12 N  53060  53058     79
  53099 52218      908.1155    37                    780.4176   696041                   x14_28 D  53099  53097    105
Elapsed time = 1761.84 sec. (3289830.27 ticks, tree = 152.77 MB, solutions = 0)
  53134 52253     1003.6499    26                    780.4176   696317                    x41_2 U  53134  53132    136
  53159 52278     1023.4808    20                    780.4176   696634                   x21_44 N  53159  53157    154
  53183 52302      981.1772    14                    780.4176   696840                     x8_2 N  53183  53181    171
  53220 52335      794.7243    61                    780.4232   697208                   x25_16 D  53220  53219     40
  53389 52504      871.8167    30                    780.4232   698371                   x11_25 D  53389  53388    209
  53423 52538      818.4816    85                    780.4245   699318                   x30_31 U  53423  53420     21
  53446 52561      835.3266    31                    780.4245   700345                   x39_38 N  53446  53444     35
  53464 52579      864.3485    55                    780.4245   700985                    x7_36 N  53464  53462     46
  53491 52606      888.3922    33                    780.4245   701629                   x42_17 N  53491  53489     66
  53517 52628      914.4820    32                    780.4245   702007                   x44_40 D  53517  53515     86
Elapsed time = 1783.49 sec. (3329545.33 ticks, tree = 154.56 MB, solutions = 0)
  53559 52668      976.3786    31                    780.4245   702310                   x15_16 N  53559  53558    118
  53578 52687     1075.4219    14                    780.4245   702549                   x41_14 N  53578  53576    131
  53608 52713      788.7602    79                    780.4387   702969                   x39_38 D  53608  53607     29
  53727 52832      883.8677    34                    780.4387   704132                   x40_31 D  53727  53726    148
  53805 52910      791.8654    96                    780.4607   705081                   x42_34 U  53805  53804     12
  53830 52935      813.2298    20                    780.4607   705853                    x42_2 U  53830  53828     27
  53857 52962      844.5556    28                    780.4607   706440                   x22_15 U  53857  53854     44
  53887 52990      864.1703    23                    780.4607   706943                   x43_23 U  53887  53886     68
  53905 53008      892.4480    30                    780.4607   707351                   x12_14 N  53905  53903     78
  53927 53030      910.0649    40                    780.4607   707675                   x42_28 D  53927  53926     95
Elapsed time = 1806.58 sec. (3368326.88 ticks, tree = 156.32 MB, solutions = 0)
  53944 53047      922.8582    26                    780.4607   707897                   x24_31 D  53944  53942    106
  53976 53077      931.4734    27                    780.4607   708092                   x44_24 N  53976  53974    132
  54023 53122      796.5726    83                    780.4701   708658                    x5_28 D  54023  54022     29
  54145 53244      842.5197    43                    780.4701   709727                    x20_8 N  54145  54144    151
  54211 53310      804.6830    38                    780.4818   710571                   x39_38 N  54211  54209     15
  54236 53333    infeasible                          780.4818   711414                   x39_23 N  54236  54234     29
  54260 53357      841.8752    28                    780.4818   712002                   x23_15 N  54260  54257     43
  54282 53379      868.6040    38                    780.4818   712269                   x37_30 N  54282  54280     57
  54309 53404      881.8223    45                    780.4818   712541                    x39_3 U  54309  54306     75
  54327 53418      898.2896    13                    780.4818   712697                     x2_3 N  54327  54325     87
Elapsed time = 1829.68 sec. (3408179.34 ticks, tree = 158.03 MB, solutions = 0)
  54348 53439      912.4296    27                    780.4818   712889                   x36_30 D  54348  54345    102
  54370 53461      948.9490    16                    780.4818   713009                   x24_44 N  54370  54369    119
  54383 53474      978.3545    21                    780.4818   713124                   x12_25 D  54383  54382    127
  54411 53498      802.3075    62                    780.4885   713594                    x0_30 D  54411  54410     40
  54547 53634      862.2214    46                    780.4885   714467                   x12_45 D  54547  54546    176
  54614 53701      803.8983    63                    780.4990   715057                   x39_38 D  54614  54612     24
  54644 53731      867.6311    24                    780.4990   715723                   x43_38 N  54644  54641     43
  54666 53751      887.3878    32                    780.4990   716258                   x17_14 N  54666  54663     58
  54693 53776      913.1278    65                    780.4990   716853                   x25_16 N  54693  54691     79
  54720 53803      937.5823    18                    780.4990   717472                   x13_25 N  54720  54718     98
Elapsed time = 1853.15 sec. (3449120.27 ticks, tree = 159.72 MB, solutions = 0)
  54745 53826      986.1155     8                    780.4990   717887                    x3_25 N  54745  54744    117
  54765 53846     1042.3367    12                    780.4990   718244                   x31_30 N  54765  54763    130
  54772 53851     1064.7975     8                    780.4990   718380                   x40_14 D  54772  54770    134
  54787 53866     1090.8683    24                    780.4990   718610                   x40_29 D  54787  54785    143
  54801 53880     1133.7137    27                    780.4990   718739                   x40_32 N  54801  54800    152
  54830 53909      808.9985    41                    780.5118   719625                   x14_16 D  54830  54827     37
  54851 53930      853.9511    57                    780.5118   720199                   x13_30 N  54851  54848     49
  54884 53963      904.7750    20                    780.5118   720787                   x18_17 N  54884  54882     70
  54905 53984      905.7671    28                    780.5118   721325                    x5_24 N  54905  54902     84
  54937 54016      922.1833    24                    780.5118   721780                   x37_30 N  54937  54935    110
Elapsed time = 1875.69 sec. (3489536.02 ticks, tree = 160.67 MB, solutions = 0)
  54958 54035      967.3486    13                    780.5118   722242                   x18_40 U  54958  54956    124
  54997 54074      962.6041    32                    780.5118   722820                   x33_30 D  54997  54996    157
  55030 54107      801.6051    53                    780.5167   723602                   x14_16 U  55030  55028     39
  55074 54151      864.4700    52                    780.5167   724306                   x13_29 U  55074  55072     73
  55097 54174      869.4117    53                    780.5167   724654                   x41_30 N  55097  55096     89
  55119 54196      916.3504    28                    780.5167   725183                    x23_2 N  55119  55117    103
  55140 54217      940.9132    29                    780.5167   725421                   x25_30 D  55140  55138    118
  55156 54231      959.8870    17                    780.5167   725636                   x30_11 U  55156  55153    127
  55166 54241     1035.7783    20                    780.5167   725843                    x7_20 U  55166  55164    133
  55220 54291      816.1554    26                    780.5238   726701                    x0_15 D  55220  55219     66
Elapsed time = 1899.25 sec. (3529358.92 ticks, tree = 161.90 MB, solutions = 0)
  55320 54391      891.8158    31                    780.5238   727380                   x22_28 N  55320  55319    166
  55372 54443      923.8601    15                    780.5238   727607                    x3_43 D  55372  55371    218
  55404 54475      785.1059    57                    780.5391   727770                   x12_21 U  55404  55402     13
  55430 54501      816.6951    32                    780.5391   728369                   x17_25 D  55430  55428     28
  55447 54518      840.3162    36                    780.5391   728911                   x42_27 N  55447  55444     36
  55468 54539      849.8259    20                    780.5391   729495                    x0_31 N  55468  55467     49
  55497 54568      872.4019    28                    780.5391   730021                    x3_33 D  55497  55495     67
  55522 54593      929.2592    29                    780.5391   730594                   x41_11 U  55522  55520     84
  55554 54625      936.5424    34                    780.5391   730932                    x38_4 U  55554  55552    111
  55593 54662      958.1904    45                    780.5391   731360                    x21_8 D  55593  55592    143
Elapsed time = 1922.46 sec. (3569483.31 ticks, tree = 163.57 MB, solutions = 0)
  55611 54680      800.1048    71                    780.5649   731725                   x23_38 D  55611  55610     25
  55738 54807      861.8558    64                    780.5649   732657                   x40_14 N  55738  55737    152
  55789 54858      900.8385    19                    780.5649   733225                    x36_4 N  55789  55788    203
  55829 54898      803.4741    40                    780.5748   734044                   x17_25 U  55829  55827     37
  55852 54921      851.7486    36                    780.5748   734697                   x27_39 N  55852  55850     51
  55876 54943    infeasible                          780.5748   735108                   x25_13 N  55876  55874     70
  55915 54982      940.1941    20                    780.5748   735569                   x15_17 U  55915  55913    100
  55935 55002      955.3191    31                    780.5748   735694                     x2_7 N  55935  55933    114
  55952 55019      993.0148    12                    780.5748   735904                    x3_43 N  55952  55951    127
  55973 55038     1023.9117    21                    780.5748   736037                    x41_2 N  55973  55971    142
Elapsed time = 1945.65 sec. (3610029.63 ticks, tree = 165.27 MB, solutions = 0)
  55991 55054     1078.3936    10                    780.5748   736131                    x30_9 U  55991  55988    155
  56002 55065      805.3090    36                    780.5765   736193                   x25_16 U  56002  10206     21
  56100 55163      884.8194    38                    780.5765   737079                   x41_25 D  56100  56099    119
  56206 55269      788.9007    87                    780.5772   737648                   x40_31 D  56206  56205      9
  56231 55294      825.2823    56                    780.5772   738585                   x35_16 U  56231  56228     24
  56250 55313      831.2547    59                    780.5772   739113                   x17_13 D  56250  56249     36
  56268 55331      853.8310    24                    780.5772   739494                   x38_27 N  56268  56265     45
  56292 55355      863.9671    35                    780.5772   740004                   x23_39 U  56292  56290     63
  56317 55378      898.9605    24                    780.5772   740413                   x22_23 N  56317  56314     81
  56440 55499      799.6842    60                    780.5791   741790                   x12_22 U  56440  56439     49
Elapsed time = 1976.00 sec. (3661218.48 ticks, tree = 167.36 MB, solutions = 0)
  56670 55729      844.9667    57                    780.6017   744926                   x13_25 D  56670  56668     59
  56789 55846      947.5504    35                    780.6017   747152                   x24_31 N  56789  56788    145
  56871 55928      880.3488    28                    780.6091   749732                   x40_22 U  56871  56868     49
  56940 55993      962.6062    30                    780.6091   750977                   x17_12 U  56940  56938     96
  57064 56115      841.4795    58                    780.6092   752979                   x33_25 D  57064  57062     61
  57193 56240      853.1964    32                    780.6134   754739                    x2_25 D  57193  57192    116
  57433 56477      838.5767    72                    780.6288   756604                   x44_31 D  57433  57432     47
  57520 56564      926.4207     8                    780.6288   757883                   x28_36 U  57520  57518    111
  57800 56842      920.9283    15                    780.6546   760212                   x28_19 U  57800  57799    220
  57889 56931      894.5448    24                    780.6598   762838                   x24_36 N  57889  57887     71
Elapsed time = 2067.24 sec. (3816501.94 ticks, tree = 173.93 MB, solutions = 0)
  58060 57102      842.3035    57                    780.6605   764979                   x23_15 D  58060  58059     79
  58242 57282      866.3008    55                    780.6695   767670                   x18_39 N  58242  58240     34
  58330 57362      980.5323    32                    780.6695   768964                   x17_32 D  58330  58328     95
  58437 57467      803.9549    56                    780.6730   770259                   x30_45 D  58437  58436     57
  58650 57680      844.2949    50                    780.6887   772991                   x42_34 D  58650  58648     36
  58750 57776      984.3069    25                    780.6887   774347                    x39_2 N  58750  58748    111
  58856 57882      825.5235    55                    780.6897   776455                   x36_43 D  58856  58853     48
  58957 57975      804.3301    34                    780.6907   778860                   x40_16 D  58957  58955     40
  59044 58062      905.8286    31                    780.6907   780641                   x30_24 N  59044  59042     95
  59133 58151     1043.2611    14                    780.6907   781690                   x44_36 U  59133  59131    162
Elapsed time = 2156.23 sec. (3972390.71 ticks, tree = 179.62 MB, solutions = 0)
  59312 58322      862.2194    52                    780.6980   783399                    x0_13 D  59312  59311    152
  59455 58463      860.4971    35                    780.7061   785643                    x26_4 N  59455  59452     45
  59576 58584      893.7938    12                    780.7061   787096                   x24_10 U  59576  59574    144
  59804 58812      803.8868    45                    780.7133   789754                   x18_35 U  59804  59803     26
  59916 58924      887.7380    42                    780.7133   792229                   x21_45 D  59916  59915    110
  60030 59032      822.8987    40                    780.7238   793789                   x37_13 D  60030  60029     48
  60258 59260      843.4662    13                    780.7461   796311                     x2_3 U  60258  60256     50
  60369 59371      941.4551    17                    780.7461   797677                   x32_42 U  60369  60368    134
  60618 59620      797.9669    56                    780.7635   800161                   x39_38 U  60618  60615     27
  60710 59708      917.9068    24                    780.7635   801926                   x13_36 N  60710  60708     88
Elapsed time = 2244.14 sec. (4127031.22 ticks, tree = 186.99 MB, solutions = 0)
  60833 59829      811.8253    41                    780.7645   803502                    x3_28 D  60833  60831     40
  60921 59915      988.0553    42                    780.7645   805293                   x37_27 N  60921  60919     99
  61010 60000      797.0198    76                    780.7685   807520                   x27_34 U  61010  61008     16
  61081 60069      895.3014    47                    780.7685   809650                   x17_16 N  61081  61079     58
  61150 60128     1041.6004    43                    780.7685   810952                    x6_17 N  61150  61147    105
  61408 60386      792.9625    52                    780.7897   813036                   x18_17 U  61408  61405     26
  61527 60505      852.6339    35                    780.7897   814997                   x30_36 D  61527  61525    113
  61672 60650      819.7125    34                    780.7936   816509                   x17_41 D  61672  61671     80
  61844 60822      838.8655    24                    780.8067   819336                   x17_22 N  61844  61841     45
  61946 60922     1006.1828    37                    780.8067   820682                   x12_22 N  61946  61945    124
Elapsed time = 2330.93 sec. (4281906.38 ticks, tree = 192.82 MB, solutions = 0)
  62120 61094      837.7690    75                    780.8071   822542                   x13_22 D  62120  62119    130
  62277 61249      871.7810    33                    780.8087   824431                   x27_33 N  62277  62275     66
  62402 61374      789.3728    88                    780.8158   825307                    x1_28 U  62402  31802     11
  62618 61590      794.0994    64                    780.8163   828619                   x23_38 D  62618  62616     25
  62694 61664      915.9705    36                    780.8163   830608                   x37_14 N  62694  62692     69
  62782 61748      984.7977    33                    780.8163   832038                   x28_30 D  62782  62780    136
  62862 61826      857.2394    48                    780.8334   834022                   x18_17 N  62862  62859     42
  62940 61902      964.9432    42                    780.8334   834839                   x15_30 N  62940  62938     95
  63037 61997      814.8592    57                    780.8335   837062                    x0_40 U  63037  63035     34
  63113 62065      799.6653   102                    780.8452   838759                   x30_31 D  63113  63112     11
Elapsed time = 2422.70 sec. (4436570.75 ticks, tree = 198.39 MB, solutions = 0)
  63394 62346      996.7077    20                    780.8452   841547                     x9_2 U  63394  63393    292
  63467 62419      884.7333    51                    780.8639   844206                   x39_34 N  63467  63465     57
  63544 62494    infeasible                          780.8639   845768                   x31_17 N  63544  63542    107
  63688 62632      847.2276    77                    780.8721   848049                   x25_39 N  63688  63687     96
  63874 62814      792.9141    73                    780.8867   850502                   x13_29 D  63874  63873     34
  64119 63059      983.6400    26                    780.8867   852444                    x2_29 D  64119  64118    279
  64202 63136      870.1202    48                    780.9060   854377                   x23_42 N  64202  64200     45
  64299 63233      968.3754    49                    780.9060   856717                   x29_28 N  64299  64297    116
  64350 63280      783.5062    67                    780.9158   857927                   x26_34 U  64350  64349     19
  64629 63559      836.9230    64                    780.9189   861725                   x33_15 D  64629  64627     26
Elapsed time = 2520.99 sec. (4591816.81 ticks, tree = 205.76 MB, solutions = 0)
  64719 63649      891.7574    49                    780.9189   864403                    x6_16 N  64719  64718     88
  64800 63728     1080.4911    31                    780.9189   865684                   x41_25 D  64800  64799    151
  64895 63823      920.7431    43                    780.9216   867969                    x14_3 N  64895  64893     85
  65010 63936      808.5343   104                    780.9420   869905                   x40_31 D  65010  65009     14
  65100 64026      894.6739    44                    780.9420   872628                   x29_22 N  65100  65098     71
  65200 64126     1007.3790    18                    780.9420   873969                    x14_3 U  65200  65198    142
  65442 64368      810.2001    63                    780.9503   876862                   x12_22 N  65442  65440     36
  65516 64440      929.8275    19                    780.9503   878507                   x43_38 N  65516  65515     83
  65697 64617      961.5701    22                    780.9593   880297                     x7_1 D  65697  65696    180
  65824 64740      833.0981    63                    780.9820   882381                   x29_15 U  65824  65822     39
Elapsed time = 2614.46 sec. (4751664.10 ticks, tree = 211.67 MB, solutions = 0)
  65886 64802      921.5527    57                    780.9820   883526                    x3_24 N  65886  65885     80
  65995 64909      971.0181    30                    780.9820   884562                    x2_19 D  65995  65993    167
  66245 65159      819.9284    74                    780.9846   887577                   x42_22 D  66245  66243     49
  66332 65246      932.6187    14                    780.9846   889274                   x25_24 N  66332  66330    111
  66536 65450      894.9513    57                    780.9970   891934                   x16_14 U  66536  66535    147
  66660 65572      879.5695    55                    781.0007   893774                   x24_31 U  66660  66658     53
  66759 65665     1028.1821    28                    781.0007   894941                   x40_13 N  66759  66757    129
  66823 65723      911.8665    30                    781.0031   896668                   x33_24 D  66823  66821     52
  66863 65761     1124.8281    10                    781.0031   897256                    x6_43 U  66863  66860     75
  66930 65820      889.2954    53                    781.0077   899352                   x34_42 D  66930  66928     35
Elapsed time = 2704.95 sec. (4905450.67 ticks, tree = 219.99 MB, solutions = 0)
  67001 65889     1044.7586    42                    781.0077   900502                   x44_41 N  67001  66999     84
  67073 65957     1132.6622    36                    781.0077   901342                    x42_2 N  67073  67072    141
  67160 66036      829.6525    64                    781.0145   902724                   x12_15 D  67160  67159     67
  67434 66308      839.0061    50                    781.0193   905121                   x30_37 D  67434  67432     31
  67524 66396      913.6226    23                    781.0193   906492                    x27_6 U  67524  67522     94
  67564 66436     1086.5300    23                    781.0193   906824                   x31_32 N  67564  67563    121
  67600 66472     1216.5604    19                    781.0193   907125                   x19_40 N  67600  67599    147
  67822 66694      790.5282    66                    781.0330   910012                   x15_13 D  67822  67820     24
  67900 66772      874.5149    10                    781.0330   911848                   x39_17 N  67900  67897     76
  67988 66860      960.5086    34                    781.0330   912636                   x39_32 N  67988  67986    142
Elapsed time = 2793.68 sec. (5060300.63 ticks, tree = 225.36 MB, solutions = 0)
  68201 67069      815.3595    52                    781.0476   914761                   x24_30 U  68201  68198     24
  68295 67163      914.1231    36                    781.0476   916889                   x39_17 D  68295  68293     89
  68547 67411      889.4205    22                    781.0629   919245                     x6_4 D  68547  68546    239
  68681 67545      872.5170    41                    781.0629   921369                   x40_45 D  68681  68679     62
  68749 67613     1025.7954    44                    781.0629   922559                   x43_27 N  68749  68747    112
  68810 67670      805.4972    41                    781.0629   923576                   x40_45 D  68810  68808     15
  68879 67739      909.6038    45                    781.0629   924718                   x43_23 N  68879  68878     58
  69000 67858     1014.3237    10                    781.0629   925874                   x32_40 N  69000  68998    150
  69093 67949      907.3074    47                    781.0629   927681                   x36_30 N  69093  69092     76
  69203 68055      814.4245    88                    781.0655   929367                   x18_35 U  69203  69202     14
Elapsed time = 2886.84 sec. (5214994.51 ticks, tree = 231.59 MB, solutions = 0)
  69450 68302      862.5873    26                    781.0714   932297                   x27_13 N  69450  69447     51
  69528 68380      957.8322    18                    781.0714   934052                    x34_2 D  69528  69527    109
  69598 68450     1205.4276    10                    781.0714   934786                   x19_40 U  69598  69596    164
  69839 68691      808.6942    54                    781.0924   937537                   x40_16 N  69839  69837     41
  69936 68782    infeasible                          781.0924   939597                   x23_14 N  69936  69934    115
  70118 68958      848.9313    62                    781.0938   942307                   x11_12 N  70118  70117    146
  70270 69110      842.8786    27                    781.1051   944994                   x15_25 U  70270  70267     56
  70371 69209      952.8148    42                    781.1051   946668                    x13_3 D  70371  70369    132
  70606 69444      799.1237    94                    781.1176   949002                    x28_5 D  70606  70604     11
  70685 69523      864.3079    38                    781.1176   951384                   x21_25 D  70685  70683     59
Elapsed time = 2980.99 sec. (5370939.44 ticks, tree = 239.33 MB, solutions = 0)
  70800 69634      849.8369    30                    781.1191   953256                   x29_12 N  70800  70798     39
  70876 69708      937.0459    20                    781.1191   954576                   x31_30 N  70876  70875     91
  70922 69752      968.0279    23                    781.1191   955175                   x32_23 D  70922  70920    121
  71017 69847      794.9508    79                    781.1417   956404                   x22_15 U  71017  71015     28
  71129 69957      864.1091    26                    781.1417   958542                     x8_6 N  71129  71127    108
  71270 70096      816.7323    55                    781.1562   960212                   x14_33 D  71270  71269     81
  71462 70288      834.3827    34                    781.1666   962657                   x30_25 D  71462  71460     48
  71533 70359      921.2720    15                    781.1666   963560                    x25_5 N  71533  71532     99
  71600 70426     1012.4574    25                    781.1666   963930                    x32_9 D  71600  71599    151
  71826 70652      813.7104    38                    781.2058   966588                   x23_39 D  71826  71824     25
Elapsed time = 3068.66 sec. (5531129.25 ticks, tree = 245.37 MB, solutions = 0)
  71900 70726      894.7429    20                    781.2058   967927                   x12_37 U  71900  71897     73
  71975 70801      974.8464    24                    781.2058   968910                   x12_16 U  71975  71973    127
  72218 71044      802.1253    81                    781.2099   971987                   x30_36 D  72218  72216     17
  72313 71137      888.6404    37                    781.2099   974097                   x12_30 N  72313  72310     83
  72400 71220      796.4205    45                    781.2216   975307                   x27_35 D  72400  72399     26
  72617 71435      799.9255    49                    781.2237   977067                   x25_15 N  72617  72615     25
  72685 71501      872.6574    23                    781.2237   978720                    x42_6 N  72685  72683     64
  72747 71563      935.0591    27                    781.2237   979545                   x20_10 N  72747  72746    109
  72827 71643      815.9537    34                    781.2274   981174                   x27_39 D  72827  72825     28
  72896 71712      945.1761    36                    781.2274   982768                   x33_12 N  72896  72893     70
Elapsed time = 3166.33 sec. (5687372.65 ticks, tree = 251.08 MB, solutions = 0)
  72953 71765    infeasible                          781.2274   983889                   x23_24 N  72953  72952    111
  73024 71832      898.3291    53                    781.2321   986053                   x40_29 N  73024  73023     56
  73096 71904     1017.0155    49                    781.2321   987261                   x21_17 N  73096  73094    108
  73152 71960     1169.8926    16                    781.2321   987875                    x2_40 U  73152  73149    147
  73272 72074      843.7464    35                    781.2329   989236                   x37_30 U  73272  73271    102
  73463 72265      858.7875    58                    781.2562   991360                   x36_31 N  73463  73462     61
  73561 72363      901.2448    24                    781.2562   992572                   x14_36 N  73561  73559    135
  73690 72490      846.2839    22                    781.2601   993873                   x29_37 N  73690  73689    111
  73844 72644      867.1103    22                    781.2675   995645                   x15_38 N  73844  73842     52
  73912 72710      929.7343    23                    781.2675   996477                    x20_4 U  73912  73910    102
Elapsed time = 3257.20 sec. (5841557.43 ticks, tree = 256.54 MB, solutions = 0)
  74102 72890      854.7442    22                    781.2711   997925                    x0_40 N  74102  74101    134
  74250 73038      838.4097    74                    781.2723   999731                   x37_17 D  74250  74249     38
  74331 73119      945.9917    36                    781.2723  1001159                   x30_43 N  74331  74329     98
  74438 73226      829.9019    48                    781.3078  1002693                   x13_17 D  74438  74437     56
  74635 73423      816.2976    36                    781.3423  1004936                   x41_17 N  74635  74633     33
  74735 73519      898.9999    22                    781.3423  1006370                   x44_23 D  74735  74734    106
  74827 73601      794.1138    55                    781.3526  1007637                    x5_28 D  74827  74825     33
  74910 73684      868.8795    56                    781.3526  1009635                    x5_19 D  74910  74908     85
  75002 73766      783.1649    71                    781.3536  1010656                   x39_33 U  75002  41403     18
  75092 73856      925.6783     8                    781.3536  1012559                    x5_19 N  75092  75091     74
Elapsed time = 3348.92 sec. (5995586.61 ticks, tree = 262.86 MB, solutions = 0)
  75155 73915     1073.3543    25                    781.3536  1013288                   x10_20 D  75155  75153    117
  75200 73956     1135.4149    17                    781.3536  1013682                   x28_14 D  75200  75199    152
  75433 74189      835.4056    54                    781.3732  1016866                   x27_39 D  75433  75430     28
  75492 74248      941.1972    10                    781.3732  1017931                   x29_23 U  75492  75489     66
  75812 74562      794.2107    49                    781.3912  1020055                   x17_15 D  75812  75810     20
  75883 74633      868.1241    24                    781.3912  1021337                   x13_22 N  75883  75880     64
  75945 74693      971.7548    47                    781.3912  1022323                   x12_40 N  75945  75944    109
  75999 74743     1039.6846    10                    781.3912  1023072                    x23_9 N  75999  75997    148
  76227 74971      799.8655    58                    781.3991  1025666                   x13_12 U  76227  76225     32
  76289 75029      898.4935    70                    781.3991  1027743                   x37_29 N  76289  76286     70
Elapsed time = 3442.87 sec. (6150457.79 ticks, tree = 269.41 MB, solutions = 0)
  76380 75116     1045.5698    29                    781.3991  1028640                   x22_16 N  76380  76378    140
  76633 75369      822.7002    22                    781.4149  1031270                   x38_27 U  76633  76631     33
  76692 75424      829.3681    30                    781.4198  1033124                   x13_25 N  76692  76689     40
  76775 75503      915.7753    35                    781.4198  1034881                   x22_29 N  76775  76773     98
  76889 75615      999.2487    25                    781.4198  1035875                    x5_11 D  76889  76888    190
  76982 75704      835.9189    20                    781.4274  1037392                   x12_23 N  76982  76979     45
  77027 75747      909.7481    18                    781.4274  1038297                   x30_28 N  77027  77024     74
  77081 75793      801.9999    63                    781.4367  1039264                   x15_17 U  77081  77080     20
  77345 76057      999.7273    31                    781.4367  1041528                    x4_33 N  77345  77344    284
  77508 76220      835.0527    46                    781.4440  1043424                   x13_12 D  77508  77506     95
Elapsed time = 3537.35 sec. (6305177.03 ticks, tree = 276.13 MB, solutions = 0)
  77627 76339      801.3546    62                    781.4454  1045108                   x38_17 D  77627  77626     42
  77849 76561      847.4280    30                    781.4493  1047239                   x43_38 U  77849  77847     47
  77907 76619      967.0920    31                    781.4493  1048326                   x31_24 N  77907  77906     88
  77960 76666      792.2272    78                    781.4581  1049283                   x40_45 U  77960  29402     10
  78210 76916      809.9724    82                    781.4669  1052179                    x28_5 U  78210  78208     17
  78289 76995      866.6153    11                    781.4669  1054136                    x39_2 U  78289  78287     67
  78603 77305      787.9204    56                    781.4890  1056957                   x18_35 U  78603  78602     14
  78677 77379      884.1626    24                    781.4890  1059539                   x17_29 N  78677  78675     57
  78722 77422      908.9682    24                    781.4890  1060614                    x26_3 U  78722  78720     87
  78784 77482      967.5426    28                    781.4890  1061477                   x31_41 D  78784  78782    131
Elapsed time = 3632.95 sec. (6459994.37 ticks, tree = 283.31 MB, solutions = 0)
  78870 77566      869.4480    24                    781.4910  1063055                    x0_30 U  78870  78868     61
  78930 77626      901.8343    25                    781.4910  1064048                   x10_20 D  78930  78928    105
  79030 77726      829.5299    70                    781.4963  1065842                   x28_30 N  79030  79028     28
  79114 77808      990.9767    24                    781.4963  1067664                   x16_40 N  79114  79112     85
  79200 77886      829.2890    71                    781.5137  1069161                   x12_16 D  79200  79199     83
  79435 78121      845.9081    72                    781.5152  1072054                   x27_35 N  79435  79432     26
  79638 78314      867.8036    31                    781.5177  1074200                   x40_13 D  79638  79637    190
  79791 78465     1059.4607    24                    781.5177  1075066                    x4_22 D  79791  79790    342
  79890 78560      824.9030    71                    781.5363  1076906                   x12_40 D  79890  79888     73
  79972 78642      930.9880    47                    781.5363  1078918                   x41_11 N  79972  79970    132
Elapsed time = 3726.39 sec. (6616984.82 ticks, tree = 290.00 MB, solutions = 0)
  80166 78836      842.5935    27                    781.5496  1080747                   x24_31 U  80166  80165    182
  80267 78937      853.3876    52                    781.5506  1082893                   x43_38 N  80267  80264     57
  80329 78997      915.5329    40                    781.5506  1083989                   x21_20 N  80329  80328     98
  80386 79052     1017.1171    10                    781.5506  1084609                     x9_7 N  80386  80384    139
  80589 79255      899.2298    34                    781.5579  1086394                   x42_27 N  80589  80588    208
  80682 79348      881.1736    38                    781.5605  1088743                   x14_43 N  80682  80680     66
  80738 79404      959.3593    27                    781.5605  1090230                   x24_36 U  80738  80736    101
  80792 79458     1024.1801    26                    781.5605  1090839                   x40_32 N  80792  80791    139
  80861 79525    infeasible                          781.5765  1092898                   x38_30 N  80861  80859     48
  80904 79566      950.8607    53                    781.5765  1093593                    x13_2 N  80904  80902     75
Elapsed time = 3819.01 sec. (6772203.16 ticks, tree = 295.35 MB, solutions = 0)
  80970 79632     1035.1930    42                    781.5765  1094401                   x11_40 D  80970  80969    128
  81030 79688      805.3979    40                    781.5795  1095444                   x13_22 D  81030  81029     39
  81107 79765      916.2081    24                    781.5795  1096908                   x23_33 U  81107  81104     87
  81166 79824     1021.3035    38                    781.5795  1097570                   x28_44 U  81166  81164    134
  81257 79913      828.9141    87                    781.5903  1099183                   x34_26 U  81257  81256     68
  81452 80108      821.5201    47                    781.5965  1101994                   x29_41 N  81452  81449     42
  81518 80174      919.5438    28                    781.5965  1103805                   x30_16 N  81518  81516     84
  81600 80254      944.7312    50                    781.5965  1104927                   x21_31 D  81600  81598    149
  81825 80479      820.2497    40                    781.6094  1108082                   x34_26 D  81825  81823     28
  81895 80545      794.6661    37                    781.6355  1109193                   x22_15 D  81895  81894     34
Elapsed time = 3912.97 sec. (6930363.41 ticks, tree = 301.10 MB, solutions = 0)
  82128 80778      948.5928    20                    781.6355  1111036                    x25_1 D  82128  82127    267
  82241 80885    infeasible                          781.6498  1112930                   x25_13 N  82241  82239     45
  82302 80946      924.3374    31                    781.6498  1114346                   x34_42 N  82302  82299     88
  82386 81028     1073.9064    35                    781.6498  1115359                     x6_8 N  82386  82384    150
  82607 81249      790.8493    68                    781.6665  1117646                   x15_16 D  82607  82605     23
  82671 81311      879.4831    55                    781.6665  1119269                   x38_43 D  82671  82669     63
  82731 81367      952.3421    38                    781.6665  1120379                   x24_30 U  82731  82728    103
  82805 81433      846.3912    10                    781.6711  1121758                   x14_33 U  82805  82803     46
  82839 81467      934.9658    10                    781.6711  1122740                   x33_42 N  82839  82836     65
  82891 81513      797.1429    63                    781.6764  1124277                   x18_33 D  82891  82889     33
Elapsed time = 4006.27 sec. (7085635.00 ticks, tree = 306.83 MB, solutions = 0)
  82960 81582      879.9441    53                    781.6764  1126473                   x40_31 N  82960  82958     78
  83032 81654      914.2736    32                    781.6764  1127679                   x43_23 N  83032  83031    132
  83100 81720     1003.4930    24                    781.6764  1128416                     x9_5 D  83100  83099    183
  83163 81775      796.6879    36                    781.6771  1128992                   x17_18 D  83163  83162     25
  83430 82042      822.5529    49                    781.6852  1131797                    x25_2 D  83430  83429     35
  83493 82105      886.0662    22                    781.6852  1133127                   x43_17 U  83493  83491     73
  83555 82163     1016.1285    32                    781.6852  1134329                   x14_21 N  83555  83554    117
  83620 82226      799.0766    59                    781.6877  1135277                   x17_15 D  83620  83619     33
  83830 82436      832.4659    38                    781.7053  1137819                   x25_16 U  83830  83827     43
  83954 82560      891.7111    34                    781.7053  1139575                   x36_25 U  83954  83952    140
Elapsed time = 4095.06 sec. (7240771.46 ticks, tree = 313.10 MB, solutions = 0)
  84132 82736      845.4211    52                    781.7218  1141458                   x11_12 N  84132  84131    145
  84272 82876      880.0180    62                    781.7273  1143637                   x25_17 N  84272  84271     54
  84322 82926      983.1978    42                    781.7273  1144592                   x43_13 N  84322  84320     85
  84385 82985     1068.4617    35                    781.7273  1145283                    x0_13 N  84385  84383    132
  84474 83074      821.5176    64                    781.7387  1146851                   x33_38 U  84474  84473     83
  84659 83259      851.2907    36                    781.7390  1149004                    x27_4 N  84659  84657     57
  84707 83307      941.3603    20                    781.7390  1149894                    x15_5 N  84707  84705     90
  84792 83392     1039.1733    21                    781.7390  1150439                    x10_1 D  84792  84790    161
  84879 83477      889.2843    43                    781.7552  1152286                   x41_11 N  84879  84878     70
  84948 83540      813.8961    51                    781.7568  1153682                   x40_45 U  84948  84946     18
Elapsed time = 4186.57 sec. (7394894.17 ticks, tree = 319.01 MB, solutions = 0)
  85030 83622      895.9899    51                    781.7568  1155523                   x36_15 U  85030  85028     76
  85108 83700     1013.1498    24                    781.7568  1156510                   x11_32 N  85108  85107    135
  85256 83840      865.6008    24                    781.7676  1157977                    x0_40 U  85256  85255    135
  85447 84031      850.6832    18                    781.7715  1160012                   x40_12 U  85447  85444     48
  85518 84102      942.8343    18                    781.7715  1161120                    x36_1 U  85518  85516     98
  85564 84146     1122.7508    24                    781.7715  1161910                    x3_40 N  85564  85561    132
  85650 84226      815.7962    57                    781.7717  1163201                   x36_30 N  85650  85649     60
  85813 84389      802.7826    57                    781.7728  1164711                   x12_11 D  85813  85812     19
  85876 84450      839.4653    47                    781.7728  1166037                   x25_37 N  85876  85874     62
  85940 84514      893.5310    23                    781.7728  1167011                   x25_41 D  85940  85939    109
Elapsed time = 4279.43 sec. (7550597.38 ticks, tree = 324.94 MB, solutions = 0)
  86035 84609      804.4538    54                    781.7740  1167970                   x25_39 D  86035  86034     48
  86234 84808      830.2523    55                    781.7751  1170497                   x13_22 D  86234  86232     38
  86300 84874      884.9682     8                    781.7751  1171715                    x38_6 U  86300  86298     80
  86354 84926      969.5177    21                    781.7751  1172306                   x21_28 U  86354  86352    124
  86450 85020      829.6352    70                    781.8188  1173451                   x29_33 D  86450  86449     62
  86607 85177      791.7671    46                    781.8219  1175362                    x39_2 D  86607  86606     19
  86662 85232      836.3622    68                    781.8219  1177556                   x39_33 N  86662  86659     47
  86723 85293      930.2032    36                    781.8219  1179030                   x16_21 N  86723  86721     86
  86774 85342     1022.0174    18                    781.8219  1179470                   x29_44 N  86774  86772    123
  86834 85400      811.9462    51                    781.8233  1180705                   x41_12 U  86834  86832     36
Elapsed time = 4371.79 sec. (7705542.80 ticks, tree = 330.39 MB, solutions = 0)
  86912 85478      868.2586    47                    781.8233  1182417                   x31_37 D  86912  86911     89
  86982 85548      931.9381    32                    781.8233  1183156                   x17_13 N  86982  86981    144
  87055 85621      856.1358    65                    781.8271  1185023                   x14_29 N  87055  87054     53
  87104 85666      950.7179    45                    781.8271  1186454                   x41_16 U  87104  87102     87
  87163 85721     1023.7949     8                    781.8271  1187498                   x34_43 U  87163  87161    129
  87332 85886      948.8164    35                    781.8317  1189988                   x11_25 N  87332  87331    186
  87432 85986      850.8355    89                    781.8328  1191696                   x26_16 N  87432  87429     24
  87506 86060      954.1804    37                    781.8328  1193071                   x37_30 N  87506  87505     73
  87569 86115      796.7988    76                    781.8332  1194083                   x26_16 D  87569  87568     28
  87760 86306      884.1303    55                    781.8332  1195695                    x13_3 D  87760  87759    219
Elapsed time = 4466.96 sec. (7860207.86 ticks, tree = 336.02 MB, solutions = 0)
  87878 86422      842.9893    43                    781.8343  1197268                   x25_30 N  87878  87877     59
  87949 86493      932.2062    18                    781.8343  1198334                   x37_12 N  87949  87947    106
  88066 86608      815.6703    43                    781.8353  1199781                   x15_36 D  88066  88065     89
  88243 86785      855.4382    24                    781.8361  1202226                   x27_34 N  88243  88241     38
  88306 86848      933.6717    12                    781.8361  1203259                    x28_5 U  88306  88304     80
  88605 87143      798.9137    75                    781.8384  1206109                   x31_36 D  88605  88604     23
  88667 87205      911.3824    48                    781.8384  1208209                   x13_25 U  88667  88665     58
  88733 87269     1040.6301    26                    781.8384  1209402                   x28_29 U  88733  88731    110
  88775 87305      791.1242    50                    781.8388  1210093                   x26_34 U  88775  88774     10
  88818 87348      829.3746    38                    781.8388  1211338                   x26_43 D  88818  88816     37
Elapsed time = 4561.25 sec. (8013834.96 ticks, tree = 342.53 MB, solutions = 0)
  88857 87387      889.7382    18                    781.8388  1212107                   x36_23 N  88857  88855     61
  88915 87445      944.6884    42                    781.8388  1212976                   x17_15 N  88915  88913    104
  88994 87516      825.2960    28                    781.8520  1214561                    x0_36 U  88994  88992     39
  89050 87572      882.2651    20                    781.8520  1215392                   x12_14 D  89050  89048     76
  89110 87630      956.6040    16                    781.8520  1216228                    x3_28 U  89110  89108    117
  89197 87717     1009.2457    12                    781.8520  1216932                   x31_45 N  89197  89195    188
  89370 87890      912.8997    49                    781.8535  1218761                   x40_29 D  89370  89369    193
  89462 87982      854.2351    58                    781.8640  1220556                   x15_36 D  89462  89460     61
  89526 88042      942.4498    37                    781.8640  1221688                   x42_27 U  89526  89525    107
  89600 88116     1007.6897    12                    781.8640  1222169                    x2_19 N  89600  89599    165
Elapsed time = 4654.10 sec. (8171431.01 ticks, tree = 347.39 MB, solutions = 0)
  89820 88336      810.6932    80                    781.8775  1224972                   x35_39 U  89820  89818     18
  89880 88394      905.8815    37                    781.8775  1227275                    x38_2 D  89880  89878     58
  89954 88466    infeasible                          781.8775  1228554                   x39_25 N  89954  89952    112
  90063 88575      818.4149    78                    781.8804  1229809                   x14_21 D  90063  90062     78
  90251 88763      821.7432    22                    781.8870  1232010                   x38_17 U  90251  90249     52
  90315 88827      945.2542    41                    781.8870  1233776                   x40_45 N  90315  90312     95
  90556 89064      889.0804    28                    781.9058  1235953                   x31_45 U  90556  90555    250
  90662 89170      863.8313    45                    781.9090  1237308                   x28_36 N  90662  90659     57
  90721 89225      990.8295    29                    781.9090  1238169                   x21_29 N  90721  90720     96
  90792 89296     1087.4558    19                    781.9090  1238801                     x4_7 N  90792  90789    154
Elapsed time = 4748.40 sec. (8325792.82 ticks, tree = 354.89 MB, solutions = 0)
  90846 89350      895.6667    28                    781.9239  1240065                   x30_37 N  90846  90844     47
  90904 89408     1116.1348    16                    781.9239  1241193                   x28_24 N  90904  90903     92
  90950 89450      847.6847    33                    781.9269  1242684                   x14_22 N  90950  90949     40
  91002 89502      902.0200    24                    781.9269  1243712                    x9_10 D  91002  91000     74
  91220 89714      903.3862    42                    781.9345  1246344                    x40_8 D  91220  91219    224
  91427 89921      804.6254    46                    781.9365  1248510                    x0_40 U  91427  91426     29
  91487 89981      856.9593    36                    781.9365  1249916                   x25_29 D  91487  91486     69
  91554 90048      957.7701    20                    781.9365  1250840                   x10_16 N  91554  91552    119
  91663 90157      842.6186    71                    781.9393  1251944                   x36_30 N  91663  91662     82
  91830 90324      855.4316    73                    781.9431  1254217                     x8_6 U  91830  91827     27
Elapsed time = 4846.34 sec. (8481334.81 ticks, tree = 361.49 MB, solutions = 0)
  91880 90374      932.7300    35                    781.9431  1255632                   x25_39 N  91880  91878     57
  91908 90400     1028.3439     8                    781.9431  1256348                   x23_27 D  91908  91907     77
  91941 90431     1144.7119    19                    781.9431  1256888                    x2_43 U  91941  91939     99
  91984 90468      809.0834    65                    781.9433  1257569                   x22_41 D  91984  91983     43
  92199 90683      948.2991    30                    781.9433  1259499                   x41_44 D  92199  92198    258
  92264 90748      883.4751    71                    781.9684  1261830                   x24_28 N  92264  92262     59
  92324 90806     1008.2755    20                    781.9684  1263052                   x13_11 N  92324  92322    100
  92347 90829     1146.4740    26                    781.9684  1263546                   x32_16 U  92347  92345    117
  92400 90878      809.3955    53                    781.9785  1264481                   x13_22 D  92400  92399     48
  92593 91071     1096.6788    14                    781.9785  1265756                    x1_22 N  92593  92592    241
Elapsed time = 4947.46 sec. (8644145.40 ticks, tree = 366.34 MB, solutions = 0)
  92667 91145      861.0413    30                    781.9888  1267054                   x43_25 D  92667  92665     62
  92735 91213      948.4085    29                    781.9888  1268061                    x3_25 N  92735  92734    118
  92798 91272      863.0643    49                    781.9975  1269501                   x28_36 N  92798  92796     38
  92848 91320      921.6826    37                    781.9975  1270805                   x43_25 N  92848  92846     69
  92915 91385      973.8051    42                    781.9975  1271841                   x12_38 N  92915  92913    116
  92973 91437      815.7357    54                    782.0024  1273296                   x39_23 U  92973  92970     27
  93040 91502      903.6013    30                    782.0024  1274671                   x34_23 D  93040  93039     69
  93118 91578     1107.0573    28                    782.0024  1275665                   x27_11 N  93118  93116    125
  93160 91614     1110.1903    31                    782.0024  1276388                    x4_13 U  93160  93157    156
  93225 91675      823.3478    56                    782.0105  1277094                   x36_28 D  93225  93224     77
Elapsed time = 5039.31 sec. (8799558.25 ticks, tree = 370.30 MB, solutions = 0)
  93415 91865      795.6623    35                    782.0207  1279042                   x39_38 U  93415  93412     27
  93470 91918      901.5263    27                    782.0207  1280923                   x37_29 N  93470  93468     60
  93509 91955      951.2689    61                    782.0207  1282271                   x30_12 N  93509  93507     86
  93568 92004    infeasible                          782.0207  1283624                   x31_41 N  93568  93566    130
  93720 92150      852.3812    63                    782.0287  1286120                   x39_33 U  93720  93719    135
  93860 92290      838.2525    49                    782.0330  1287975                   x18_25 N  93860  93858     53
  93919 92349      884.2568    28                    782.0330  1288800                     x8_9 D  93919  93917     95
  93997 92427      953.7682    11                    782.0330  1289548                     x1_4 U  93997  93995    158
  94180 92610      866.4036    21                    782.0424  1291166                     x2_3 D  94180  94179    199
  94266 92696      872.5051    55                    782.0435  1293029                    x24_5 N  94266  94264     56
Elapsed time = 5137.44 sec. (8956295.08 ticks, tree = 377.03 MB, solutions = 0)
  94312 92738      968.1650    40                    782.0435  1294480                   x37_24 N  94312  94310     88
  94523 92943      891.3788    39                    782.0447  1296460                    x14_9 N  94523  94522    204
  94633 93053      824.2512    43                    782.0460  1298535                   x17_27 U  94633  94631     26
  94670 93090      881.5724    31                    782.0460  1300051                   x29_15 U  94670  94668     48
  94712 93132      936.4209     8                    782.0460  1300595                     x2_4 U  94712  94710     74
  94783 93199      919.8735    34                    782.0563  1302393                   x14_12 N  94783  94781     54
  94833 93249     1056.3636    27                    782.0563  1302891                   x22_12 N  94833  94831     91
  94870 93280      808.2934    40                    782.0591  1303531                   x40_45 U  94870  94868     19
  94938 93348      876.2205    24                    782.0591  1305234                   x41_37 N  94938  94936     62
  94990 93400      935.7210    35                    782.0591  1305992                    x8_16 D  94990  94989     99
Elapsed time = 5238.14 sec. (9111718.90 ticks, tree = 381.70 MB, solutions = 0)
  95038 93446     1022.1421    23                    782.0591  1306532                    x1_16 D  95038  95037    136
  95123 93527     1233.4034    20                    782.0591  1307217                    x41_1 N  95123  95121    204
  95380 93778      888.7571    42                    782.0658  1309742                    x2_22 D  95380  95379    258
  95453 93849      875.1393    38                    782.0678  1311629                   x41_15 N  95453  95451     45
  95493 93889      906.2704    51                    782.0678  1312494                    x25_2 N  95493  95491     72
  95564 93956     1030.7644    36                    782.0678  1313597                   x29_30 N  95564  95562    124
  95595 93985     1140.2850    33                    782.0678  1314112                    x16_4 N  95595  95594    146
  95807 94197      790.7822    69                    782.0789  1316148                   x39_38 D  95807  95805     23
  95883 94273      847.7197    54                    782.0789  1318065                   x25_43 U  95883  95881     71
  95946 94336      921.1142    47                    782.0789  1319075                   x38_40 N  95946  95944    120
Elapsed time = 5330.62 sec. (9266425.36 ticks, tree = 387.98 MB, solutions = 0)
  96000 94388      977.5307    40                    782.0789  1319753                    x32_1 D  96000  95998    162
  96201 94589      899.2774    17                    782.0793  1321661                    x12_2 D  96201  96200    213
  96262 94650      848.1882    35                    782.0802  1323037                   x25_17 N  96262  96259     47
  96305 94693      879.5503    41                    782.0802  1323796                   x40_12 D  96305  96303     76
  96394 94782      949.9361    31                    782.0802  1324755                     x1_5 N  96394  96392    149
  96605 94993      797.6099    55                    782.0929  1327650                   x18_35 D  96605  96603     20
  96652 95040      877.7893    42                    782.0929  1330112                   x13_17 N  96652  96651     50
  96714 95102      929.0321    40                    782.0929  1331658                   x15_16 N  96714  96712     92
  96793 95179     1009.2463    31                    782.0929  1332655                   x44_31 N  96793  96792    154
  96844 95230      849.2498    34                    782.1021  1333983                    x0_30 D  96844  96842     39
Elapsed time = 5426.52 sec. (9420837.08 ticks, tree = 394.01 MB, solutions = 0)
  96901 95287      915.4259    30                    782.1021  1335111                   x25_29 N  96901  96898     76
  96960 95346      963.7088    40                    782.1021  1336479                    x6_29 D  96960  96959    120
  97014 95394      793.6767    51                    782.1184  1337827                   x15_13 N  97014  97012     18
  97072 95452      907.1895    46                    782.1184  1339534                   x24_30 N  97072  97070     52
  97117 95497      953.6146    38                    782.1184  1340595                    x40_3 D  97117  97115     81
  97170 95548     1044.3232    24                    782.1184  1341332                   x28_29 N  97170  97169    120
  97310 95686      831.3154    88                    782.1298  1342883                   x39_25 D  97310  97309    123
  97445 95821      842.9561    36                    782.1345  1344690                   x29_15 U  97445  97443     38
  97530 95906      922.7887    42                    782.1345  1346541                   x16_36 D  97530  97529    102
  97638 96010      820.3121    78                    782.1498  1348052                   x29_14 D  97638  97637     77
Elapsed time = 5521.55 sec. (9575801.87 ticks, tree = 399.31 MB, solutions = 0)
  97828 96200      817.7874    28                    782.1513  1349899                   x36_28 U  97828  97826     36
  97873 96245      858.0473    17                    782.1513  1350661                   x43_23 U  97873  97872     62
  97924 96292      921.1670    37                    782.1513  1351296                    x3_45 N  97924  97922     96
  97984 96352      907.6764    39                    782.1513  1352163                    x6_30 N  97984  97982    141
  98156 96524      924.3845    40                    782.1525  1353728                   x32_23 N  98156  98155    181
  98252 96620      823.1072    61                    782.1622  1355228                   x12_21 U  98252  98249     43
  98312 96680      912.5559    47                    782.1622  1356570                    x28_5 D  98312  98310     82
  98382 96744     1050.4548    18                    782.1622  1357974                   x32_41 U  98382  98380    137
  98416 96774      802.9387    40                    782.1659  1358665                   x37_17 N  98416  98415     30
  98621 96979      797.9177    73                    782.1709  1360613                   x18_14 U  98621  98618     21
Elapsed time = 5615.32 sec. (9730606.51 ticks, tree = 405.94 MB, solutions = 0)
  98676 97034      856.9316    44                    782.1709  1361705                   x12_21 D  98676  98674     56
  98720 97076      906.7677    36                    782.1709  1362426                   x13_12 U  98720  98718     82
  98794 97146      977.7616    30                    782.1709  1363386                   x21_43 N  98794  98793    144
  98827 97177      807.2398    71                    782.1753  1364505                   x43_36 U  98827  98825     32
  98905 97255      894.0423    56                    782.1753  1366051                   x42_21 N  98905  98903     87
  98987 97337      915.7580    20                    782.1753  1366744                     x6_3 U  98987  98985    151
  99062 97412      823.0185    59                    782.1807  1368524                   x14_21 U  99062  99060     56
  99133 97483      887.7544    34                    782.1807  1370212                   x22_15 N  99133  99131    104
  99200 97548      960.7539    20                    782.1807  1371201                   x44_15 D  99200  99199    153
  99424 97772      799.1309    36                    782.1882  1373728                   x15_13 U  99424  99421     28
Elapsed time = 5710.97 sec. (9885324.03 ticks, tree = 411.39 MB, solutions = 0)
  99491 97839      902.3117    41                    782.1882  1375167                   x11_25 N  99491  99490     76
  99536 97884     1010.9863    32                    782.1882  1376087                   x30_41 N  99536  99533    109
  99576 97918      802.3867    97                    782.1947  1376651                   x34_26 U  99576  99575     16
  99794 98136      924.0622    60                    782.1947  1379028                   x38_17 D  99794  99793    234
  99869 98211      848.6625    53                    782.2057  1381640                   x17_33 U  99869  99866     63
  99911 98253      925.8826    17                    782.2057  1382557                   x43_25 U  99911  99909     89
  99970 98306    infeasible                          782.2057  1383200                    x2_36 U  99970  99968    133
 100219 98555      796.7018    56                    782.2116  1385276                   x16_22 U 100219 100216     22
 100296 98632      849.3984    34                    782.2116  1386307                    x12_2 D 100296 100295     78
 100469 98801      876.4964    61                    782.2176  1388221                   x12_16 N 100469 100468    145
Elapsed time = 5805.96 sec. (10039455.23 ticks, tree = 418.51 MB, solutions = 0)
 100629 98961      829.5947    72                    782.2251  1389963                   x38_23 U 100629 100627     28
 100700 99032      918.7604    52                    782.2251  1391584                   x34_27 U 100700 100698     76
 100749 99081     1049.3655    22                    782.2251  1392647                   x42_17 U 100749 100746    110
 100813 99145      808.7031    76                    782.2256  1393632                   x33_38 U 100813 100811     22
 100872 99204      881.0628    58                    782.2256  1394909                   x38_27 N 100872 100870     56
 100920 99248      923.6440    47                    782.2256  1395831                    x22_3 D 100920 100919     90
 100970 99292      991.2621    34                    782.2256  1396497                    x22_8 D 100970 100968    123
 101015 99335      825.3031    39                    782.2281  1397447                   x34_42 N 101015 101013     30
 101054 99372      892.8680    22                    782.2281  1398292                   x21_15 U 101054 101052     54
 101106 99420      930.3079    10                    782.2281  1398999                   x17_14 U 101106 101104     90
Elapsed time = 5901.70 sec. (10196186.69 ticks, tree = 422.82 MB, solutions = 0)
 101146 99460      958.4182    17                    782.2281  1399334                   x12_17 U 101146 101144    118
 101182 99496     1070.6986    13                    782.2281  1399590                   x24_42 D 101182 101180    143
 101334 99648      868.1691    54                    782.2285  1401468                   x36_43 U 101334 101333    147
 101443 99757      830.5035    37                    782.2289  1403493                   x33_38 U 101443 101441     46
 101490 99804      914.8154    36                    782.2289  1405223                    x28_5 N 101490 101488     74
 101765 100075      859.3424    52                    782.2349  1407495                   x19_16 D 101765 101764    279
 101854 100164      853.1653    27                    782.2363  1409409                   x29_15 U 101854 101852     46
 101912 100220      928.6613    20                    782.2363  1410282                   x13_29 U 101912 101909     86
 101971 100277      988.6090    38                    782.2363  1411007                    x20_8 N 101971 101970    129
 102010 100312      787.2772    70                    782.2510  1411483                   x18_35 U 102010 102009     28
Elapsed time = 5990.08 sec. (10350531.03 ticks, tree = 429.09 MB, solutions = 0)
 102220 100522      806.5892    56                    782.2518  1414002                   x33_38 N 102220 102219     23
 102281 100583      847.6138    54                    782.2518  1415272                   x11_14 D 102281 102279     62
 102334 100636      901.9072    63                    782.2518  1416195                   x24_36 D 102334 102332     96
 102433 100735      810.2320    83                    782.2636  1417675                   x28_32 D 102433 102432     42
 102619 100921      801.4607    85                    782.2802  1420723                   x17_15 N 102619 102618     24
 102669 100971      883.4909    47                    782.2802  1421900                   x42_26 N 102669 102667     52
 102710 101012      954.7726    46                    782.2802  1422470                   x24_45 D 102710 102709     79
 102755 101053      790.1133    56                    782.2802  1423143                   x13_17 U 102755 102752     30
 102810 101108      859.9848    34                    782.2802  1424283                   x37_15 N 102810 102808     65
 102848 101144      932.8819    17                    782.2802  1424894                   x30_25 N 102848 102846     91
Elapsed time = 6091.42 sec. (10505501.20 ticks, tree = 434.94 MB, solutions = 0)
 102893 101189     1033.8140    38                    782.2802  1425495                     x1_7 N 102893 102891    125
 102949 101245     1056.0393    37                    782.2802  1426102                   x14_24 D 102949 102947    169
 103029 101315      839.3969    18                    782.2803  1427142                    x34_6 N 103029 103027     34
 103085 101371      900.9745    25                    782.2803  1428488                   x41_22 U 103085 103082     69
 103179 101463      889.3270    37                    782.2803  1430166                    x0_40 N 103179 103178    145
 103346 101630      867.1532    39                    782.2807  1432340                   x36_43 N 103346 103345    160
 103445 101729      856.6491    25                    782.2809  1433871                   x15_13 U 103445 103443     50
 103492 101776      933.5714    10                    782.2809  1434651                    x3_38 U 103492 103490     81
 103542 101824      940.8947    22                    782.2809  1435379                   x28_19 D 103542 103540    115
 103627 101907      811.0441    44                    782.2958  1436650                   x14_21 D 103627 103626     43
Elapsed time = 6178.98 sec. (10661250.77 ticks, tree = 440.37 MB, solutions = 0)
 103810 102090      805.4242    39                    782.3080  1438495                   x33_38 U 103810 103808     19
 103870 102148      921.7169    57                    782.3080  1440168                   x36_41 N 103870 103869     60
 103924 102194     1021.2677    17                    782.3080  1441069                    x41_9 U 103924 103922    101
 103953 102217      789.5369    59                    782.3210  1441563                   x33_38 U 103953 103952     26
 104112 102376      888.2023    39                    782.3210  1443214                   x31_11 N 104112 104111    185
 104237 102501      810.1010    47                    782.3269  1445402                   x27_39 U 104237 104236     39
 104304 102568      858.7891    20                    782.3269  1447100                    x12_3 N 104304 104303     84
 104364 102626     1021.4739    14                    782.3269  1448069                   x39_37 N 104364 104362    128
 104430 102688      807.2865    65                    782.3361  1448976                   x15_25 D 104430 104429     44
 104620 102878      850.7843    77                    782.3369  1451058                   x35_26 D 104620 104618     20
Elapsed time = 6276.44 sec. (10817606.29 ticks, tree = 447.32 MB, solutions = 0)
 104670 102928      931.6518    40                    782.3369  1452148                   x14_29 N 104670 104669     52
 104724 102976     1044.9789    27                    782.3369  1452817                   x40_37 N 104724 104723     88
 104768 103016     1179.1501    30                    782.3369  1453571                    x16_3 U 104768 104766    120
 104806 103052      794.1595    38                    782.3388  1454136                   x26_34 D 104806 104803     21
 104858 103104      879.6336    39                    782.3388  1455737                   x39_17 N 104858 104856     54
 104900 103146      939.3867    55                    782.3388  1456619                   x41_45 N 104900 104897     81
 104933 103179     1107.2750    34                    782.3388  1457339                   x44_31 N 104933 104931    102
 104964 103202     1175.0256    20                    782.3388  1457766                    x4_31 N 104964 104963    125
 105003 103233      785.3530    50                    782.3455  1458199                   x35_18 D 105003 105002     14
 105060 103290      855.7695    22                    782.3455  1459301                   x25_43 N 105060 105059     48
Elapsed time = 6366.92 sec. (10972834.21 ticks, tree = 450.29 MB, solutions = 0)
 105106 103336      880.9489    18                    782.3455  1459886                    x24_4 N 105106 105105     82
 105163 103391      916.0359    24                    782.3455  1460259                    x22_4 N 105163 105162    128
 105275 103501      820.4480    38                    782.3535  1461246                   x13_15 U 105275 105274     95
 105416 103642      805.2249    97                    782.3572  1462775                   x39_34 D 105416 105415     29
 105467 103693      873.0986    53                    782.3572  1464588                   x23_35 N 105467 105465     56
 105511 103737      901.8333    55                    782.3572  1465833                   x24_31 D 105511 105508     86
 105562 103788      931.3087    32                    782.3572  1466973                    x37_3 N 105562 105560    124
 105641 103867      802.9629    38                    782.3626  1467938                   x33_38 U 105641 105640     61
 105830 104056      832.3211    55                    782.3704  1470685                   x38_17 N 105830 105828     40
 105890 104114      885.1428    55                    782.3704  1472042                   x14_25 D 105890 105889     79
Elapsed time = 6459.13 sec. (11127052.03 ticks, tree = 456.28 MB, solutions = 0)
 106097 104315      905.6512    36                    782.3769  1474065                    x17_3 N 106097 106096    198
 106225 104443      817.5961    53                    782.4014  1475557                    x0_36 N 106225 106223     29
 106279 104495      904.1087    43                    782.4014  1476869                   x43_23 U 106279 106278     67
 106400 104612      842.5413    41                    782.4030  1478249                   x40_11 D 106400 106399    135
 106612 104820      802.1038    49                    782.4153  1479415                   x26_34 D 106612 106609     23
 106670 104878      903.8246    56                    782.4153  1481570                   x25_13 N 106670 106667     60
 106720 104928      965.6129    53                    782.4153  1483056                   x39_22 D 106720 106718     94
 106775 104977      829.2571    46                    782.4241  1484361                   x16_21 D 106775 106773     38
 106827 105027      886.6889    21                    782.4241  1485258                   x16_37 U 106827 106825     70
 106890 105086      936.3105    16                    782.4241  1486133                    x23_6 D 106890 106889    120
Elapsed time = 6555.09 sec. (11283360.56 ticks, tree = 463.38 MB, solutions = 0)
 106935 105131      971.7524    34                    782.4241  1486680                     x6_3 D 106935 106933    151
 107001 105193      841.1719    34                    782.4293  1487626                   x40_31 U 107001 106999     45
 107054 105246      956.6591    10                    782.4293  1488598                   x23_15 U 107054 107052     80
 107090 105282     1008.6876    20                    782.4293  1488961                   x17_40 N 107090 107089    106
 107115 105307     1123.2365    16                    782.4293  1489238                   x21_45 N 107115 107114    126
 107218 105406      832.9735    42                    782.4307  1490255                   x38_23 D 107218 107217     91
 107410 105598      796.8572    83                    782.4413  1491527                    x28_5 D 107410 107409     19
 107463 105651      846.8500    52                    782.4413  1493683                    x34_6 N 107463 107461     52
 107518 105706      933.0072    33                    782.4413  1494549                   x17_15 N 107518 107517     87
 107590 105778      955.1080    29                    782.4413  1495695                     x8_9 U 107590 107589    143
Elapsed time = 6646.23 sec. (11438192.49 ticks, tree = 468.46 MB, solutions = 0)
 107790 105976      941.2111     8                    782.4509  1497254                   x24_13 D 107790 107789    203
 107845 106031      819.2069    36                    782.4681  1498679                   x23_38 N 107845 107843     38
 107896 106082      866.8344    32                    782.4681  1500134                   x41_38 N 107896 107895     74
 107931 106117      942.5965    44                    782.4681  1501134                   x12_30 N 107931 107929     97
 107987 106173      971.2705    23                    782.4681  1502328                   x26_21 D 107987 107985    140
 108154 106340      867.1026    53                    782.4698  1504275                    x4_16 D 108154 108153    171
 108256 106442      838.7473    45                    782.4729  1505902                   x34_26 N 108256 108254     45
 108300 106486      893.0026    45                    782.4729  1506725                   x13_22 D 108300 108299     72
 108348 106530     1000.4672     8                    782.4729  1507388                    x5_15 U 108348 108345    106
 108400 106582     1014.2875    16                    782.4729  1507924                    x7_30 D 108400 108399    146
Elapsed time = 6746.12 sec. (11596029.52 ticks, tree = 474.38 MB, solutions = 0)
 108600 106782      908.8159    33                    782.4814  1510077                   x39_30 D 108600 108599    215
 108656 106838      874.1511    31                    782.4826  1511472                   x13_23 D 108656 108654     51
 108703 106883      919.1644    12                    782.4826  1512159                     x6_8 D 108703 108702     86
 108779 106959      974.0213    16                    782.4826  1512524                    x3_44 U 108779 108777    144
 108830 107010      823.9805    95                    782.4857  1513905                   x17_25 U 108830 108828     30
 108901 107081      927.2279    36                    782.4857  1515450                    x0_29 U 108901 108898     78
 108968 107144      998.9159    49                    782.4857  1516725                   x14_43 D 108968 108966    129
 109021 107193      828.6244    76                    782.4911  1518030                    x28_5 U 109021 109019     24
 109072 107244      892.0059    57                    782.4911  1520098                    x0_30 D 109072 109071     54
 109155 107325      984.4028    39                    782.4911  1521107                    x41_5 N 109155 109154    120
Elapsed time = 6843.04 sec. (11750896.11 ticks, tree = 479.90 MB, solutions = 0)
 109200 107366      798.5571    53                    782.5042  1521602                   x13_15 U 109200 109199     41
 109372 107538      897.7401    50                    782.5042  1523461                    x2_14 N 109372 109371    213
 109436 107602      847.1428    43                    782.5054  1525649                   x35_38 N 109436 109433     31
 109497 107663      903.5112    53                    782.5054  1526957                    x0_40 D 109497 109494     71
 109539 107705      995.7058    30                    782.5054  1527582                    x24_5 N 109539 109538    101
 109572 107736     1080.4342    35                    782.5054  1528065                   x40_24 N 109572 109571    125
 109602 107762      797.0026    40                    782.5092  1528495                   x38_35 U 109602  62202     23
 109825 107985      807.5476    54                    782.5107  1530461                   x12_21 D 109825 109823     38
 109882 108042      862.4943    33                    782.5107  1531567                   x36_28 U 109882 109880     75
 109958 108116      990.3134    25                    782.5107  1532627                   x43_13 N 109958 109956    136
Elapsed time = 6945.47 sec. (11909541.70 ticks, tree = 485.80 MB, solutions = 0)
 110010 108168      790.9895    52                    782.5135  1533665                   x25_13 D 110010 110009     28
 110219 108377      821.8637    47                    782.5250  1535905                   x40_30 D 110219 110217     31
 110267 108425      907.5232    47                    782.5250  1537379                   x34_22 N 110267 110265     62
 110318 108472      961.9874    24                    782.5250  1538444                   x15_13 N 110318 110316    101
 110358 108510     1016.1941    50                    782.5250  1539173                    x41_6 D 110358 110356    130
 110400 108550     1074.7625    30                    782.5250  1539707                   x18_28 N 110400 110399    165
 110605 108755      803.3948    94                    782.5355  1542435                    x0_31 U 110605 110603     16
 110659 108809      869.9944    47                    782.5355  1543786                   x15_21 N 110659 110657     50
 110689 108837      998.7307    24                    782.5355  1544795                   x12_39 N 110689 110686     71
 110740 108886     1078.1258    17                    782.5355  1545400                   x23_40 D 110740 110739    113
Elapsed time = 7049.29 sec. (12071731.37 ticks, tree = 491.58 MB, solutions = 0)
 110764 108908    infeasible                          782.5355  1545796                     x2_4 N 110764 110762    130
 110800 108942      821.0538    86                    782.5421  1547312                   x16_22 D 110800 110799     30
 110848 108990      852.3044    59                    782.5421  1548733                   x36_31 U 110848 110846     59
 110901 109041      932.2192    50                    782.5421  1549762                     x0_4 N 110901 110900     96
 110964 109104     1007.3187    43                    782.5421  1550944                   x11_14 N 110964 110962    141
 111030 109168      813.8068    59                    782.5435  1552010                   x29_15 D 111030 111029     31
 111070 109208      872.4762    27                    782.5435  1552791                   x37_17 D 111070 111069     60
 111109 109247      921.3986    25                    782.5435  1553227                    x39_7 N 111109 111107     83
 111165 109301      977.5506    16                    782.5435  1553674                     x9_7 N 111165 111164    127
 111287 109423      833.5750    51                    782.5454  1554844                    x21_6 D 111287 111286     95
Elapsed time = 7147.55 sec. (12231079.73 ticks, tree = 495.65 MB, solutions = 0)
 111430 109566      807.5894    54                    782.5552  1556348                   x17_26 D 111430 111429     30
 111490 109626      877.4806    24                    782.5552  1557675                   x41_13 N 111490 111489     68
 111536 109668      983.7574    27                    782.5552  1558683                   x40_23 U 111536 111533    101
 111692 109820      851.0473    57                    782.5663  1560152                   x25_27 D 111692 111691    148
 111816 109944      810.3362    49                    782.5936  1561505                   x38_35 U 111816 111813     29
 111885 110013      852.0487    20                    782.5936  1562755                   x33_23 N 111885 111884     75
 111923 110051      901.8186    31                    782.5936  1563344                   x41_38 N 111923 111922     99
 111958 110086     1005.7033    13                    782.5936  1563885                    x18_2 U 111958 111956    124
 112059 110185      812.6196    42                    782.6031  1564997                   x43_23 U 112059 112058     77
 112217 110343      796.8770    77                    782.6050  1566356                    x0_30 U 112217 112214     23
Elapsed time = 7245.05 sec. (12386115.73 ticks, tree = 502.65 MB, solutions = 0)
 112265 110391      859.5902    18                    782.6050  1568319                   x27_33 U 112265 112263     54
 112309 110435      953.2202    23                    782.6050  1569297                   x25_41 U 112309 112307     85
 112354 110480     1000.4238    45                    782.6050  1570112                    x20_5 U 112354 112352    118
 112398 110524     1084.2214    29                    782.6050  1570915                   x21_27 N 112398 112396    150
 112588 110714      879.8852    61                    782.6052  1572978                   x29_37 U 112588 112587    195
 112646 110772      904.3852    52                    782.6134  1574056                   x23_13 N 112646 112643     42
 112688 110812      944.3987    46                    782.6134  1574627                   x23_11 N 112688 112685     70
 112758 110880      986.5752    30                    782.6134  1575176                   x23_29 D 112758 112756    122
 112813 110931      830.0290    26                    782.6189  1576446                   x13_33 U 112813 112810     42
 112870 110988      918.8409    26                    782.6189  1577342                   x40_22 N 112870 112868     80
Elapsed time = 7344.35 sec. (12543105.11 ticks, tree = 507.58 MB, solutions = 0)
 112910 111024      991.1375    28                    782.6189  1578139                   x36_30 D 112910 112907    106
 112955 111069     1042.2975    21                    782.6189  1578833                   x44_22 N 112955 112954    138
 112996 111106    infeasible                          782.6189  1579303                     x6_5 U 112996 112994    169
 113062 111168      870.1253    48                    782.6256  1581315                   x25_41 N 113062 113060     63
 113097 111203      964.1772    35                    782.6256  1582129                   x21_15 N 113097 113095     85
 113124 111224     1036.6792    28                    782.6256  1582586                   x17_21 U 113124 113122    102
 113153 111251    infeasible                          782.6256  1583052                   x23_14 N 113153 113152    123
 113354 111450      871.6817    59                    782.6322  1584990                    x0_21 D 113354 113353    214
 113455 111551      846.5602    38                    782.6331  1586551                   x41_21 D 113455 113453     58
 113505 111599      890.3623    40                    782.6331  1587818                   x30_43 U 113505 113503     91
Elapsed time = 7439.84 sec. (12698774.49 ticks, tree = 512.29 MB, solutions = 0)
 113593 111685      939.6386    32                    782.6331  1588875                   x42_27 U 113593 113592    164
 113812 111904      828.9086    26                    782.6350  1591142                   x15_21 U 113812 113810     28
 113858 111950      869.8230    62                    782.6350  1592143                   x43_25 N 113858 113856     57
 113908 111998      926.6563    15                    782.6350  1593068                    x27_6 D 113908 113907     91
 113958 112044      952.7259    21                    782.6350  1593627                   x28_19 U 113958 113955    128
 114026 112112      810.4468    36                    782.6400  1594605                   x25_17 N 114026 114025     34
 114228 112314      797.5274    24                    782.6415  1596862                   x38_39 N 114228 114226     28
 114262 112348      841.4846    41                    782.6415  1598035                   x17_39 D 114262 114260     49
 114296 112382      897.1175    44                    782.6415  1599081                   x29_22 N 114296 114294     67
 114323 112407      949.7331    44                    782.6415  1599643                   x40_13 D 114323 114321     82
Elapsed time = 7539.63 sec. (12853257.25 ticks, tree = 518.54 MB, solutions = 0)
 114383 112465     1012.1322    40                    782.6415  1600167                    x26_2 N 114383 114381    131
 114408 112490      787.1136    57                    782.6450  1600630                   x33_38 U 114408 114407     25
 114619 112701      795.5225    54                    782.6574  1603139                   x25_15 D 114619 114617     24
 114660 112742      831.4389    33                    782.6574  1604413                    x27_6 N 114660 114659     48
 114719 112801      863.3609    31                    782.6574  1605684                    x26_5 U 114719 114717     88
 114768 112850      886.6444    23                    782.6574  1606616                   x14_17 U 114768 114765    124
 114800 112882      889.0636    27                    782.6574  1606940                   x24_31 U 114800 114798    149
 114849 112931      840.8607    30                    782.6579  1608255                   x29_17 N 114849 114847     50
 114894 112970      893.9387    32                    782.6579  1609079                   x43_23 N 114894 114892     83
 114929 113003      995.9294    24                    782.6579  1609922                    x7_19 N 114929 114927    106
Elapsed time = 7639.41 sec. (13010452.64 ticks, tree = 523.18 MB, solutions = 0)
 114959 113031     1059.2149    24                    782.6579  1610366                   x28_32 U 114959 114957    126
 115002 113070      849.9165    51                    782.6675  1611580                   x37_15 N 115002 115000     50
 115052 113120      923.7800    24                    782.6675  1612494                   x29_37 N 115052 115050     85
 115091 113157      976.0876    12                    782.6675  1612992                   x24_31 N 115091 115090    113
 115140 113204     1080.4250    16                    782.6675  1613254                    x11_6 D 115140 115139    147
 115283 113343      888.4427    47                    782.6734  1615062                   x36_28 N 115283 115282    150
 115416 113476      797.4085    67                    782.6745  1616737                   x17_15 U 115416 115413     29
 115479 113539      840.5086    26                    782.6745  1618271                   x43_14 D 115479 115477     70
 115535 113595      923.0293    52                    782.6745  1619581                   x19_36 N 115535 115532    108
 115586 113646      970.2817    38                    782.6745  1620132                   x31_45 U 115586 115585    144
Elapsed time = 7729.34 sec. (13166033.10 ticks, tree = 528.21 MB, solutions = 0)
 115700 113760      824.6812    34                    782.6756  1621354                   x23_27 D 115700 115699    117
 115848 113908      837.2083    27                    782.6774  1623074                   x17_22 N 115848 115845     55
 115896 113954      890.2487    31                    782.6774  1624535                   x36_37 N 115896 115894     90
 115961 114015      929.8515    18                    782.6774  1625813                    x5_14 N 115961 115960    141
 115991 114045      964.4974    25                    782.6774  1626129                     x3_9 U 115991 115989    162
 116194 114248      908.3343    20                    782.6820  1628097                   x38_33 N 116194 116193    201
 116248 114302      827.6151    57                    782.6846  1629747                   x43_23 D 116248 116245     48
 116280 114332      918.6051    56                    782.6846  1630886                   x37_29 N 116280 116278     67
 116400 114446      837.3323    55                    782.6853  1632080                   x43_13 D 116400 116399    120
 116580 114626     1062.8258    16                    782.6853  1633089                   x43_20 D 116580 116579    300
Elapsed time = 7829.61 sec. (13330885.44 ticks, tree = 535.93 MB, solutions = 0)
 116630 114676      811.9256    36                    782.6879  1634144                   x22_37 D 116630 116629     36
 116665 114709      869.5793    39                    782.6879  1634999                   x11_13 N 116665 116662     59
 116705 114749      922.7880    31                    782.6879  1635789                   x43_33 N 116705 116703     86
 116745 114787      961.2988    36                    782.6879  1636383                   x37_36 N 116745 116743    117
 116782 114822     1017.8401     8                    782.6879  1636893                   x28_32 U 116782 116780    144
 116801 114841     1081.4233    29                    782.6879  1637086                    x6_33 N 116801 116799    159
 116853 114893      832.9036    84                    782.6991  1638673                   x13_12 N 116853 116851     46
 116890 114930      887.2149    41                    782.6991  1639601                   x36_45 D 116890 116888     68
 116942 114980    infeasible                          782.6991  1640322                   x38_12 N 116942 116940    102
 117002 115040      785.0068    78                    782.7051  1640884                   x22_13 D 117002   9010     20
Elapsed time = 7930.39 sec. (13489844.85 ticks, tree = 539.21 MB, solutions = 0)
 117047 115085      880.5042    44                    782.7051  1642383                   x34_23 N 117047 117045     46
 117086 115122      901.9447    30                    782.7051  1643177                   x41_22 D 117086 117084     74
 117126 115162      958.9372    20                    782.7051  1643658                    x19_5 U 117126 117124    103
 117200 115236      943.4007    13                    782.7051  1644393                    x13_2 D 117200 117199    165
 117423 115459      813.0090    51                    782.7302  1646544                   x25_17 U 117423 117420     27
 117468 115504      915.6300    52                    782.7302  1647866                   x24_36 D 117468 117466     56
 117522 115558      997.6433    34                    782.7302  1648251                   x30_36 N 117522 117519     93
 117650 115682      877.2278    62                    782.7314  1649754                   x32_16 D 117650 117649    112
 117806 115836      796.2899    61                    782.7323  1650996                   x25_17 D 117806 117805     22
 117850 115880      867.6309    20                    782.7323  1652287                   x13_34 U 117850 117848     47
Elapsed time = 8030.49 sec. (13652304.44 ticks, tree = 545.91 MB, solutions = 0)
 117906 115936      914.6495    24                    782.7323  1653434                   x29_45 N 117906 117905     85
 117963 115987     1020.0155    34                    782.7323  1654354                    x4_25 N 117963 117960    129
 118084 116108      819.8502    40                    782.7393  1655473                   x34_42 U 118084 118083     97
 118228 116252      827.3160    28                    782.7397  1657428                   x33_35 N 118228 118226     34
 118270 116294      870.3525    60                    782.7397  1658990                   x31_37 U 118270 118267     61
 118332 116356      926.6814    44                    782.7397  1660570                   x26_43 N 118332 118330    104
 118385 116409      944.1249    25                    782.7397  1661406                     x7_6 N 118385 118383    143
 118534 116558      885.8027    40                    782.7410  1662969                    x27_8 D 118534 118533    148
 118638 116662      821.6450    42                    782.7474  1664554                   x43_25 N 118638 118636     42
 118690 116714      917.2501    36                    782.7474  1665518                   x39_37 D 118690 118688     77
Elapsed time = 8128.87 sec. (13808494.53 ticks, tree = 552.58 MB, solutions = 0)
 118740 116760      791.8985    54                    782.7600  1666737                   x42_34 U 118740 118739     23
 118800 116820      840.2489    32                    782.7600  1668159                   x14_16 D 118800 118799     64
 118842 116862      957.6080    52                    782.7600  1669219                   x17_36 N 118842 118840     90
 118903 116923      966.1836    23                    782.7600  1669965                    x39_3 U 118903 118901    135
 118955 116975     1019.5703    25                    782.7600  1670447                    x25_1 N 118955 118954    177
 118998 117010      816.9318    78                    782.7602  1671452                   x25_15 U 118998 118996     20
 119042 117054      866.6792    41                    782.7602  1673170                   x34_27 D 119042 119040     47
 119084 117096      893.0442    10                    782.7602  1673891                    x3_43 U 119084 119082     78
 119112 117124      964.0012    25                    782.7602  1674561                   x22_16 N 119112 119110     95
 119146 117158     1030.5276    13                    782.7602  1674891                   x29_41 U 119146 119143    119
Elapsed time = 8229.28 sec. (13974665.77 ticks, tree = 556.15 MB, solutions = 0)
 119313 117321      893.2786    27                    782.7609  1676470                   x36_33 N 119313 119312    178
 119434 117442      849.8618    27                    782.7726  1677629                     x2_3 N 119434 119432     37
 119470 117474      914.0930    33                    782.7726  1678258                   x29_16 N 119470 119468     57
 119504 117502      948.2953    25                    782.7726  1679044                   x30_36 N 119504 119502     83
 119559 117553      813.2894   100                    782.7747  1680173                   x13_25 D 119559 119558     32
 119697 117691      864.9667    60                    782.7747  1681604                   x14_37 D 119697 119696    170
 119831 117825      829.6160    52                    782.7792  1683561                   x22_38 N 119831 119828     40
 119882 117876      921.5012    29                    782.7792  1685023                   x37_21 D 119882 119880     75
 119919 117911      956.5839    50                    782.7792  1685957                   x43_45 D 119919 119917    102
 119949 117941     1022.7159    13                    782.7792  1686532                   x23_15 U 119949 119946    122
Elapsed time = 8329.75 sec. (14129997.74 ticks, tree = 562.48 MB, solutions = 0)
 119983 117975     1067.7172    47                    782.7792  1687144                   x14_40 D 119983 119981    150
 120119 118111      846.3336    58                    782.7829  1689178                   x15_13 D 120119 120118    132
 120235 118227      804.6400    71                    782.7838  1690864                    x38_2 U 120235 120232     31
 120290 118282      846.3120    22                    782.7838  1692328                   x22_12 N 120290 120288     70
 120333 118325      883.9815    37                    782.7838  1693400                   x42_27 N 120333 120332     96
 120380 118372      938.4842    31                    782.7838  1694264                   x44_36 U 120380 120378    128
 120418 118408      805.9332    86                    782.7868  1695162                   x42_27 U 120418 120417     26
 120615 118605      801.5094    47                    782.7870  1697110                   x26_34 D 120615 120613     28
 120670 118660      845.6460    55                    782.7870  1698426                   x36_24 D 120670 120668     61
 120715 118705      914.5884    24                    782.7870  1699169                     x6_8 N 120715 120713     91
Elapsed time = 8428.53 sec. (14285281.73 ticks, tree = 568.69 MB, solutions = 0)
 120786 118774      954.1424    30                    782.7870  1699700                   x23_32 D 120786 120784    151
 120846 118832      837.4867    59                    782.7881  1700787                   x29_17 D 120846 120844     39
 120889 118875      918.4496    38                    782.7881  1701652                   x22_25 D 120889 120887     68
 120935 118913      807.7937    59                    782.7952  1702808                   x30_37 U 120935 120933     29
 120970 118948      842.9593    63                    782.7952  1703952                   x29_41 D 120970 120967     49
 121000 118978      898.3472    55                    782.7952  1704828                   x37_40 N 121000 120998     68
 121057 119033      941.4801    33                    782.7952  1705598                   x17_33 N 121057 121054    106
 121099 119073    infeasible                          782.7952  1706134                   x31_37 N 121099 121097    138
 121145 119113     1099.1213    14                    782.7952  1706529                    x2_40 U 121145 121142    172
 121193 119157    infeasible                          782.7952  1706831                    x7_25 N 121193 121192    208
Elapsed time = 8524.38 sec. (14442357.17 ticks, tree = 572.40 MB, solutions = 0)
 121404 119366      789.3046    92                    782.7970  1709036                   x18_33 D 121404 121403     17
 121462 119424      853.4362    18                    782.7970  1710639                    x0_30 U 121462 121460     53
 121497 119457      874.0761    20                    782.7970  1711182                   x25_43 U 121497 121495     75
 121536 119496      950.9723    36                    782.7970  1711779                   x31_29 N 121536 121535    101
 121577 119535     1010.2874    28                    782.7970  1712240                   x12_43 N 121577 121575    132
 121637 119593      821.5919    52                    782.7981  1712987                   x17_25 D 121637 121636     48
 121808 119764      787.7871    55                    782.8042  1714148                   x23_38 D 121808 121806     26
 121857 119813      823.4786    57                    782.8042  1715932                   x21_15 U 121857 121855     54
 121901 119855      885.6018    26                    782.8042  1717328                    x19_5 N 121901 121899     83
 121953 119905      920.8350    33                    782.8042  1718348                   x15_21 N 121953 121950    120
Elapsed time = 8624.16 sec. (14597676.38 ticks, tree = 578.52 MB, solutions = 0)
 122002 119954      797.4383    93                    782.8113  1719255                   x41_45 U 122002  65003     10
 122206 120158      788.1454    86                    782.8139  1721723                   x30_37 U 122206 122204     24
 122264 120216      819.5200    61                    782.8139  1723057                   x43_27 D 122264 122263     62
 122320 120272      878.8232    42                    782.8139  1724555                    x7_29 D 122320 122319    100
 122373 120323    infeasible                          782.8139  1725424                   x25_10 N 122373 122371    138
 122475 120425      819.3422    53                    782.8154  1726585                   x38_33 U 122475 122474     92
 122620 120570      805.8489    69                    782.8180  1728243                   x27_39 D 122620 122618     28
 122680 120630      840.1130    35                    782.8180  1730139                   x36_43 D 122680 122677     65
 122730 120680      905.7876    39                    782.8180  1731463                    x33_8 N 122730 122727     98
 122788 120738      980.4289    24                    782.8180  1732181                    x6_39 U 122788 122786    141
Elapsed time = 8721.89 sec. (14753835.86 ticks, tree = 585.38 MB, solutions = 0)
 122840 120790      865.2535    38                    782.8201  1733554                   x16_12 U 122840 122837     31
 122880 120830      941.5672    26                    782.8201  1734374                    x7_20 U 122880 122878     56
 122931 120881     1015.1279    32                    782.8201  1734839                    x2_38 U 122931 122929     96
 122949 120899     1102.7314    22                    782.8201  1735262                   x23_12 N 122949 122947    108
 122975 120921      799.7645    54                    782.8269  1735641                   x17_21 U 122975 122973     22
 123020 120962      852.9295    39                    782.8269  1736678                   x43_28 D 123020 123018     50
 123238 121176      869.9133    32                    782.8270  1738609                    x16_2 D 123238 123237    227
 123383 121317      841.3260    95                    782.8272  1740199                   x35_16 D 123383 123382     25
 123429 121363      898.3555    68                    782.8272  1741534                   x15_37 N 123429 123427     54
 123457 121391      925.8519    55                    782.8272  1742514                   x43_39 D 123457 123455     70
Elapsed time = 8822.69 sec. (14910560.86 ticks, tree = 590.79 MB, solutions = 0)
 123501 121435     1011.1349    46                    782.8272  1743204                   x16_23 N 123501 123499     98
 123607 121537      843.8340    52                    782.8287  1744343                   x27_25 D 123607 123606     92
 123824 121754      819.6086    30                    782.8439  1746152                   x17_16 N 123824 123822     24
 123870 121800      885.1068    30                    782.8439  1747327                   x37_21 N 123870 123869     51
 123916 121844      951.7591    20                    782.8439  1747860                   x25_45 D 123916 123914     80
 123948 121874    infeasible                          782.8439  1748355                     x4_7 N 123948 123947    102
 124179 122103      912.2061    28                    782.8485  1750981                     x2_3 D 124179 124178    253
 124237 122161      823.3803    18                    782.8533  1752652                   x39_25 N 124237 124236     37
 124275 122199      861.9208    16                    782.8533  1753510                   x13_37 N 124275 124273     62
 124315 122239      927.3192    26                    782.8533  1754128                   x11_13 N 124315 124314     89
Elapsed time = 8926.14 sec. (15067287.00 ticks, tree = 597.83 MB, solutions = 0)
 124333 122257      976.3978    22                    782.8533  1754448                    x5_39 N 124333 124332    101
 124377 122301     1021.7044    29                    782.8533  1754949                   x21_39 N 124377 124376    131
 124488 122412      852.8531    50                    782.8693  1756195                   x21_38 D 124488 124487    102
 124610 122534      804.6436    55                    782.8713  1757207                   x14_12 U 124610 124608     25
 124657 122581      843.7913    54                    782.8713  1758496                   x36_24 D 124657 124656     54
 124699 122623      858.8911    19                    782.8713  1759470                     x2_3 U 124699 124696     81
 124726 122650      911.6613    42                    782.8713  1760163                    x7_20 D 124726 124725    101
 124760 122678      960.0342    38                    782.8713  1760597                   x44_24 D 124760 124758    123
 124795 122713     1029.3819    37                    782.8713  1761011                   x15_42 N 124795 124794    147
 124840 122756      833.4645    25                    782.8745  1762460                   x29_17 D 124840 124839     43
Elapsed time = 9019.81 sec. (15222368.65 ticks, tree = 602.16 MB, solutions = 0)
 124902 122818      919.6348    46                    782.8745  1763277                    x25_3 N 124902 124900     92
 124980 122896      962.8964    32                    782.8745  1764400                   x40_11 D 124980 124979    159
 125025 122939      848.0845    24                    782.8780  1765553                    x0_40 U 125025 125023     35
 125081 122995      902.9896    28                    782.8780  1766516                   x41_25 N 125081 125080     74
 125127 123041      950.5663    52                    782.8780  1767515                   x43_13 N 125127 125125    109
 125170 123080     1028.5440    42                    782.8780  1768421                   x42_14 N 125170 125169    140
 125283 123191      862.7424    22                    782.8821  1769802                   x18_17 N 125283 125282    103
 125441 123349      871.7247    40                    782.8835  1771288                   x21_38 N 125441 125439     49
 125490 123394     1016.0932    24                    782.8835  1772444                   x23_16 N 125490 125488     86
 125526 123428     1005.6665    12                    782.8835  1773111                    x0_37 D 125526 125525    113
Elapsed time = 9120.22 sec. (15381269.07 ticks, tree = 607.81 MB, solutions = 0)
 125562 123464     1028.0374    24                    782.8835  1773370                     x3_8 N 125562 125559    137
 125614 123516      804.0513    80                    782.8857  1774184                   x31_45 U 125614 125613     20
 125812 123714      806.8074    82                    782.8863  1776771                   x38_35 U 125812 125809     14
 125861 123763      870.4786    35                    782.8863  1778309                   x25_17 N 125861 125859     45
 125906 123806    infeasible                          782.8863  1779168                   x34_16 N 125906 125904     74
 125930 123828     1036.6745    51                    782.8863  1779825                   x22_33 N 125930 125928     90
 125960 123852     1107.6924    34                    782.8863  1780634                    x21_6 D 125960 125959    112
 126000 123886     1131.2429    39                    782.8863  1781230                    x20_8 D 126000 125999    141
 126208 124094      792.9096    50                    782.9022  1783157                   x29_12 U 126208 126205     23
 126253 124139      830.0420    32                    782.9022  1784585                   x25_37 D 126253 126251     51
Elapsed time = 9222.64 sec. (15543540.42 ticks, tree = 613.80 MB, solutions = 0)
 126291 124175    infeasible                          782.9022  1785528                   x21_11 N 126291 126288     73
 126356 124238     1004.1329    36                    782.9022  1786471                   x21_22 N 126356 126354    126
 126462 124344      844.1198    86                    782.9064  1787825                   x22_41 D 126462 126461     70
 126624 124506      803.0223    37                    782.9079  1789603                   x21_13 D 126624 126622     26
 126668 124550      891.2380    31                    782.9079  1790837                   x25_11 N 126668 126666     50
 126714 124596      970.4115    31                    782.9079  1791740                   x40_13 N 126714 126711     84
 126750 124630      964.8833    31                    782.9079  1792427                   x24_31 U 126750 126749    111
 126827 124707      821.6641    55                    782.9242  1793471                   x17_11 N 126827 126825     36
 126880 124760      886.8972    12                    782.9242  1794241                    x38_3 U 126880 126878     73
 126940 124818      903.3592    24                    782.9242  1794860                    x4_33 D 126940 126939    118
Elapsed time = 9318.60 sec. (15700468.57 ticks, tree = 619.57 MB, solutions = 0)
 127020 124898      827.1931    69                    782.9249  1796147                   x27_33 D 127020 127018     24
 127066 124944      882.9194    30                    782.9249  1797122                   x36_29 D 127066 127064     50
 127101 124979      999.6489    56                    782.9249  1797832                   x15_16 N 127101 127099     72
 127143 125015    infeasible                          782.9249  1798464                    x3_14 N 127143 127141    103
 127190 125060     1087.1032    28                    782.9249  1798985                   x28_11 D 127190 127189    139
 127320 125190      860.3057    28                    782.9368  1800732                    x33_2 D 127320 127319    129
 127442 125312      853.5926    39                    782.9387  1802166                    x0_30 D 127442 127441     42
 127482 125348      941.1091    35                    782.9387  1802976                   x12_33 N 127482 127480     69
 127523 125387      946.4489    24                    782.9387  1803515                    x4_25 N 127523 127521    100
 127569 125431      992.3213    12                    782.9387  1803845                   x23_14 U 127569 127567    135
Elapsed time = 9419.38 sec. (15859966.22 ticks, tree = 624.79 MB, solutions = 0)
 127762 125624      821.4654    84                    782.9495  1805237                    x38_6 D 127762 127761    177
 127845 125705      872.1952    48                    782.9498  1806590                   x33_38 N 127845 127843     43
 127875 125729      933.7223    31                    782.9498  1807543                   x18_41 D 127875 127873     62
 127910 125764      983.4591    59                    782.9498  1808522                   x37_38 D 127910 127909     85
 127940 125792     1079.2048    58                    782.9498  1809405                    x0_31 N 127940 127938    104
 127979 125831     1130.0682    42                    782.9498  1810058                    x43_1 N 127979 127977    129
 128020 125872      803.9366    67                    782.9571  1810745                   x41_37 D 128020 128019     36
 128209 126061      821.4123    28                    782.9580  1813206                   x25_18 U 128209 128207     21
 128246 126098      867.5335    30                    782.9580  1814030                   x11_21 N 128246 128244     42
 128284 126136      979.5002    20                    782.9580  1814803                   x34_23 N 128284 128282     70
Elapsed time = 9519.63 sec. (16015807.18 ticks, tree = 630.83 MB, solutions = 0)
 128334 126186     1009.5705    26                    782.9580  1815258                    x27_7 D 128334 128332    105
 128400 126250     1043.2648    25                    782.9580  1815639                    x1_28 D 128400 128399    157
 128620 126468      816.5130    87                    782.9665  1818141                   x40_31 D 128620 128618     21
 128670 126516      890.5598    70                    782.9665  1819877                   x18_17 D 128670 128669     53
 128721 126567      975.9934    50                    782.9665  1820623                   x22_30 N 128721 128719     92
 128764 126610     1119.2448    38                    782.9665  1821358                    x18_6 N 128764 128762    122
 128819 126665      810.4300    51                    782.9672  1822264                   x18_35 D 128819 128816     29
 128863 126709      885.3868    37                    782.9672  1823243                   x15_16 N 128863 128861     55
 128897 126743     1013.9914    31                    782.9672  1823877                    x19_5 N 128897 128895     77
 128943 126783      852.3467    44                    782.9728  1824882                   x29_22 N 128943 128942     35
Elapsed time = 9620.97 sec. (16173111.02 ticks, tree = 636.39 MB, solutions = 0)
 128994 126832      915.7552    41                    782.9728  1825841                   x30_37 U 128994 128992     70
 129043 126879     1004.3255    26                    782.9728  1826603                    x19_7 D 129043 129042    105
 129116 126950     1125.1988     8                    782.9728  1827272                   x41_42 U 129116 129114    165
 129200 127028      828.4179    48                    782.9738  1828334                   x22_23 D 129200 129199     83
 129410 127238      808.6890    96                    782.9760  1829863                   x30_31 D 129410 129409     29
 129456 127284      880.6972    48                    782.9760  1831211                   x43_24 D 129456 129454     58
 129494 127322      986.9276    30                    782.9760  1832044                   x31_32 N 129494 129492     84
 129528 127354     1037.3450    31                    782.9760  1832464                   x37_17 N 129528 129526    107
 129581 127405     1115.0412    20                    782.9760  1832837                   x15_13 N 129581 129579    151
 129630 127452      806.2633    64                    782.9797  1833592                   x26_34 U 129630 129629     40
Elapsed time = 9717.73 sec. (16328181.73 ticks, tree = 642.18 MB, solutions = 0)
 129812 127634      792.7916    58                    782.9908  1835941                    x43_2 D 129812 129811     26
 129858 127680      868.9532    16                    782.9908  1837557                   x28_36 U 129858 129856     54
 129895 127715      884.7304    23                    782.9908  1838373                    x28_7 N 129895 129893     79
 129992 127810     1001.6772    14                    782.9908  1839143                   x36_29 U 129992 129990    156
 130200 128018      933.7365    65                    782.9961  1841456                   x37_14 D 130200 130199    213
 130256 128074      843.3164    59                    782.9998  1843139                   x27_15 D 130256 130254     46
 130304 128118      901.8753    33                    782.9998  1844030                    x39_3 D 130304 130302     78
 130346 128160     1000.2345    27                    782.9998  1844963                   x31_24 N 130346 130344    109
 130458 128266      851.6182    56                    783.0038  1846452                   x15_13 D 130458 130457    113
 130615 128423      811.8226    41                    783.0072  1848213                   x38_42 U 130615 130613     23
Elapsed time = 9818.49 sec. (16484576.24 ticks, tree = 650.60 MB, solutions = 0)
 130655 128463      876.0781    34                    783.0072  1849796                   x29_22 N 130655 130653     46
 130693 128497    infeasible                          783.0072  1850417                   x25_43 U 130693 130691     71
 130738 128542      864.7186    45                    783.0127  1851876                   x44_36 N 130738 130737     36
 130780 128584      899.9565    50                    783.0127  1852633                   x18_37 N 130780 130778     59
 130812 128614      974.1965     8                    783.0127  1853149                   x21_27 N 130812 130811     82
 130859 128661      993.3564    47                    783.0127  1853838                   x41_28 D 130859 130857    119
 130900 128694      793.2128    95                    783.0156  1854793                    x0_31 U 130900  66004     11
 130949 128743      895.4135    47                    783.0156  1856890                   x41_30 N 130949 130947     46
 130981 128773     1059.6848    23                    783.0156  1858357                    x1_23 N 130981 130979     72
 131017 128805     1050.3115    36                    783.0156  1859320                   x34_42 U 131017 131015     98
Elapsed time = 9927.34 sec. (16641585.94 ticks, tree = 653.93 MB, solutions = 0)
 131170 128954      894.8877    34                    783.0185  1860932                    x14_8 N 131170 131169    161
 131278 129062      959.7117    29                    783.0185  1861398                    x37_3 N 131278 131277    269
 131358 129139      812.7230    22                    783.0185  1862282                   x41_22 U 131358 131356     40
 131408 129185      953.4073    21                    783.0185  1863562                    x5_16 N 131408 131406     72
 131470 129241      798.9571    63                    783.0210  1864361                   x43_15 D 131470 131469     49
 131654 129425      942.6011    18                    783.0210  1866115                    x17_4 N 131654 131653    233
 131760 129527    infeasible                          783.0210  1866590                     x5_1 U 131760 131758    338
 131814 129581      870.3769    35                    783.0264  1868103                   x14_22 U 131814 131811     60
 131870 129637      916.6832    19                    783.0264  1869312                   x37_36 N 131870 131868    103
 131913 129680      932.0169    31                    783.0264  1870016                    x37_7 D 131913 131912    136
Elapsed time = 10021.27 sec. (16797547.53 ticks, tree = 661.59 MB, solutions = 0)
 132007 129770      839.4555    25                    783.0312  1871084                   x13_17 N 132007 132006     72
 132216 129979      796.8540    62                    783.0335  1872758                   x25_33 U 132216 132213     23
 132259 130022      859.1384    54                    783.0335  1873743                   x13_21 N 132259 132257     48
 132301 130064      914.6500    35                    783.0335  1874512                    x6_20 U 132301 132299     77
 132356 130119      943.3974    17                    783.0335  1874918                   x43_30 U 132356 132354    123
 132398 130161      988.5507    20                    783.0335  1875213                   x31_44 U 132398 132396    156
 132533 130296      838.9579    47                    783.0361  1877307                   x21_30 N 132533 132532    144
 132640 130403      832.1404    60                    783.0401  1879043                   x12_17 N 132640 132637     42
 132668 130431      846.9558    36                    783.0401  1879956                    x38_2 N 132668 132666     56
 132707 130470      898.8333    41                    783.0401  1880548                   x22_37 N 132707 132705     77
Elapsed time = 10122.41 sec. (16954807.07 ticks, tree = 668.52 MB, solutions = 0)
 132737 130496      961.4605    24                    783.0401  1881147                   x27_39 N 132737 132735     97
 132760 130519     1010.0672    33                    783.0401  1881613                    x16_5 D 132760 132759    114
 132799 130554      808.1274    45                    783.0519  1882365                    x43_2 U 132799 132796     33
 132845 130600      846.6165    29                    783.0519  1883328                   x41_15 D 132845 132843     62
 132906 130661      894.6631    29                    783.0519  1884557                   x43_25 D 132906 132904    110
 132951 130704    infeasible                          783.0519  1885378                     x2_5 N 132951 132950    144
 133003 130754      840.4373    37                    783.0675  1886774                   x30_37 D 133003 133001     41
 133045 130792      796.5178    59                    783.0684  1887496                   x33_38 U 133045 133044     26
 133214 130961      925.0678    44                    783.0684  1889238                     x8_9 U 133214 133213    195
 133318 131063     1078.0083    26                    783.0684  1889673                     x4_1 N 133318 133317    298
Elapsed time = 10220.57 sec. (17111500.48 ticks, tree = 673.76 MB, solutions = 0)
 133369 131108      820.6037    64                    783.0687  1890569                   x15_16 N 133369 133366     25
 133416 131155      878.8952    59                    783.0687  1891737                   x12_37 N 133416 133414     54
 133476 131215      896.3519    38                    783.0687  1892591                   x17_21 D 133476 133474     96
 133555 131294      946.7551    26                    783.0687  1893446                     x2_3 N 133555 133554    163
 133602 131341      800.5586    81                    783.0699  1894144                   x26_18 U 133602   2695     18
 133804 131543      797.7782   105                    783.0700  1896024                   x35_34 U 133804 133802      8
 133837 131576      832.9856    97                    783.0700  1897824                   x26_14 U 133837 133835     26
 133886 131621      869.7124    40                    783.0700  1899087                    x20_5 U 133886 133884     60
 133933 131668      911.7839    46                    783.0700  1899987                   x21_15 N 133933 133931     92
 133975 131708     1054.0731    35                    783.0700  1900610                   x12_33 N 133975 133973    122
Elapsed time = 10322.87 sec. (17267089.04 ticks, tree = 682.45 MB, solutions = 0)
 134000 131729      787.7205    65                    783.0713  1901272                   x33_35 D 134000 133999     13
 134183 131912      874.3813    32                    783.0713  1903027                   x27_12 N 134183 134182    196
 134242 131971      859.8722    51                    783.0757  1904573                   x25_30 N 134242 134241     41
 134280 132009      898.5423    50                    783.0757  1905611                   x15_37 D 134280 134279     64
 134306 132033      946.4853    55                    783.0757  1906255                   x18_37 N 134306 134304     79
 134367 132094      988.2856    32                    783.0757  1906848                   x23_16 N 134367 134366    124
 134400 132127     1035.1917    35                    783.0757  1907068                   x20_16 D 134400 134399    149
 134558 132285      886.6138    64                    783.0768  1909704                   x34_42 U 134558 134557    166
 134636 132363      841.4286    41                    783.0794  1911295                   x39_23 N 134636 134634     42
 134673 132400      901.4446    34                    783.0794  1912131                   x17_23 N 134673 134671     64
Elapsed time = 10430.77 sec. (17431082.46 ticks, tree = 688.60 MB, solutions = 0)
 134708 132433      989.1482    34                    783.0794  1912717                   x11_21 N 134708 134707     89
 134746 132471     1001.9749    21                    783.0794  1913034                   x27_20 U 134746 134744    117
 134802 132527      797.6378    34                    783.0887  1913469                   x38_35 U 134802  99971     17
 134851 132576      892.7793    36                    783.0887  1914741                   x41_31 N 134851 134850     48
 134886 132605    infeasible                          783.0887  1915606                    x42_9 N 134886 134884     74
 134918 132635      988.7808    22                    783.0887  1915913                    x0_43 U 134918 134916     97
 134984 132701     1079.9342    17                    783.0887  1916325                    x13_3 N 134984 134982    152
 135026 132743      818.1916    37                    783.0969  1917316                   x41_12 U 135026 135023     30
 135069 132786      847.4150    23                    783.0969  1918408                   x14_16 N 135069 135068     59
 135100 132813      900.5627    51                    783.0969  1919291                   x24_29 D 135100 135098     80
Elapsed time = 10525.77 sec. (17589847.60 ticks, tree = 692.29 MB, solutions = 0)
 135130 132841      930.0752    23                    783.0969  1919744                   x10_28 D 135130 135129    101
 135173 132884     1008.1242    14                    783.0969  1920196                   x22_16 N 135173 135170    129
 135307 133018      847.3157    34                    783.1037  1921538                   x29_22 N 135307 135306    124
 135424 133135      825.1870    38                    783.1060  1923009                   x18_16 N 135424 135423     30
 135452 133163      870.6458    30                    783.1060  1924166                   x43_38 U 135452 135450     45
 135484 133193      910.6234    26                    783.1060  1925007                   x43_33 U 135484 135482     64
 135523 133230      994.1165    32                    783.1060  1925662                   x31_45 D 135523 135521     92
 135574 133277     1037.2859    22                    783.1060  1926151                    x41_9 D 135574 135573    133
 135586 133287     1152.7570    24                    783.1060  1926388                   x30_36 U 135586 135585    142
 135714 133415      829.5861    39                    783.1175  1928172                   x38_12 D 135714 135713    125
Elapsed time = 10621.38 sec. (17745145.66 ticks, tree = 697.69 MB, solutions = 0)
 135828 133529      809.0158    83                    783.1249  1929552                   x11_21 U 135828 135826     33
 135867 133568      912.9937    45                    783.1249  1930779                   x18_15 N 135867 135865     57
 135899 133600      948.1898    41                    783.1249  1931671                   x43_13 N 135899 135897     77
 135938 133637      994.5808    45                    783.1249  1932527                   x25_15 N 135938 135936    105
 135970 133669     1048.7144    32                    783.1249  1932947                   x37_15 N 135970 135969    130
 136000 133695      803.2582    62                    783.1284  1933642                   x38_27 D 136000 135999     31
 136226 133921      803.5657    42                    783.1306  1935146                   x17_35 U 136226 136224     34
 136275 133970      846.9023    42                    783.1306  1936422                   x37_16 N 136275 136272     63
 136333 134026      898.9874    22                    783.1306  1937347                   x33_42 N 136333 136330    105
 136357 134050      947.5094    21                    783.1306  1937622                   x30_43 D 136357 136355    120
Elapsed time = 10726.10 sec. (17904498.34 ticks, tree = 703.40 MB, solutions = 0)
 136400 134089      809.3337    51                    783.1400  1938267                   x12_17 D 136400 136399     54
 136605 134294      799.1149    46                    783.1407  1940459                   x33_35 D 136605 136604     18
 136644 134333      851.6242    30                    783.1407  1941441                   x12_21 D 136644 136642     44
 136691 134380      870.7103    23                    783.1407  1942152                    x9_38 D 136691 136689     77
 136737 134424      886.6615    37                    783.1407  1942747                     x2_3 U 136737 136734    111
 136800 134487      906.2839    48                    783.1407  1943598                   x16_41 D 136800 136799    161

Zero-half cuts applied:  1
Gomory fractional cuts applied:  2
User cuts applied:  67552

Root node processing (before b&c):
  Real time             =    0.14 sec. (123.65 ticks)
Sequential b&c:
  Real time             = 10799.89 sec. (18023802.94 ticks)
                          ------------
Total (root+branch&cut) = 10800.03 sec. (18023926.59 ticks)
